item_id,question,answer,label
Y9,那有没有可能影响到你的行为呢，比如进一步的攻击性动作？,几乎没有，只是想想而已。,0
Y9,这种情绪波动是很正常的。在压抑情绪的时候，是否表现出任何攻击性或破坏性行为呢？,不，我更多的是选择回避，不会有攻击性的反应。,0
Y9,感觉这是一种好的状态，这段时间，他有没有表现出一些让你担忧的攻击性或者破坏性行为？,没有，他其实挺和平的，只是一会表现得特别绝望。,0
Y9,饮食缺乏可能影响孩子其他方面的表现，是否可能观察到孩子在行为上有任何攻击性或破坏性？,没有特别的攻击性，但情绪很容易波动。,0
Y9,这样的感受说明你对这段关系是有责任感的。那么，当她拒绝你的好友请求并且骂你时，你是否表现出一些攻击性或破坏性的行为或想法呢？,我没有攻击或破坏性的行为，但心里确实很生气。,0
Y9,听到你有这样的冲动，你是不是也对这种情绪感到后悔和自责呢？,是的，每次吵完架我就非常后悔，觉得自己太自私。,0
Y9,这种情况发生得频繁吗？他是否表现出有攻击性的行为？,他不会攻击我，但是经常不说话，把自己封闭起来。,0
Y9,他在非常生气的时候，会表现出攻击性或者破坏性行为吗？,并没有，他只是情绪上比较激烈。,0
Y9,强烈的情绪波动是否影响了其他方面，比如对他人反应敏感？,没有意识到，但可能是这样。,0
Y9,我们可以一起找到解决方案，这样就不会感到那么孤立无援。关于对母亲的冲动和对自己的极端方法，您是否有其他施加极端行为的冲动想法？,有时候感到无能为力时，会有冲动的想法出现，但我还控制住了自己。,0
Y9,这种恐惧是可以理解的，在那一刻你感到被威胁了吗？,是的，那一刻我确实有点害怕。,0
Y9,那么，在此过程中，伴随着这些疑虑，您是否感受到任何形式的攻击性或愤怒？,没有，我更多的是感到无助。,0
Y9,面对这样的挑战，找到适合你的应对策略很重要。你提到过想通过身体攻击解决矛盾，有过这样的冲动吗？,想过，但我理智上不允许自己这么做。我还是希望和平解决。,0
Y9,那会是一个多么美好的世界！不过，现实中你对人性的观察是否让你对社会的某些方面感到敌意或距离感？,是的，偶尔会对人性的阴暗面感到无奈。,0
Y9,当家庭矛盾加剧时，你是否倾向于用安静的方式逃避？,是的，我更想自己静静待会儿，而不是去争吵。,0
Y9,在与男友发生关系后或因其关心减少，你有没有对他或自己产生敌对或毁灭性的行为倾向？,我没有想过要做什么激烈的事情。,0
Y9,很可能如此。他有没有表现出特别的攻击性或自我破坏的行为呢？,这倒没有，他只是对我发脾气而已。,0
Y9,您说过医生给你开了丙戊酸钠缓来控制情绪激动，最近有激动吗？,最近情绪还算平稳，没有特别激动的情绪。,0
Y9,是这样，视频电话确实是一个不错的保持联系的方式！对于新工作的压力，您有过这样的考虑吗？是否会让您变得更加烦躁？,新的挑战让我有点不安，可能会影响情绪吧。,0
Y9,她有渠道表达出来也是一种进步。可能和她分享你的感受，也许能提供支持。你有注意到她有没有表现出攻击性或破坏性行为？,并没有，她更多表现为自我隔离。,0
Y9,这可能与你在工作中的表现有关系。那么遇到挫折时，情绪会变得不稳定吗，比如爆发或攻击性行为？,是的，小事有时就会打乱我的情绪平衡。,0
Y9,难怪这种状态让你如此疲惫。有没有长期伤害过自己的想法呢？,有时候确有伤害自己的念头，但我知道那不解决问题。,0
Y9,听起来你感到非常无奈和愤怒。我很好奇，当你情绪爆发时，是否会伴随着一些过激的行为呢？,不会有过激行为。,0
Y9,有时我们生气是因为内心真的受伤了。你还有其他的情绪反应吗？比如会有时候想摔东西呢？,没有，主要是难过。,0
Y9,您和哥哥或许可以一起帮助她释放一些压力。您认为嫂子对您的行为有攻击性或具破坏性吗？,没有，我觉得她没有攻击性。,0
Y9,这种沉迷是为了寻找那些你自认为缺乏的爱与关注吗？,可能吧，有时候就是这样。,0
Y9,他的行为让你一直感到紧张是吗？这让我想到在成长过程中，他有没有对你采取过攻击性的行为？,没有，他没有这样过。,0
Y9,他们的理解对你是个很大的支持。你提到丈夫的话让我想起，他是否对你有过攻击性的语言或行为？,没有啦，他对我一直挺好的。,0
Y9,这种攻击或敌对行为是不是出现得很频繁呢？,还好，不算太频繁。,0
Y9,您觉得这些情绪和行为对您男友是否不太公平？或者说，是否有些过激了呢？,可能有点过头了，我会努力调整。,0
Y9,你有没有感受到父母跟你爆发了冲突，甚至是身体上的对抗呢？,没有发生过这种情况。,0
Y9,无助感是很常见的情绪，该如何去面对是一个挑战。你觉得这种烦躁是否影响到你的家庭或社交关系？,没怎么影响。,0
Y9,听起来像是有一种压抑的感觉。你曾提到想要报复的想法，最近是否常有这种攻击性或破坏性的想法或行为呢？,最近还好，没有这些想法。,0
Y9,那当他对你开玩笑说一些事情时你会生气吗？,应该不会，可能只是笑笑。,0
Y9,和对方沟通的确可以解决很多问题。在沟通过程中，你是否感觉自己的态度变得更加激烈或者带有攻击性？,没有，我通常保持冷静。,0
Y9,这种担心听起来让你很不安。你是否经常担心别人会对你生气或者采取攻击性的行为？,嗯，不太经常。,0
Y9,这种情况很常见。你觉得对方在精神上或行为上有表现得攻击性吗？,没啊，他还挺和气的。,0
Y9,您有提到过觉得自己总被欺负，您是否曾因此做出防御性或攻击性的反应呢？,有时会，控制不住自己。,0
Y9,太好了！还有，你男朋友有没有表现出任何攻击性或破坏性的行为？,没有，他一直挺温和的。,0
Y9,那么，妹妹有没有表现出攻击性或者自残的倾向呢？,没有，她没有这样的倾向。,0
Y9,所以他近期的行为让你联想到具有攻击性的行为吗？,没有，他还好。,0
Y9,那么这些交流中，你是否感到他的言辞有攻击性？,没有，他说话挺温和的。,0
Y9,您认为这样的行为是出自一种冲动吗？是否很难控制？,没有，就是挺难控制的。,0
Y9,这种气愤的感受会不会导致你们之间产生更多争执？,不会，可能会更理解彼此。,0
Y9,理解，有时候沟通和理解是需要时间的。对于婆婆固执己见的情况，您如何处理对不同意见的反应？有没有出现过与之争执的情况？,没有，通常我会选择沉默。,0
Y9,吵架对大家情绪都是一个挑战。在吵架时她是否表现出易怒或过度冲动的行为？,没有，她挺冷静的。,0
Y9,能理解在这样的情况下会有些难过或者愤怒。这让您感到难以控制的愤怒或攻击性吗？,不太会，没那么严重。,0
Y9,你曾提到想“杀了他们”的想法，会有攻击性行为的冲动吗？,哦，不会有这种冲动。,0
Y9,控制确实压迫，让你情绪累积。是否对她的行为产生过愤怒或对抗之心？,没有，没怎么生气。,0
Y9,他是不是也有攻击性或破坏性的行为，比如家里砸东西？,没有，他没有这样做过。,0
Y9,你曾为这些幻想感到困扰吗？是否有让你行为变得攻击或破坏的时候？,嗯，没有发生过。,0
Y9,争吵时你有变得很激动吗？可能会表现出一些激进行为？,不会，我通常保持冷静。,0
Y9,听起来你对她的指责感到很困扰，那么她是否曾有过攻击性或者破坏性的行为呢？,她没有过那种行为。,0
Y9,在你们不断争吵的过程中，是否有过激动或者冲动行为？,没有哦，保持冷静。,0
Y9,您认为自己有主动侵略性或具有攻击行为的可能性吗？,真的没有啦，放心好了！,0
Y9,这种担心很正常。有没有察觉到在关系中存在的暴力行为，你是怎么管理这些行为的？,没发现啥暴力行为，挺和平的。,0
Y9,这是一个很重要的话题，你是否经常因为展现权力的行为而感到关系紧张呢？,我倒没有这种感觉。,0
Y9,那么在这种情况下，你会不会觉得失去控制，甚至有攻击性行为的可能？,不会，我没这种倾向。,0
Y9,他的行为是否表现得具有攻击性或者破坏性呢？,没有，完全没有攻击性。,0
Y9,这种行为发生频率高吗？你觉得自己在表达什么情绪？,不太频繁吧，我也说不上是什么情绪。,0
Y9,家庭的支持确实是关键，您是否觉得在家庭环境中难以获得所需的支持？,嗯，家人有时不太理解我。,0
Y9,那很好，可以考虑联系他们进行进一步了解。此外，您觉得这个孩子的言行有变化，比如容易生气，这种情况下他有没有表现出任何侵略性或破坏性行为呢？,没特别变化，他还挺平和的。,0
Y9,记得给自己一些时间，慢慢来，别给自己太大的压力。对于你的一些感受，比如是否比平时更容易与别人发生冲突？,好，我会注意的，谢谢关心。,0
Y9,这是个不错的期望，或许她现在也在寻找方向。女儿有具攻击性或破坏性的行为吗？,没有，她没有攻击性或破坏性的行为。,0
Y9,在之后，希望你注意这种情绪波动，适当找调整方法。面对这样的互动，觉得对方可能做出更激烈的行为吗？,没觉得对方会更激烈。,0
Y9,你觉得这种想法出现得经常吗？,不常有。,0
Y9,这种担心是可以理解的。在这样的情况下，你有没有采取过一些自残的行为来避免伤害他人？,没有，没做过。,0
Y9,这样的状况确实需要引起重视。她男友在这段冷战中有没有表现出侵略性或充满敌意的行为呢？,没有，他一直都挺冷静的。,0
Y9,那你爸爸会不会在争吵中表现出破坏性的行为，比如砸东西或者掀桌子？,不会，他通常不会这样。,0
Y9,保持家庭沟通很重要。您觉得嫂子的行为对家庭和谐有破坏性吗？,我觉得还好吧，没太大影响。,0
Y9,这些行为她经常做吗？,没有啊，她不常这样。,0
Y9,很好，你能够肯定自己。面对这样的舍友，是否有时想过反击或采取行动？,没想过，习惯忍受了。,0
Y9,让我们一起努力，好吗？是否有过对他人产生敌意或攻击的行为呢？,好的，一起努力吧！没有敌意哦。,0
Y9,当对方的态度让你感到不安时，你会觉得受到攻击吗？,不会特别觉得受到攻击。,0
Y9,在这段关系中，您是否观察到对方有意图或行为上的攻击性？,没有哦，一点攻击性都没有。,0
Y9,你是否在压力下感受到过一些抵触当前状况的冲动？,没有特别强烈的感觉。,0
Y9,那些攻击性的冲动让您感到非常不安吗？或者有时候会把这些意图付诸行动？,没有，我不会这样做。,0
Y9,任何人都会有这样的冲动。这种互动有没有让你觉得自己在言语上显得过于激烈或攻击性呢？,没有，其实我觉得还好。,0
Y9,嗯，那可能对你的精神状态造成了压力。你有没有对他感到强烈的攻击性或有过激行为的冲动？,没呢，没有过。,0
Y9,很好，这就是积极的开始。最近是否有过攻击性或破坏性的行为表现？,没有，最近都挺平和的。,0
Y9,这种行为可能会引起误解，你意识到这可能是过激反应吗？,嗯，我知道，但我控制不住。,0
Y9,很好，这是一个很积极的开始。那么，您还提到家务上的分担问题，您是否感到有时会失控或表现得有攻击性？,有时确实会有点失控。,0
Y9,听起来你在努力承受这些压力。合伙人的小气行为是否让你感到被冒犯或生气呢？,还好吧，不太在意他的行为。,0
Y9,这种嫉妒让你很痛苦，对吗？它是否使你有时表现出愤怒或攻击性？,是啊，有时候真的控制不住。,0
Y9,听起来似乎对你影响很大。那在这样的时刻，你有没有其他攻击性的行为呢？比如，摔东西或破坏物品？,没有，我一般不会摔东西或破坏物品。,0
Y9,您有没有感到想采取极端行为来应对这类情况呢？,没有，暂时没有这种想法。,0
Y9,家中对母亲的不尊重也许增加了你的愤怒，甚至攻击性冲动，对吗？,没错，你说到点子上了。,0
Y9,你对父亲的行为无奈和不满是可以理解的。在与他相处时，你感到过强烈的愤怒吗？,没有特别强烈的愤怒。,0
Y9,被人这样攻击，确实很令人不安。你有没有和其他同事谈过这些事情？,没有，没和其他人说过。,0
Y9,你说过用蟑螂逗弄妹妹，这期间你有感受到任何攻击性或破坏性的行为冲动吗？,没有，没那个意思。,0
Y9,首先知道这种状态并不代表你走远了，我们可以慢慢锻炼出更扎实的内心。面对攻击性行为的时候，你能忍住不去实施吗？,有时忍住挺难，但我会努力。,0
Y9,听起来你对她很关心。和妹妹一起待在家里这么久，有没有发现妹妹有什么特别的行为？比如说，她哭闹后会有攻击性吗？,她还好，没有特别的行为。,0
Y9,你并不孤单，很多人都有类似的感受。在你提到的这些情况下，你有没有感觉他人的言行对你几乎是一种攻击？,没有，感觉还好。,0
Y9,从你的描述中，似乎家族史也在其中发挥作用。这孩子是否展示出明显的质问家族权威的行为？,没有，他还挺听话的。,0
Y9,这让你是否感到非常恐惧和不安？,还好，没那么严重。,0
Y9,在一段感情中找到平衡是很重要的。您有没有觉得在这段关系中，曾对她有过度的占有欲或嫉妒行为？,没有过度，只是偶尔有点担心。,0
Y9,在这些事件中，您是否曾对丈夫有过攻击性或破坏性的举动或行为？,没有过这样的行为。,0
Y9,像这样的情况在宿舍里常见吗？,不常见。,0
Y9,这么说来，你是否曾想过采取激烈措施来反抗或解决这些问题？,没有啦，我不会那样做。,0
Y9,他的行为是否表现得具有攻击性或者破坏性呢？,是的，每次都让我害怕。,6
Y9,听起来似乎对你影响很大。那在这样的时刻，你有没有其他攻击性的行为呢？比如，摔东西或破坏物品？,以前有过几次，有一次我直接撞墙，搞得现在额头上还有一条裂纹。,6
Y9,那么，妹妹有没有表现出攻击性或者自残的倾向呢？,有一次她甚至用刀威胁我说不让我离开。,6
Y9,这是个不错的期望，或许她现在也在寻找方向。女儿有具攻击性或破坏性的行为吗？,有时生气会砸东西，但我想她也有难处。,6
Y9,听起来你对她的指责感到很困扰，那么她是否曾有过攻击性或者破坏性的行为呢？,是的，她有时候会很暴躁，甚至有时候还会动手。,6
Y9,你并不孤单，很多人都有类似的感受。在你提到的这些情况下，你有没有感觉他人的言行对你几乎是一种攻击？,是的，有时候觉得别人说话或行为像是一种威胁。,6
Y9,这种担心是可以理解的。在这样的情况下，你有没有采取过一些自残的行为来避免伤害他人？,我确实有自残的经历，感觉只有这样才能避免伤害别人。,6
Y9,你有没有感受到父母跟你爆发了冲突，甚至是身体上的对抗呢？,是的，每次去找他都被父母带回来，还要挨打。,6
Y9,他的行为让你一直感到紧张是吗？这让我想到在成长过程中，他有没有对你采取过攻击性的行为？,他用木棍打我，翻我的房间，甚至翻日记。任何不爽的事情都会问责我。,6
Y9,他是不是也有攻击性或破坏性的行为，比如家里砸东西？,他会砸东西，简直就像在发疯一样。,6
Y9,您发现她在愤怒或沮丧时会表现出攻击性或破坏性的行为吗？例如摔东西什么的。,是的，有时候她会扔东西，甚至在大家吃饭时踢了姥姥的大腿一脚。,6
Y9,那你爸爸会不会在争吵中表现出破坏性的行为，比如砸东西或者掀桌子？,对，他砸东西，掀桌子是常有的事。,6
Y9,您认为自己有主动侵略性或具有攻击行为的可能性吗？,有时我真的控制不了自己。,6
Y9,当你在寻找自杀的方法时是希望获得帮助，还是感到有攻击性的冲动？,你到底想干嘛？别管我！,6
Y9,在跟这些对象交往中，您是否有过强烈的个人边界感，不愿被侵犯？,有时候我会觉得很不舒服，别碰我！,6
Y9,有时我们生气是因为内心真的受伤了。你还有其他的情绪反应吗？比如会有时候想摔东西呢？,我才不会摔东西！你干嘛一直问啊？,6
Y9,您觉得这些情绪和行为对您男友是否不太公平？或者说，是否有些过激了呢？,你根本不懂我的感受！这不公平！,6
Y9,这种恐惧是可以理解的，在那一刻你感到被威胁了吗？,我当时感觉很不安，像有人在逼近我。,6
Y9,您认为这样的行为是出自一种冲动吗？是否很难控制？,有时候是冲动，真挺难控制的！,6
Y9,这种怀疑也能理解。你觉得自己在恋爱中容易因为分歧而与对方发生冲突吗？,这问题烦死了，我不想说。,6
Y9,这让你是否感到非常恐惧和不安？,你什么意思？别再问我了！,6
Y9,"嗯嗯嗯。所以跟别人相处上都还好，没有跟别人起冲突这样? ,",我很努力不跟别人起冲突，但有时会很难。,6
Y9,似乎你的情绪蛮容易受到影响，这样下去可能会让你更加不安。你提到会感到愤怒，这种情绪爆发是否经常发生呢？,"你管我那么多干嘛？我就是这样的人！",6
Y9,那很好，可以考虑联系他们进行进一步了解。此外，您觉得这个孩子的言行有变化，比如容易生气，这种情况下他有没有表现出任何侵略性或破坏性行为呢？,他有时候会大喊大叫，挺难控制的。,6
Y9,您说到受伤和痛苦时，是否曾有过摔东西或接近暴力行为的冲动？,我试过摔东西，但控制住了。,6
Y9,那么，在此过程中，伴随着这些疑虑，您是否感受到任何形式的攻击性或愤怒？,我才不会攻击谁！我只是有点烦躁！,6
Y9,能理解在这样的情况下会有些难过或者愤怒。这让您感到难以控制的愤怒或攻击性吗？,有时候，就是控制不住地想喊。,6
Y9,孩子的这种情绪反应的确不容易控制。您认为为什么他会拿着凳子想要打那个女的呢？,“可能是他觉得受到了威胁，情绪失控。”,6
Y9,面对这样的挑战，找到适合你的应对策略很重要。你提到过想通过身体攻击解决矛盾，有过这样的冲动吗？,你什么意思？你是在质疑我吗？,6
Y9,那在这样的情绪下，你是否有时候会不自觉地对他们表现得比较激动或者甚至具有攻击性？,有时候会，就是忍不住容易吼人。,6
Y9,吵架对大家情绪都是一个挑战。在吵架时她是否表现出易怒或过度冲动的行为？,"她有时候会大喊大叫，确实挺难处理的。",6
Y9,被人这样攻击，确实很令人不安。你有没有和其他同事谈过这些事情？,我不想谈！他们根本不懂！,6
Y9,争吵时你有变得很激动吗？可能会表现出一些激进行为？,是的，有时候会很激动，甚至喊叫。,6
Y9,很可能如此。他有没有表现出特别的攻击性或自我破坏的行为呢？,他大喊大叫，真让人头疼！,6
Y9,当对方的态度让你感到不安时，你会觉得受到攻击吗？,"可能会，我会忍不住大声回应。",6
Y9,他在非常生气的时候，会表现出攻击性或者破坏性行为吗？,有时会，他可能会大喊大叫。,6
Y9,这种行为发生频率高吗？你觉得自己在表达什么情绪？,"挺频繁的，我可能在表达愤怒吧。",6
Y9,记得给自己一些时间，慢慢来，别给自己太大的压力。对于你的一些感受，比如是否比平时更容易与别人发生冲突？,没时间慢慢来！你到底懂不懂我的感受？,6
Y9,这种担心听起来让你很不安。你是否经常担心别人会对你生气或者采取攻击性的行为？,我才不担心呢，你别瞎猜！,6
Y9,像这样的情况在宿舍里常见吗？,"不常见，但有时会吵得挺厉害。",6
Y9,是这样，视频电话确实是一个不错的保持联系的方式！对于新工作的压力，您有过这样的考虑吗？是否会让您变得更加烦躁？,我不想被监视，你们到底想干嘛？,6
Y9,所以他近期的行为让你联想到具有攻击性的行为吗？,嗯，他的行为确实让我有这种感觉。,6
Y9,他这样的情绪不稳定表现出攻击性或者破坏性的行为吗？,有时他会喊叫，让人很难接近。,6
Y9,你觉得这种想法出现得经常吗？,"你什么意思？你是不是在怀疑我？",6
Y9,那些攻击性的冲动让您感到非常不安吗？或者有时候会把这些意图付诸行动？,有时会感到不安，但我尽量控制住。,6
Y9,听起来你感到非常无奈和愤怒。我很好奇，当你情绪爆发时，是否会伴随着一些过激的行为呢？,嗯，我有时候会大喊大叫，情绪很难控制。,6
Y9,任何人都会有这样的冲动。这种互动有没有让你觉得自己在言语上显得过于激烈或攻击性呢？,我觉得有时候我确实会控制不住。,6
Y9,在与男友发生关系后或因其关心减少，你有没有对他或自己产生敌对或毁灭性的行为倾向？,我有时会感到愤怒，想说些伤人的话。,6
Y9,听到你有这样的冲动，你是不是也对这种情绪感到后悔和自责呢？,我不需要你的判断！你根本不懂！,6
Y9,当家庭矛盾加剧时，你是否倾向于用安静的方式逃避？,有时会大声喊叫来表达情绪。,6
Y9,你对父亲的行为无奈和不满是可以理解的。在与他相处时，你感到过强烈的愤怒吗？,有时候真的气到想吼他，但我忍着。,6
Y9,这听起来像是需要关注的问题。他有没有表现出攻击性或破坏行为？,他有时候会大喊大叫，比较难控制。,6
Y9,首先知道这种状态并不代表你走远了，我们可以慢慢锻炼出更扎实的内心。面对攻击性行为的时候，你能忍住不去实施吗？,“哎，我尽量忍住，但真不容易啊！”,6
Y9,难怪这种状态让你如此疲惫。有没有长期伤害过自己的想法呢？,你觉得我会伤害自己吗？你真会关心人！,6
Y9,这么说来，你是否曾想过采取激烈措施来反抗或解决这些问题？,我又不是疯子！不过有时真想大喊几声！,6
Y9,这是一个很有趣的观察。你心态不稳定的时候，对自己或者他人会有愤怒或攻击性吗？,有时候会，真挺难控制住的。,6
Y9,听起来你对她很关心。和妹妹一起待在家里这么久，有没有发现妹妹有什么特别的行为？比如说，她哭闹后会有攻击性吗？,我真的不想谈这个，能不能换个话题？,6
Y9,这样的感受也是对心灵的自我保护。你现在对这种数学课的抗拒是否有想要逃避甚至不去上课的想法？,我才不需要保护，我就是不想上课！,6
Y9,感觉这是一种好的状态，这段时间，他有没有表现出一些让你担忧的攻击性或者破坏性行为？,他偶尔会大喊，有点难以控制。,6
Y9,找寻支持是非常重要的，尤其是在感到被攻击或不适的时候。你有时会有这种感觉吗？即使对方可能无意如此？,"是啊，有时我真的会觉得被针对，难受死了！",6
Y9,她有渠道表达出来也是一种进步。可能和她分享你的感受，也许能提供支持。你有注意到她有没有表现出攻击性或破坏性行为？,我没注意到，她只是很烦人。,6
Y9,你是否在压力下感受到过一些抵触当前状况的冲动？,"有时候想大喊大叫，太难受了！",6
Y9,我们可以一起找到解决方案，这样就不会感到那么孤立无援。关于对母亲的冲动和对自己的极端方法，您是否有其他施加极端行为的冲动想法？,我不想谈这个，别逼我！,6
Y9,在之后，希望你注意这种情绪波动，适当找调整方法。面对这样的互动，觉得对方可能做出更激烈的行为吗？,我没法保证，但会尽量注意。,6
Y9,当您回忆过去这些事情时，有没有因为过度愤怒对妻子采取过激行为？,我没对她做什么！你什么意思？,6
Y9,你提到过野兽的想法，面对危险你如何处理这些情绪？您是否会采取反抗措施，并这些反应是否过于激烈？,我可能会大喊大叫，感觉难以应对。,6
Y9,在你们不断争吵的过程中，是否有过激动或者冲动行为？,有时候会吼，但不至于失控。,6
Y9,孩子展现这样的行为确实值得关注，您有没有觉得这些行为具有攻击性或破坏性？,有时候确实很难对付，像是在挑战我。,6
Y9,这种情况发生得频繁吗？他是否表现出有攻击性的行为？,他经常这样，大喊大叫，还会威胁人。,6
Y9,无助感是很常见的情绪，该如何去面对是一个挑战。你觉得这种烦躁是否影响到你的家庭或社交关系？,我才不需要你告诉我怎么面对！你根本不懂我！,6
Y9,这种担心很正常。有没有察觉到在关系中存在的暴力行为，你是怎么管理这些行为的？,我会大喊让他们别管我！,6
Y9,在一段感情中找到平衡是很重要的。您有没有觉得在这段关系中，曾对她有过度的占有欲或嫉妒行为？,我没有过度占有欲，你在质疑我吗？,6
Y9,这样的感受说明你对这段关系是有责任感的。那么，当她拒绝你的好友请求并且骂你时，你是否表现出一些攻击性或破坏性的行为或想法呢？,有点生气，喊了几句，但没做什么。,6
Y9,与您的主管沟通时，您觉得自己因为情绪问题而产生过冲突吗？,嗯，有时情绪失控会吵起来。,6
Y9,很好，你能够肯定自己。面对这样的舍友，是否有时想过反击或采取行动？,有时真想大声喊，让他们听到！,6
Y9,这是一个很重要的话题，你是否经常因为展现权力的行为而感到关系紧张呢？,我才没那样！别瞎猜！,6
Y9,在这段关系中，您是否观察到对方有意图或行为上的攻击性？,嗯，有时候会大喊大叫。,6
Y9,这听起来很让人困扰。当您生气时，您是否曾感到自己无法控制情绪？甚至有时想伤害自己或其他生物？,我才不会伤害自己！你凭什么这么问？,6
Y9,让我们一起努力，好吗？是否有过对他人产生敌意或攻击的行为呢？,我没那么容易信任别人，你到底想干啥？,6
Y9,那么在这种情况下，你会不会觉得失去控制，甚至有攻击性行为的可能？,有可能，我有时会失控，情绪太激动。,6
Y9,那会是一个多么美好的世界！不过，现实中你对人性的观察是否让你对社会的某些方面感到敌意或距离感？,你在说什么？这些根本不重要！,6
Y9,表达很重要，别人的看法有时候没有我们想象中那么重要。你有没有过任何攻击性行为或感觉到一种毁灭性的冲动？,我没什么攻击性，只是有时候会很烦躁。,6
Y9,控制确实压迫，让你情绪累积。是否对她的行为产生过愤怒或对抗之心？,我当然生气过，谁不会呢？,6
Y9,这种嫉妒让你很痛苦，对吗？它是否使你有时表现出愤怒或攻击性？,你凭什么这么问我？我没事！,6
Y9,您和哥哥或许可以一起帮助她释放一些压力。您认为嫂子对您的行为有攻击性或具破坏性吗？,我觉得她就是针对我，没完没了的！,6
Y9,这种跨越金钱和友情的边界确实很难掌握，您对他是否产生过一些敌意或攻击性的想法呢？,我才没有攻击性！你什么意思？,6
Y9,听起来像是有一种压抑的感觉。你曾提到想要报复的想法，最近是否常有这种攻击性或破坏性的想法或行为呢？,我没事，不用你管！你别再问了！,6
Y9,这种情绪波动是很正常的。在压抑情绪的时候，是否表现出任何攻击性或破坏性行为呢？,有时会控制不住大喊，挺难受的。,6
Y9,这种沉迷是为了寻找那些你自认为缺乏的爱与关注吗？,你懂什么！别瞎说！,6
Y9,嗯，那可能对你的精神状态造成了压力。你有没有对他感到强烈的攻击性或有过激行为的冲动？,有时会忍不住大喊，但努力控制。,6
Y9,强烈的情绪波动是否影响了其他方面，比如对他人反应敏感？,"有时候会，情绪起伏让我很难控制反应！",6
Y9,家庭的支持确实是关键，您是否觉得在家庭环境中难以获得所需的支持？,我不需要你告诉我家庭支持有多重要！,6
Y9,这样的状况确实需要引起重视。她男友在这段冷战中有没有表现出侵略性或充满敌意的行为呢？,他喊过几次，但没太多威胁行为。,6
Y9,这种行为可能会引起误解，你意识到这可能是过激反应吗？,我没那么激动！你误会我了！,6
Y9,太好了！还有，你男朋友有没有表现出任何攻击性或破坏性的行为？,他有时候会大声喊，但不太严重。,6
Y9,您说过医生给你开了丙戊酸钠缓来控制情绪激动，最近有激动吗？,我不想说这个！你别再问了！,6
Y9,理解，有时候沟通和理解是需要时间的。对于婆婆固执己见的情况，您如何处理对不同意见的反应？有没有出现过与之争执的情况？,我就大声说出我的意见，不怕争执！,6
Y9,很好，这是一个很积极的开始。那么，您还提到家务上的分担问题，您是否感到有时会失控或表现得有攻击性？,有时候会失控，但我不想攻击别人。,6
Y9,很好，这就是积极的开始。最近是否有过攻击性或破坏性的行为表现？,没有，我最近挺平和的。,6
Y9,你曾提到想“杀了他们”的想法，会有攻击性行为的冲动吗？,那只是一时气话，我不会真的那么做。,6
Y9,回忆这些事情时，你是否会表现出攻击性或有强烈的情绪变化呢？,说实话，我不喜欢这个部分自己，有时候会控制不住发脾气。,2
Y9,这种攻击或敌对行为是不是出现得很频繁呢？,是挺频繁的，所以之后我常常感到很可恶。,2
Y9,这种情况很常见。你觉得对方在精神上或行为上有表现得攻击性吗？,有时候他会很粗暴，尤其是在我们争吵的时候。,2
Y9,理解，有时候沟通和理解是需要时间的。对于婆婆固执己见的情况，您如何处理对不同意见的反应？有没有出现过与之争执的情况？,我和她曾经就这些事情争论过，但后来我发现争论会让事情变得更糟。,2
Y9,这么说来，你是否曾想过采取激烈措施来反抗或解决这些问题？,有，只是我不确定这种方式是否行得通。,2
Y9,您有提到过觉得自己总被欺负，您是否曾因此做出防御性或攻击性的反应呢？,是的，有时候我会很防范，甚至可以说是有点激进。,2
Y9,你是否在压力下感受到过一些抵触当前状况的冲动？,会有点这种情绪，但我更多的是内心的挣扎。,2
Y9,你说过用蟑螂逗弄妹妹，这期间你有感受到任何攻击性或破坏性的行为冲动吗？,我有时候想试探一下边界，看看到底会发生什么。,2
Y9,这样的感受也是对心灵的自我保护。你现在对这种数学课的抗拒是否有想要逃避甚至不去上课的想法？,想过，但怕被当成逃避者。,2
Y9,在你们不断争吵的过程中，是否有过激动或者冲动行为？,好几次我都想冲动离开，但没这样做。,2
Y9,相信你会越走越好。面对老师询问时会有攻击性或者反击行为吗？,偶尔，特别是在被逼问的时候。,2
Y9,在跟这些对象交往中，您是否有过强烈的个人边界感，不愿被侵犯？,我一直都强调这一点，但往往不被理解。,2
Y9,控制确实压迫，让你情绪累积。是否对她的行为产生过愤怒或对抗之心？,对，我真的很愤怒，但也很无力。,2
Y9,那么这些交流中，你是否感到他的言辞有攻击性？,是的，他一旦开始说“馋”，就让我觉得很不舒服。,2
Y9,这种沉迷是为了寻找那些你自认为缺乏的爱与关注吗？,完全是，那种多巴胺的快感让我不断追逐。,2
Y9,任何人都会有这样的冲动。这种互动有没有让你觉得自己在言语上显得过于激烈或攻击性呢？,恐怕是有，以后我要改进这一点。,2
Y9,找寻支持是非常重要的，尤其是在感到被攻击或不适的时候。你有时会有这种感觉吗？即使对方可能无意如此？,有过，常常觉得自己的反应不够快，没能保护自己。,2
Y9,那很好，可以考虑联系他们进行进一步了解。此外，您觉得这个孩子的言行有变化，比如容易生气，这种情况下他有没有表现出任何侵略性或破坏性行为呢？,不算太严重，但他有时会摔东西。,2
Y9,记得给自己一些时间，慢慢来，别给自己太大的压力。对于你的一些感受，比如是否比平时更容易与别人发生冲突？,以前还好，最近确实有更频繁的感觉。,2
Y9,这让你是否感到非常恐惧和不安？,是的！真的很恐怖，每次都这样。,2
Y9,似乎你的情绪蛮容易受到影响，这样下去可能会让你更加不安。你提到会感到愤怒，这种情绪爆发是否经常发生呢？,是的，频繁的时候真让人身心疲惫，尤其是当她指责我学习不好。,2
Y9,当你在寻找自杀的方法时是希望获得帮助，还是感到有攻击性的冲动？,我可能是希望痛快一点，虽然也有一点点恨自己吧。,2
Y9,太好了！还有，你男朋友有没有表现出任何攻击性或破坏性的行为？,他很少会那样，不过有时候脾气会上来会比较冲动。,2
Y9,很好，你能够肯定自己。面对这样的舍友，是否有时想过反击或采取行动？,其实有过这种想法，但理智告诉我不值得。,2
Y9,你对父亲的行为无奈和不满是可以理解的。在与他相处时，你感到过强烈的愤怒吗？,哎，愤怒是有的。有时候真想质问他，为什么看不到后妈的真面目。,2
Y9,这种行为可能会引起误解，你意识到这可能是过激反应吗？,我知道不该这样做，但我当时太愤怒了。,2
Y9,被人这样攻击，确实很令人不安。你有没有和其他同事谈过这些事情？,有，但他们大都认为我是多想了。,2
Y9,家庭的支持确实是关键，您是否觉得在家庭环境中难以获得所需的支持？,对，我感到很孤独，也有时后悔那么易激动。,2
Y9,这种跨越金钱和友情的边界确实很难掌握，您对他是否产生过一些敌意或攻击性的想法呢？,我甚至想过直接去质问他，但我知道这样不好。,2
Y9,这种感受可能会增强你对自我价值的思考。那关于他联系其他女生的想法，你怎么看？,我觉得有一些敌意，不太舒服。,2
Y9,保持家庭沟通很重要。您觉得嫂子的行为对家庭和谐有破坏性吗？,我觉得有，因为她总是制造麻烦。,2
Y9,您和哥哥或许可以一起帮助她释放一些压力。您认为嫂子对您的行为有攻击性或具破坏性吗？,有时候她的确比较激烈，让我们都很头疼。,2
Y9,您说到受伤和痛苦时，是否曾有过摔东西或接近暴力行为的冲动？,有时候会有这样的冲动，但通常压抑住了。,2
Y9,让我们一起努力，好吗？是否有过对他人产生敌意或攻击的行为呢？,我更多的是向内自责，不过有时会向他们发火。,2
Y9,无助感是很常见的情绪，该如何去面对是一个挑战。你觉得这种烦躁是否影响到你的家庭或社交关系？,是的，我有时候和家人也因为这些情绪闹得关系不好。,2
Y9,这种担心很正常。有没有察觉到在关系中存在的暴力行为，你是怎么管理这些行为的？,以前没有意识到，现在我们是带了问题来婚姻中。,2
Y9,你曾提到想“杀了他们”的想法，会有攻击性行为的冲动吗？,有时候会有这种冲动，但我没有付诸行动。,2
Y9,孩子展现这样的行为确实值得关注，您有没有觉得这些行为具有攻击性或破坏性？,是的，有时候我真的很担心他的这种行为模式。,2
Y9,你曾为这些幻想感到困扰吗？是否有让你行为变得攻击或破坏的时候？,是的，我有时候会因为无法控制情绪而对自己发火。,2
Y9,您有没有感到想采取极端行为来应对这类情况呢？,暂时没有，但内心真的很生气。,2
Y9,那当你感到不满的时候，会对这些朋友的态度有变化吗，比如说变得冷淡或者攻击性？,有时会故意冷落他们，但我努力不让他们发觉。,2
Y9,他们的理解对你是个很大的支持。你提到丈夫的话让我想起，他是否对你有过攻击性的语言或行为？,没有肢体上的攻击性行为，但有时候语言上让我感到伤害。,2
Y9,这种怀疑也能理解。你觉得自己在恋爱中容易因为分歧而与对方发生冲突吗？,有些时候很容易就起争执，不知道为啥关系出问题了。,2
Y9,家中对母亲的不尊重也许增加了你的愤怒，甚至攻击性冲动，对吗？,是的，有时我气得牙痒痒，想出去帮我妈讨个公道，但我又不想跟我爸正面冲突。,2
Y9,你觉得这种想法出现得经常吗？,不经常，但一想到就很生气。,2
Y9,您觉得这些情绪和行为对您男友是否不太公平？或者说，是否有些过激了呢？,是的，我知道这样对他不公平，但我就是控制不住自己。,2
Y9,表达很重要，别人的看法有时候没有我们想象中那么重要。你有没有过任何攻击性行为或感觉到一种毁灭性的冲动？,有时候我会想打人，但更多是自己孤立自己。,2
Y9,从你的描述中，似乎家族史也在其中发挥作用。这孩子是否展示出明显的质问家族权威的行为？,是的，他有时很直接地质问长辈，他们的反应往往让他失望。,2
Y9,这听起来很让人困扰。当您生气时，您是否曾感到自己无法控制情绪？甚至有时想伤害自己或其他生物？,有时候是这样，特别是在跟母亲发生争执时。,2
Y9,听起来你在努力承受这些压力。合伙人的小气行为是否让你感到被冒犯或生气呢？,有时候会突然冒火，虽然我知道这样对我不好。,2
Y9,在一段感情中找到平衡是很重要的。您有没有觉得在这段关系中，曾对她有过度的占有欲或嫉妒行为？,嗯，我承认有时会因为嫉妒过分对待她。,2
Y9,你提到过野兽的想法，面对危险你如何处理这些情绪？您是否会采取反抗措施，并这些反应是否过于激烈？,有时候我会感到愤怒，但我尽量控制不让自己到达失控的地步。,2
Y9,这些行为她经常做吗？,最近变得比较频繁。我记得有一次她骑电车晃来晃去，看起来让人有点不安。,2
Y9,吵架对大家情绪都是一个挑战。在吵架时她是否表现出易怒或过度冲动的行为？,是的，以前她从不过这样。,2
Y9,那些攻击性的冲动让您感到非常不安吗？或者有时候会把这些意图付诸行动？,还好，暂时没有实际做过什么，但是这种冲动的确非常强烈。,2
Y9,嗯，那可能对你的精神状态造成了压力。你有没有对他感到强烈的攻击性或有过激行为的冲动？,有时候我真的很生气，但我总是压抑自己的情绪。,2
Y9,听起来像是有一种压抑的感觉。你曾提到想要报复的想法，最近是否常有这种攻击性或破坏性的想法或行为呢？,偶尔会想，但我知道这样做是不对的。,2
Y9,那么在这种情况下，你会不会觉得失去控制，甚至有攻击性行为的可能？,我可能会有这种担心，但还没有发生过。,2
Y9,首先知道这种状态并不代表你走远了，我们可以慢慢锻炼出更扎实的内心。面对攻击性行为的时候，你能忍住不去实施吗？,很困难，但我一直在尽力克制。,2
Y9,当对方的态度让你感到不安时，你会觉得受到攻击吗？,会有这样的感觉，所以我一直在反思自己。,2
Y9,当您回忆过去这些事情时，有没有因为过度愤怒对妻子采取过激行为？,没有采取过激行为，但我们争吵过。,2
Y9,和对方沟通的确可以解决很多问题。在沟通过程中，你是否感觉自己的态度变得更加激烈或者带有攻击性？,有时候确实话说得重了，但我只是想让他明白我的担忧。,2
Y9,在这段关系中，您是否观察到对方有意图或行为上的攻击性？,她有时候确实很情绪化，甚至对自己动手。,2
Y9,这种嫉妒让你很痛苦，对吗？它是否使你有时表现出愤怒或攻击性？,我努力控制自己，但心里确实有一种不安的愤怒。,2
Y9,所以他近期的行为让你联想到具有攻击性的行为吗？,当他爬窗进来时确实把我吓了一跳。,2
Y9,这是一个很重要的话题，你是否经常因为展现权力的行为而感到关系紧张呢？,是的，这确实让我和他人之间的关系产生了一些紧张。,2
Y9,这种担心听起来让你很不安。你是否经常担心别人会对你生气或者采取攻击性的行为？,是的，经常会有这种担心。然后我就会后悔自己是不是做错了什么。,2
Y9,争吵时你有变得很激动吗？可能会表现出一些激进行为？,当时是有点激动，但没有太过。,2
Y9,这是一个很有趣的观察。你心态不稳定的时候，对自己或者他人会有愤怒或攻击性吗？,我自己会觉得很生气和懊恼，对别人没有太多攻击性。,2
Y9,能理解在这样的情况下会有些难过或者愤怒。这让您感到难以控制的愤怒或攻击性吗？,是啊，特别是在他们告诉我有精神病时。,2
Y9,您认为这样的行为是出自一种冲动吗？是否很难控制？,是的，有时候确实会这样，不太理智。,2
Y9,有时我们生气是因为内心真的受伤了。你还有其他的情绪反应吗？比如会有时候想摔东西呢？,我有过这样的冲动，但知道这不对。,2
Y9,这种行为发生频率高吗？你觉得自己在表达什么情绪？,不算经常，但一旦发生就停不下来，可能是不满和失落。,2
Y9,像这样的情况在宿舍里常见吗？,不常见，她只有在那几次表现得很激动。,2
Y9,那在这样的情绪下，你是否有时候会不自觉地对他们表现得比较激动或者甚至具有攻击性？,嗯，是有这样的情况，我自己也很不喜欢这样。,2
Y9,在这些事件中，您是否曾对丈夫有过攻击性或破坏性的举动或行为？,我曾经在红绿灯前大骂他，让自己感觉稍微好一点。,2
Y9,在之后，希望你注意这种情绪波动，适当找调整方法。面对这样的互动，觉得对方可能做出更激烈的行为吗？,有点担心，但还没有发生过，所以只能暂时看看情况。,2
Y9,那当他对你开玩笑说一些事情时你会生气吗？,是的，我很讨厌这样的玩笑。,2
Y9,孩子的这种情绪反应的确不容易控制。您认为为什么他会拿着凳子想要打那个女的呢？,可能是因为他不喜欢别人这样和他说话。他平时不是这样的孩子。,2
Y9,这听起来像是需要关注的问题。他有没有表现出攻击性或破坏行为？,他会很急躁，但并没有明显的攻击行为。,2
Y9,很好，这是一个很积极的开始。那么，您还提到家务上的分担问题，您是否感到有时会失控或表现得有攻击性？,唉，有时候我会不由自主地发脾气。,2
Y9,与您的主管沟通时，您觉得自己因为情绪问题而产生过冲突吗？,是的，我们之间有过几次争执，特别是在我觉得委屈的时候。,2
Y9,他这样的情绪不稳定表现出攻击性或者破坏性的行为吗？,是有点，但他也不算对我发脾气。,2
Y9,这样的状况确实需要引起重视。她男友在这段冷战中有没有表现出侵略性或充满敌意的行为呢？,他最近没有什么联系，但她担心这种态度会变成更激烈的行为。,2
Y9,听起来你感到非常无奈和愤怒。我很好奇，当你情绪爆发时，是否会伴随着一些过激的行为呢？,可能吧，但我能处理。谢谢关心。,2
Y9,这种情况发生得频繁吗？他是否表现出有攻击性的行为？,他有时候会提高嗓门，但攻击性不明显。,2
Y9,难怪这种状态让你如此疲惫。有没有长期伤害过自己的想法呢？,我看起来像是会伤害自己的人吗？哼。,2
Y9,这种自主的体验真好。你还记得这种争吵有没有演变得非常激烈吗？比如大喊大叫或更糟糕的行为。,"哦，当然，嗓门都吓人到天花板了！",2
Y9,这种气愤的感受会不会导致你们之间产生更多争执？,也许吧，谁知道呢？反正我早习惯了。,2
Y9,听起来你对她的指责感到很困扰，那么她是否曾有过攻击性或者破坏性的行为呢？,她经常讽刺我，还会大声说话。,2
Y9,您说过医生给你开了丙戊酸钠缓来控制情绪激动，最近有激动吗？,“你这是在讽刺我吗？我没激动。”,2
Y9,很可能如此。他有没有表现出特别的攻击性或自我破坏的行为呢？,他有时候会，特别是说话时声音很大。,2
Y9,他是不是也有攻击性或破坏性的行为，比如家里砸东西？,他可不止砸东西呢！,2
Y9,你有没有感受到父母跟你爆发了冲突，甚至是身体上的对抗呢？,嗯，有时候他们会吵得很凶。,2
Y9,您认为自己有主动侵略性或具有攻击行为的可能性吗？,你这话什么意思？感觉被攻击了。,2
Y9,她有渠道表达出来也是一种进步。可能和她分享你的感受，也许能提供支持。你有注意到她有没有表现出攻击性或破坏性行为？,你觉得我会不注意这些吗？,2
Y9,那你爸爸会不会在争吵中表现出破坏性的行为，比如砸东西或者掀桌子？,他只会吼人，不会砸东西。,2
Y9,很好，这就是积极的开始。最近是否有过攻击性或破坏性的行为表现？,没有攻击性，只是有时候会忍不住提高嗓门。,2
Y9,这是个不错的期望，或许她现在也在寻找方向。女儿有具攻击性或破坏性的行为吗？,“哼，她那叫自我保护，我能理解。”,2
Y9,这种担心是可以理解的。在这样的情况下，你有没有采取过一些自残的行为来避免伤害他人？,我才没必要自残，谁稀罕！,2
Y9,这种气愤的感受会不会导致你们之间产生更多争执？,恐怕是的，我们经常会为小事吵架。,4
Y9,很好，这就是积极的开始。最近是否有过攻击性或破坏性的行为表现？,愤怒的时候，我有时会砸东西，但我知道这是不对的。,4
Y9,这些反思可能增加了您的内心痛苦。当面对身体痛苦时，您有表现出攻击性或破坏性的行为吗？,我会极度烦躁，有时想要摔东西。,4
Y9,这种自主的体验真好。你还记得这种争吵有没有演变得非常激烈吗？比如大喊大叫或更糟糕的行为。,有的，有时候真的忍不住情绪失控。,4
Y9,听起来你对她很关心。和妹妹一起待在家里这么久，有没有发现妹妹有什么特别的行为？比如说，她哭闹后会有攻击性吗？,是的，有时候她生气后会踢墙或者摔东西，我不知道该怎么引导她。,4
Y9,听起来你感到非常无奈和愤怒。我很好奇，当你情绪爆发时，是否会伴随着一些过激的行为呢？,我真的会大声喊叫，有时甚至推搡对方，我之后会后悔这样的举动。,4
Y9,你是否在压力下感受到过一些抵触当前状况的冲动？,有时候会，感觉被逼得喘不过气。,4
Y9,在之后，希望你注意这种情绪波动，适当找调整方法。面对这样的互动，觉得对方可能做出更激烈的行为吗？,“可能吧，但我会尽量控制自己。”,4
Y9,那很好，可以考虑联系他们进行进一步了解。此外，您觉得这个孩子的言行有变化，比如容易生气，这种情况下他有没有表现出任何侵略性或破坏性行为呢？,他很容易激动，偶尔会有点冲动。,4
Y9,回忆这些事情时，你是否会表现出攻击性或有强烈的情绪变化呢？,"有时候会情绪失控，真的很难控制。",4
Y9,有时我们生气是因为内心真的受伤了。你还有其他的情绪反应吗？比如会有时候想摔东西呢？,"有时会有这种冲动，但我尽量控制。",4
Y9,当家庭矛盾加剧时，你是否倾向于用安静的方式逃避？,不，我更可能要求他们听我说。,4
Y9,这种情绪波动是很正常的。在压抑情绪的时候，是否表现出任何攻击性或破坏性行为呢？,有时会觉得别人要求太多，会有点失控。,4
Y9,那些攻击性的冲动让您感到非常不安吗？或者有时候会把这些意图付诸行动？,有时候真的很难控制，希望能得到更多帮助。,4
Y9,这样的感受说明你对这段关系是有责任感的。那么，当她拒绝你的好友请求并且骂你时，你是否表现出一些攻击性或破坏性的行为或想法呢？,可能有点过激，但没真的去伤害谁。,4
Y9,这种情况很常见。你觉得对方在精神上或行为上有表现得攻击性吗？,有点吧，他总是要求太多。,4
Y9,您有没有感到想采取极端行为来应对这类情况呢？,"有时会想，但我尽量控制住。",4
Y9,这种嫉妒让你很痛苦，对吗？它是否使你有时表现出愤怒或攻击性？,是啊，有时会让我控制不住情绪。,4
Y9,你说过用蟑螂逗弄妹妹，这期间你有感受到任何攻击性或破坏性的行为冲动吗？,嗯，有时感觉压力太大。,4
Y9,那么这些交流中，你是否感到他的言辞有攻击性？,嗯，他老是提一堆要求，还威胁我。,4
Y9,嗯，那可能对你的精神状态造成了压力。你有没有对他感到强烈的攻击性或有过激行为的冲动？,"有时候会有这样的冲动，挺难控制的。",4
Y9,这种担心是可以理解的。在这样的情况下，你有没有采取过一些自残的行为来避免伤害他人？,有时候会有这种想法，但我尽量克制自己。,4
Y9,她有渠道表达出来也是一种进步。可能和她分享你的感受，也许能提供支持。你有注意到她有没有表现出攻击性或破坏性行为？,她要求很多，有时候会有点威胁性。,4
Y9,你曾提到想“杀了他们”的想法，会有攻击性行为的冲动吗？,有时候会有些冲动，但没真的想行动。,4
Y9,家中对母亲的不尊重也许增加了你的愤怒，甚至攻击性冲动，对吗？,可能吧，但有时太多要求让我受不了。,4
Y9,在这些事件中，您是否曾对丈夫有过攻击性或破坏性的举动或行为？,嗯，有时候我可能会有点过分。,4
Y9,听起来似乎对你影响很大。那在这样的时刻，你有没有其他攻击性的行为呢？比如，摔东西或破坏物品？,有时候会，尤其在情绪特别不稳定时。,4
Y9,任何人都会有这样的冲动。这种互动有没有让你觉得自己在言语上显得过于激烈或攻击性呢？,可能吧，有时我就是忍不住。,4
Y9,您说到受伤和痛苦时，是否曾有过摔东西或接近暴力行为的冲动？,有时候有过，但我尽量控制自己。,4
Y9,那么，妹妹有没有表现出攻击性或者自残的倾向呢？,她要求太多，有时会威胁大家。,4
Y9,首先知道这种状态并不代表你走远了，我们可以慢慢锻炼出更扎实的内心。面对攻击性行为的时候，你能忍住不去实施吗？,我尽量忍住，但有时真的很难。,4
Y9,当你在寻找自杀的方法时是希望获得帮助，还是感到有攻击性的冲动？,"我只是想有人能理解我。",4
Y9,无助感是很常见的情绪，该如何去面对是一个挑战。你觉得这种烦躁是否影响到你的家庭或社交关系？,我觉得家人不理解我，有时会很烦。,4
Y9,他们的理解对你是个很大的支持。你提到丈夫的话让我想起，他是否对你有过攻击性的语言或行为？,他有时会要求太多，还曾在病房里威胁过我。,4
Y9,他是不是也有攻击性或破坏性的行为，比如家里砸东西？,他要求挺多，但没砸东西。,4
Y9,您认为自己有主动侵略性或具有攻击行为的可能性吗？,有时会有点冲动，但我尽量控制。,4
Y9,饮食缺乏可能影响孩子其他方面的表现，是否可能观察到孩子在行为上有任何攻击性或破坏性？,孩子表现不佳，别总盯着我。,4
Y9,那有没有可能影响到你的行为呢，比如进一步的攻击性动作？,可能吧，有时我会比较冲动。,4
Y9,在一段感情中找到平衡是很重要的。您有没有觉得在这段关系中，曾对她有过度的占有欲或嫉妒行为？,可能有点吧，有时控制不住。,4
Y9,控制确实压迫，让你情绪累积。是否对她的行为产生过愤怒或对抗之心？,有时真的感到生气，想要反抗。,4
Y9,您说过医生给你开了丙戊酸钠缓来控制情绪激动，最近有激动吗？,最近还好，不过有时还是会有点情绪波动。,4
Y9,让我们一起努力，好吗？是否有过对他人产生敌意或攻击的行为呢？,我试过，但有时会觉得不被理解。,4
Y9,从你的描述中，似乎家族史也在其中发挥作用。这孩子是否展示出明显的质问家族权威的行为？,确实，他有时很质疑家里的决定。,4
Y9,当您回忆过去这些事情时，有没有因为过度愤怒对妻子采取过激行为？,有时候要求太多，也曾威胁过。,4
Y9,像这样的情况在宿舍里常见吗？,“宿舍里有点像战场，大家要求都不少。”,4
Y9,这种恐惧是可以理解的，在那一刻你感到被威胁了吗？,嗯，有点感觉被逼得太紧了。,4
Y9,那会是一个多么美好的世界！不过，现实中你对人性的观察是否让你对社会的某些方面感到敌意或距离感？,有时候感觉大家离我太远了。,4
Y9,这种跨越金钱和友情的边界确实很难掌握，您对他是否产生过一些敌意或攻击性的想法呢？,有时候会觉得他要求太多，确实有点生气。,4
Y9,这种情况发生得频繁吗？他是否表现出有攻击性的行为？,他总是要求太多，有时还会威胁。,4
Y9,在这段关系中，您是否观察到对方有意图或行为上的攻击性？,"是的，他总是要求太多，还威胁过我。",4
Y9,在与男友发生关系后或因其关心减少，你有没有对他或自己产生敌对或毁灭性的行为倾向？,"有时候会感觉被忽视，要求就多了些。",4
Y9,与您的主管沟通时，您觉得自己因为情绪问题而产生过冲突吗？,"有时候情绪失控，确实会有些对立。",4
Y9,孩子展现这样的行为确实值得关注，您有没有觉得这些行为具有攻击性或破坏性？,有时候是这样，感觉他们要求太多。,4
Y9,您觉得这些情绪和行为对您男友是否不太公平？或者说，是否有些过激了呢？,可能有点过了，但有时控制不住。,4
Y9,他这样的情绪不稳定表现出攻击性或者破坏性的行为吗？,有时候会，对别人的要求特别多。,4
Y9,我们可以一起找到解决方案，这样就不会感到那么孤立无援。关于对母亲的冲动和对自己的极端方法，您是否有其他施加极端行为的冲动想法？,我需要点空间，别再逼我了。,4
Y9,这是一个很重要的话题，你是否经常因为展现权力的行为而感到关系紧张呢？,有时候是这样，感觉关系绷紧了。,4
Y9,这听起来像是需要关注的问题。他有没有表现出攻击性或破坏行为？,"他总是要求太多，有时还威胁大家。",4
Y9,争吵时你有变得很激动吗？可能会表现出一些激进行为？,可能会，我有时候要求太多。,4
Y9,听起来你在努力承受这些压力。合伙人的小气行为是否让你感到被冒犯或生气呢？,"是啊，他老是这样，我真是受够了！",4
Y9,您和哥哥或许可以一起帮助她释放一些压力。您认为嫂子对您的行为有攻击性或具破坏性吗？,她有时要求太多，让人有点压力。,4
Y9,你提到过野兽的想法，面对危险你如何处理这些情绪？您是否会采取反抗措施，并这些反应是否过于激烈？,我会觉得很压迫，可能会反应激烈。,4
Y9,保持家庭沟通很重要。您觉得嫂子的行为对家庭和谐有破坏性吗？,她总是要求太多，真让人心烦。,4
Y9,那当他对你开玩笑说一些事情时你会生气吗？,可能会生气，看他开玩笑的尺度吧。,4
Y9,这让你是否感到非常恐惧和不安？,是的，压力太大，总觉得被逼到墙角。,4
Y9,他的行为让你一直感到紧张是吗？这让我想到在成长过程中，他有没有对你采取过攻击性的行为？,是的，他总是让我感到不安，总是提出过多要求。,4
Y9,这样的感受也是对心灵的自我保护。你现在对这种数学课的抗拒是否有想要逃避甚至不去上课的想法？,有点想逃避，但也不想放弃。,4
Y9,似乎你的情绪蛮容易受到影响，这样下去可能会让你更加不安。你提到会感到愤怒，这种情绪爆发是否经常发生呢？,有时候是这样，我也不想这样。,4
Y9,表达很重要，别人的看法有时候没有我们想象中那么重要。你有没有过任何攻击性行为或感觉到一种毁灭性的冲动？,我有时候会觉得别人看法很重要，特别烦躁。,4
Y9,这种行为可能会引起误解，你意识到这可能是过激反应吗？,也许吧，但我感觉自己被逼到了极限。,4
Y9,在你们不断争吵的过程中，是否有过激动或者冲动行为？,有时候会情绪失控，可能说了一些过分的话。,4
Y9,您认为这样的行为是出自一种冲动吗？是否很难控制？,可能是吧，有时候真的难以控制。,4
Y9,强烈的情绪波动是否影响了其他方面，比如对他人反应敏感？,是的，我对别人的反应非常敏感。,4
Y9,这种担心很正常。有没有察觉到在关系中存在的暴力行为，你是怎么管理这些行为的？,有时会有威胁，但我尽量冷静处理。,4
Y9,"嗯嗯嗯。所以跟别人相处上都还好，没有跟别人起冲突这样? ,",还好吧，但有时感觉别人要求太多了。,4
Y9,您发现她在愤怒或沮丧时会表现出攻击性或破坏性的行为吗？例如摔东西什么的。,"有时她会要求太多，还曾威胁过。",4
Y9,这种攻击或敌对行为是不是出现得很频繁呢？,有点频繁，感觉要求太多时就会这样。,4
Y9,这种担心听起来让你很不安。你是否经常担心别人会对你生气或者采取攻击性的行为？,总觉得别人会生气，我太敏感了吧。,4
Y9,这听起来很让人困扰。当您生气时，您是否曾感到自己无法控制情绪？甚至有时想伤害自己或其他生物？,有时候会有这种感觉，但我在努力控制。,4
Y9,家庭的支持确实是关键，您是否觉得在家庭环境中难以获得所需的支持？,有时候感觉他们根本不懂我。,4
Y9,当对方的态度让你感到不安时，你会觉得受到攻击吗？,"有时候会，觉得大家都针对我。",4
Y9,听到你有这样的冲动，你是不是也对这种情绪感到后悔和自责呢？,有点后悔，但控制不住。,4
Y9,你曾为这些幻想感到困扰吗？是否有让你行为变得攻击或破坏的时候？,有时候会，特别是当我觉得被忽视时。,4
Y9,很可能如此。他有没有表现出特别的攻击性或自我破坏的行为呢？,他总是要求很多，偶尔还威胁人。,4
Y9,他的行为是否表现得具有攻击性或者破坏性呢？,有点过了，他在病房里有威胁行为。,4
Y9,吵架对大家情绪都是一个挑战。在吵架时她是否表现出易怒或过度冲动的行为？,"是啊，她经常要求太多，还会威胁我。",4
Y9,记得给自己一些时间，慢慢来，别给自己太大的压力。对于你的一些感受，比如是否比平时更容易与别人发生冲突？,我尽量吧，但有时真难控制自己情绪。,4
Y9,这种行为发生频率高吗？你觉得自己在表达什么情绪？,最近还挺频繁的，我觉得自己有点焦虑吧。,4
Y9,你有没有感受到父母跟你爆发了冲突，甚至是身体上的对抗呢？,有时候他们要求太多，还会威胁我。,4
Y9,那么在这种情况下，你会不会觉得失去控制，甚至有攻击性行为的可能？,有时候会感觉控制不住，但我努力克制。,4
Y9,和对方沟通的确可以解决很多问题。在沟通过程中，你是否感觉自己的态度变得更加激烈或者带有攻击性？,是啊，有时会不自觉地变得激烈。,4
Y9,那你爸爸会不会在争吵中表现出破坏性的行为，比如砸东西或者掀桌子？,有时候会，特别是情绪激动时。,4
Y9,感觉这是一种好的状态，这段时间，他有没有表现出一些让你担忧的攻击性或者破坏性行为？,嗯，他有时候会要求太多，还在病房里有点威胁性。,4
Y9,你对父亲的行为无奈和不满是可以理解的。在与他相处时，你感到过强烈的愤怒吗？,有时我确实感到愤怒，他总是要求过多。,4
Y9,这样的状况确实需要引起重视。她男友在这段冷战中有没有表现出侵略性或充满敌意的行为呢？,他要求太多，还在病房里威胁她。,4
Y9,在跟这些对象交往中，您是否有过强烈的个人边界感，不愿被侵犯？,是的，我常常感到被压迫。,4
Y9,那在这样的情绪下，你是否有时候会不自觉地对他们表现得比较激动或者甚至具有攻击性？,嗯，有时候情绪失控，确实会这样。,4
Y9,这可能与你在工作中的表现有关系。那么遇到挫折时，情绪会变得不稳定吗，比如爆发或攻击性行为？,有时会，尤其是压力大时。,4
Y9,很好，这是一个很积极的开始。那么，您还提到家务上的分担问题，您是否感到有时会失控或表现得有攻击性？,有时候确实会有点难以控制情绪。,4
Y9,相信你会越走越好。面对老师询问时会有攻击性或者反击行为吗？,有时候会，感觉压力太大了。,4
H14,在复合的过程中，您对性生活是否感到过兴趣不大或有任何性欲变化呢？,是的，我好像对他没有之前那么多兴趣了。,1
H14,那就好，说出来已经是一个进步，继续保持这种和自己对话的习惯。你提到对新的关系的心思，这是否让你自身产生了一些变化？,有啊，最近有点月经失调了，不知道是不是跟这个有关,1
H14,你提到抗拒这种关系与期待之间的矛盾，这影响到了你的性欲或者对于性的态度吗？,我感觉自己有时候想要远离，一方面又很期待接近他。,1
H14,你提到过对“繁衍”的理解，这对你的感情观有多大影响呢？,让我对性有了一些负面的看法。,1
H14,这种波动是否偶尔让你感到对一切事物无动于衷呢？,是的，有时候我觉得自己特别无感。,1
H14,改变心态需要耐心。你的性欲是否减退，这对你有影响吗？,有感觉到减少，这让我有些困扰。,1
H14,这也是困扰的一个表现。我们可以一起寻找更多的方法来帮助你调整这些感受。你提到怀疑自己的性别身份，能和我聊聊你对这个的感受吗？,我常常怀疑自己是不是个女生，感觉与其他人的性别角色不太一样。,1
H14,在压抑情感的生活中有没有碰到什么负面影响？,可能有，想想情感方面确实有些遇到问题。,1
H14,这可能是对新婚生活的不适应，您是否感到这些问题让性生活变得有压力？,是有压力，我怕说出来伤他的自尊，所以都忍着。,1
H14,听到你内心的矛盾很明显。喂奶和恢复身材对于你来说是否与自己价值感有很强的联系？,是的，我觉得如果这样做不了，就对不起我自己。,1
H14,那么，在面对亲密关系时，有没有感到不安或者矛盾呢？,是的，总会想到父母的那些话，让我感到很不自在。,1
H14,在与他的一起的时光里，你有没有感受到任何性欲降低或其他性症状的改变？,性欲的确下降了一些，我不知这是否正常。,1
H14,这说明你对她确实有着深刻的倾慕。希望保护她不受伤害是很自然的情感。你有没有觉得这种想法有时会让你觉得自己偏执呢？,偶尔会吧，但大多数时候我只是单纯地喜欢她，没想那么多。,1
H14,承认这种情绪是很重要的。那你提到抑郁情绪对你来说很有挑战，关于谈恋爱的事情，你觉得这种压抑的情绪是否对你的情感生活产生了影响？,是的，有时候觉得自己都不太敢再和别人交往。,1
H14,失眠会加重焦虑和抑郁。是否对性生活也有影响？,确实，我最近对这方面几乎没有兴趣。,1
H14,药物确实效果不一，有没有其他方面的问题，比如性欲减退或其他生理变化？,我没太注意性欲方面，但身体变化的确让我更焦虑。,1
H14,这是很好的措施。除了这些心理和情感方面的影响，夫妻生活中你有没有感到性欲上有显著降低呢？,确实，我对此的兴趣已经大不如前。,1
H14,有这种态度是很有帮助的，您是否认为手淫是否影响了您的性欲或性生活质量？,我怀疑是有影响的，因为自己抑或精力不如从前。,1
H14,你的感受是重要的，它们需要被表达和理解。你最近觉得性欲有没有受到影响？,说实话，我有时候对这方面没有什么兴趣。,1
H14,对于性方面的活动，您有感到任何意愿变化吗？,说实话，这方面的意愿确实有所减退。,1
H14,这种积极的态度会让你的社交更加丰富多彩。然而，你提到的性欲问题是否在关系中困扰你？,偶尔会感到性趣缺乏，但希望是可以调整的。,1
H14,这段关系中，您的性欲是否发生了变化？有没有感到欲望降低？,嗯，有点变化，但不太困扰。,1
H14,很好，这些都是帮助调节情绪的不错方法。感觉这些事情是否影响到你现有或未来的性关系的看法？,还好，目前关系没啥大影响。,1
H14,调整是对的。治疗过程中有没有任何药物对性的影响或者兴趣减退的情况？,有点影响，但还好，不太困扰。,1
H14,这种起伏是否有时会让你对所有事情都感到冷漠呢？,是的，有时候我觉得自己特别无感。,1
H14,在复合期间，您有没有注意到对性生活的兴趣减退或性欲的变化？,是的，他好像对我没有之前那么多兴趣了。,1
H14,调整心态需要时间和耐性。性欲减退对你有影响吗？,有感觉到减少，这让我有些困扰。,1
H14,这种情况也反映了一种困扰。我们可以共同探索更多方法来帮助你调整这些感受。你提到对自己的性别身份感到疑惑，可以和我分享一下你的感受吗？,我常常怀疑自己是不是个女生，感觉与其他人的性别角色不太一样。,1
H14,在日常生活中压抑自己的情感会带来哪些负面后果？,可能有，想想情感方面确实有些遇到问题。,1
H14,您是否觉得这些问题让您的新婚生活中的性生活增添了压力，可能是因为还不太适应呢？,是有压力，我怕说出来伤他的自尊，所以都忍着。,1
H14,是否在哺乳和恢复体形之间的选择让你心生矛盾？这两者对你的自我价值感是否有很大影响？,是的，我觉得如果这样做不了，就对不起我自己。,1
H14,听你这么说我很高兴，这是一种进步，要继续保持这种与自己对话的习惯。你提到对新关系的想法，这是否让你有所改变？,我曾经想这不正常，所以压抑着这些想法。,1
H14,在面对亲密关系时，你会不会感到不安或矛盾呢？,是的，总会想到父母的那些话，让我感到很不自在。,1
H14,和他在一起的时候，你有没有注意到性欲减退或者其他性方面的变化？,性欲的确下降了一些，我不知这是否正常。,1
H14,看来你对她确实很有好感。想要保护她不受伤害是正常的情感。你是否曾觉得这种想法让你感觉有点偏执？,偶尔会吧，但大多数时候我只是单纯地喜欢她，没想那么多。,1
H14,意识到这种情绪的重要性很关键。你提到抑郁情绪对你是个挑战，那么这种压抑感是否影响到了你的感情生活呢？,是的，有时候觉得自己都不太敢再和别人交往。,1
H14,失眠是否会对性生活产生影响，同时加重焦虑和抑郁的症状？,确实，我最近对这方面几乎没有兴趣。,1
H14,不同药物的效果确实各不相同，那么除了这方面，还有没有出现像性欲减退或者其他生理上的变化呢？,我没太注意性欲方面，但身体变化的确让我更焦虑。,1
H14,在你提到的这种关系中的抗拒与期待之间的矛盾，是否对你的性欲或对于性的看法产生了影响？,我感觉自己有时候想要远离，一方面又很期待接近他。,1
H14,这些措施很不错。除了心理和情感上的影响，你在夫妻生活中是否感到性欲明显下降？,确实，我对此的兴趣已经大不如前。,1
H14,您觉得这种态度有助于分析，您认为手淫对您的性欲或性生活质量有影响吗？,我怀疑是有影响的，因为自己抑或精力不如从前。,1
H14,最近你有没有感觉到自己的性欲有什么变化？你的感受很重要，需要被表达和理解。,说实话，我有时候对这方面没有什么兴趣。,1
H14,你在性方面的欲望有没有什么变化呢？,说实话，这方面的意愿确实有所减退。,1
H14,你之前谈到过对“繁衍”的看法，这在多大程度上影响了你的爱情观？,让我对婚姻有了负面的看法。,1
H14,你觉得这种积极态度能丰富你的社交生活，但性欲问题会不会对你的关系造成困扰呢？,偶尔会感到性趣缺乏，但希望是可以调整的。,1
H14,在这段关系中，您的性欲是否有所变化？有没有感到欲望减退？,嗯，有点变化，但不太困扰。,1
H14,你觉得这些调节情绪的方法会影响你现在或将来的性关系吗？,还好，目前关系没啥大影响。,1
H14,治疗过程中有没有药物影响到性功能或导致性趣下降？,有点影响，但还好，不太困扰。,1
H14,你是否偶尔因为这种波动而对一切都感到无所谓呢？,是的，有时候我觉得自己特别无感。,1
H14,在复合期间，您对性生活的兴趣是否有所减退或经历过任何性欲的变化？,是的，他好像对我没有之前那么多兴趣了。,1
H14,调整心态需要时间和耐心。你有没有感到性欲减退，这对你有什么影响吗？,有感觉到减少，这让我有些困扰。,1
H14,这种困惑也是一种表现。我们可以共同探索更多方法来帮你调节这种感受。你提到对性别身份的怀疑，能和我分享一下你的感受吗？,我常常怀疑自己是不是个女生，感觉与其他人的性别角色不太一样。,1
H14,在生活中压抑情感会带来哪些负面影响吗？,可能有，想想情感方面确实有些遇到问题。,1
H14,是不是因为对新婚生活还不太适应，导致您在性生活上感到有些压力呢？,是有压力，我怕说出来伤他的自尊，所以都忍着。,1
H14,听得出来你的内心有很多矛盾。喂奶和恢复身材是否对你的自我价值感有很大影响？,是的，我觉得如果这样做不了，就对不起我自己。,1
H14,那就好，能够说出来已经是一个进步，继续保持这样与自我交流的习惯。你提到对新关系的关注，这是否让你自身发生了一些变化？,我曾经想这不正常，所以压抑着这些想法。,1
H14,在亲密关系中，你是否曾感到不安或矛盾？,是的，总会想到父母的那些话，让我感到很不自在。,1
H14,在和他相处的时间里，你有没有注意到性欲减退或其他性方面的变化？,性欲的确下降了一些，我不知这是否正常。,1
H14,你的这种深刻的倾慕体现了你对她的保护欲，这是很自然的情感。那么，你有没有觉得自己偶尔会因为这种想法而显得有些偏执呢？,偶尔会吧，但大多数时候我只是单纯地喜欢她，没想那么多。,1
H14,你认为承认情绪的重要性是什么？提到抑郁情绪对你是一种挑战，你觉得这是否影响了你的恋爱关系？,是的，有时候觉得自己都不太敢再和别人交往。,1
H14,失眠会加剧焦虑和抑郁，这会对性生活产生影响吗？,确实，我最近对这方面几乎没有兴趣。,1
H14,药物的效果不尽相同，是否还存在其他问题，比如性欲下降或其他生理变化？,我没太注意性欲方面，但身体变化的确让我更焦虑。,1
H14,在你提到这种关系中的抗拒与期待之间的矛盾时，它对你的性欲或性态度产生了影响吗？,我感觉自己有时候想要远离，一方面又很期待接近他。,1
H14,这些措施很棒。在这些心理和情感因素之外，你是否注意到在夫妻生活中性欲明显下降呢？,确实，我对此的兴趣已经大不如前。,1
H14,您觉得保持这种态度有益吗？手淫对您的性欲或性生活质量有影响吗？,我怀疑是有影响的，因为自己抑或精力不如从前。,1
H14,最近有没有感觉到性欲方面有什么变化？你的感受很重要，需要被倾听和理解。,说实话，我有时候对这方面没有什么兴趣。,1
H14,您在性方面的欲望有发生变化吗？,说实话，这方面的意愿确实有所减退。,1
H14,你之前谈到了“繁衍”的看法，这对你的情感观念产生了多大的影响？,让我对婚姻有了负面的看法。,1
H14,有没有发现，积极的态度能让你的社交生活更加多姿多彩？不过，你提到的性欲问题是否在你们的关系中造成了困扰呢？,偶尔会感到性趣缺乏，但希望是可以调整的。,1
H14,在这段关系中，您有没有注意到自己的性欲变化？是否有感到欲望减退？,嗯，有点变化，但不太困扰。,1
H14,这些方法对于调节情绪真的挺不错的。你觉得这些事情会影响你对现有或未来性关系的看法吗？,还好，目前关系没啥大影响。,1
H14,在治疗中有没有任何药物会影响性欲或导致性趣减退呢？,有点影响，但还好，不太困扰。,1
H14,有时候，这种波动会让你对所有事情都无动于衷吗？,是的，有时候我觉得自己特别无感。,1
H14,复合期间，您是否感觉对性生活的兴趣减少或者性欲有所变化？,是的，他好像对我没有之前那么多兴趣了。,1
H14,适应新的心态需要时间和耐心。性欲减退对你有什么影响吗？,有感觉到减少，这让我有些困扰。,1
H14,在这种情况下，我们可以一起寻找更多的方法来帮助你应对这些困扰。你提到对自己的性别身份有疑惑，愿意和我聊聊你的感受吗？,我常常怀疑自己是不是个女生，感觉与其他人的性别角色不太一样。,1
H14,日常生活中抑制情感会产生哪些不良影响？,可能有，想想情感方面确实有些遇到问题。,1
H14,新婚生活中的性生活是否因为不太适应而感到有压力？,是有压力，我怕说出来伤他的自尊，所以都忍着。,1
H14,哺乳和恢复体形之间的选择是否让你感到困惑不已？这两者对你的自我价值感是否产生了显著影响？,是的，我觉得如果这样做不了，就对不起我自己。,1
H14,听你这么说我很高兴，这是一个进步，要继续保持这种自我对话的习惯。你提到对新关系的想法，这是否带来了变化？,我曾经想这不正常，所以压抑着这些想法。,1
H14,在亲密关系中，你是否会有不安或矛盾的感觉呢？,是的，总会想到父母的那些话，让我感到很不自在。,1
H14,在和他相处时，你有没有发现自己的性欲降低或其他与性相关的变化？,性欲的确下降了一些，我不知这是否正常。,1
H14,你似乎真的很喜欢她，想要保护她免受伤害是很自然的情感。有时候，你会不会觉得这种想法让你有些过于谨慎？,偶尔会吧，但大多数时候我只是单纯地喜欢她，没想那么多。,1
H14,在理解这种情绪的重要性方面至关重要。你提到抑郁情绪对你来说是个挑战，那么这种压抑感是否对你的感情生活产生了影响？,是的，有时候觉得自己都不太敢再和别人交往。,1
H14,失眠会不会影响性生活，并加剧焦虑和抑郁的症状呢？,会啊，我最近对这方面几乎没什么兴想法。,1
H14,除了药物效果差异之外，还会出现性欲减退或其他生理变化吗？,我没太注意性欲方面，但身体变化的确让我更焦虑。,1
H14,你觉得在这种关系中，抗拒和期待的矛盾会影响到你的性欲或对性的看法吗？,我感觉自己有时候想要远离，一方面又很期待接近他。,1
H14,这些措施很好。除了心理和情感上的影响，你是否觉得夫妻生活中性欲明显减退？,确实，我对此的兴趣已经大不如前。,1
H14,你认为这种态度是否有助于分析，手淫对你的性欲或性生活质量有什么影响吗？,我怀疑是有影响的，因为自己抑或精力不如从前。,1
H14,你最近有没有注意到自己的性欲有什么不同？我们重视你的感受，希望你能分享和被理解。,说实话，我有时候对这方面没有什么兴趣。,1
H14,关于你的性欲，有没有发生过什么不同的变化呢？,说实话，这方面的意愿确实有所减退。,1
H14,你之前提到过关于“繁衍”的观点，这对你的爱情观有多大的影响呢？,让我对婚姻有了负面的看法。,1
H14,你认为这种积极的态度会提升你的社交生活，但性欲方面的问题是否可能影响到你的人际关系呢？,偶尔会感到性趣缺乏，但希望是可以调整的。,1
H14,在这段关系中，你的性欲有变化吗？有没有觉得欲望减退？,嗯，有点变化，但不太困扰。,1
H14,你认为这些情绪调节的方法会对你现在或未来的亲密关系产生影响吗？,还好，目前关系没啥大影响。,1
H14,在治疗期间，有哪些药物可能会影响性功能或降低性趣？,有点影响，但还好，不太困扰。,1
H14,积极的态度能够让你的社交生活更加丰富多彩。但你提到的性欲问题会不会对你们的关系造成困扰呢？,偶尔会感到性趣缺乏，但希望是可以调整的。,1
H14,在谈到这种关系中抗拒和期待之间的矛盾时，它对你的性欲或性态度是否产生了影响？,我感觉自己有时候想要远离，一方面又很期待接近他。,1
H14,失眠会不会影响性生活，并加剧焦虑和抑郁的症状呢？,确实，我最近对这方面几乎没有兴趣。,1
H14,调整是对的。治疗过程中有没有任何药物对性的影响或者兴趣减退的情况？,倒没有发现这样的变化。,0
H14,药物确实效果不一，有没有其他方面的问题，比如性欲减退或其他生理变化？,没有这些症状，一切如常。,0
H14,失眠会加重焦虑和抑郁。是否对性生活也有影响？,我没有这种症状，不太清楚。,0
H14,那就好，说出来已经是一个进步，继续保持这种和自己对话的习惯。你提到对新的关系的心思，这是否让你自身产生了一些变化？,我觉得有点变化，但还在观察。,0
H14,这种波动是否偶尔让你感到对一切事物无动于衷呢？,不会，我没这种感觉。,0
H14,在复合的过程中，您对性生活是否感到过兴趣不大或有任何性欲变化呢？,没啥变化，一切正常。,0
H14,承认这种情绪是很重要的。那你提到抑郁情绪对你来说很有挑战，关于谈恋爱的事情，你觉得这种压抑的情绪是否对你的情感生活产生了影响？,没有特别影响，还是能享受恋爱的。,0
H14,在压抑情感的生活中有没有碰到什么负面影响？,没有特别的负面影响，挺好的。,0
H14,听到你内心的矛盾很明显。喂奶和恢复身材对于你来说是否与自己价值感有很强的联系？,没太大关系，我自己还挺平衡的。,0
H14,很好，这些都是帮助调节情绪的不错方法。感觉这些事情是否影响到你现有或未来的性关系的看法？,对性关系的看法没啥影响。,0
H14,对于性方面的活动，您有感到任何意愿变化吗？,没有什么特别的变化。,0
H14,你的感受是重要的，它们需要被表达和理解。你最近觉得性欲有没有受到影响？,没有啥变化，挺正常的。,0
H14,这可能是对新婚生活的不适应，您是否感到这些问题让性生活变得有压力？,其实没啥影响，性生活还好。,0
H14,那么，在面对亲密关系时，有没有感到不安或者矛盾呢？,没有感到不安或矛盾哦。,0
H14,这说明你对她确实有着深刻的倾慕。希望保护她不受伤害是很自然的情感。你有没有觉得这种想法有时会让你觉得自己偏执呢？,没有，我觉得挺正常的。,0
H14,最近有没有觉得性欲降低，或因此在亲密关系里感到困扰？,我最近还挺好的，谢谢关心！,0
H14,你提到抗拒这种关系与期待之间的矛盾，这影响到了你的性欲或者对于性的态度吗？,没影响到性欲，性方面还挺正常的。,0
H14,改变心态需要耐心。你的性欲是否减退，这对你有影响吗？,性欲没啥变化，对我还好。,0
H14,这种积极的态度会让你的社交更加丰富多彩。然而，你提到的性欲问题是否在关系中困扰你？,性欲方面还好，不算困扰。谢谢关心！,0
H14,你提到过对“繁衍”的理解，这对你的感情观有多大影响呢？,这对我没啥大影响啦。,0
H14,在与他的一起的时光里，你有没有感受到任何性欲降低或其他性症状的改变？,没有，没感觉到变化。,0
H14,这是很好的措施。除了这些心理和情感方面的影响，夫妻生活中你有没有感到性欲上有显著降低呢？,没有，我性欲没有明显变化。,0
H14,这段关系中，您的性欲是否发生了变化？有没有感到欲望降低？,没有变化，一切正常。,0
H14,有这种态度是很有帮助的，您是否认为手淫是否影响了您的性欲或性生活质量？,我没觉得有什么影响。,0
H14,这也是困扰的一个表现。我们可以一起寻找更多的方法来帮助你调整这些感受。你提到怀疑自己的性别身份，能和我聊聊你对这个的感受吗？,其实我没有这方面的困扰哦。,0
H14,在调整治疗方案时，是否存在药物影响性欲或导致性兴趣减退的情况？,倒没有发现这样的变化。,0
H14,药物效果不同，那有没有出现性欲降低或者其他生理上的变化呢？,没有这些症状，一切如常。,0
H14,失眠会加剧焦虑和抑郁，那么它是否也会影响性生活呢？,我没有这种症状，不太清楚。,0
H14,既然说出来了，这就是进步，继续和自己对话。这种对新关系的关注是否让你产生了变化？,我觉得有点变化，但还在观察。,0
H14,这种波动会不会偶尔让你对所有事情感到无所谓呢？,不会，我没这种感觉。,0
H14,在复合期间，您是否曾对性生活失去兴趣或注意到性欲的变化？,没啥变化，一切正常。,0
H14,意识到这种情绪很关键。你提到抑郁情绪对你是个挑战，那么在恋爱方面，这种压抑的情绪是否对你的感情生活造成了影响？,没有特别影响，还是能享受恋爱的。,0
H14,生活中压抑情感会带来哪些不良后果？,没有特别的负面影响，挺好的。,0
H14,你似乎对喂奶和恢复身材之间的权衡感到不安。这是否与你的自我价值紧密相连？,没太大关系，我自己还挺平衡的。,0
H14,这些方法确实有助于调节情绪。你觉得它们会不会对你现在或未来的性关系产生影响？,对性关系的看法没啥影响。,0
H14,您在性活动方面有感到任何意愿的改变吗？,没有什么特别的变化。,0
H14,最近你有没有感觉到自己的性欲有变化？你的感受很重要，我们需要了解和理解它们。,没有啥变化，挺正常的。,0
H14,新婚生活可能让您感到不适应，这些问题是否令您的性生活感到压力重重？,其实没啥影响，性生活还好。,0
H14,在亲密关系中，你是否感到不安或内心矛盾？,没有感到不安或矛盾哦。,0
H14,看起来你对她的倾慕之情相当深刻，想要保护她免受伤害是相当自然的情感。不过，你有没有觉得这种心态有时会让你感到有点偏执呢？,没有，我觉得挺正常的。,0
H14,你有没有注意到这种抗拒和期待之间的矛盾对你的性欲或性态度产生了影响？,没影响到性欲，性方面还挺正常的。,0
H14,心态的转变需要耐心。性欲的减退对你有影响吗？,性欲没啥变化，对我还好。,0
H14,保持积极的态度确实能让你的社交生活更有趣。不过，你是否在关系中感到性欲方面的问题？,性欲方面还好，不算困扰。谢谢关心！,0
H14,你之前提到过对“繁衍”的看法，这对你的感情观有什么样的影响？,这对我没啥大影响啦。,0
H14,和他在一起的时间里，你有没有察觉到性欲减退或其他性方面的变化？,没有，没感觉到变化。,0
H14,这些措施确实不错。除了心理和情感上的影响外，你在夫妻生活中有没有感觉到性欲明显下降呢？,没有，我性欲没有明显变化。,0
H14,在这段关系中，您的性欲有没有发生变化？您是否感觉欲望有所下降？,没有变化，一切正常。,0
H14,对于这种态度，我觉得很有帮助。您是否认为手淫对您的性欲或性生活质量产生了影响呢？,我没觉得有什么影响。,0
H14,这可能也是困扰的表现之一。我们可以一起找找更多的方法来帮你调整这些感受。你提到怀疑自己的性别身份，愿意和我聊聊你的感受吗？,其实我没有这方面的困扰哦。,0
H14,在治疗过程中，有没有药物对性功能或性趣产生影响的情况？,倒没有发现这样的变化。,0
H14,药物效果不同，那有没有出现其他问题，比如性欲减退或者其他生理变化呢？,没有这些症状，一切如常。,0
H14,失眠是否会对性生活产生影响，同时加重焦虑和抑郁呢？,我没有这种症状，不太清楚。,0
H14,很不错，能够说出来本身就是一种进步，继续保持这种与自己对话的习惯吧。关于你提到的对新关系的想法，这对你自身产生了什么变化吗？,我觉得有点变化，但还在观察。,0
H14,这样的波动是否会让你时不时对所有事情都失去兴趣呢？,不会，我没这种感觉。,0
H14,在复合期间，您是否对性生活的兴趣有所减退或经历了任何性欲的变化？,没啥变化，一切正常。,0
H14,认识到这种情绪是非常重要的。你提到感到抑郁是一种挑战，那么在恋爱中，你觉得这种压抑的情绪是否影响了你的感情生活？,没有特别影响，还是能享受恋爱的。,0
H14,生活中压抑情感会产生哪些负面影响呢？,没有特别的负面影响，挺好的。,0
H14,你心里的冲突很明显。喂母乳和恢复身材对你的自我价值感是否有很大影响？,没太大关系，我自己还挺平衡的。,0
H14,这些方法确实有助于调节情绪。你觉得这些行为对你现在或将来的性关系有影响吗？,对性关系的看法没啥影响。,0
H14,您在性方面的欲望有变化吗？,没有什么特别的变化。,0
H14,你最近有没有觉得你的欲望受到了什么影响？知道你的感受很重要，我们需要交流和理解它们。,没有啥变化，挺正常的。,0
H14,或许是因为还不太适应新婚的生活，您觉得这些问题是否给性生活带来了压力？,其实没啥影响，性生活还好。,0
H14,在亲密关系中，你是否曾感到过不安或矛盾？,没有感到不安或矛盾哦。,0
H14,你对她有着很深的倾慕，这种想保护她不受伤害的情感很自然。不过，你会不会觉得这种想法有时候让你有些偏执？,没有，我觉得挺正常的。,0
H14,这种关系中的矛盾感和期待，是否对你的性欲或对性的看法产生了影响呢？,没影响到性欲，性方面还挺正常的。,0
H14,调整心态需要时间和耐心。你有没有注意到自己的性欲减退，这对你有什么影响吗？,性欲没啥变化，对我还好。,0
H14,你觉得这种积极的态度能丰富你的社交生活，但在亲密关系中，你会被性欲问题困扰吗？,性欲方面还好，不算困扰。谢谢关心！,0
H14,在你提到的“繁衍”这个概念上，它对你看待感情的方式产生了多大的影响？,这对我没啥大影响啦。,0
H14,在和他相处的过程中，你有没有感觉到性欲减退或者其他方面的性症状变化？,没有，没感觉到变化。,0
H14,您觉得这些措施很不错。除了心理和情感上的影响之外，您在夫妻生活中是否感受到性欲明显降低？,没有，我性欲没有明显变化。,0
H14,在这段关系中，您感觉到性欲有变化吗？有没有注意到欲望减退？,没有变化，一切正常。,0
H14,你觉得这样的态度有益吗？你认为手淫是否对你的性欲或性生活质量产生了影响？,我没觉得有什么影响。,0
H14,这实际上也是一种困惑的表现。我们可以共同探索更多的方法来帮助你调节这些情绪。你曾提到对自己的性别身份感到疑惑，能和我分享一下你的感受吗？,其实我没有这方面的困扰哦。,0
H14,治疗方案调整时，有没有可能某些药物影响性欲或导致性兴趣减退？,倒没有发现这样的变化。,0
H14,药物效果各异，那有没有发生性欲减退或其他生理变化呢？,没有这些症状，一切如常。,0
H14,会失眠对性生活产生影响吗？特别是在加剧焦虑和抑郁的情况下。,我没有这种症状，不太清楚。,0
H14,说出来就是进步，你觉得这种对新关系的关注带来了什么变化吗？,我觉得有点变化，但还在观察。,0
H14,你有没有觉得这种波动偶尔会让你对什么事都无所谓？,不会，我没这种感觉。,0
H14,在复合期间，您有过对性生活失去兴趣或者性欲改变的情况吗？,没啥变化，一切正常。,0
H14,你觉察到这种情绪是很重要的。你说抑郁对你来说是个挑战，那么这种压抑的感觉对你的恋爱生活有影响吗？,没有特别影响，还是能享受恋爱的。,0
H14,压抑情感在生活中可能导致什么负面影响？,没有特别的负面影响，挺好的。,0
H14,你是不是觉得哺乳和恢复身材之间的平衡让你感到困扰？这会影响到你的自我认同吗？,没太大关系，我自己还挺平衡的。,0
H14,你认为这些方法会对你现在或将来的亲密关系产生影响吗？,对性关系的看法没啥影响。,0
H14,你有没有注意到自己在性方面的欲望有什么变化？,没有什么特别的变化。,0
H14,最近你有没有觉得自己在性欲方面有所变化？你的感受对我们很重要，我们需要知道和理解这些变化。,没有啥变化，挺正常的。,0
H14,在新婚期间，您是否觉得不太适应，这样的问题会不会给您的性生活带来很大压力？,其实没啥影响，性生活还好。,0
H14,在亲密关系中，你会不会感到不安或者心里有矛盾？,没有感到不安或矛盾哦。,0
H14,你似乎对她的感情很深，想要保护她不受伤害是很自然的。但你有没有觉得这种心态有时会让你感到有点偏执呢？,没有，我觉得挺正常的。,0
H14,你是否意识到，这种在抗拒和期待之间的矛盾，对你的性欲或性态度有影响吗？,没影响到性欲，性方面还挺正常的。,0
H14,你需要耐心地调整心态。性欲减退对你有什么影响吗？,性欲没啥变化，对我还好。,0
H14,你有没有觉得在关系中遇到性欲方面的问题呢？保持积极态度确实能让社交生活更有趣。,性欲方面还好，不算困扰。谢谢关心！,0
H14,之前你谈到过关于“繁衍”的观点，这对你的感情观念有何影响？,这对我没啥大影响啦。,0
H14,你在和他相处的过程中，有没有注意到自己的性欲降低或者其他与性相关的变化？,没有，没感觉到变化。,0
H14,这些措施真的挺好。但是在你们的夫妻生活中，除了心理和情感上的影响，你有没有觉得自己的性欲明显减退了呢？,没有，我性欲没有明显变化。,0
H14,在这段关系中，您的性欲是否有变化？有没有觉得欲望降低了？,没有变化，一切正常。,0
H14,您觉得手淫对您的性欲或性生活质量有影响吗？这种态度让我觉得很有帮助。,我没觉得有什么影响。,0
H14,这可能是你困惑的体现之一。我们可以一起探索更多的方式来帮助你调整这些感受。你提到对自己的性别认同有疑虑，想和我谈谈你的感受吗？,其实我没有这方面的困扰哦。,0
H14,你认为这些措施很有效。那么除了在心理和情感上的影响之外，你有没有注意到性生活中性欲的显著下降？,没有，我性欲没有明显变化。,0
H14,你心中似乎有矛盾。母乳喂养和恢复身材是否显著影响了你的自我价值感？,没太大关系，我自己还挺平衡的。,0
H14,在调整治疗方案时，某些药物是否可能影响性欲或导致性兴趣的减退？,倒没有发现这样的变化。,0
H14,很好，这些都是帮助调节情绪的不错方法。感觉这些事情是否影响到你现有或未来的性关系的看法？,那次之后，我变得对这种事情很抗拒。,2
H14,这段关系中，您的性欲是否发生了变化？有没有感到欲望降低？,是的，我几乎感受不到任何欲望。,2
H14,有这种态度是很有帮助的，您是否认为手淫是否影响了您的性欲或性生活质量？,我觉得确实有影响，压力很大。,2
H14,改变心态需要耐心。你的性欲是否减退，这对你有影响吗？,有影响，挺困扰的，总感觉不对劲。,2
H14,这可能是对新婚生活的不适应，您是否感到这些问题让性生活变得有压力？,是的，很有压力，真的很困扰。,2
H14,调整是对的。治疗过程中有没有任何药物对性的影响或者兴趣减退的情况？,嗯，有些药影响到了性趣，挺困扰的。,2
H14,这种积极的态度会让你的社交更加丰富多彩。然而，你提到的性欲问题是否在关系中困扰你？,确实，这问题让我很困扰。,2
H14,这种波动是否偶尔让你感到对一切事物无动于衷呢？,是啊，有时候感觉所有事情都无所谓了。,2
H14,在与他的一起的时光里，你有没有感受到任何性欲降低或其他性症状的改变？,嗯，有感受到，真的很困扰我。,2
H14,承认这种情绪是很重要的。那你提到抑郁情绪对你来说很有挑战，关于谈恋爱的事情，你觉得这种压抑的情绪是否对你的情感生活产生了影响？,确实影响挺大，总觉得没劲儿。,2
H14,失眠会加重焦虑和抑郁。是否对性生活也有影响？,会的，真的很烦恼。,2
H14,你提到过对“繁衍”的理解，这对你的感情观有多大影响呢？,其实影响挺大的，让我很困扰。,2
H14,听到你内心的矛盾很明显。喂奶和恢复身材对于你来说是否与自己价值感有很强的联系？,是的，这让我很纠结和困扰。,2
H14,这是很好的措施。除了这些心理和情感方面的影响，夫妻生活中你有没有感到性欲上有显著降低呢？,嗯，是的，我觉得性欲明显降低了。,2
H14,那就好，说出来已经是一个进步，继续保持这种和自己对话的习惯。你提到对新的关系的心思，这是否让你自身产生了一些变化？,有点变化，但其实挺让我焦虑的。,2
H14,这也是困扰的一个表现。我们可以一起寻找更多的方法来帮助你调整这些感受。你提到怀疑自己的性别身份，能和我聊聊你对这个的感受吗？,我很迷茫，真的不知道自己是谁。,2
H14,在复合的过程中，您对性生活是否感到过兴趣不大或有任何性欲变化呢？,有时候会这样，真的很烦人。,2
H14,最近性欲下降的问题，会不会让你觉得非常困扰？,哎，最近真的有点难受。,2
H14,药物确实效果不一，有没有其他方面的问题，比如性欲减退或其他生理变化？,是的，性欲减退让我很困扰。,2
H14,对于性方面的活动，您有感到任何意愿变化吗？,最近完全没兴趣，真的很困扰。,2
H14,这说明你对她确实有着深刻的倾慕。希望保护她不受伤害是很自然的情感。你有没有觉得这种想法有时会让你觉得自己偏执呢？,嗯，有时候会觉得自己有点过头了。,2
H14,那么，在面对亲密关系时，有没有感到不安或者矛盾呢？,有时真的很不安，脑子里特别乱。,2
H14,你提到抗拒这种关系与期待之间的矛盾，这影响到了你的性欲或者对于性的态度吗？,是啊，这种矛盾让人很烦躁，影响挺大的。,2
H14,你的感受是重要的，它们需要被表达和理解。你最近觉得性欲有没有受到影响？,嗯，有受到影响，挺困扰的。,2
H14,在压抑情感的生活中有没有碰到什么负面影响？,嗯，有时候感觉快要崩溃了。,2
H14,这些方法确实有助于情绪调节。你觉得这些事情会不会影响到你当前或未来的性关系观念？,那次之后，我变得对这种事情很抗拒。,2
H14,在这段关系中，您的性欲有变化吗？有没有感觉欲望减弱了？,是的，我几乎感受不到任何欲望。,2
H14,手淫会对你的性欲或性生活质量产生影响吗？这种态度可能会很有帮助。,我觉得确实有影响，压力很大。,2
H14,调整心态需要耐心。你的性欲是否有下降，这对你有影响吗？,有影响，挺困扰的，总感觉不对劲。,2
H14,你是否觉得这些问题使得你的新婚生活中性生活变得有压力呢？,是的，很有压力，真的很困扰。,2
H14,在治疗过程中，是否有任何药物可能影响性功能或导致性趣减退？,嗯，有些药影响到了性趣，挺困扰的。,2
H14,在你社交生活中，积极的态度能增添很多色彩。不过，你提到的性欲问题是否在你的关系中带来困扰呢？,确实，这问题让我很困扰。,2
H14,这种波动会不会偶尔让你对所有事情都毫无感觉？,是啊，有时候感觉所有事情都无所谓了。,2
H14,在和他相处的过程中，你是否注意到自己的性欲减退或者有其他性方面的变化？,嗯，有感受到，真的很困扰我。,2
H14,你认为承认这种情绪的重要性如何？你提到抑郁情绪是一个挑战，那在恋爱方面，这种压抑的情绪是否对你的感情生活有影响呢？,确实影响挺大，总觉得没劲儿。,2
H14,失眠会加剧焦虑和抑郁，这会影响到性生活吗？,会的，真的很烦恼。,2
H14,谈到你对“繁衍”的看法，这对你的情感观念影响有多大？,其实影响挺大的，让我很困扰。,2
H14,你内心的矛盾似乎非常突出。哺乳和恢复体形是否与你的自我价值感密切相关？,是的，这让我很纠结和困扰。,2
H14,这些措施挺不错的。除了心理和情感上的影响，你是否在夫妻生活中感受到性欲明显下降呢？,嗯，是的，我觉得性欲明显降低了。,2
H14,听你这么说真不错，已经迈出了重要一步，继续保持这样和自己沟通的方式。你提到关于新关系的想法，这是否在某种程度上影响了你的内心？,有点变化，但其实挺让我焦虑的。,2
H14,这是困惑的一种表现。我们可以共同探索更多方法来帮你调适这种感觉。你提到过对性别认同的怀疑，能跟我分享一下你的感受吗？,我很迷茫，真的不知道自己是谁。,2
H14,在你们复合期间，您有没有觉得对性生活缺乏兴趣，或者有任何性欲上的变化？,有时候会这样，真的很烦人。,2
H14,药物的效果各有不同，是否存在其他方面的问题，比如性欲下降或其他生理上的变化？,是的，性欲减退让我很困扰。,2
H14,最近在性方面的欲望上有没有什么变化？,最近完全没兴趣，真的很困扰。,2
H14,这表明你对她确实有着很深的喜爱，想要保护她不受伤害是很自然的情感。你有没有感到这种想法有时会让你觉得过于执着呢？,嗯，有时候会觉得自己有点过头了。,2
H14,在处理亲密关系时，你是否感到困惑或有点不安？,有时真的很不安，脑子里特别乱。,2
H14,在谈到你对这种关系有抗拒和期待的矛盾时，这对你的性欲或对待性的态度有影响吗？,是啊，这种矛盾让人很烦躁，影响挺大的。,2
H14,你最近有注意到自己的性欲有什么变化吗？你的感受很重要，需要被理解和表达。,嗯，有受到影响，挺困扰的。,2
H14,生活中压抑情感会带来哪些负面影响呢？,嗯，有时候感觉快要崩溃了。,2
H14,这些方法确实有助于情绪调节。你觉得这些事情会不会对你现在或将来的性关系有影响？,那次之后，我变得对这种事情很抗拒。,2
H14,在这段关系中，您的性欲有什么变化吗？有没有感觉欲望减少？,是的，我几乎感受不到任何欲望。,2
H14,您觉得拥有这样的态度是否有助于您评估手淫对您的性欲或性生活质量的影响？,我觉得确实有影响，压力很大。,2
H14,在调整心态时需要有耐心。你有没有感觉到性欲的下降，这对你有什么影响吗？,有影响，挺困扰的，总感觉不对劲。,2
H14,是否是因为对新婚生活还不太适应，让您的性生活感到有压力呢？,是的，很有压力，真的很困扰。,2
H14,请问在治疗过程中，有没有观察到药物影响性欲或兴趣减退的现象？,嗯，有些药影响到了性趣，挺困扰的。,2
H14,保持积极态度能让你的社交生活更加丰富多彩。不过，你提到的性欲问题是否在你们的关系中带来了困扰？,确实，这问题让我很困扰。,2
H14,这种起伏是否会让你有时对一切都感到漠然无情？,是啊，有时候感觉所有事情都无所谓了。,2
H14,和他在一起时，你有没有感觉到性欲下降或其他性方面的变化？,嗯，有感受到，真的很困扰我。,2
H14,承认这些情绪是很重要的。你提到抑郁对你是个挑战，那在谈恋爱方面，你觉得这种压抑感有没有影响到你的感情生活？,确实影响挺大，总觉得没劲儿。,2
H14,失眠会加重焦虑和抑郁，这会对性生活产生影响吗？,会的，真的很烦恼。,2
H14,你之前谈到过关于“繁衍”的看法，这对你的情感观念产生了什么影响？,其实影响挺大的，让我很困扰。,2
H14,你提到的内心矛盾很明显。是否喂养孩子和恢复身材与你的自我价值感紧密相连？,是的，这让我很纠结和困扰。,2
H14,您觉得这是一项很好的措施。除了心理和情感的影响之外，您在夫妻生活中有没有感到性欲显著下降呢？,嗯，是的，我觉得性欲明显降低了。,2
H14,可以理解为表达是一种成长，你觉得在新的关系中，自己的心态有发生什么变化吗？,有点变化，但其实挺让我焦虑的。,2
H14,这正是令人困惑的体现之一。我们可以共同探索更多方法来帮助你调整这些情感。你提到对自己的性别身份有疑虑，可以和我分享你的感受吗？,我很迷茫，真的不知道自己是谁。,2
H14,您在重新建立关系期间，是否体验过对性生活的兴趣减退或性欲的改变呢？,有时候会这样，真的很烦人。,2
H14,有没有可能存在其他问题，如性欲减退或其他生理变化，药物效果确实不尽相同？,是的，性欲减退让我很困扰。,2
H14,在性方面的活动中，您有没有注意到自己的意愿发生了变化？,最近完全没兴趣，真的很困扰。,2
H14,你对她的深深倾慕显而易见，想保护她不受伤害是一种自然的情感。有时候，这样的想法会让你感觉自己有点偏执吗？,嗯，有时候会觉得自己有点过头了。,2
H14,在亲密关系中，你是否感到不安或有矛盾的情绪呢？,有时真的很不安，脑子里特别乱。,2
H14,你提到在抗拒这种关系和期待之间的矛盾，这是否对你的性欲或对性的看法产生了影响？,是啊，这种矛盾让人很烦躁，影响挺大的。,2
H14,你最近有没有感觉到性欲受到了什么影响？你的感受很重要，值得被表达和理解。,嗯，有受到影响，挺困扰的。,2
H14,在情感被压抑的生活中，你是否经历过哪些不太好的影响？,嗯，有时候感觉快要崩溃了。,2
H14,你觉得这些方法对情绪调节的帮助，会影响到你现在或未来对性关系的看法吗？,那次之后，我变得对这种事情很抗拒。,2
H14,您在这段关系中感受到性欲的变化吗？有没有觉得欲望有所减退？,是的，我几乎感受不到任何欲望。,2
H14,过度手淫是否会影响性欲或性生活的质量？了解这个问题的态度可能很有帮助。,我觉得确实有影响，压力很大。,2
H14,你是否感到性欲有所下降？调整心态需要花时间，这对你有什么影响吗？,有影响，挺困扰的，总感觉不对劲。,2
H14,这些问题是否让你的新婚生活中的性生活感到压力重重呢？,是的，很有压力，真的很困扰。,2
H14,治疗期间，有哪些药物可能对性功能产生影响或导致性欲下降？,嗯，有些药影响到了性趣，挺困扰的。,2
H14,你的社交生活因为积极的态度而更丰富多彩，但你说的性欲问题是否影响了你的人际关系？,确实，这问题让我很困扰。,2
H14,这种波动是否有时会让你对一切失去感觉？,是啊，有时候感觉所有事情都无所谓了。,2
H14,在和他一起生活的过程中，你有没有发现自己的性欲下降或者在性方面有其他变化？,嗯，有感受到，真的很困扰我。,2
H14,在你看来，承认这种情绪有多重要？你提到过抑郁是一种挑战，在恋爱中，这种压抑情绪会对你的感情生活造成影响吗？,确实影响挺大，总觉得没劲儿。,2
H14,失眠是否会加重焦虑和抑郁，从而影响性生活？,会的，真的很烦恼。,2
H14,请问你是如何看待“繁衍”的？这对你的感情观产生了什么样的影响呢？,其实影响挺大的，让我很困扰。,2
H14,你是不是特别纠结，觉得母乳喂养和恢复身材对你的自我价值有很大影响？,是的，这让我很纠结和困扰。,2
H14,这些措施很有帮助。除了心理和情感方面的影响，你在夫妻生活中有没有感到性欲明显减退？,嗯，是的，我觉得性欲明显降低了。,2
H14,听你这么说很棒，你已经踏出了关键的一步，继续用这种方式与自己对话。关于你提到的新关系，这在某种程度上影响了你的内心吗？,有点变化，但其实挺让我焦虑的。,2
H14,看起来你感到有些困惑。我们可以一起寻找方法来帮助你应对这种感觉。你提到过对性别认同的疑虑，可以和我聊聊你的感受吗？,我很迷茫，真的不知道自己是谁。,2
H14,在你们复合的那段时间，你有没有觉得对性生活失去了兴趣，或者性欲上有什么变化？,有时候会这样，真的很烦人。,2
H14,不同药物的效果各异，会不会有其他问题，比如性欲降低或其他身体变化呢？,是的，性欲减退让我很困扰。,2
H14,您最近在性欲方面有感到任何变化吗？,最近完全没兴趣，真的很困扰。,2
H14,这说明你真的很喜欢她，自然会想保护她免受伤害。不过，你有没有觉得这种想法有时候让你显得太执着了？,嗯，有时候会觉得自己有点过头了。,2
H14,在面对亲密关系时，你会不会感到迷茫或有些不安？,有时真的很不安，脑子里特别乱。,2
H14,谈到你对这种关系既抗拒又期待时，这是否影响了你的性欲或对待性的态度？,是啊，这种矛盾让人很烦躁，影响挺大的。,2
H14,最近有没有发现自己的性欲发生了变化？你的感受很重要，值得被倾听和表达。,嗯，有受到影响，挺困扰的。,2
H14,如果一直压抑自己的情感，生活中会有什么样的消极后果？,嗯，有时候感觉快要崩溃了。,2
H14,你有没有觉得最近自己的性欲有所变化？你的感受很重要，需要被表达和理解。,嗯，有受到影响，挺困扰的。,2
H14,在治疗过程中，哪些药物可能会影响性功能或降低性欲？,嗯，有些药影响到了性趣，挺困扰的。,2
H14,药物的效果不尽相同，是否可能导致其他问题，比如性欲减退或身体的其他变化呢？,是的，性欲减退让我很困扰。,2
H12,他的反应可能让你觉得不被理解。那你觉得自己对饮食的关注是否有时候过度了？,对啊，因为食欲不好吧，所以比较关注吃的是不是自己喜欢的,1
H12,对食欲不振问题您持有什么看法呢？认为这些与心理压力有关吗？,有时候觉得是焦虑或压力大引起的没胃口，但是我自己会吃饭啦。,1
H12,可能是因为这种焦虑影响了你的食欲。我记得你提到过你因为这事一个月都没胃口，体重减轻了很多对吗？这与你的情绪有关系吗？,是的，我以前从未因为压力失去食欲。,1
H12,明白，情绪管理是一大挑战。那与人争执时你有感觉到身体不适吗？,是有的，胃口有时不好。,1
H12,除了兴趣之外，有没有在这种情绪低潮时注意到身体的变化，比如食欲或者消化问题？,食欲不好，有时候不想吃东西。,1
H12,哦，那段时间肯定对你来说很不容易。你现在对于食物还有兴趣吗，胃口怎么样？,没有什么胃口，看到东西也不想吃。,1
H12,支持你！在其他方面，比如身体健康方面，你有注意到什么变化吗？,最近胃口不太好，有时甚至感到胃肠不适。,1
H12,睡眠不足和消化问题会让人感到更不舒服。或许您可以尝试一个更放松的晚上环境，比如喝杯温热的牛奶。,我试过，但每次都想着自己和他的事情，心里总是放不下。,1
H12,胃部不适可能确实与压力有关。这对您来说是一个提醒，让自己需要一些放松的时间。,我明白，我有在尝试找到放松的方式。,1
H12,我们有的是时间。再问一个问题，你有没有其他身体上的变化，比如食欲或体重的变化？,我最近食欲下降了不少，没什么胃口。,1
H12,这些都是很好的方式。面临紧张或焦虑时，你是否会感到身体上的任何不适，如胃口不好或消化问题？,有过的，尤其是在我们发生争论之后。,1
H12,照顾好自己的身体也很重要。除了紧张和内疚，你身体上是否出现干呕、食欲不振或其他消化问题？,我最近确实胃口不好，可能是因为太担心这些事情了。,1
H12,茶有时候确实能舒缓身心。你提到饮食，刚才你说到有时会恶心，这有让你感到胃口改变吗？,是的，有时候会完全没有胃口。,1
H12,寻求帮助不是一件容易的事，但很重要。你有没有感觉到最近的饮食习惯发生了变化？比如说食欲。,我吃得很少，饿了也不想吃。,1
H12,妹妹在饮食上有其他明显的变化吗，比如胃口不佳？,她最近胃口确实不太好。,1
H12,吃饭时的这种感觉，已经开始影响到你的食欲了吗？比如无法继续吃下去？,是的，经常在饭桌上，我都吃不下第二碗饭。,1
H12,哦！你是用食物来缓解压力和情绪的吗？是否觉得这样能给你带来一些短暂的安慰？,是的，吃东西似乎能让我暂时忘掉烦恼。但这种方法并不长久。,1
H12,在辞职和搬过去后的一段时间内，你的食欲有改变，或感到胃部不适吗？,是的，食欲不如前。,1
H12,有没有注意到在饮食或胃肠方面出现的问题呢？,几乎没胃口，时常会有胃痛的感觉。,1
H12,这很好！你提到那些冲突让你感到胃口不佳，有过消化问题吗？只是好奇而已。,最近胃口差了不少，吃什么都没胃口。,1
H12,那就好。那么，在这些情况下，你有没有注意到自己的体重或食欲有什么变化？,我最近食欲不佳，体重也有所下降。,1
H12,你的饮食情况怎么样？是否有因为这些情绪导致食欲不振？,我的食欲好像真的变差了。,1
H12,那就给自己一点时间，慢慢去探索也没关系。有时过程比结论更为重要。最近有没有感到胃口变差呢？,是的，我吃东西感觉没味道，经常胃口不好。,1
H12,这种持续的思考会影响到你的食欲吗？或者会出现消化不良的情况？,有时候胃口不好，特别是压力大的时候。,1
H12,这是很好的放松方式。你还提到过有些身体上的不适，如胃口不佳吗？,是的，胃口不是很好，有时会感到胃痛。,1
H12,这听起来很不容易。这样的情绪和压力可能会影响其他方面，比如睡眠和食欲。你在经历这一切时，食欲有发生变化吗？,是的，我的食欲大不如前，吃东西的欲望减少了，有时候一整天都不想吃东西。,1
H12,压力大时，您还会有其他身体不适的症状吗？比如消化系统的不适？,嗯，有时候会觉得胃不舒服，也没什么食欲。,1
H12,除了这些，你会不会因为压力在饮食方面出现问题？,有时候会食欲不振。,1
H12,这种胃口的变化和感受让你觉得不舒服吗？,嗯，是的。,1
H12,这很正常。肠胃方面有任何不舒服吗？或者食欲有改变吗？,胃口下降了，吃东西也没太大兴趣。,1
H12,这是一种不错的表达方式。有没有因为压力感到身体有不舒服的地方，比如胃口不好？,有，饭后经常觉得胃很胀。,1
H12,任何尝试都是前进的步骤。你提到你姐姐的支持，这种支持是否对你的心理状态有帮助？,没错，她的支持确实让我稍微放松一点。,1
H12,是的，这是一种很好的感觉。身体方面怎么样，有没有出现什么不适？,偶尔会有胃口不佳或者消化不良。,1
H12,这种情况有影响到你消化吗？,肯定有，有时候感觉消化不良。,1
H12,在饮食方面有没有什么变化，比如食欲减退或胃肠道不适？,我不太想吃东西，有时候胃也会不舒服。,1
H12,这个想法挺好，但不一定所有的尝试都能解决问题。你刚才提到，看到吃的就想吐，这种对食物的反应持续多久了呢？是否有经历胃口不佳或消化问题？,这种反应差不多持续了整个学期，食欲不振，消化也有些问题。,1
H12,问你个问题，你的食欲或者身体感觉有变化吗？,没太注意，可能有些胃口差。,1
H12,最重要的还是管理自我生活质量。最近是否对进食感兴趣减退，或者有消化不良的问题？,没有太大的胃口改变，但其实没怎么关注过自己饮食状态。,1
H12,这种情况下可以试试放松技巧，比如深呼吸。情绪波动是常见的，你有体验过胃口的变化吗？,是的，有时候胃口不好。,1
H12,我明白你的感受。你是否常感到餐后厌恶或有消化不良的问题？,是的，经常会这样，尤其是压力大的时候。,1
H12,压力积累久了确实不易处理。你有没有经历过胃口不好或消化问题呢？,我常常胃口不好，无论吃些什么都无所欲。,1
H12,除此之外，您的食欲有受到影响吗？,我经常没有胃口吃东西。,1
H12,这听起来很不错。最近你的胃口如何呢？,一般般，胃口不太好。,1
H12,失眠会影响白天的精力，找到放松的方法很重要。由于紧张情绪，您有过消化不良或胃部不适的经历吗？,确实有时候会这样，食欲也会不太好。,1
H12,很高兴您能有所思考。对了，您觉得在这些情绪波动中有时候感到身体上有不适吗？比如胃口不好或消化不良？,有的时候确实没有胃口，不太想吃东西。,1
H12,消化不良或者食欲不振是时候去注意了。,可能是精神状态太差的缘故。,1
H12,那些事情确实会让人压力山大。提到在家学习，你有没有注意到食欲方面的变化呢？,是的，我的胃口变差了，吃东西也没以前那么有滋味。,1
H12,这个很正常，在这样的遭遇中容易感到孤单。你还有没有发现其他不适呢，比如胃口不好或者其他的身体不适？,是，有时候吃啥都没胃口。,1
H12,这个想法很好。你有注意到自己的食欲或体重有任何显著的变化吗？,食欲不太好，体重好像轻了一些。,1
H12,有时候晚上确实会让事情显得更加严峻。你有没有觉得这种悲伤的情绪严重影响了胃口或者对消化有影响？,胃口不太好，有时候还会有些消化不良。,1
H12,社交关系也是需要慢慢建立的，不必急。你是否有感觉体重下降或食欲不佳的情况发生？,食欲有点不太好，体重倒是没太大变化。,1
H12,哦，这种无助的感觉真的很让人沮丧。是否因为担心这些事情而导致身体上的一些不适呢，比如胃部的不适？,偶尔会有这样的感觉。,1
H12,食欲下降也是常见的表现，没有胃口可能让您感觉身体有所不适。,是的，有时候感觉到身体不适，但似乎和情绪问题关系更大。,1
H12,你感到身体有哪些不适呢？比如有胃肠道方面的问题吗？,是的，有时消化不良，没胃口。,1
H12,身体和精神健康都很重要。最近是否感到食欲不振或者有消化不良的问题？,我的食欲大大下降了，吃东西也没胃口。,1
H12,恋爱的烦恼确实有可能会影响到食欲和消化。你有没有因为这些而担心自己的身体健康？,有点担心，毕竟看过不少生病的患者，自己会多想。,1
H12,这是个很好的开始。有时候小的改变也会带来大的不同。你有没有体验过食欲不振或者其他身体的不适？,最近胃口确实不太好，压力太大了。,1
H12,这听起来很痛苦，而在您经历这些事情时，您的身体健康有没有受影响，比如消化问题？,最近我总有胃疼，可能是压力太大了。,1
H12,在处理这些复杂情感时，你是否发现对身体的状况更加敏感呢？比如在消化方面。,是的，有时消化确实不太好，尤其是心烦意乱时。,1
H12,体重变化可能是身体和情绪状况的指标。在你长期处于自责的情绪中时，有没有注意到消化不良或者胃肠道不适？,是的，我有时会有胃疼或者消化不良的情况，这让我感觉很不舒服。,1
H12,那么饮食习惯或者体重是否有所变化呢？,体重似乎有些减轻，食欲减退。,1
H12,对，那种压力影响到了你的食欲或身体状态了。,是的，胃口很差。,1
H12,那么，这样的时刻会影响到你的饮食或体重吗？,好像胃口变小了，人也瘦了一些。,1
H12,这是因为缺少与上级良好的沟通渠道吗？,有可能，每次交流都感到紧张。,1
H12,这样会颠倒生物钟，对健康影响很大。你提到的身体虚弱有没有其他表现？比如胃口或消化方面？,胃口不太好，有时候还会有消化不良。,1
H12,"面对这样复杂的职场环境, 你有没有想过自己的健康或感到身体产生不适呢？",最近胃口不是很好，不知道是不是因为压力。,1
H12,听起来你可能有些消化问题的困扰。,是的，有时候还会食欲不太好。,1
H12,这是压力的一种身体表现。 有时寻求专业帮助会是一个很好的方法。,感觉到自己需要更好的应对策略，但我有点迷茫。,1
H12,或许需要持续一段时间来观察效果。你提到的情绪是否影响到身体健康，比如胃部不适？,最近胃口不太好，有时还会感到一点点恶心。,1
H12,这样的夜间思绪杂乱，对您的胃或食欲有没有影响？,感觉胃胀胀的，早上没胃口吃饭。,1
H12,你的这种感受是可以理解的，但或许可以尝试设定一些能实现的小目标，慢慢积累成功感。你有难以再体重下降或者食欲不振吗？,我最近吃的不多，体重也掉了很多。,1
H12,这种困扰是否带来一些身体上的不适感？比如胃口不好或者身体疼痛？,胃口不太好，可能是心情原因。,1
H12,你对待自己的情感还是非常坦诚的，这很好。那么你有没有因为这些情感而发生食欲不振或者消化问题？,消化倒没有太大变化，主要是食欲下降。,1
H12,这些都是不错的方法。您在融入工作环境时有感到身体上的不适吗，比如胃口不好或者消化不良？,有时会没心思吃东西。,1
H12,愿意做出努力就比停滞不前更接近解决之道。你提到的症状中，有没有身体上的反应，比如胃肠不适？,是的，胃口时好时坏，甚至会感到消化不良。,1
H12,听起来你真的是在经历一个很艰难的时刻。这种时候情绪容易影响食欲，你是不是最近都没有胃口或者对食物没有兴趣呢？,是的，我确实没什么食欲，甚至懒得去吃。,1
H12,这种压力那是否影响到了你的身体健康，比如食欲问题？,是的，我发现自己吃得更少了，消化也不太好。,1
H12,这种紧张会引起焦虑，它是否已经影响到你的身体状况？比如饮食或睡眠？,有时候吃不好，而且面对人群或嘈杂环境会很焦虑。,1
H12,哭泣和崩溃的情绪有影响到你的食欲或睡眠吗？,有时候睡眠质量会变差，食欲也不定。,1
H12,除了这些，日常生活中你有没有发现其他问题，比如胃口的变化？,是，有的时候我吃不下东西，消化不太好。,1
H12,合理的饮食很重要，这种胃肠道症状是否干扰了你的生活？,是的，有时候都不想吃东西。,1
H12,我能理解这种感受。有没有因为这些担忧感到身体上的不适，比如胃口不好或者肠胃问题？,嗯，偶尔会有胃痛，不过我不知道这是不是相关。,1
H12,有可能胃口和情绪有关，调节情绪可能会改善身体症状。,我会多加注意的，真的很感激你的帮助。,1
H12,压力很大时确实容易失眠。你有没有因为考试感到胃口不佳或胃痛？,考试前有过几次胃痛，想到成绩心里就不舒服。,1
H12,听起来你经历了很多身体不适。哈尔滨行程中有没有遇到食欲下降或消化问题？,确实那几天胃口很差。,1
H12,一步一步来，逐步适应。顺便问一下，最近思考这些问题时，你有没有过饮食不佳或者消化不良的情况？,倒是没什么大的问题，只是偶尔胃会不太舒服。,1
H12,这种感觉是否影响了你的日常生活或者胃口呢？,是的，我最近吃东西都没什么胃口。,1
H12,有没有因为压力而感到胃口不好或者出现消化问题呢？,胃口不太好，有时还腹胀。,1
H12,这种自责的感觉难以避免，但重要的是要适应并调整。您提到的做法确实需要勇气和支持，内疚感可能会加剧压力。除了自责，您有没有进食问题？如食欲不振或消化不良？,有时候会心情不好而吃不下东西，或者一吃就感觉肚子不舒服。,1
H12,在这些过程中，你有没有感到身体上的不适，比如胃口不佳或消化问题？,胃口不太好，总觉得心里堵着。,1
H12,不需客气，这段时间需要多关注自己，也要注意饮食。你最近的食欲如何？是否有消化不良的情况？,食欲不太好，有时吃不下。,1
H12,看来情绪状态确实对你的身体有些影响。,是啊，但我还是继续冷战，不想轻易认输。,1
H12,那你有时候觉得自己的胃口受到影响吗？比如因为压力感到消化不良？,有时候是这样，很难有胃口。,1
H12,在这样的压力下，你有没有身体不适的表现？比如胃口怎么样？,胃口不好，总觉得吃不下东西。,1
H12,这就是一个好的开始。请继续享受音乐的陪伴，或许有其它活动也能给你带来类似的宁静。谈到孤独感，你的食欲和胃口有受到影响吗？,是的，胃口很差，吃不下。,1
H12,了解。在工作之外，你会不会因为家庭关系感到胃口不佳或消化问题？,是的，尤其是压力大的时候。,1
H12,你正在努力，这是很值得鼓励的一个开始。最近，你的饮食习惯有发生变化吗，比如食欲下降或消化不良？,是的，有点儿食欲不振，可能是因为压力。,1
H12,有时候接受支持对我们来说很重要。你有没有在身体上感到不适，比如头痛或胃部不适？,头痛有过几次，主要还是睡眠不足。,0
H12,方便说说，您是否因为与男友之间的无法沟通而影响了自己的食欲或引起胃肠不适？,并没有影响我食欲，毕竟饮食还是挺正常的。,0
H12,有机会的话，在一个轻松的环境下和他们聊聊，可能会有意想不到的收获。身体有没有感觉胃口不好或者体重有变化呢？,现在胃口还好，不过的确在那段时间有过这样的情况。,0
H12,一定要记住，在适应新挑战时给自己一些时间是很重要的。你的感受都很真实。那么在开始新的恋情时，你提到没有信心，除了不自信之外，这种情况是否会引发身体上的不适，例如胃口不好或消化问题？,幸好身体上目前没有太多异常，但心情阴郁时确实会影响食欲。,0
H12,听起来像是一种不健康的生活模式。你们有观察到他是否经历过食欲减退或消化问题呢？,没有特别注意到他在这方面有问题，但我们注意到他吃的东西大多是零食和快餐，因为他几乎不出门吃饭。,0
H12,这种沟通导致身体上有变化吗，比如食欲，你有注意到什么不同？,食欲没有变化，一直都正常。,0
H12,生活的压力有时也会给我们带来各种各样的情绪波动，像是饮食或睡眠有变化吗？,我觉得我的睡眠不太稳，有时很容易失眠。,0
H12,感到恍惚会让人不安。环境或自己都不真实，有过这种感觉吗？,是的，很多时候都会有这种感觉。,0
H12,最近你有没有为了缓解关系中的压力或情绪而出现食欲下降或消化问题？,没有特别的变化，食欲还算正常。,0
H12,是否因为生活中的这些起伏，让你感到身体也有不适？ 比如胃口或消化问题？,我偶尔会感到胃不太舒服，不过不严重。,0
H12,重新尝试建立联系是一个不错的方向。有没有发现这样的情绪影响了其他方面，比如饮食或者睡眠呢？,我发现我最近睡得不是很好，常常辗转难眠。,0
H12,饮食相对丰富重要，注意保持营养均衡。如果需要，可以考虑找专业营养师咨询。,好的，我会多加注意的。,0
H12,是挺让人不舒服的。最近有没有出现胃口不好或消化问题？,我的胃口倒是还好，没有太大问题。,0
H12,对，这些身体反应也是需要注意的哦。,说得对，我应该调整一下状态。,0
H12,遇到问题时，尝试从不同角度看待通常有帮助。你最近有注意到自己的身体状态变化吗？比如胃口或消化不良？,我还好，没啥特别的变化。,0
H12,很好，画画是缓解紧张情绪的一种好方法。那最近你的胃口怎么样呢？是否会影响食欲或者消化？,胃口还不错，没什么影响。,0
H12,那在他不在的时候，会不会感到不适或者情绪低落呢？,不会哦，一切都挺好的。,0
H12,这种自我批评是很常见的心理过程。通过了解这些情绪，我们可以找到更好的应对方法。你说到感到懒惰时是否会伴随着食欲下降或身体上的不适呢？,没有食欲下降或身体不适。,0
H12,听起来你的压力真的很大呢。身体有没有什么不适，比如胃口不佳或肠胃不适？,没有这些不适，不过谢谢关心！,0
H12,理解自己的情绪确实很难，但不是不可能，我们可以逐步来分析。你有没有感觉到其他方面的身体症状，比如消化不良或胃口问题？,没有这些症状，我的胃口还好。,0
H12,找到和解和继续前进的方式很重要。那最近有没有出现食欲或消化问题呢？,没有，最近吃得挺正常的。,0
H12,那你在找方法的同时，有没有出现过一些身体上的症状，比如食欲不振或者其他的不适？,没有，我感觉身体还好。,0
H12,日记可以帮助整理和释放情绪，不妨试试看。最近有没有出现比如胃口不佳或消化问题？,谢谢建议，我胃口还好，没有消化问题。,0
H12,理解！我们常常需要更好地理解自己和周围。你有没有注意到发生的这些事件对你的胃口或消化有所影响，比如食欲不振？,没有食欲不振的问题，谢谢关心！,0
H12,饮食不规律是焦虑和压力下的常见问题。,我吃饭还挺规律的。,0
H12,情绪的改变有时会让我们觉得很困惑。你提到体重大幅下降，这是因为食欲不振还是其他原因呢？,没啥特别原因，体重没变。,0
H12,这是可以理解的，与自己的焦虑和平共处是我们需要学习的技能之一。尝试深呼吸或者寻求支持，可能会有所帮助。您的饮食习惯有没有发生变化，比如食欲减退或消化问题？,没有食欲变化，一切正常，谢谢关心。,0
H12,认识到问题所在便是解决的开始。之前你提到进食焦虑，这有导致体重变化或胃肠道方面的问题吗？ 和,目前没有这方面的问题，没啥变化。,0
H12,最近是否出现食欲不佳或者身体消化不正常的情况呢？,没啊，食欲挺正常的。,0
H12,妹妹在饮食上有其他明显的变化吗，比如胃口不佳？,没有，她胃口还挺好的。,0
H12,在饮食方面有没有什么变化，比如食欲减退或胃肠道不适？,没有，吃饭挺正常的。,0
H12,茶有时候确实能舒缓身心。你提到饮食，刚才你说到有时会恶心，这有让你感到胃口改变吗？,胃口还好，没有什么特别的变化。,0
H12,"面对这样复杂的职场环境, 你有没有想过自己的健康或感到身体产生不适呢？",没啥感觉，一切都还好。,0
H12,听起来你真的是在经历一个很艰难的时刻。这种时候情绪容易影响食欲，你是不是最近都没有胃口或者对食物没有兴趣呢？,其实我胃口还好，没啥变化。,0
H12,不用谢，我们可以继续讨论。你有没有注意到在压力大的时候有胃肠道方面，比如消化不良的问题？,没有，胃肠道还挺正常的。,0
H12,那些事情确实会让人压力山大。提到在家学习，你有没有注意到食欲方面的变化呢？,没有特别的变化，吃饭还挺正常的。,0
H12,这种压力那是否影响到了你的身体健康，比如食欲问题？,没影响，食欲还挺好的。,0
H12,体重变化可能是身体和情绪状况的指标。在你长期处于自责的情绪中时，有没有注意到消化不良或者胃肠道不适？,没有特别注意到这些问题。,0
H12,这是压力的一种身体表现。 有时寻求专业帮助会是一个很好的方法。,谢谢你的建议，我现在还好。,0
H12,照顾好自己的身体也很重要。除了紧张和内疚，你身体上是否出现干呕、食欲不振或其他消化问题？,身体上还好，没有这些问题。,0
H12,这听起来很痛苦，而在您经历这些事情时，您的身体健康有没有受影响，比如消化问题？,没有，我消化还挺正常的。,0
H12,了解。在工作之外，你会不会因为家庭关系感到胃口不佳或消化问题？,没有这个问题，家庭关系还好。,0
H12,我明白你的感受。你是否常感到餐后厌恶或有消化不良的问题？,没有耶，我吃饭后还挺好的。,0
H12,你对待自己的情感还是非常坦诚的，这很好。那么你有没有因为这些情感而发生食欲不振或者消化问题？,没有，吃饭还好。,0
H12,寻求帮助不是一件容易的事，但很重要。你有没有感觉到最近的饮食习惯发生了变化？比如说食欲。,最近吃得还行，没啥变化。,0
H12,在这些过程中，你有没有感到身体上的不适，比如胃口不佳或消化问题？,没有，我没有这方面的问题。,0
H12,食欲还可以吗?,还不错，没什么问题。,0
H12,这个很正常，在这样的遭遇中容易感到孤单。你还有没有发现其他不适呢，比如胃口不好或者其他的身体不适？,没有啥其他不适，感谢关心！,0
H12,哦！你是用食物来缓解压力和情绪的吗？是否觉得这样能给你带来一些短暂的安慰？,不，我一般不会用食物来缓解情绪。,0
H12,有人说过自我反思是一种进步的标志，但也不要过于自责。您有没有在思考职业时感到身体不适？比如胃口不佳？,没有这种感觉过。,0
H12,很高兴您能有所思考。对了，您觉得在这些情绪波动中有时候感到身体上有不适吗？比如胃口不好或消化不良？,"恩，还好，没有这些问题。",0
H12,吃饭时的这种感觉，已经开始影响到你的食欲了吗？比如无法继续吃下去？,没有影响，我还能正常吃。,0
H12,消化不良或者食欲不振是时候去注意了。,我倒没这问题，吃得还挺好的。,0
H12,有没有注意到在饮食或胃肠方面出现的问题呢？,没有耶，我还好。,0
H12,这种情况下可以试试放松技巧，比如深呼吸。情绪波动是常见的，你有体验过胃口的变化吗？,没有哦，胃口一直挺正常的。,0
H12,这种困扰是否带来一些身体上的不适感？比如胃口不好或者身体疼痛？,没有，我没有这些不适。,0
H12,这是因为缺少与上级良好的沟通渠道吗？,嗯，不是沟通的问题啦。,0
H12,这种胃口的变化和感受让你觉得不舒服吗？,还好，没什么感觉。,0
H12,对这些诊断结果您持有什么看法呢？认为这些与手淫有关还是心理压力呢？,"我没这症状，可能是别的原因吧。",0
H12,这样的夜间思绪杂乱，对您的胃或食欲有没有影响？,没有影响，食欲还好。,0
H12,听起来你经历了很多身体不适。哈尔滨行程中有没有遇到食欲下降或消化问题？,没有，这次还挺好的。,0
H12,恋爱的烦恼确实有可能会影响到食欲和消化。你有没有因为这些而担心自己的身体健康？,没有，我身体还挺好的。,0
H12,哦，这种无助的感觉真的很让人沮丧。是否因为担心这些事情而导致身体上的一些不适呢，比如胃部的不适？,没有耶，身体还好。,0
H12,这种感觉是否影响了你的日常生活或者胃口呢？,没有，日常生活和胃口都还好。,0
H12,除了这些，你会不会因为压力在饮食方面出现问题？,没有啦，吃饭还好。,0
H12,那你的胃病最近怎么样？是否影响了你的食欲或消化功能？,胃还好啦，没啥问题，吃饭正常。,0
H12,这个想法挺好，但不一定所有的尝试都能解决问题。你刚才提到，看到吃的就想吐，这种对食物的反应持续多久了呢？是否有经历胃口不佳或消化问题？,哦，这种情况倒没有发生过。,0
H12,这个想法很好。你有注意到自己的食欲或体重有任何显著的变化吗？,没有特别变化，还是老样子。,0
H12,这很正常。肠胃方面有任何不舒服吗？或者食欲有改变吗？,没有这些症状，一切正常。,0
H12,那么饮食习惯或者体重是否有所变化呢？,没有，吃的东西和体重没变。,0
H12,是的，这是一种很好的感觉。身体方面怎么样，有没有出现什么不适？,没有不适，一切都挺好的！,0
H12,那就给自己一点时间，慢慢去探索也没关系。有时过程比结论更为重要。最近有没有感到胃口变差呢？,没有呢，胃口还行。谢谢关心！,0
H12,最重要的还是管理自我生活质量。最近是否对进食感兴趣减退，或者有消化不良的问题？,没有这些问题，最近吃得挺好的。,0
H12,除了这些，日常生活中你有没有发现其他问题，比如胃口的变化？,胃口倒是没啥变化。,0
H12,这些都是不错的方法。您在融入工作环境时有感到身体上的不适吗，比如胃口不好或者消化不良？,没有这种感觉，身体还好。,0
H12,听起来你可能有些消化问题的困扰。,我没有这种问题啊。,0
H12,这可能需要一些规律的睡前活动来辅助改善。您提到焦虑症状，那是否包括一些如胃口不好或消化问题的身体症状？,我胃口一直不好，消化也时常出现问题。,2
H12,可能需要慢慢细心观察和引导。对于孩子总是容易失去对饭菜的兴趣，有胃口不好的情况吗？,对，他几乎不吃饭，这让我很头疼。,2
H12,这显示出可能你已经未能实现日常的功能。你现在的饮食情况如何？有没有因为不吃东西或胃口差而体重下降呢？,我确实很少有胃口，体重也下降了不少。,2
H12,那你的胃病最近怎么样？是否影响了你的食欲或消化功能？,胃病一直没好，影响了食欲，吃不下东西。,2
H12,饭吃得下吗？考试成绩的顾虑对你的食欲有没有影响？,胃口越来越差，有时候根本不想吃东西。,2
H12,音乐治疗能够有效缓解入睡困难。面对比赛或竞争时，胃口会否受到影响？,是的，有时候紧张得甚至连饭都吃不下。,2
H12,不用谢，我们可以继续讨论。你有没有注意到在压力大的时候有胃肠道方面，比如消化不良的问题？,我总是胃口不好，吃不下去，有时候还会反胃。,2
H12,"希望可能需要一些时间去找回。在健康方面呢，你有注意到明显的体重下降或其他问题吗？,",是的，我明显瘦了，也有胃痛。,2
H12,身体上的困扰也会影响心理状态，最近因为身体不好，你有没有注意到胃口上的变化或消化问题呢？,是经常胃口不好，也有消化不良。,2
H12,这种紧张的家庭氛围也很可能造成生理上的不适呢，比如消化不良？,是的，我经常胃疼，有时候饭都吃不进去。,2
H12,有人说过自我反思是一种进步的标志，但也不要过于自责。您有没有在思考职业时感到身体不适？比如胃口不佳？,有时会消化不良，可能是压力大造成的。,2
H12,这是个很好的目标，希望成就自我。担心考试成绩时，有没有出现胃部不适或食欲问题？,听到要出成绩时，总感觉胃里不舒服。,2
H12,听起来你经历了很多身体不适。哈尔滨行程中有没有遇到食欲下降或消化问题？,有点食欲不振，得靠吃助消化药。,2
H12,"那会觉得身体啊，会不会哪边不舒服啊？还是有时候会食欲比较，你三餐有吃吗？ ",有时候需要人提醒才会去吃。,2
H12,有时候接受支持对我们来说很重要。你有没有在身体上感到不适，比如头痛或胃部不适？,有时胃不适，要靠药物帮忙。,2
H12,这就是一个好的开始。请继续享受音乐的陪伴，或许有其它活动也能给你带来类似的宁静。谈到孤独感，你的食欲和胃口有受到影响吗？,有时候需要人提醒我吃东西。,2
H12,这听起来很痛苦，而在您经历这些事情时，您的身体健康有没有受影响，比如消化问题？,嗯，通常需要点小帮助才能顺利消化。,2
H12,睡眠不足和消化问题会让人感到更不舒服。或许您可以尝试一个更放松的晚上环境，比如喝杯温热的牛奶。,我需要有人提醒我吃东西。,2
H12,我明白你的感受。你是否常感到餐后厌恶或有消化不良的问题？,有时候得靠药物才能好受点。,2
H12,我们有的是时间。再问一个问题，你有没有其他身体上的变化，比如食欲或体重的变化？,有时候需要人提醒我吃东西。,2
H12,"对辛苦你了，啊你三餐都有吃吗？,",吃得不多，有时需要提醒。,2
H12,那肠胃会不会觉得紧张焦虑，想要一直上厕所？,有时候会，需要些帮助才能消化。,2
H12,"大概。你会觉得最近的食量变少了吗?就是好像吃一些些或是没什么特别想要吃 ,",是啊，有时需要别人提醒我吃东西。,2
H12,胃部不适可能确实与压力有关。这对您来说是一个提醒，让自己需要一些放松的时间。,是啊，我都得靠药才能正常吃饭。,2
H12,对，这些身体反应也是需要注意的哦。,嗯，我常常需要别人提醒我吃饭呢。,2
H12,最近食欲或胃肠不适有没有严重到需要别人催促你进食？,最近吃饭总是要别人催促呢。,2
H12,"面对这样复杂的职场环境, 你有没有想过自己的健康或感到身体产生不适呢？",有时候会觉得不适，需要别人提醒我吃东西。,2
H12,任何尝试都是前进的步骤。你提到你姐姐的支持，这种支持是否对你的心理状态有帮助？,姐姐的支持很重要，有时需要她提醒我吃饭。,2
H12,这听起来很不错。最近你的胃口如何呢？,吃饭得有人提醒或得靠药物。,2
H12,很高兴您能有所思考。对了，您觉得在这些情绪波动中有时候感到身体上有不适吗？比如胃口不好或消化不良？,有时候吃饭确实得靠人提醒，还得吃点药。,2
H12,可能是因为这种焦虑影响了你的食欲。我记得你提到过你因为这事一个月都没胃口，体重减轻了很多对吗？这与你的情绪有关系吗？,是啊，我总得靠别人提醒才勉强吃点。,2
H12,哦，那段时间肯定对你来说很不容易。你现在对于食物还有兴趣吗，胃口怎么样？,有时候没胃口，需要别人提醒我吃。,2
H12,"你最近三餐都有吃吗? ,",有时候需要别人提醒我才吃。,2
H12,这是一种不错的表达方式。有没有因为压力感到身体有不舒服的地方，比如胃口不好？,有时候需要吃药才能吃下东西。,2
H12,或许需要持续一段时间来观察效果。你提到的情绪是否影响到身体健康，比如胃部不适？,"有时候吃东西得靠别人提醒，不然胃会不舒服。",2
H12,这是因为缺少与上级良好的沟通渠道吗？,也许是吧，有时候确实需要别人的提醒。,2
H12,寻求帮助不是一件容易的事，但很重要。你有没有感觉到最近的饮食习惯发生了变化？比如说食欲。,嗯，最近总需要别人提醒我吃东西。,2
H12,有时候晚上确实会让事情显得更加严峻。你有没有觉得这种悲伤的情绪严重影响了胃口或者对消化有影响？,嗯，总得有人提醒我吃饭，有时还得吃助消化药。,2
H12,这种胃口的变化和感受让你觉得不舒服吗？,嗯，有时候需要别人提醒我去吃。,2
H12,有没有因为压力而感到胃口不好或者出现消化问题呢？,嗯，有时候需要吃点助消化药才能缓解。,2
H12,你的这种感受是可以理解的，但或许可以尝试设定一些能实现的小目标，慢慢积累成功感。你有难以再体重下降或者食欲不振吗？,有时候需要别人催促我吃东西。,2
H12,食欲还可以吗?,有时候需要人提醒我吃东西。,2
H12,哦！你是用食物来缓解压力和情绪的吗？是否觉得这样能给你带来一些短暂的安慰？,嗯，有时候需要别人提醒我吃东西。,2
H12,所以你最近吃饭也都吃得下吃得下？,有时候需要别人提醒我吃饭。,2
H12,这种感觉是否影响了你的日常生活或者胃口呢？,有时候需要人提醒才吃得下。,2
H12,这很正常。肠胃方面有任何不舒服吗？或者食欲有改变吗？,最近吃东西都得别人提醒，要不就得靠药了。,2
H12,这是很好的放松方式。你还提到过有些身体上的不适，如胃口不佳吗？,嗯，我有时需要吃药或别人提醒才能好好吃东西。,2
H12,重新尝试建立联系是一个不错的方向。有没有发现这样的情绪影响了其他方面，比如饮食或者睡眠呢？,最近吃东西没啥胃口，常得靠药物帮忙。,2
H12,支持你！在其他方面，比如身体健康方面，你有注意到什么变化吗？,最近吃饭都靠别人提醒，挺麻烦的。,2
H12,这种压力那是否影响到了你的身体健康，比如食欲问题？,是啊，我常得靠别人提醒我吃饭。,2
H12,除了这些，日常生活中你有没有发现其他问题，比如胃口的变化？,最近吃东西要别人提醒，还得靠药。,2
H12,那么，这样的时刻会影响到你的饮食或体重吗？,有时需要别人提醒我吃东西，或者用点助消化药。,2
H12,哦，这种无助的感觉真的很让人沮丧。是否因为担心这些事情而导致身体上的一些不适呢，比如胃部的不适？,是啊，常常需要别人提醒我吃东西。,2
H12,这个很正常，在这样的遭遇中容易感到孤单。你还有没有发现其他不适呢，比如胃口不好或者其他的身体不适？,有时需要别人提醒我吃东西。,2
H12,那就给自己一点时间，慢慢去探索也没关系。有时过程比结论更为重要。最近有没有感到胃口变差呢？,最近吃东西都得靠朋友催着，感觉不太想吃。,2
H12,最重要的还是管理自我生活质量。最近是否对进食感兴趣减退，或者有消化不良的问题？,有时候吃饭得靠别人提醒，或者得吃点助消化的药。,2
H12,你是都有吃吗?,有时候需要别人提醒才吃呢。,2
H12,哭泣和崩溃的情绪有影响到你的食欲或睡眠吗？,吃得不多，有时候需要别人提醒我吃。,2
H12,在处理这些复杂情感时，你是否发现对身体的状况更加敏感呢？比如在消化方面。,有时候需要别人提醒我吃饭，或者用点助消化药。,2
H12,有可能胃口和情绪有关，调节情绪可能会改善身体症状。,情绪确实影响胃口，但我还是需要点帮助才能好好吃。,2
H12,社交关系也是需要慢慢建立的，不必急。你是否有感觉体重下降或食欲不佳的情况发生？,有时得让人提醒我吃饭，有点麻烦。,2
H12,听起来你真的是在经历一个很艰难的时刻。这种时候情绪容易影响食欲，你是不是最近都没有胃口或者对食物没有兴趣呢？,确实，最近吃东西都需要别人提醒。,2
H12,食欲下降也是常见的表现，没有胃口可能让您感觉身体有所不适。,是啊，有时候得靠别人提醒我吃东西呢。,2
H12,这是压力的一种身体表现。 有时寻求专业帮助会是一个很好的方法。,“是啊，这两天都没什么胃口。”,2
H12,压力积累久了确实不易处理。你有没有经历过胃口不好或消化问题呢？,有时候吃不下，还需要人提醒或吃点助消化的。,2
H12,嗯嗯嗯。那胃口呢?,我吃东西得让人提醒，偶尔还得吃助消化药。,2
H12,除了兴趣之外，有没有在这种情绪低潮时注意到身体的变化，比如食欲或者消化问题？,有时需要别人提醒我吃东西，还有些消化问题。,2
H12,除此之外，您的食欲有受到影响吗？,嗯，需要别人提醒才吃，或者得用点助消化药。,2
H12,你对待自己的情感还是非常坦诚的，这很好。那么你有没有因为这些情感而发生食欲不振或者消化问题？,有时候吃东西需要人提醒，或者用点助消化药。,2
H12,在饮食方面有没有什么变化，比如食欲减退或胃肠道不适？,最近吃饭得靠别人提醒，还得吃点助消化药。,2
H12,感到恍惚会让人不安。环境或自己都不真实，有过这种感觉吗？,有时要靠人提醒才吃，感觉不太真实。,2
H12,除了这些，你会不会因为压力在饮食方面出现问题？,有时候需要别人提醒我吃东西。,2
H12,"喔阿你食欲还好吗？三餐都有吃吗？ ,,",最近食欲不太好，得靠提醒或药物才能吃。,2
H12,这很好！你提到那些冲突让你感到胃口不佳，有过消化问题吗？只是好奇而已。,“有时需要药物帮助，吃东西不太主动。”,2
H12,吃饭时的这种感觉，已经开始影响到你的食欲了吗？比如无法继续吃下去？,嗯，有时候得靠别人催着吃呢。,2
H12,听起来你可能有些消化问题的困扰。,对啊，我常用助消化药呢。,2
H12,对这些诊断结果您持有什么看法呢？认为这些与手淫有关还是心理压力呢？,"可能压力大，饮食也影响吧。",2
H12,最近你有没有为了缓解关系中的压力或情绪而出现食欲下降或消化问题？,吃饭得别人催，不然就吃不下。,2
H12,"食欲还好吗? ,",有时需要人提醒我吃东西。,2
H12,压力很大时确实容易失眠。你有没有因为考试感到胃口不佳或胃痛？,是啊，有时候吃东西得有人催着才行。,2
H12,那胃口都还好吗?,有时得靠点药，胃口不太好。,2
H12,这种持续的思考会影响到你的食欲吗？或者会出现消化不良的情况？,是啊，常常得靠药物才能好好吃饭。,2
H12,不需客气，这段时间需要多关注自己，也要注意饮食。你最近的食欲如何？是否有消化不良的情况？,最近食欲不太好，总得靠点助消化药。,2
H12,在辞职和搬过去后的一段时间内，你的食欲有改变，或感到胃部不适吗？,嗯，有时得靠别人提醒才吃。,2
H12,身体和精神健康都很重要。最近是否感到食欲不振或者有消化不良的问题？,有时候要别人提醒我吃饭，还用了助消化药。,2
H12,问你个问题，你的食欲或者身体感觉有变化吗？,嗯，有时候需要人提醒我吃东西。,2
H12,那就好。那么，在这些情况下，你有没有注意到自己的体重或食欲有什么变化？,可能吃东西得让人提醒，或者要用些药。,2
H12,那你有时候觉得自己的胃口受到影响吗？比如因为压力感到消化不良？,对啊，有时候得靠药物来帮忙。,2
H12,压力大时，您还会有其他身体不适的症状吗？比如消化系统的不适？,嗯，有时候得靠药或者别人提醒才能好好吃饭。,2
H12,这样会颠倒生物钟，对健康影响很大。你提到的身体虚弱有没有其他表现？比如胃口或消化方面？,胃口不太好，经常需要吃助消化药。,2
H12,"你三餐都还ok吗?食欲都还可以吗，会不会影响你吃饭啊? ,",吃饭常常不太行，需要别人提醒，有时候还得吃点助消化药。,2
H12,这种沟通导致身体上有变化吗，比如食欲，你有注意到什么不同？,有时需要人提醒我吃东西。,2
H12,OK，那吃东西都还吃得下？,还是要人提醒才吃得下。,2
H12,是否因为生活中的这些起伏，让你感到身体也有不适？ 比如胃口或消化问题？,有时候胃口不好，需要人提醒吃饭。,2
H12,在这些过程中，你有没有感到身体上的不适，比如胃口不佳或消化问题？,嗯，有时候需要人提醒才能吃饭，还得用点助消化药。,2
H12,失眠会影响白天的精力，找到放松的方法很重要。由于紧张情绪，您有过消化不良或胃部不适的经历吗？,"嗯，有时需要药物帮忙才能好一点。",2
H12,是挺让人不舒服的。最近有没有出现胃口不好或消化问题？,是啊，吃东西总得逼自己，还得靠药。,2
H5,那很棒，可以进一步加以巩固。你发现中途容易醒来或睡得很浅吗？,会有点，但还算能忍受。,1
H5,你的睡眠质量一直都受影响吗？,当我压力大的时候就会这样，尤其是经过那些争吵。,1
H5,这样的感受听起来不容易。在晚上想到外面去散心时，会因为难以入睡或经常在半夜醒来而感到困扰吗？,有时候会睡不着，尤其是在情绪低落的日子。,1
H5,睡眠不好会影响我们的情绪和学习。你醒来后会很难再入睡吗？,是的，常会因为心事辗转反侧。,1
H5,晚上容易醒来后难以入睡吗？,是的，常常会这样。夜里醒来后很难再次入睡。,1
H5,照顾好自己的心理状态也是一种责任。睡眠质量方面，您有没有发现自己在入睡、浅睡或者是早醒这些方面有困难呢？,经常入睡困难，隔天精神状态都不好。,1
H5,嗯，这可能让您白天的精力和情绪受到影响。有没有发现这影响到白天的状态？,是的，白天注意力很难集中，精神也不太好。,1
H5,把握主动权是很好的心态。那你现在晚上睡得好吗？有没有因为这些事情难以入睡或者容易醒来？,的确，晚上有时会想些事情，导致难以入睡。,1
H5,总是醒来，你是不是觉得睡得很浅或者断断续续？,是的，感到很无助。,1
H5,您晚上入睡是否也受到这些情绪的影响？会有入睡困难或早醒的情况吗？,嗯，有时候会难以入睡，尤其是在跟相亲对象见面后。,1
H5,明白。你提到对声音也很敏感，对你的睡眠和精神状态有什么影响吗？,确实很影响，我早上起来总是很疲惫。,1
H5,焦虑可能让你感到不安，你有过因为这些顾虑导致睡眠质量下降的情况吗？,是的，尤其在思考关于恋爱的时候。,1
H5,这样的情况很常见。晚上睡觉有没有出现什么问题，比如说入睡困难或者容易醒来呢？,对，我经常需要好久才能入睡，即使是睡着了，也容易醒。,1
H5,"是因为入睡困难还是睡觉浅容易中断呢？,",主要是睡眠浅，总觉得心事重重，睡不踏实。,1
H5,他在白天的睡眠质量怎么样，有没有因为浅眠而常常醒来呢？,他说自己在白天睡得很好，但我总觉得他晚上不怎么睡，有时候凌晨还在打游戏，但也可能是他习惯了这样的生活规律。,1
H5,您说得很有慈爱之心！你是否为此觉得责任很重大？,有时候是的，压力让我晚上不能好好睡觉。,1
H5,在处理这些挑战时，夜间睡眠怎么样？有没有入睡困难或中断的情况？,入睡不容易，总想着这些事。,1
H5,你是否觉得自己的饮食和睡眠规律与常人不同，这样的生活习惯会对自己有干扰吗？,说实话，我的生活习惯确实不是很规律，但影响不太大。,1
H5,自信心的建立需要时间，你可以通过日常的社交和沟通慢慢增强。平时会感觉面对这些情况时需要更多休息吗？,对，有时候事情多了会觉得很疲惫，好像总是不够休息。,1
H5,家里的矛盾也困扰着你，比如你妈妈对你的训斥。这让你醒来后状态很差吗？,是的，睡得不沉，早上起来也很累。,1
H5,您最近的失眠是否表现为难以入睡、浅睡或早醒？,我经常晚上翻来覆去，无法入睡。,1
H5,伴侣打游戏直至深夜影响睡眠质量期间，你是否有过任何因无法入睡或中途被吵醒的经历？,当然有。每个不眠之夜，我都在想着这场婚姻的意义。,1
H5,感觉你承受了很大压力。你有时候会晚上因为与丈夫的冲突而醒来或浅眠吗？,是的，我常常晚上睡不好。,1
H5,除了入睡困难之外，你会不会在夜里经常醒来，感觉到浅睡眠呢？,几乎是每晚都会醒来好几次，早上总是很累。,1
H5,睡眠的质量是否有变差的趋势呢？,是的，常常浅睡，无法进入深层睡眠。,1
H5,是个不错的目标。提到作息，你的睡眠是不是经常不规律呢？,是的，有时候很难入睡，醒得也很早。,1
H5,进入这种自我领悟的阶段已经很有意义。午睡时心悸有没有影响到你的夜间睡眠呢？,倒不太影响晚上，但午睡的时候会不安。,1
H5,焦虑和不安会让人感到很累。你晚上睡眠如何？有没有失眠的症状可能会影响休息质量呢？,有时候会难以入睡，脑子常常想很多事情。,1
H5,你有没有经历过睡眠质量差，比如难以入睡或者睡眠浅？,我最近确实不好入睡，经常失眠。,1
H5,入睡困难确实很不容易，应对这些念头并不简单。你在睡觉时会不会经常醒来或感到睡得不深呢？,是的，我总觉得自己的睡眠很轻，一有动静就容易醒过来。,1
H5,不客气。你的睡眠质量最近怎么样？有没有浅眠或频繁惊醒的情况？,睡眠有时不好，会有惊醒的情况。,1
H5,入睡困难的确很痛苦，那您在夜晚容易浅眠或者容易惊醒吗？,是的，夜里总是翻来覆去，脑子停不下来。,1
H5,哦，那你有没有因为争吵而导致失眠或者在中途容易醒来的情况？,确有这种情况，真是让人头疼。,1
H5,睡眠不好的话确实挺难受的，你是否有入睡困难或者浅睡的问题呢？,是的，我有入睡困难，还怕晚点睡又要做梦。,1
H5,您有没有规律的睡眠时间？有时调整睡觉时间表可以帮助改善这种情况。,这也是我需要努力的一个方面。,1
H5,您是否经常中途醒来或感觉睡眠浅而不深？,呃，是的，我的睡眠质量一直不好，每晚都觉得很浅。,1
H5,不容易啊，面临这样的压力。你在晚上睡觉时有没有遇到入睡困难或者经常醒来的问题？,有。会想着很多事情，根本无法入睡。,1
H5,那么可以考虑一些支持性团体或咨询，可能提供一些不同的视角。对你的睡眠有没有影响呢？,我几乎没法入睡，整晚都醒着。,1
H5,嗜睡也是一种常见的应对方式。您感觉晚上睡觉怎么样？是否白天还是感到困倦？,嗯，我晚上睡得也不太好，白天也总感觉疲倦。即便如此也难以专注。,1
H5,可能需要尝试不同的方法探索出对你有效的方案。 有没有什么事情可以在睡前帮助放松呢？,有时我会阅读，感觉会舒服一点。,1
H5,任何新的开始都需要点时间！您睡眠好吗，或者睡眠质量受到影响了吗？,经常失眠，晚上怎么翻身都睡不着。,1
H5,这在情感关系中是常见的挑战。你有没有因为这种情感复杂性而导致晚上难以入睡呢？,很多时候我都难以入睡，晚上总是胡思乱想。,1
H5,与之前相比，你的睡眠质量有没有变得较差，如容易醒来或者睡眠浅？,其实是的，稍微有动静就会醒。,1
H5,考试前确实是挑战期，多关注过程，不要太担心结果。那你有没有觉得容易被惊醒或者浅眠呢？,是会，偶尔醒来后再睡不着。,1
H5,噩梦是否影响到了你的情绪和日常生活？,有时候，醒来后依然觉得难以摆脱。,1
H5,这些感受是理解的。谈到独处时，你的睡眠受到影响了吗，比如入睡变得困难或者容易醒来？,有时候很难入睡，即使睡着了也感觉好像没怎么休息。,1
H5,这些是否也影响到了你和婆婆的休息状况？,是的，我确实有受到影响。,1
H5,失眠是不是也影响了你的状态？这种情况持续多久了呢？,我的睡眠一直时好时坏，晚上经常很难入睡。,1
H5,您提到睡不好，那具体是入睡困难，睡眠浅，还是容易醒呢？,我常常是入睡困难，而且就算睡着了也很浅。,1
H5,生活的积极态度很重要！最近您的睡眠是不是感觉浅睡或者容易醒来？,确实是，睡得特别浅，经常因为一点声响就醒了。,1
H5,作息的紊乱是否是因为失眠或其他原因？,可能有点失眠，反正结果就是越来越乱。,1
H5,很好，那您有没有发现自己容易醒来或者感觉睡得很浅？,是的，动不动就会醒，然后一晚上都不能完全放松。,1
H5,你的睡眠质量怎么样？是否容易醒来？,经常就是浅浅的睡眠，稍微有点动静就醒了。,1
H5,您提到可以午休，那夜间是否容易醒来？,是啊，半夜经常醒来，还会做噩梦。,1
H5,没有什么起伏?,最近睡得不太好，总是做噩梦。,1
H5,睡不着确实让人心力交瘁。偶尔会不会觉得整个人醒得特别早，或者睡眠很浅？,是啊，总是做梦，睡得很浅。,1
H5,分手后的这段时间，有没有发现自己的睡眠有变化，比如难以入睡或者浅睡呢？,嗯，最近总是睡不踏实，还老做噩梦。,1
H5,这听起来很辛苦。梦里的事情会影响您半夜容易醒吗？,嗯，梦挺多的，经常半夜醒。,1
H5,那睡到一半会不会好像很容易多梦或者是就突然醒来?,会啊，老是睡不踏实，总做噩梦。,1
H5,那睡着后会不会经常在夜间醒来或者浅睡眠？,对啊，经常醒，梦也特别多。,1
H5,睡眠对身心健康很重要。你发现自己难以入睡还是睡眠不深呢？,嗯，我睡眠挺浅的，总做恶梦。,1
H5,这些念头确实让人难以入睡。你白天感到疲倦，这种疲倦是否因为浅睡或夜间频繁醒来有关系吗？,可能是哦，我经常做梦，睡不踏实。,1
H5,夜里睡眠质量怎么样？,最近老是睡不好，梦也多。,1
H5,你睡眠上的问题是否加重了你的焦虑和情绪问题呢？,是的，浅睡和恶梦让我更焦虑。,1
H5,您是否因此有过失眠或夜间醒来的情况？,是啊，总是做恶梦，睡得很浅。,1
H5,很好，有兴趣和爱好是加倍生活乐趣的自然方式。晚上在睡觉过程中，是否有睡眠不安或总是被打断的感觉？,是啊，睡得挺浅，总做些乱七八糟的梦。,1
H5,这种状态也让人难以放松。您常常夜里醒来或浅睡吗？,是啊，晚上老是做梦，睡不踏实。,1
H5,"遇到这样的困境，感觉无助是正常的。压力大的时候，你的睡眠状况还好吗？例如，是否有入睡困难或者容易醒来？, ,",睡眠浅，经常做恶梦，真挺折腾的。,1
H5,是不是很难入睡，有没有发觉自己半夜容易醒？,是啊，睡得不踏实，总做噩梦。,1
H5,你晚上是否因争吵而难以入睡，或者容易醒来？,是啊，常常睡不安稳，总做噩梦。,1
H5,"OK，那你睡觉睡得还好吗？ ,,",最近睡眠很浅，还老做噩梦。,1
H5,"上次说好像改成口服药之后，好像就有明显的不一样，对不对？ ,,",是啊，改药后睡觉更轻了，还老做梦。,1
H5,那种感受很真实，可能这是很多人都会面对的问题。你觉得这是否和某些健康问题有关，比如失眠或其他？,可能吧，我总是睡不好，老做梦。,1
H5,最近晚上也是比较会一直爬起来吗?,是啊，老是做噩梦，睡不踏实。,1
H5,好像没什么睡对不对?,是啊，老做梦，睡不踏实。,1
H5,睡眠质量受到影响会让白天的情绪调节更加困难。除了难以入睡，有没有在半夜醒来的情况呢？,是啊，半夜常醒，还总做恶梦。,1
H5,"最近睡得还好吗?身体怎么样？",最近睡眠浅，常做恶梦，身体还凑合。,1
H5,晚上是我们最容易感到焦虑的时刻。关于您的睡眠状况，您是否经常在晚上难以入睡或在夜间容易醒来？,是的，晚上常做恶梦，睡得很浅。,1
H5,这段时间的焦虑给你的睡眠带来了哪些具体的困扰呢？晚上入睡困难还是容易醒来呢？,晚上睡眠浅，总做恶梦。,1
H5,你昨天几点起床啊?就都没睡了?,"嗯，昨晚睡得不太好，总是做梦。",1
H5,您睡眠如何？是否经常在半夜醒来难以再次入睡？,睡得浅，常做噩梦，半夜醒来挺难受的。,1
H5,是这样的情绪会让人感到很困扰。在你的日常生活中，这种情绪带来什么身体上的影响吗，比如说失眠或其他身体不适？,是的，我总是睡眠浅，还经常做恶梦。,1
H5,"最近睡觉还好吗? ,,",最近睡得不太好，总是做噩梦。,1
H5,难以入睡是人在焦虑时常见的表现。你的睡眠质量如何，是否经常浅眠或醒来？,是啊，我睡得很浅，经常做恶梦。,1
H5,那是不好受的。是否曾因为担心过多而导致睡眠问题，比如难入眠或醒来？,"是啊，老做噩梦，睡得特别浅。",1
H5,喔~那你中间有中断吗，就是会突然爬起来吗?,嗯，经常会突然醒来，总做恶梦。,1
H5,"那睡眠状况怎么样呢?",最近睡得不太好，总做梦。,1
H5,最近有没有特别容易入眠困难或醒得很早？,“睡眠浅，总是做恶梦。”,1
H5,最近有没有特别容易入眠困难或醒得很早？,是的，我很难入睡。,0
H5,你有没有注意到自己的睡眠模式发生了变化，比如很难入睡或睡眠不深？,对，我经常入睡困难。,0
H5,睡眠对身心健康很重要。你发现自己难以入睡还是睡眠不深呢？,是入睡时很难平静下来。,0
H5,了解了。胃部不适可能也跟情绪有关系。那你和父母间的紧张关系，是否也影响了你的睡眠？,"睡眠还好，主要是胃不舒服。",0
H5,那是不好受的。是否曾因为担心过多而导致睡眠问题，比如难入眠或醒来？,没有，我睡眠还算正常。,0
H5,睡眠不好会影响我们的情绪和学习。你醒来后会很难再入睡吗？,不会，我一般能很快再入睡。,0
H5,是不是很难入睡，有没有发觉自己半夜容易醒？,没有，我睡得挺好的。,0
H5,所以，那段时间，你的睡眠状况怎么样？有没有感到入睡困难或者容易醒来呢？,睡得挺好的，没啥问题！,0
H5,那么在晚上睡觉时，有没有遇到什么问题呢？,睡得还挺好的，没啥问题。,0
H5,把握主动权是很好的心态。那你现在晚上睡得好吗？有没有因为这些事情难以入睡或者容易醒来？,睡得挺好的，没有啥问题。,0
H5,中间又比较多梦，好像,哦，我好像没这种情况。,0
H5,你有没有经历过睡眠质量差，比如难以入睡或者睡眠浅？,还好，我睡眠质量一直不错。,0
H5,你睡眠上的问题是否加重了你的焦虑和情绪问题呢？,没啥影响，我睡得还行。,0
H5,中期失眠是个问题，是否让你白天感到无精打采？,没有呢，我白天还挺有精神的。,0
H5,生活的积极态度很重要！最近您的睡眠是不是感觉浅睡或者容易醒来？,最近睡得还挺好的，谢谢关心！,0
H5,最近夜间有没有容易醒来或睡眠变浅的情况？,没有，最近睡得还不错，夜里基本不会醒。,0
H5,那很棒，可以进一步加以巩固。你发现中途容易醒来或睡得很浅吗？,没有这种情况，睡得还不错。,0
H5,不容易啊，面临这样的压力。你在晚上睡觉时有没有遇到入睡困难或者经常醒来的问题？,还好，睡觉一直挺顺的。,0
H5,那么，她晚上睡得好吗？会不会因为小事而辗转反侧？,哦，她晚上睡得挺好，不会因为小事失眠。,0
H5,您晚上入睡是否也受到这些情绪的影响？会有入睡困难或早醒的情况吗？,不会，我睡得挺好的。,0
H5,九点、九点半。中间会一直起来吗?,不会，一觉睡到天亮。,0
H5,不见得要看状况，我不太知道耶，这个那个东西。只是说，如果说我是想说你这样子会不会影响你的睡眠，因为你半夜都会，你说两三点还起来上厕所，阿你会中断你的睡眠这样,我睡眠还好，没啥影响。谢谢关心！,0
H5,任何新的开始都需要点时间！您睡眠好吗，或者睡眠质量受到影响了吗？,睡眠还行，没啥问题。,0
H5,照顾好自己的心理状态也是一种责任。睡眠质量方面，您有没有发现自己在入睡、浅睡或者是早醒这些方面有困难呢？,我睡眠还挺正常的，没有什么问题。,0
H5,这段时间的焦虑给你的睡眠带来了哪些具体的困扰呢？晚上入睡困难还是容易醒来呢？,睡得还行，没有太大影响。,0
H5,这些是否也影响到了你和婆婆的休息状况？,没有影响到。,0
H5,紧张的状态也可能影响到其他方面呢，那你的睡眠情况怎么样？会有中断或者提前醒来的情况吗？,睡眠还挺好的，没有啥问题。,0
H5,很好，有兴趣和爱好是加倍生活乐趣的自然方式。晚上在睡觉过程中，是否有睡眠不安或总是被打断的感觉？,"还好，晚上睡得挺香的。",0
H5,最近晚上睡觉会不会常常醒来或做噩梦？,没有，我现在感觉挺平和，晚上也睡得安稳。,0
H5,你是否觉得自己的饮食和睡眠规律与常人不同，这样的生活习惯会对自己有干扰吗？,没啥特别，感觉挺正常的。,0
H5,自信心的建立需要时间，你可以通过日常的社交和沟通慢慢增强。平时会感觉面对这些情况时需要更多休息吗？,嗯，我还好，休息够用。谢谢关心！,0
H5,很好，那您有没有发现自己容易醒来或者感觉睡得很浅？,没有，我睡得挺好的。,0
H5,这些睡眠问题持续多久了？,我其实没有睡眠问题。,0
H5,保持这些秘密一定很让人感到压力。你有没有注意到自己的睡眠模式有什么特别的变化呢？,没有特别变化，一直都差不多。,0
H5,是睡眠不太踏实吗？你是入睡困难还是睡得浅呢？,睡得还好，没有啥问题。,0
H5,那种感受很真实，可能这是很多人都会面对的问题。你觉得这是否和某些健康问题有关，比如失眠或其他？,我没这症状，可能是别的原因。,0
H5,总是醒来，你是不是觉得睡得很浅或者断断续续？,其实我睡得还挺好的。,0
H5,失眠确实会对情绪和日常生活产生很大影响。你的失眠有什么具体表现，比如入睡困难或夜间易醒吗？,其实我睡眠挺好的，没有失眠。,0
H5,梦的质量确实可以很大程度上影响身体的休息，你有时会因浅眠而在感到没有充分休息时就醒来吗？,睡得还可以，基本不受影响。,0
H5,晚上睡眠质量差的时候，是否会出现浅睡或中途醒来的情况？,不会哦，我睡得挺好的。,0
H5,这种状态也让人难以放松。您常常夜里醒来或浅睡吗？,不太会睡不着，还是睡得挺好的。,0
H5,在晚上睡觉时有没有轻轻一醒或醒来后再也无法入眠的情况呢？,没有，这方面我还挺好的。,0
H5,喔8点睡到5点，中间会不会断断续续的一直爬起来？,不会，我睡得还挺好的。,0
H5,您提到睡不好，那具体是入睡困难，睡眠浅，还是容易醒呢？,其实睡眠还挺好的，没有啥问题。,0
H5,最近晚上也是比较会一直爬起来吗?,还好啦，晚上睡得还挺好的。,0
H5,除了入睡困难之外，你会不会在夜里经常醒来，感觉到浅睡眠呢？,没有，我睡得挺沉的。,0
H5,有时这些问题也可能与我们日常的压力反应有关。晚上醒来后会很难再入睡吗？,不会，我睡得挺好的。,0
H5,你的睡眠质量一直都受影响吗？,睡眠还不错，没有太大问题。,0
H5,除了入睡困难，你有没有在夜间醒来后很难再次入睡？,没有，我倒是挺容易再睡着的。,0
H5,进入这种自我领悟的阶段已经很有意义。午睡时心悸有没有影响到你的夜间睡眠呢？,没有影响，我晚上睡得挺好的。,0
H5,他在白天的睡眠质量怎么样，有没有因为浅眠而常常醒来呢？,他白天睡得还挺好的，没有常醒。,0
H5,"有没有影响到你睡觉? ,,",睡觉还挺正常的。,0
H5,在处理这些挑战时，夜间睡眠怎么样？有没有入睡困难或中断的情况？,睡得挺好的，没有啥问题。,0
H5,噩梦是否影响到了你的情绪和日常生活？,没有，噩梦没啥影响。,0
H5,哦，那你有没有因为争吵而导致失眠或者在中途容易醒来的情况？,没有，我没有失眠的问题。,0
H5,睡不着确实让人心力交瘁。偶尔会不会觉得整个人醒得特别早，或者睡眠很浅？,我倒是没有这种情况。,0
H5,您说得很有慈爱之心！你是否为此觉得责任很重大？,不太觉得责任有多重，只是想帮忙。,0
H5,你是否会在半夜醒来，难以再次入睡呢？,不会哦，我通常一觉睡到天亮。,0
H5,您是否因此有过失眠或夜间醒来的情况？,没有哦，睡得还挺好的。,0
H5,睡觉常常不深或容易醒来吗？,没有啊，我睡得还挺好的。,0
H5,感觉你承受了很大压力。你有时候会晚上因为与丈夫的冲突而醒来或浅眠吗？,没有，我睡得还行。,0
H5,太好了。谈谈您的睡眠情况吧，您曾提到几乎每天做噩梦，它们是否影响了您的睡眠质量？,其实，最近没怎么做噩梦，睡得还不错。,0
H5,鼓励写下来可能会有所帮助，夜间困扰多也容易导致在夜里醒来无法再入睡吗？,谢谢建议，不过这个问题我没有遇到过。,0
H5,那你发现入睡后有半夜醒来无法再次睡着的情况吗？,没有，我睡得挺好的。,0
H5,睡眠不好的话确实挺难受的，你是否有入睡困难或者浅睡的问题呢？,"还好，睡眠没啥大问题。",0
H5,是个不错的目标。提到作息，你的睡眠是不是经常不规律呢？,我睡眠还挺规律的。,0
H5,嗜睡也是一种常见的应对方式。您感觉晚上睡觉怎么样？是否白天还是感到困倦？,晚上睡得还不错，白天精神挺好的。,0
H5,不容易啊，那你是否经常在夜间醒来或者感觉睡眠不深？,没有，这个倒是没有影响到我。,0
H5,那睡着后会不会经常在夜间醒来或者浅睡眠？,不会，我睡得还挺踏实的。,0
H5,睡眠质量不好确实会加重情绪波动，那你是很难入睡还是容易醒来呢？，，,我睡得还挺好的，没啥问题。,0
H5,入睡困难确实很不容易，应对这些念头并不简单。你在睡觉时会不会经常醒来或感到睡得不深呢？,不会，我睡得还挺好的。,0
H5,喔~所以睡得比较片段、集中。可是好像跟你以往来讲有比较长一点?,嗯，最近睡得还不错呢。,0
H5,你晚上是否因争吵而难以入睡，或者容易醒来？,没有，我睡得还挺好的。,0
H5,所以你要睡之前要躺很久有一部份也是因为背不太舒服吗?,"其实背没什么问题，就是脑子停不下来。",0
H5,晚上容易醒来后难以入睡吗？,没有这个问题，晚上睡得挺好的。,0
H5,与之前相比，你的睡眠质量有没有变得较差，如容易醒来或者睡眠浅？,没有，睡得还挺好的。,0
H5,您睡眠如何？是否经常在半夜醒来难以再次入睡？,睡得还不错，没啥问题。,0
H5,"遇到这样的困境，感觉无助是正常的。压力大的时候，你的睡眠状况还好吗？例如，是否有入睡困难或者容易醒来？, ,",我发现自己最近总是晚上睡不着。,2
H5,睡觉常常不深或容易醒来吗？,经常是这样，我在夜里老是醒来。,2
H5,在晚上睡觉时有没有轻轻一醒或醒来后再也无法入眠的情况呢？,有的，常常中途醒了就再也睡不着。,2
H5,你有时会在半夜醒来，思考这些友情问题吗？,是的，有时候会突然醒来，脑子立刻开始转这些事情。,2
H5,你晚上是否因争吵而难以入睡，或者容易醒来？,吵架后我经常失眠或者醒来。,2
H5,您的晚上多梦和早醒，是否意味着有入睡困难或者浅睡现象？,是的，我很晚入睡，而且总是半夜醒来。,2
H5,鼓励写下来可能会有所帮助，夜间困扰多也容易导致在夜里醒来无法再入睡吗？,是的，常常半夜醒来后再睡很难。,2
H5,这种状态也让人难以放松。您常常夜里醒来或浅睡吗？,是的，有时半夜就醒了，然后很难再睡着。,2
H5,有时这些问题也可能与我们日常的压力反应有关。晚上醒来后会很难再入睡吗？,是的，有时候晚上醒来，再也睡不着。,2
H5,是睡眠不太踏实吗？你是入睡困难还是睡得浅呢？,是的，入睡困难，有时候甚至早晨很早就醒了。,2
H5,睡眠质量不好确实会加重情绪波动，那你是很难入睡还是容易醒来呢？，，,我常常是很难入睡，有时候还会早醒。,2
H5,中期失眠是个问题，是否让你白天感到无精打采？,是的，因晚上休息不好。,2
H5,您在夜间是否经常醒来，导致睡眠变得浅或中断？,是的，我经常有这种情况。,2
H5,紧张的状态也可能影响到其他方面呢，那你的睡眠情况怎么样？会有中断或者提前醒来的情况吗？,最近好像真的是这样，睡眠常常会中断，半夜醒来后就很难再入睡。,2
H5,晚上是我们最容易感到焦虑的时刻。关于您的睡眠状况，您是否经常在晚上难以入睡或在夜间容易醒来？,经常很晚才入睡，即使如此，也容易半夜醒来。,2
H5,不容易啊，那你是否经常在夜间醒来或者感觉睡眠不深？,对，就是这样，半夜常常醒来，然后无法继续入睡。,2
H5,你睡眠上的问题是否加重了你的焦虑和情绪问题呢？,睡眠没以前好，经常醒来就难以再次入睡。,2
H5,这段时间的焦虑给你的睡眠带来了哪些具体的困扰呢？晚上入睡困难还是容易醒来呢？,入睡的时候需要好久才能睡着，而且即使睡着了，也总是半夜醒来。,2
H5,睡眠质量受到影响会让白天的情绪调节更加困难。除了难以入睡，有没有在半夜醒来的情况呢？,偶尔也会，突然醒了就很难再睡着。,2
H5,是这样的情绪会让人感到很困扰。在你的日常生活中，这种情绪带来什么身体上的影响吗，比如说失眠或其他身体不适？,最近的确晚上总是醒来，睡得很不踏实，有时头痛。,2
H5,这些睡眠问题持续多久了？,已经好几个月了，情况并没有好转。,2
H5,您睡眠如何？是否经常在半夜醒来难以再次入睡？,是的，经常这样。,2
H5,那是不好受的。是否曾因为担心过多而导致睡眠问题，比如难入眠或醒来？,是的，经常会半夜醒来，心里想着很多事。,2
H5,难以入睡是人在焦虑时常见的表现。你的睡眠质量如何，是否经常浅眠或醒来？,睡得很浅，经常半夜就醒来。,2
H5,除了入睡困难，你有没有在夜间醒来后很难再次入睡？,有时会半夜醒来，然后想好多事情。,2
H5,您是否因此有过失眠或夜间醒来的情况？,有，经常睡不好。,2
H5,那你发现入睡后有半夜醒来无法再次睡着的情况吗？,是的，每晚如此。,2
H5,你是否会在半夜醒来，难以再次入睡呢？,是啊，总是会醒来，想多了就很难重新入睡。,2
H5,失眠的问题已经持续多久了呢？,大约一周了。,2
H5,睡不着确实让人心力交瘁。偶尔会不会觉得整个人醒得特别早，或者睡眠很浅？,是啊，经常半夜醒来，之后就再也睡不着。,2
H5,白天的时候有没有出现浅睡或者夜里频繁醒来的情况呢？,会的，总是容易醒来，而且醒了就再也睡不着了。,2
H5,睡眠方面，一直以来有没有遇到过入睡困难或频繁醒来的问题？,偶尔会有入睡困难，但整体还算能入睡。,2
H5,您提到可以午休，那夜间是否容易醒来？,是啊，经常半夜醒过来之后就很难再入睡。,2
H5,你经常在夜间醒来吗，或者感觉睡得比较浅？,是的，经常半夜醒来，很难再入睡。,2
H5,可见友情的裂缝让人心痛，你平时的睡眠如何？因这些心情影响吗？,最近常失眠，翻来覆去睡不着。,2
H5,晚上睡眠质量差的时候，是否会出现浅睡或中途醒来的情况？,对，中途醒来是常有的事。,2
H5,是的，在高压力和人际矛盾中，保持冷静确实不容易。你提到夜间会感到难以入睡，通常是什么时候你最难以恢复平静呢？,通常是在半夜醒来的时候，思绪会不停地转，难以重新入睡。,2
H5,那种感受很真实，可能这是很多人都会面对的问题。你觉得这是否和某些健康问题有关，比如失眠或其他？,失眠是有的，我的睡眠一直不太好。,2
H5,那么在晚上睡觉时，有没有遇到什么问题呢？,经常失眠，有时候很晚才能睡着，或者会半夜醒来。,2
H5,很好，有兴趣和爱好是加倍生活乐趣的自然方式。晚上在睡觉过程中，是否有睡眠不安或总是被打断的感觉？,对，尤其是在有事干扰的时候。,2
H5,这可能是焦虑的表现。在夜晚醒来的时候会有无法再次入睡的情况吗？,对，经常发生这样的情况，特别是想到压抑的事情时。,2
H5,分手后的这段时间，有没有发现自己的睡眠有变化，比如难以入睡或者浅睡呢？,是有睡得不好，常常半夜醒来，心里不踏实。,2
H5,失眠确实会对情绪和日常生活产生很大影响。你的失眠有什么具体表现，比如入睡困难或夜间易醒吗？,我入睡很困难，经常是在床上翻来覆去，夜里还会醒很多次。,2
H5,这种情绪是正常的反应。如此密集和连续的工作安排是否影响到你的睡眠质量？,睡得确实不怎么好，常常失眠。,2
H5,保持这些秘密一定很让人感到压力。你有没有注意到自己的睡眠模式有什么特别的变化呢？,是啊，我总是难以入睡，晚上躺在床上翻来覆去的。,2
H5,那么，她晚上睡得好吗？会不会因为小事而辗转反侧？,最近她老是说自己睡不好，经常醒。,2
H5,坚持的确是个挑战。或许可以和朋友们一起做一些轻松的活动，增加动力。你睡眠方面怎么样？在晚上是否经常难以入睡呢？,没错，我很容易醒，而且很难入睡。,2
H5,勇敢迈出这一步可能很有帮助。与父母的互动会让你感到厌烦吗？,经常感到厌烦，而且我真的觉得很生气。,2
H5,那么，您在这样的压力下，睡眠情况怎么样？有没有像以前那样充足？,睡眠确实有些变少，常常半夜醒来就很难再入睡。,2
H5,所以，那段时间，你的睡眠状况怎么样？有没有感到入睡困难或者容易醒来呢？,几乎每天晚上都睡得很晚，半夜还总是醒来，有时候甚至没法继续入睡。,2
H5,那睡着后会不会经常在夜间醒来或者浅睡眠？,经常醒，睡得很浅，再也睡不踏实。,2
H5,那你有没有在凌晨醒来，或者觉得睡得很浅？,经常都会这样。,2
H5,这些念头确实让人难以入睡。你白天感到疲倦，这种疲倦是否因为浅睡或夜间频繁醒来有关系吗？,嗯，有时候觉得晚上好像一直半睡半醒的。,2
H5,了解了。胃部不适可能也跟情绪有关系。那你和父母间的紧张关系，是否也影响了你的睡眠？,是的，我总是半夜醒来，回想和他们吵架的事情。,2
H5,这听起来很辛苦。梦里的事情会影响您半夜容易醒吗？,经常会半夜醒来，然后再也睡不着，这真让我焦虑。,2
H5,梦的质量确实可以很大程度上影响身体的休息，你有时会因浅眠而在感到没有充分休息时就醒来吗？,是的，每天醒来的时候仍觉得很累。,2
H5,太好了。谈谈您的睡眠情况吧，您曾提到几乎每天做噩梦，它们是否影响了您的睡眠质量？,是的，它让我常在半夜醒来，影响休息。,2
H5,不好的睡眠会影响情绪状态，你能具体说说晚上都经历了什么吗？,我常常容易醒来，一旦醒了就很难再睡着。,2
H5,是不是很难入睡，有没有发觉自己半夜容易醒？,是的，我经常半夜醒来，而且总觉得无法再入睡。,2
H5,晚上容易醒来后难以入睡吗？,是啊，半夜醒来后就挺难再睡着。,2
H5,最近有没有半夜醒来后很难再睡着的情况？,昨晚醒了，感觉怪怪的。你呢？,2
H5,您晚上入睡是否也受到这些情绪的影响？会有入睡困难或早醒的情况吗？,是啊，我半夜常常醒来，然后很难再睡着。,2
H5,睡眠对身心健康很重要。你发现自己难以入睡还是睡眠不深呢？,有时半夜醒来，不知道为啥。,2
H5,"上次说好像改成口服药之后，好像就有明显的不一样，对不对？ ,,",是啊，最近晚上老醒来，怪烦人的。,2
H5,焦虑可能让你感到不安，你有过因为这些顾虑导致睡眠质量下降的情况吗？,是啊，半夜常常醒来，真烦人。,2
H5,喔~都要躺一个小时。那你中间会不会睡著了又突然爬起来?,哈哈，有时候会呢，真奇怪！,2
H5,进入这种自我领悟的阶段已经很有意义。午睡时心悸有没有影响到你的夜间睡眠呢？,"有时候会醒来，但不太影响。",2
H5,那睡到一半会不会好像很容易多梦或者是就突然醒来?,是啊，常常半夜醒来，睡不安稳。,2
H5,要喔，阿你最近睡一睡会不会一直起来频尿，还是说不舒服起来、爬起来？,对啊，半夜醒来蛮常见的。,2
H5,你有没有注意到自己的睡眠模式发生了变化，比如很难入睡或睡眠不深？,是啊，我经常半夜醒来，不知道为什么。,2
H5,很好，那您有没有发现自己容易醒来或者感觉睡得很浅？,是啊，我经常半夜醒来。,2
H5,把握主动权是很好的心态。那你现在晚上睡得好吗？有没有因为这些事情难以入睡或者容易醒来？,晚上有时会醒，挺烦人的。,2
H5,失眠是不是也影响了你的状态？这种情况持续多久了呢？,嗯，是啊，已经持续一段时间了。,2
H5,您最近的失眠是否表现为难以入睡、浅睡或早醒？,我常常半夜醒来，特别在十二点前。,2
H5,差不多!?你之前不是很常被吵起来?,对啊，有时候会被吵醒。,2
H5,喔你觉得睡眠有没有比较好一些,"昨晚半夜醒了几次，还是不太好。",2
H5,自信心的建立需要时间，你可以通过日常的社交和沟通慢慢增强。平时会感觉面对这些情况时需要更多休息吗？,是啊，经常半夜醒来，感觉休息不够。,2
H5,"好啊,我觉得还不错,那睡觉的话也不会觉得浅眠啊，或者是早上很早就醒了？ ,",嗯，半夜有时会醒来呢。,2
H5,"是因为入睡困难还是睡觉浅容易中断呢？,",入睡后常半夜醒来，不是因为上厕所。,2
H5,伴侣打游戏直至深夜影响睡眠质量期间，你是否有过任何因无法入睡或中途被吵醒的经历？,"是啊，他打游戏我经常被吵醒。",2
H5,中间又比较多梦，好像,嗯，我也有时会半夜醒来。,2
H5,没有什么起伏?,嗯，最近晚上很容易醒来，有点烦。,2
H5,"OK，不会。那睡觉睡得怎么样？ ,,",半夜老醒，感觉睡不踏实。,2
H5,感觉你承受了很大压力。你有时候会晚上因为与丈夫的冲突而醒来或浅眠吗？,是啊，有时候会半夜醒来。,2
H5,你昨天几点起床啊?就都没睡了?,我半夜醒了好几次，睡得不太好。,2
H5,你的睡眠质量一直都受影响吗？,是啊，常常半夜就醒来。,2
H5,任何新的开始都需要点时间！您睡眠好吗，或者睡眠质量受到影响了吗？,是啊，半夜总是会醒几次，烦人！,2
H5,所以你上次说咳嗽会影响的这个状况就还好了，可以一觉到天亮吗?还是中间会有点小咳?,嗯，半夜有时候还会醒来咳一咳。,2
H5,"有没有影响到你睡觉? ,,",是啊，半夜经常醒来。,2
H5,喔~那你中间有中断吗，就是会突然爬起来吗?,有时会半夜醒来，但不常。,2
H5,这么早喔?中间会不会爬起床啊?,有时候会醒来，睡不太踏实。,2
H5,这样的感受听起来不容易。在晚上想到外面去散心时，会因为难以入睡或经常在半夜醒来而感到困扰吗？,是啊，有时候夜里会醒来。,2
H5,喔~所以睡得比较片段、集中。可是好像跟你以往来讲有比较长一点?,是啊，半夜常醒，不过有时还能多睡点。,2
H5,总是醒来，你是不是觉得睡得很浅或者断断续续？,对啊，经常半夜就醒了。,2
H5,"那睡眠状况怎么样呢? ,,",有时候半夜醒来，挺烦人的。,2
H5,所以你要睡之前要躺很久有一部份也是因为背不太舒服吗?,嗯，有时候会半夜醒来。,2
H20,听起来就像真的很耗费你的情感能量呢。你认为这种状态是因为对男友失去信任吗？,是的，我感觉自己不知道该不该再相信他，或者其他的人。,1
H20,这是正常的，每个人的感情问题都不同。你会不会担心别人怎样看待这件事情？,会担心，特别在学校大家都注意到我们的变化。,1
H20,嗯，在处理婆媳关系时，您会否有过怀疑婆婆意图的想法？,有时候会这么想，但我希望不是这样。,1
H20,在这样的情况下，和我聊聊有没有人理解你的内心挣扎，对你来说重要吗？,我觉得他们根本不理解，每次交谈都很表面。,1
H20,你曾说在家的时候心情会好一点，这是否是因为远离社交情境让你感到轻松？,是的，我觉得只要不用面对面交流就轻松些。,1
H20,这种自我怀疑确实会让人难受。在与朋友和同学的交往中，你有没有感觉到对对方的意图或行为有过度怀疑或敏感？比如，觉得他们故意忽略你的感受？,我承认有时候我会想太多，觉得他们不在乎其实只是不在意而已。,1
H20,这些都是可以通过一定的心理调整来改善的。您在参与社交活动中，会不会感到由于环境或他人而产生偏执或不信任的心理？,并没有特别的这种感觉，但有时候一些细节会让我不安。,1
H20,反思当然很重要，但不要过于苛责自己。您提到害怕别人说您装样子，这种感受会经常发生吗？,是的，我常常担心自己在别人眼中的形象。,1
H20,是的，自我接纳很关键。说到这，您在交流时是否感到被审视或怀疑他人的意图？,有时会觉得大家在注视我，担心自己会被评判。,1
H20,那会让你对他人存在怀疑和不信任感吗？,是的，我开始质疑与朋友间的一些话题。,1
H20,这样可能让你倍感压力。对人性多样性的探索或理解度上，你感到有困难吗？,是的，我总是觉得人的行为动机很难理解。,1
H20,这是一个很好的开始。你会发现每个人表达关心的方式都各不相同。那你是否注意到自己在日常生活中对自己或身边人产生偏执的看法呢？,好像有时会这样，尤其是在情绪低落时。,1
H20,我能理解这种感觉。你有没有因为这种情况感到一种嫉妒或者敌对的感觉呢？,说不上嫉妒，但就是有些沮丧和孤单。,1
H20,你的经历中有被同学起外号和欺负的情况，这让你对自己产生过疑虑，或者对他人产生不信任感？,没错，小时候有些事情让我对人产生了不信任。,1
H20,好的，这也是改善情绪的一种方向。在与人相处时，你感到警觉或不信任吗？,可能有吧，有时候不敢轻易对别人坦露心扉。,1
H20,你是否担心如果与对方沟通，会出现问题而宁愿不表达？,有这样的担心，但又知道不沟通也不是办法。,1
H20,自卑感可能会对我们产生影响。你是否担心自己在这段关系中可能做出不理性的决定？,我害怕自己无法在现实和情感之间做出正确的选择。,1
H20,这一定让你感到很难受。你认为父母对你的态度是否影响到你对他们的信任感？,确实是这样，我不觉得我能相信他们。,1
H20,听上去你在与父母沟通时感到难以交流。有没有什么时候是让你感到比较理解的？,几乎没有，感觉他们对我的想法没有兴趣。,1
H20,在互动中，有没有觉得自己被大家孤立或疏远，时常浮现这种想法吗？,有时候会觉得，大家有意无意在避免和我走得太近。,1
H20,感到无望是可以理解的。在感情中受伤会带来很多怀疑。你提到别人对他的风评不一，而你因为他对其他女孩的关系感到不安，是否会对他产生不信任或怀疑呢？,他是一如既往的坦率，但我挺在意他和那个女孩子的事，这让我有时会不由得去怀疑他的真心。,1
H20,妹妹这种行为是否表明她对家庭关系有不安全感呢？,她看上去是有些对家庭关系不太有安全感。,1
H20,接纳自我并不代表完美，而是承认自己的优缺点。你所认为的不足是否影响到你与他人的关系？,是的，我担心别人会不接纳我。,1
H20,我能理解这种矛盾感。谈到以前不会感到压力和对数学的兴趣，你能否回忆起是否有具体事件或原因导致了这种转变的开始？,或许是某节课上被公开批评以后吧。,1
H20,这种偏执的行为有没有更严重的体现，比如怀疑他人或感到被监视的感觉？,我偶尔会有这种感觉，但不是非常严重。,1
H20,她对其他人的意图或你对她的爱有过怀疑吗？,她有时会担心我对她的爱不够真诚。,1
H20,新环境里的不信任是正常的，你会时常对新人和新环境感到怀疑吗？,有时会，总感觉很难融入这个新的集体。,1
H20,不客气。你目前时常怀疑别人对你有偏见或者敌意吗？,有时会觉得旁边的人会对我有异样的眼光。,1
H20,您觉得这是否影响了你们之间的信任感？,是的，我觉得这种事情让我心里没有安全感。,1
H20,没关系，我相信沟通可以帮助解决一些误会。那么这件事让您对丈夫的感情产生了什么样的怀疑吗？,是的，我担心他是不是太容易被身边优秀的女性吸引。,1
H20,明白，有时需要一点时间和空间来理清思路。你是否对未来怀有过多的忧虑和妄想呢，例如关于你们的关系方向？,是的，有时我会不断地想象最坏的情况。,1
H20,在担心的时候，有没有怀疑过周围的人对你的善意？,有时候会质疑，但是并不常见。,1
H20,是的，保持积极的心态很重要。当你回到熟悉的老家环境时，是否感觉自己在某些程度上又像在被观察或审视？,是的，那种感觉让我还挺不自在的。,1
H20,那一定很痛苦。这样的事件可能让你对她产生怀疑，对吗？你会不会对人际关系产生不信任？,是的，我觉得我很难完全信任别人。,1
H20,能理解你这样的感觉，一个人对自己的行为产生怀疑可能会带来很多困扰。愿意和我分享，这种想法是如何影响你的日常生活的吗？,影响挺大的，我总是反复思考自己的行为，就好像是在自己跟自己过不去。,1
H20,而你的成长环境，特别是住在三姨家时，有没有让你对人际关系产生过不信任感？,是的，我常常觉得不太敢轻易信任他人。,1
H20,您提到过他是个值得尊敬和爱慕的人。他的家人或社会地位会让您感到担心别人对您的看法吗？,有时候我真的很害怕社会对我的评价，包括他的家人怎么看我。,1
H20,你有没有觉得他的玩笑语气有贬低的意味？,是有点，感觉每次都是我错，或者是我太敏感了。,1
H20,或许你们之前的问题未被充分解决，这会让你在后来仍常常觉得不被理解吗？,是的，那种争论有时会让人无奈。,1
H20,你在这样的情绪波动时会不会质疑自己的价值呢？,我经常觉得自己做得不够好。,1
H20,这种想法是正常的。你有没有什么不切实际的期望或幻想觉得自己应该达到？,我有时候会觉得很有压力，想要证明自己。,1
H20,这会让你感到不信任他们吗？,是，有点不知道该怎么办，真的很难受。,1
H20,如果有了明确的计划，也许你能更有信心面对老板呢。你和上司交流时有困难吗？,是啊，我总觉得没法和他坦诚交流。,1
H20,这种情况听起来很难受。你有想过这个同学的行为是不是对你的一种暗示呢？,有时候这么想，但又觉得可能是我多心了。,1
H20,这样的感知会持续影响一个人的自我价值感。有没有觉得自己总是被误解？,是的，总觉得父母和周围的人不理解我。,1
H20,只要你表达出自己真实的感受，或许会带来转变。在他的态度中，你是否察觉到任何关于责任感的欠缺？,是的，他显得不太负责，有时让人无从捉摸。,1
H20,那真不容易。你觉得自己会常对他人产生过分的怀疑吗？,有时候会觉得别人都提防我。但我尽量不去想这些。,1
H20,从自身状态出发，保持自我觉知是第一步。你有感觉老师或同学对你有偏见或误解吗？,有时感觉老师上课很敷衍，同学也不理解。,1
H20,沟通和社交支持都是好的选择。那么，在思考这些时，你有没有怀疑过他可能会再次出轨吗？,我不得不承认偶尔会有这种想法，但努力不让它影响我们之间的信任。,1
H20,激励自己小步尝试新的习惯可能也是一种方法。关于心理咨询师的观点，我们也要学会怎么样缓和自己的情绪。你有怀疑他人的评价或行为并感到不安吗？,有时我会怀疑别人对我的评价，这让我感到很不自在。,1
H20,大部分学生都面临过类似情绪，我们一步一步来解决。你有没有怀疑过同学背地里策划或讨论你？,有过这样的想法，但不常，都是一闪而过的念头。,1
H20,在社交上感觉无助和孤独也是常见现象。你一直觉得别人对你抱有敌意或者怀疑的想法吗？,有时候会觉得大家不怎么喜欢我。,1
H20,很多时候，压力会掩盖真实的情感需求。但是这种对朋友的敏感评论会不会特别影响你对其他人的信任？,确实，有时候会变得小心翼翼，不知道怎样才能不再被误解。,1
H20,这种不信任是因为怀疑他人的动机吗？,对，我开始变得对人有戒心。,1
H20,这可能跟您之前的经历有些关系。在遭遇这样的情况后，您是否会怀疑周围人的意图，或者担心自己可能会被迫害呢？,有时候是这样的。我总觉得每个人都有自己的小圈子，而我永远是那个被排除在外的人。,1
H20,你提到事情都是关于男生，影响了你对她们的看法吗？觉得她们只专注于谈论男朋友而忽略其他重要事项？,恩，我有时觉得她们眼里只有这些事情。,1
H20,认识到这一点是重要的，可以帮助我们更好地理解自己。有没有想过有些外部因素影响了你的情绪，而不是内在原因？,有时候确实会有这样的想法。,1
H20,确实友谊很难得。在处理这件事的过程中，您是否对友情的信任感有所改变呢？,我觉得有些怀疑她是否真的关心我。,1
H20,这样的环境中成长，确实不容易。父亲那些抱怨和极端的言辞对你有些什么影响呢？,父亲老是说些诅咒别人或者毁灭世界的话，小时候我常常被吓到，会觉得很无奈。,1
H20,有信心是重要的第一步。那你对未来有过类似假想的担忧吗？,有时我会担心别人对我不太友好，觉得自己会吃亏。,1
H20,关于与咨询师的沟通问题，你有意识到偏执的想法或固执的思维吗？,偶尔会执着某些细节，但我尽量克制这种想法。,1
H20,您能描述一下听到了什么内容吗？,我是不是很奇怪，是不是没救了？,1
H20,能理解这样的感受，会让人很无奈。,是啊，感觉我的童年感受还是在干扰着我。,1
H20,那种被误解和偏执的感受曾让您困扰吗？,是的，过去总感觉被人误解。,1
H20,这次交谈让你怎么感觉呢？,觉得他可能在试探我，不太放心。,1
H20,这种感觉会让人感到很不舒服。你是否觉得没有得到自己应得的？,确实有过这样的想法。,1
H20,我明白。在社交互动中，有时候信任也会受到挑战。你会有这种感觉吗？,是啊，我总是担心别人会误解我。,1
H20,不用谢，照顾好自己最重要。你有没有怀疑过她，说的话是不是真实的？这种不信任感是否影响到你对其他事情的看法呢？,有时会这样，我会担心自己被误解。,1
H20,好样的！面对快速变化的社交软件恋爱环境，是否也感到过疑虑或不安？,是的，有时候觉得对方反应的变化难以捉摸。,1
H20,家庭的支持是极为重要的，但只要自己做到心中有数，也是一种安慰。你是否因为这些情感上的困扰影响到其他社交活动，比如与朋友的交流？,有时候会觉得和朋友相处有些无趣。,1
H20,你是否感到恐惧别人会嘲笑你或害怕别人的评价？,是的，总是觉得很害怕。,1
H20,恋爱有时候会带来压力，但沟通是关键。你觉得这段关系中是否存在理解障碍或误解？,是的，她常说我难以考虑到她的感受，我对此很努力地在改正。,1
H20,这种担心得让你在日常生活中感到失控或者对别人的看法特别在意吗？,确实有些时候会这样，我想不被别人的目光左右。,1
H20,这种反应显示你的身体在应对你描述中的恐惧场景。你有没有想到过恐怖的场景会对自己或他人造成威胁？,很少会有这种想法，因为我知道那些都是想象出来的，但还是有点担心。,1
H20,这些都是不错的选择，我们的目标是慢慢找到让自己舒适的方法。有没有在说出感受时觉得父母无法理解而让你心有堵塞？,是的，这常常让我感到更加痛苦。,1
H20,这是一种身体对焦虑的自然反应。在情绪波动期间，是否有时会觉得被世界或其他人误解，甚至被逼迫自己？,我有时觉得别人不理解我在意的事情。,1
H20,这种困惑的感受是可以理解的。那么有时会觉得她对孩子的态度有偏执的倾向吗？比如对孩子的行为有过度的推断？,是的，有时候她反应过度了。,1
H20,你提到害怕被人发现自己的秘密，这是常见的担忧。最近有没有偏执的想法？,有时候会担心，特别是在某些情况下，很怕被看穿。,1
H20,不愿意主动接触异性，这有可能是出于对自我保护的心理。你是否对自己的性取向产生怀疑或不信任感呢？,有过，又想确认，又害怕面对答案。,1
H20,会不会因此感到有些偏执呢？,有时候我也这样担心，会不断怀疑身边的人。,1
H20,这么说来，你过去与人交往时是否有过被人监视或恶意针对的感觉？,没有明确的感觉，只是怕被嘲笑。,1
H20,这会让你感到被排斥或者误解吗？,是有这种感觉。下课后总没有人主动找我说话，我也不知道该怎么办。,1
H20,了解。这种情况下有没有感到她对你的行为产生不信任？,她总是怀疑我做的不够好。,1
H20,这是一种自我保护的方式，但可能同时也阻碍了我们与他人建立更好关系。,是的，有时候恨不得不再去和陌生人见面。,1
H20,任何改变都应该被尊重和鼓励，那我们就一步一步来吧。你有没有对父母有一些偏执或者不合理的猜疑？,偶尔有这种念头，但我努力提醒自己这些念头不一定是真的。,1
H20,在这种沉重的思维中，你有怀疑或不信任他人的动机吗？,有时会对他人的真实意图感到怀疑。,1
H20,您对这段体验非常真诚，值得尊重。接下来我们可以探讨更多的应对方式。您经常感到对父母的交流困难吗？,是的，我觉得他们不理解我，而且也不愿意尝试去理解。,1
H20,关于这位同桌的事，你有什么具体的想法或者感受吗？,我也说不上来，只是感觉她的存在让我有些紧张。,1
H20,期待也是好事情，但同时，也要对自己的人身安全负责。你觉得联系他后有没有必要再谈谈这些不安的想法呢？,我想过，但又怕影响两人之间的氛围。,1
H20,是否有曾感到他人对您有不当的评价或有被排斥的感觉？,多少会有些，这让我对自己产生了怀疑和不安。,1
H20,情绪随着时间变化很有趣，有时早晚情绪不一样是正常的。对于和同学的相处，你是否有时会怀疑他们对你的动机？,还好，没有特别的怀疑。只是觉得我们不太一样。,1
H20,在反复思考戒掉手淫的问题时，你是否出现过类似偏执的想法和疑虑？,有时候会反复考虑这些事情，想不出来能有什么其他解决办法。,1
H20,很好，运动和社交能帮助你调节情绪。你提到瞒着所有人出轨，这是否让你有担心被发现的恐惧？,是的，我害怕被发现后事情会失控。,1
H20,您觉得这段关系中谁的期望可能过高？,婆婆似乎对我老公有很高的期望，但我其实只希望他快乐。,1
H20,你提到过会自动评判他人，这些评判是否会让你觉得自己容易受到攻击或被误解呢？,是的，有时候我也会这么觉得。,1
H20,你觉得他对你的攻击是基于误解吗？,可能是，我觉得他不理解我。,1
H20,你提到对朋友提出的话题感到言不对题，是否会因此怀疑他们对你的感受和理解？,是的，怀疑他们实际上并不在意我感受。,1
H20,是否有人在工作中的人际关系让你担心别人的看法？,有时候会，不敢再提辞职。,1
H20,在面对此类感情时，重新认识自己的价值与目标是一大助力。您有没有考虑过这些问题对你们关系的长期影响？,是啊，虽然我希望它好转，但难以捉摸。,1
H20,请问这个心理障碍第一次出现时，是否有任何具体的事件或经历呢？,其实没有特别的事件，只是逐渐意识到这种感觉越来越明显。,1
H20,除了这些，你对其他事情也会担忧吗？如公司的看法或安排？,不太会关注他们怎么看我，更多是如何离开。,0
H20,每一个努力都是值得肯定的。处理工作和爱情时缺乏自信，会导致你对人际关系怀有不切实际的怀疑或妄想吗？,不至于怀疑或妄想，只是疲惫的时候会退缩，避免太多社交。,0
H20,这种情况还蛮复杂的。他有没有可能有不切实际的妄想或偏执的想法呢？,并没有，他没有表现出这种想法。,0
H20,这挺好的，关键是要找到适合自己的生活节奏。有没有过过分怀疑或认为他人对自己不怀好意的感觉？,这还好，基本没有。,0
H20,这种行为可能会让她们觉得你疏远了。有没有觉得自己因为独处时间长而怀疑她们的动机？,没有怀疑她们的动机，只是有时觉得她们已经不太需要我这个朋友了。,0
H20,这说明您正在取得进展，意识到这些是第一步。继续保持这一进程，逐步改善。您是否有感觉到被他人侵犯或监视的情况呢？,几乎没有，我感觉这种情况对我来说并不常见。,0
H20,在这段关系中，你是否担心女友可能隐瞒了一些事情呢？,我倒没太担心这个，她挺坦诚的。,0
H20,你是否误以为周围的人对你不怀好意呢？,没有啦，我没这么觉得。,0
H20,孩子可能被这些行为吓到了。有没有注意到他对于与家人互动时有什么特别的偏执或怀疑的症状？,没注意到有这种情况。,0
H20,理解，但高标准也可能带来一些精神上的负担哦。,嗯，我会尽量放松自己，别太逼自己。,0
H20,你觉得如何去更积极地表现自己？,多笑笑，多尝试新事物吧！,0
H20,然而这也只是短暂的情绪，尝试找到一些让自己平静的方法是很重要的。关于你所说的不信任，你是否觉得和亲人间的关系使你对外界产生了怀疑甚至有点偏执？,我觉得我和家人关系还挺好的。,0
H20,你是否常常怀疑他可能对你心怀敌意，而非简单的不愿见面？,没有，我不这么觉得。,0
H20,那会是一个多么美好的世界！不过，现实中你对人性的观察是否让你对社会的某些方面感到敌意或距离感？,其实没有，我还好哦！,0
H20,疏远感确实很不好受，但我们可以努力去提升人际交往的信心。,我明白，谢谢你的鼓励，我会试试看。,0
H20,这种自省是一种成长。那么你提到看到他人容易获得关注时会有压力，是否感到生活缺乏某种意义或价值呢？,不会啦，生活还是有其他意义的。,0
H20,此时是否有觉得被害幻想或偏执呢？,没有那种感觉。,0
H20,很好，这是迈出的第一步，改善沟通可以尝试渐进性的方法。你对家人的不理解，是一直以来的想法吗？,我一直都有这种感觉。,0
H20,你在公司里不注意外形，是因为对公司或者同事不太信任吗？,不是啦，我只是比较随意而已。,0
H20,这种感觉可能很常见。你有没有过觉得自己被误解的经历呢？,有时候会，但还好啦。,0
H20,你有意识到分享婚姻情况会担心外界看法吗？,哎，没太在意别人怎么看。,0
H20,这反映了对某些信念的质疑，但也有可能是对现状的不满或误解。,哦，我懂了，可能是有点疑惑吧。,0
H20,不用谢，支持你是我的责任。面对新环境复杂的人际关系，你是否怀疑过别人在背后议论你？,没有哦，我还挺自信的。,0
H20,您有过非理性的猜测吗，例如女儿不接电话是因为不喜欢您？,我倒没想过这些。,0
H20,这是身体对压力的天然反应。那您对主管的不满，有没有在其他领导或同事身上也出现过类似的情绪？,没有啦，主要就是他让我压力大。,0
H20,是啊，有时候人与人之间的沟通确实很难。关于他过去的暗恋对象，你觉得自己是不是容易多疑呢？,我没多疑，只是偶尔会想太多。,0
H20,那么你是否担心他人对你的看法，比如怀疑他人是否关心你？,不太担心，别人怎么看我无所谓。,0
H20,不客气，我们可以随时继续讨论，看看哪些方法最适合您。您在家庭中的处境曾让您有过怀疑或者困惑的感觉吗？,其实没什么困惑，我挺好的。,0
H20,他会因为这些差异感到困惑或者困扰吗？,不会，我觉得还好。,0
H20,听上去他可能对情感交流感到不自在。这也是需要在关系中探讨的问题。,嗯，我觉得也没那么严重吧。,0
H20,那么你认为目前面对舍友的时候你的边界感是模糊的吗？,我的边界感挺清晰的。,0
H20,是不是总有一种担心，被人恶语相向？,没有，总体还好呢。,0
H20,您提到曾觉得自己和世界隔绝，这种感受是真实存在的吗？,其实没有这样的感觉呀。,0
H20,那这种期望是否让你产生一种控制的欲望？,我倒没觉得有这种欲望。,0
H20,我相信这会对你有帮助。对了，被询问工资和领导等问题时，你有出现过分反应或防备吗？,没有哎，我还好哦。,0
H20,思绪纷飞时真的不好受，那些不能释怀的事情可能会让你对人际关系多了一些疑虑吗？,不会啦，我还挺能释怀的。,0
H20,她有没有觉得男友的态度影响了对她自身或婚姻的 ？,我觉得没啥影响。,0
H20,那你对这位朋友本身有什么感觉？怀疑或是不信任？,我觉得还好，没有特别的感觉。,0
H20,那的确需要引起重视。他有没有对周围世界产生疑虑或者妄想？比如觉得有人要害他什么的？,没有，他没有这种想法。,0
H20,这是非常真实的担忧。不过，有时候坦诚的沟通对孩子非常重要。孩子的偏执情绪有加剧吗？,还好，目前没有加重。,0
H20,是的，找些支持无疑是一条有效途径。在这种情绪低谷中出现妄想症状的时候感觉如何？,我没有妄想症状，不过情绪还是挺低落的。,0
H20,这是好的！有没有觉得周围的人或朋友对你不友好或产生怀疑？,没有啦，我觉得他们都挺好的。,0
H20,这种思维模式会带来更大的压力，交流时你是否觉得父母对你的未来有偏执的想法呢？,没有，我觉得还好。,0
H20,运动是一种很好的情绪发泄方式。你爸爸有没有因为工作或生活的压力表现出回避采取措施或对他人过度的猜忌？,我爸没有这样过哦。,0
H20,为什么会认为别人有这样的看法呢？这让你困扰吗？,其实不太困扰，可能是我多想了。,0
H20,明白，这听起来像是一种偏执的症状，你会常常因为这样的思考感到困扰吗？,其实我不太会被这些想法困扰。,0
H20,青春期的迷茫很普遍，你的未来有许多可能性。你有没有想过自己在教室内的表现如何？,教室里还好，努力保持专注吧。,0
H20,他情绪不稳定是否让你对未来的关系感到不安或缺乏信心？,没啥不安，还挺有信心的！,0
H20,听起来很压抑，那在这样的环境下，你有没有感到其他人对你抱有敌意或不信任？,没有，我倒没感觉到他们有敌意。,0
H20,在这种情况下，是否感到被同事孤立或疏远过？,没有遇到过这种情况。,0
H20,有时寻求专业意见是个很好的开始。是否有其他家庭成员对你表示不信任或有其他看法？,我觉得可以试试。不过家人还好啦，不算太大问题。,0
H20,适度地关注健康是正常的，但不必要让自己过于担心。再请问，您是否对某些事情有过度思虑或不合理怀疑的情况呢？,没有，我还挺放松的。,0
H20,相信我，这需要时间，慢慢来。你提到小学时感受到的很多恶意，这些经历是否让你对周围人产生怀疑或不信任？,嗯，可能有点影响，但我会努力信任他人。,0
H20,您有没有观察到对方有像坚持错误信念或偏执的表现？,没有注意到这种表现哦。,0
H20,这种情况下有时候会觉得自己不被理解吗？,不会，我还好。,0
H20,是的，把这些感受仔细分析出来会有助于我们理解问题本质。,好的，希望能帮到我些。,0
H20,这种担心会让您产生偏执的想法吗？,不会，我还算清醒。,0
H20,听起来这些情绪对你影响很大。你觉得这些念头是否让你感到被背叛呢？,没有觉得被背叛，只是有点困扰。,0
H20,如果这种情况长久不改善，是否可能让你感觉自己在课程中被忽视了？,没有啦，我没觉得被忽视。,0
H20,自信心的动摇可能会加剧您心中的不安，您是否怀疑过妻子的忠诚？,没有，没怀疑过她。,0
H20,面对女友含糊不清的说辞，你是否有担心自己对这段感情的理解有误？,不会，我觉得还好。,0
H20,参与少可能是因为紧张。在不熟悉的环境中，你是否常常对周围环境产生怀疑？,不会，我一般都挺放松的。,0
H20,当这些不愉快的回忆出现时，你有没有意识到可能有些偏见？,嗯，我觉得可能没有特别的偏见。,0
H20,所以，你是否曾感到在这些争执中，你总是在扮演一个保护自己的角色？,我还好啦，没特别觉得是这样。,0
H20,每当这样的时候，你是否会开始怀疑对方的态度？,不会，我感觉挺稳定的。,0
H20,谢谢你的坦诚分享。在你感到空虚的时候，是否会发现自己对事物产生了无意义的思考或怀疑呢？,没有哦，我还好。,0
H20,那您有没有对公司的决策或者未来发展的方向抱有疑虑呢？,没有太多疑虑，挺信任他们的。,0
H20,能理解你这样的感觉，一个人对自己的行为产生怀疑可能会带来很多困扰。愿意和我分享，这种想法是如何影响你的日常生活的吗？,其实这阵子还好，没什么特别影响。谢谢关心！,0
H20,不愿意主动接触异性，这有可能是出于对自我保护的心理。你是否对自己的性取向产生怀疑或不信任感呢？,我倒没怀疑过自己的性取向。,0
H20,沟通和社交支持都是好的选择。那么，在思考这些时，你有没有怀疑过他可能会再次出轨吗？,我没有想太多这些。,0
H20,这种沟通里的反复和疑虑也会增加我们的焦虑感。你有没有觉得，对方可能在怀疑或者不信任你所说的内容？,我倒没怎么感觉到这种怀疑。,0
H20,他是否有提到过对自己或生活状况有不切实际的担心或怀疑？,没有，他没有提到过。,0
H20,是的，保持积极的心态很重要。当你回到熟悉的老家环境时，是否感觉自己在某些程度上又像在被观察或审视？,没有感觉被观察，还挺自在的。,0
H20,好样的！面对快速变化的社交软件恋爱环境，是否也感到过疑虑或不安？,还好，没太大感觉。,0
H20,可以理解，这种挫折感会影响对未来关系的态度。你有没有怀疑过他的动机，特别是他现在仍联系你时的动机？,我没有想太多，顺其自然吧。,0
H20,那会让你感觉被背叛和孤立无援吧？这种经历是否引发了对他人的不信任？,"其实还好，我没那么觉得。",0
H20,您提到有被害妄想的感觉，这种情况是否经常出现？,哦，这种感觉我倒是没有过。,0
H20,面对这样的感觉，有没有觉得自己特别，以至于担心被人针对？,没有，我倒是没想过这点。,0
H20,很好，运动和社交能帮助你调节情绪。你提到瞒着所有人出轨，这是否让你有担心被发现的恐惧？,其实没有太担心被发现。,0
H20,那她的行为是否让你对与他人合作的动机产生过怀疑呢？,没有，她的行为没影响到我。,0
H20,人际信任的缺失可能源于过去的经历。日常中，你经常对别人有这类怀疑吗？,我倒是没什么这方面的困扰。,0
H20,从自身状态出发，保持自我觉知是第一步。你有感觉老师或同学对你有偏见或误解吗？,不太觉得有偏见，感觉还好。,0
H20,你觉得他对你的攻击是基于误解吗？,我不觉得是误解。,0
H20,看起来他在行动上还是克制的。有时候面对这些行为，你会感到不安或者担心他可能有想法吗？,不会啊，我觉得还好。,0
H20,你提到害怕被人发现自己的秘密，这是常见的担忧。最近有没有偏执的想法？,没有哦，最近挺正常的。,0
H20,反思当然很重要，但不要过于苛责自己。您提到害怕别人说您装样子，这种感受会经常发生吗？,不会经常发生。谢谢关心！,0
H20,这个问题值得关注。当同事议论你的时候，你会觉得特别不安全或者敏感吗？,没怎么注意过，应该还好吧。,0
H20,是否曾感到焦虑或因为目前状况感到有些偏执或夸大的想法？,没有，最近还挺平静的。,0
H20,在应对生活中的挑战时，您有特别强的不安全感或对亲近关系的怀疑吗？,没有太多不安全感，还好啦。,0
H20,听上去你在与父母沟通时感到难以交流。有没有什么时候是让你感到比较理解的？,嗯，有时候他们会真的明白我。,0
H20,没关系，我相信沟通可以帮助解决一些误会。那么这件事让您对丈夫的感情产生了什么样的怀疑吗？,没有怀疑，只是想弄清楚。,0
H20,这种不信任的感觉一直伴随着您吗？您是否对父亲的表现有怀疑的态度？,不，我倒是没怎么怀疑他。,0
H20,您提到有被害妄想的感觉，这种情况是否经常出现？,是的，经常会有这样的感觉。,3
H20,这个问题值得关注。当同事议论你的时候，你会觉得特别不安全或者敏感吗？,嗯，我总觉得他们是在针对我，怕他们说的都是我的坏话。,3
H20,在此时，您会不会怀疑自己对他人的信任？,是的，我对别人很不信任，总觉得他们别有用心。,3
H20,人际信任的缺失可能源于过去的经历。日常中，你经常对别人有这类怀疑吗？,是，我始终担心别人可能伤害我。,3
H20,听起来这些情况也可能增加了心理上的压力。这样的不信任和多疑有没有让你感到偏执呢？,是的，久而久之我开始怀疑别人的动机，总觉得别人可能会伤害我。,3
H20,慢慢积累小成功很重要，另外，是否曾有过对周围事情的怀疑或不信任感呢？,我有时候觉得周围的人都在关注我并在背后议论我。,3
H20,地理距离的确会对关系带来影响。情人的动机有没有让你感到不安？,有的，他越是诚恳，我越感到疑虑重重。,3
H20,太好了。你知道自己有能力做好任何事情。你是否会担心周围同学背地里议论你，这种担忧是否影响到你的生活？,是的，感觉大家都在讨论我，尤其是知道我的成绩后。,3
H20,认识到这一点是重要的，可以帮助我们更好地理解自己。有没有想过有些外部因素影响了你的情绪，而不是内在原因？,外部因素是不是有人故意在影响我？,3
H20,我能理解这种矛盾感。谈到以前不会感到压力和对数学的兴趣，你能否回忆起是否有具体事件或原因导致了这种转变的开始？,可能是有人故意让我讨厌数学吧。,3
H20,这么长时间啊，真是辛苦你了。你有过强烈的担忧或对某些事情感到偏执吗？,是啊，有时候觉得大家都在针对我。,3
H20,那一定很痛苦。这样的事件可能让你对她产生怀疑，对吗？你会不会对人际关系产生不信任？,“是啊，我感觉总有人针对我。”,3
H20,这种反应显示你的身体在应对你描述中的恐惧场景。你有没有想到过恐怖的场景会对自己或他人造成威胁？,我总觉得有人在暗中谋害我。,3
H20,这种担心得让你在日常生活中感到失控或者对别人的看法特别在意吗？,是的，总觉得别人一直在盯着我。,3
H20,您提到过他是个值得尊敬和爱慕的人。他的家人或社会地位会让您感到担心别人对您的看法吗？,"嗯，有时候会怕别人误解我接近他的动机。",3
H20,这些都是不错的选择，我们的目标是慢慢找到让自己舒适的方法。有没有在说出感受时觉得父母无法理解而让你心有堵塞？,有时候觉得他们故意不理解我。,3
H20,了解。这种情况下有没有感到她对你的行为产生不信任？,我总觉得她在暗中观察我。,3
H20,这种状况让你感到很不安，对吗？他是不是有时候表现出强烈的情绪波动，比如突然的愤怒或者紧张？,是啊，我总觉得他在针对我，随时会爆发。,3
H20,激励自己小步尝试新的习惯可能也是一种方法。关于心理咨询师的观点，我们也要学会怎么样缓和自己的情绪。你有怀疑他人的评价或行为并感到不安吗？,"有时候会觉得别人话里有深意，挺不安的。",3
H20,您觉得别人在议论您或对您不满吗？,总感觉他们在背后议论我。,3
H20,嗯嗯嗯。会不会有感觉好像其他人会一直看著你或是要说你的坏话这样子?,是的，我常常有这样的感觉。,3
H20,在担心的时候，有没有怀疑过周围的人对你的善意？,有时候会觉得大家都在针对我。,3
H20,您觉得这段关系中谁的期望可能过高？,可能是他们期望我有问题吧。,3
H20,你提到事情都是关于男生，影响了你对她们的看法吗？觉得她们只专注于谈论男朋友而忽略其他重要事项？,他们是不是在暗中讨论我？,3
H20,在回忆过程中，你对过去的经历有什么偏执或不信任感吗？,嗯，有时候觉得大家都在针对我。,3
H20,这会让你感到被排斥或者误解吗？,有时候感觉是的，好像大家都在针对我。,3
H20,很好，运动和社交能帮助你调节情绪。你提到瞒着所有人出轨，这是否让你有担心被发现的恐惧？,"是啊，总觉得有人在监视我。",3
H20,能理解这样的感受，会让人很无奈。,你是不是在暗示我什么？,3
H20,这样感觉一定很难受。你是否经常感到别人可能在误解你或动机不纯呢？,是啊，我总觉得别人可能在背后说我坏话。,3
H20,"对于这些不好的回忆，是否让您常常感到紧张或者有其他的身体反应？ ,",总觉得有人想害我，这让我很紧张。,3
H20,这挺好的，关键是要找到适合自己的生活节奏。有没有过过分怀疑或认为他人对自己不怀好意的感觉？,有啊，总是感觉有人在针对我。,3
H20,这可能会让你感觉到一种被疏远的偏执感，你认为呢？,嗯，有时候确实会有这种感觉。,3
H20,有时候被不被理解的感觉可能带来疑虑吗？,是啊，总觉得大家是不是在背后议论我。,3
H20,您觉得这是否影响了你们之间的信任感？,可能是吧，总觉得有人在暗中操控。,3
H20,在互动中，有没有觉得自己被大家孤立或疏远，时常浮现这种想法吗？,嗯，有时会觉得大家故意不理我。,3
H20,你提到害怕被人发现自己的秘密，这是常见的担忧。最近有没有偏执的想法？,最近总觉得有人在监视我。,3
H20,那真不容易。你觉得自己会常对他人产生过分的怀疑吗？,嗯，有时候会觉得他们在针对我。,3
H20,能理解你这样的感觉，一个人对自己的行为产生怀疑可能会带来很多困扰。愿意和我分享，这种想法是如何影响你的日常生活的吗？,总觉得有人在暗中观察我，挺影响心情的。,3
H20,这样的感知会持续影响一个人的自我价值感。有没有觉得自己总是被误解？,是啊，总感觉大家都误解我。,3
H20,在这种沉重的思维中，你有怀疑或不信任他人的动机吗？,有时候会觉得他们想害我。,3
H20,不愿意主动接触异性，这有可能是出于对自我保护的心理。你是否对自己的性取向产生怀疑或不信任感呢？,"我觉得他们可能会伤害我，所以保持距离。",3
H20,这种不信任的感觉一直伴随着您吗？您是否对父亲的表现有怀疑的态度？,一直觉得他在对我隐瞒什么。,3
H20,听到这样的情况，我能理解您承受的巨大压力。您与母亲长期的关系是否让您产生过度担忧，或是对她的行为的不信任？,"我觉得她总在暗地里针对我。",3
H20,这么说来，你过去与人交往时是否有过被人监视或恶意针对的感觉？,有时候会觉得被人盯着，挺不舒服的。,3
H20,是否有曾感到他人对您有不当的评价或有被排斥的感觉？,有时候会觉得大家都在针对我。,3
H20,每一个努力都是值得肯定的。处理工作和爱情时缺乏自信，会导致你对人际关系怀有不切实际的怀疑或妄想吗？,有时候会这样，总觉得别人对我有敌意。,3
H20,反思当然很重要，但不要过于苛责自己。您提到害怕别人说您装样子，这种感受会经常发生吗？,总觉得大家都在背后议论我。,3
H20,那么，这会不会让您觉得自己有些偏执呢？,可能吧，但我觉得有人在针对我。,3
H20,这种沟通里的反复和疑虑也会增加我们的焦虑感。你有没有觉得，对方可能在怀疑或者不信任你所说的内容？,是啊，总感觉他们在暗中监视我。,3
H20,您能描述一下听到了什么内容吗？,好像有人在背后说我坏话。,3
H20,这种情况还蛮复杂的。他有没有可能有不切实际的妄想或偏执的想法呢？,嗯，有时候会有些被害妄想。,3
H20,这样的环境中成长，确实不容易。父亲那些抱怨和极端的言辞对你有些什么影响呢？,我总觉得他说那些就是针对我。,3
H20,是的，自我接纳很关键。说到这，您在交流时是否感到被审视或怀疑他人的意图？,嗯，有时候会觉得别人对我有敌意。,3
H20,在社交上感觉无助和孤独也是常见现象。你一直觉得别人对你抱有敌意或者怀疑的想法吗？,有时会觉得别人都在针对我。,3
H20,那种被误解和偏执的感受曾让您困扰吗？,是啊，总觉得别人对我有敌意。,3
H20,这些感觉真的很不容易。你还提到她们对你的评价，让你有不信任的感觉吗？,可能吧，总觉得她们在背后议论我。,3
H20,新环境里的不信任是正常的，你会时常对新人和新环境感到怀疑吗？,是啊，总觉得周围的人都在针对我。,3
H20,在面对此类感情时，重新认识自己的价值与目标是一大助力。您有没有考虑过这些问题对你们关系的长期影响？,你是不是在暗示我对关系有威胁？,3
H20,不用谢，照顾好自己最重要。你有没有怀疑过她，说的话是不是真实的？这种不信任感是否影响到你对其他事情的看法呢？,总觉得有些人是在针对我，真的很困扰。,3
H20,感到无望是可以理解的。在感情中受伤会带来很多怀疑。你提到别人对他的风评不一，而你因为他对其他女孩的关系感到不安，是否会对他产生不信任或怀疑呢？,可能他背着我计划些什么，我有点担心。,3
H20,这是一种身体对焦虑的自然反应。在情绪波动期间，是否有时会觉得被世界或其他人误解，甚至被逼迫自己？,是的，我常觉得周围人都误解我。,3
H20,那那种会不会想东想西，觉得别人在讲自己的事情？就撇开这件事情,嗯，有时候会这样，感觉大家都在谈论自己。,3
H20,会不会觉得好像别人有时候都是在针对自己啊？或是想东想西？,有时候会有这种感觉，真的挺烦人的。,3
H20,我明白，这种纠结让人很难过。对于你对男友态度的信任怎么样呢？,我有点怀疑他是不是在骗我。,3
H20,你的经历中有被同学起外号和欺负的情况，这让你对自己产生过疑虑，或者对他人产生不信任感？,可能吧，总觉得他们在背后说我坏话。,3
H20,面对这样的感觉，有没有觉得自己特别，以至于担心被人针对？,嗯，我总觉得自己被盯着，有点害怕。,3
H20,您是否担心妻子未来可能继续做出这样的行为？,我觉得她可能在故意针对我。,3
H20,会不会觉得别人在讲自己的事情？,有时候会有这种感觉。,3
H20,你是否常常怀疑别人对你的意图或有偏执的思想？,"有时候会，感觉大家对我有敌意。",3
H20,这些都是可以通过一定的心理调整来改善的。您在参与社交活动中，会不会感到由于环境或他人而产生偏执或不信任的心理？,嗯，有时候会觉得大家都在议论我。,3
H20,那她的行为是否让你对与他人合作的动机产生过怀疑呢？,是啊，总觉得他们在背后议论我。,3
H20,看起来他在行动上还是克制的。有时候面对这些行为，你会感到不安或者担心他可能有想法吗？,我总觉得他在背后策划些什么，感觉不太安全。,3
H20,可以理解，这种挫折感会影响对未来关系的态度。你有没有怀疑过他的动机，特别是他现在仍联系你时的动机？,他联系我可能有目的，我有点担心。,3
H20,你在努力中，已经很不错了，给自己多一点鼓励。你会怀疑他人对你的评价，或者认为他们对你不友好吗？,嗯，有时候我会觉得别人故意针对我。,3
H20,你是否对她曾经与前任的关系产生了过度的猜疑或妄想？,可能吧，我总觉得她和前任有秘密。,3
H20,在反复思考戒掉手淫的问题时，你是否出现过类似偏执的想法和疑虑？,有时候觉得有人在故意让我陷入这种循环。,3
H20,他是否有提到过对自己或生活状况有不切实际的担心或怀疑？,嗯，有时候会觉得别人对我有敌意。,3
H20,除了这些，你对其他事情也会担忧吗？如公司的看法或安排？,公司肯定在背后议论我，安排也都针对我。,3
H20,那在这些时刻，你是不是过多地担心他人的想法，甚至怀疑他们可能有意忽视你？,是啊，总觉得大家都在议论我。,3
H20,害怕他人的看法是很普遍的。你是否担心同学对你的表现可能产生负面的看法？,他们可能在背后说我坏话。,3
H20,我能理解这种感觉。你有没有因为这种情况感到一种嫉妒或者敌对的感觉呢？,有时候会觉得大家都在针对我。,3
H20,只要你表达出自己真实的感受，或许会带来转变。在他的态度中，你是否察觉到任何关于责任感的欠缺？,我觉得他故意忽视我的感受。,3
H20,嗯，在处理婆媳关系时，您会否有过怀疑婆婆意图的想法？,嗯，有时候会怀疑她在针对我。,3
H20,保持冷静是件不容易的事，你真的已经在尽力了。当他们讲话时觉得他们有意针对你，怀有偏见吗？,是啊，我感觉他们真的针对我。,3
H20,这是一种自我保护的方式，但可能同时也阻碍了我们与他人建立更好关系。,你是说有人在故意阻碍我？,3
H20,这种不信任是因为怀疑他人的动机吗？,嗯，有时候会觉得别人对我不怀好意。,3
H20,我明白。在社交互动中，有时候信任也会受到挑战。你会有这种感觉吗？,有时我觉得他们在背后议论我。,3
H20,那你最近有没有过像被害妄想或者感觉被他人恶意对待的体验呢？,嗯，有时候会有这种感觉。,3
H20,好样的！面对快速变化的社交软件恋爱环境，是否也感到过疑虑或不安？,他们是不是在监视我？总感觉有阴谋。,3
H20,这种偏执的行为有没有更严重的体现，比如怀疑他人或感到被监视的感觉？,嗯，有时候会觉得被盯着。,3
H20,有信心是重要的第一步。那你对未来有过类似假想的担忧吗？,未来总觉得有人在暗中针对我。,3
H20,情绪随着时间变化很有趣，有时早晚情绪不一样是正常的。对于和同学的相处，你是否有时会怀疑他们对你的动机？,是啊，有时候会觉得他们好像在针对我。,3
H20,你曾经有过一种感觉，觉得别人可能对你有敌意吗？,有时候会觉得大家都在针对我。,3
H20,这说明您正在取得进展，意识到这些是第一步。继续保持这一进程，逐步改善。您是否有感觉到被他人侵犯或监视的情况呢？,嗯，有时候会觉得有人在盯着我。,3
H20,你在这样的情绪波动时会不会质疑自己的价值呢？,有时候会，感觉大家都在针对我。,3
H20,有时候，我们需要一些外部的帮助来对抗这样的情绪。与家人的沟通困难，您觉得主要是因为他们的态度难以理解或接受吗？,有时候感觉他们故意针对我，不理解我。,3
H20,那觉得别人在讲自己的事情啊，或者是想东想西的那种感觉呢？,有时候会觉得别人针对我。,3
H20,在这些疑虑中，你有没有觉得老公可能在隐瞒一些事情呢？,可能吧，我总感觉他有什么秘密瞒着我。,3
H20,很好，您不是一个人。 请问，有时这些事情是否让您觉得对现有的人际关系产生怀疑呢？,有时候会觉得别人对我有敌意。,3
H20,理解。你有没有因为对方和其他人交往而觉得嫉妒呢？,有时会觉得他们在背后说我坏话。,3
H20,那在这些时刻，你是不是过多地担心他人的想法，甚至怀疑他们可能有意忽视你？,说实话，我确实有过这样的想法，甚至觉得自己被针对了。,2
H20,您是否担心妻子未来可能继续做出这样的行为？,是的，我总是有这样的担忧。,2
H20,是的，这种精神上的疲惫感我们必须重视。对老同事的所作所为，你有没有感到对他们的不信任或怀疑？,是的，我已经不再信任他们了。,2
H20,面对这样的感觉，有没有觉得自己特别，以至于担心被人针对？,这确实是我的一个担忧。,2
H20,可以理解，这种挫折感会影响对未来关系的态度。你有没有怀疑过他的动机，特别是他现在仍联系你时的动机？,我经常怀疑，不知道他到底想从我这里得到什么。,2
H20,在伴侣争论时，有没有感到被世界误解或者不受支持？,绝对有，我常觉得没人能理解我的处境。,2
H20,这可能会让你感觉到一种被疏远的偏执感，你认为呢？,是的，我很怀疑自己还能否恢复到过去的状态。,2
H20,青春期的情绪波动是正常的，但我们需要关注自己的情绪状态。你觉得你的这种情绪是否超出合理范围，影响到你的学习和生活呢？,肯定有一些影响，我的心情已经严重影响到我的学习。我害怕中考后再也见不到他了。,2
H20,他是否有提到过对自己或生活状况有不切实际的担心或怀疑？,有的，他总在怀疑自己的工作能力和未来方向。,2
H20,哇，这确实让人感到不公。你觉得家人对你存在不公平吗？,太不公平了！有时候我都怀疑我是不是他们亲生的。,2
H20,"对于这些不好的回忆，是否让您常常感到紧张或者有其他的身体反应？ ,",确实有，时常心跳加速。,2
H20,在这些疑虑中，你有没有觉得老公可能在隐瞒一些事情呢？,我不是很确定，但有时觉得他没有完全坦白。,2
H20,这些是常见的反应。经过这些经验，您觉得领导对您有偏见吗？,是有这样感觉，尤其是当他公然在群里发泄情绪。,2
H20,她這樣的行為，會不會讓你感受到某種程度的偏執症狀呢？,有的時候我覺得她有一種敵意，她覺得所有人都對不起她。,2
H20,交流中是否有时候感到自己思维或判断上比较偏执？,可能有吧，尤其是当觉得她们针对我时。,2
H20,有时候被不被理解的感觉可能带来疑虑吗？,确实有，我对身边的人也感到不信任。,2
H20,您有提到他的讲话不算数，您对他是否会有些疑虑呢？,是的，我怀疑过他对我的诚意和投入度问题。,2
H20,你是否对她曾经与前任的关系产生了过度的猜疑或妄想？,是的，总觉得她可能还对我有所隐瞒。,2
H20,在应对生活中的挑战时，您有特别强的不安全感或对亲近关系的怀疑吗？,是的，我觉得很难相信身边的人。,2
H20,那你最近有没有过像被害妄想或者感觉被他人恶意对待的体验呢？,有时候我会这么觉得，尤其是在学校。,2
H20,这么长时间啊，真是辛苦你了。你有过强烈的担忧或对某些事情感到偏执吗？,我会怀疑妈妈和每个接近她的男人。,2
H20,这种怀疑是否影响到你对其他人的信任呢？,是的，我有时候觉得不能相信任何人。,2
H20,这些感觉真的很不容易。你还提到她们对你的评价，让你有不信任的感觉吗？,我很怀疑她们说的每一句话，总是觉得好像含有别的意思。,2
H20,这种沟通里的反复和疑虑也会增加我们的焦虑感。你有没有觉得，对方可能在怀疑或者不信任你所说的内容？,是的，我总觉得他们可能觉得我在胡说八道。,2
H20,关于他的行动有没有让你产生怀疑的因素？,有，我不太确定他说的是真话。,2
H20,你提到常觉得自己受到了不公平对待，这是否对你建立新友谊造成抵触情绪？,是的，我担心再受到伤害更不想主动走近他人。,2
H20,言语活动加快可能是因为内心的紧张和希望被理解。慢慢来，通过练习可以减缓这种速度。在未来恋爱中，你有没有可能的担心或怀疑情绪呢？,是的，我担心将来会不会遇到不真心对待我的人。,2
H20,这样感觉一定很难受。你是否经常感到别人可能在误解你或动机不纯呢？,经常会这样想，所以感觉很不安。,2
H20,她的这种态度让您感到不安或者疑惑吗？这对你们的关系有什么影响吗？,我真的有些怀疑我们是否能继续这样的关系。她说话总是那种命令的语气。,2
H20,害怕他人的看法是很普遍的。你是否担心同学对你的表现可能产生负面的看法？,一直都很担心，在课堂上常常压抑自己。,2
H20,在这种情境下，听起来像是自我保护的倾向。你有没有因为这些事件而怀疑或揣测其他同学的意图和动机？,是，我越来越不敢信任别人了，总觉得他们背后有什么想法。,2
H20,理解。你有没有因为对方和其他人交往而觉得嫉妒呢？,是的，尤其是他跟那个女孩在一起的时候。,2
H20,是否曾感到焦虑或因为目前状况感到有些偏执或夸大的想法？,有时会觉得自己被逼得无路可逃。,2
H20,这种状况让你感到很不安，对吗？他是不是有时候表现出强烈的情绪波动，比如突然的愤怒或者紧张？,是的，每次我们尝试对话，他的态度会突然改变，从平和到愤怒。,2
H20,你是否有注意到自己对丈夫或其他人的态度变得怀疑或不信任？,是的，我对他有很多疑虑。,2
H20,您提到过害怕朋友不喜欢你。您是否感到朋友可能在背后谈论您或者对您不满？,是有这种担忧，害怕他们在背后议论我。,2
H20,调节生活作息可能在这过程中发挥作用。听您讲这些，对母亲的威胁方式是否让您感到有人在针对您？,有时候有这种感觉，尤其是独自反思的时候。,2
H20,您看，像这样的认知还挺常见的。那么您在与朋友的关系中有没有过特别的怀疑或偏执的感觉？,经常觉得他们会误解我。,2
H20,那她的行为是否让你对与他人合作的动机产生过怀疑呢？,嗯，我忍不住开始怀疑，她是不是故意针对我。,2
H20,您的情感需求可以在咨询中被更多地关注。在这段过程中，是否有对这种工作环境产生不信任感？,有时候，我怀疑自己是不是被排斥了，总觉得在公司没有一席之地。,2
H20,那会让你感觉被背叛和孤立无援吧？这种经历是否引发了对他人的不信任？,是的，现在很难再相信别人，总觉得他们会伤害我。,2
H20,的确，这种反复思考会让人感到疲惫。在家人和工作之间做选择并不容易。你对这段关系中的信任问题有过担忧吗？,是的，我不太信任他，总觉得他的想法和行为有问题。,2
H20,您觉得别人在议论您或对您不满吗？,有时候有这种感觉，经常疑神疑鬼。,2
H20,看起来他在行动上还是克制的。有时候面对这些行为，你会感到不安或者担心他可能有想法吗？,在某些时候会有这样的担心，他之前也承认过一瞬间有过打我的想法。,2
H20,这种伤害感让你开始怀疑或者不信任别的人了吗？,确实有这个念头，总是提防别人。,2
H20,你是否有时候感到父母对你存在偏见？,是的，觉得无论我怎么解释，他们都不理解。,2
H20,在回忆这段关系时，是否有怀疑和不信任的感受呢？,是的，总有一种被背叛的感觉，无论他怎么说。,2
H20,很好，您不是一个人。 请问，有时这些事情是否让您觉得对现有的人际关系产生怀疑呢？,有过这种感觉，不知道该信任谁。,2
H20,这种矛盾的体验肯定让你感到非常不安。有时会怀疑他人的动机吗？,是的，我几乎不敢完全信任任何人。,2
H20,听到这样的情况，我能理解您承受的巨大压力。您与母亲长期的关系是否让您产生过度担忧，或是对她的行为的不信任？,没错，我总是担心她会做出什么不好的事情。,2
H20,这显然让你感到不安。那时候，你是否感到过任何偏执或被害妄想的想法？,确实有，我总觉得他故意针对我。,2
H20,这种不信任的感觉一直伴随着您吗？您是否对父亲的表现有怀疑的态度？,是的，我常常觉得他没有真正关心我，只是想表现给别人看。,2
H20,你是否常常怀疑别人对你的意图或有偏执的思想？,也许有，有时候觉得每个人都对我有防备。,2
H20,你曾经有过一种感觉，觉得别人可能对你有敌意吗？,确实有过这种感觉，这让生活更难以应对。,2
H20,能体会到这对你来说是很大的打击。想到那一刻，你对他的忠诚度有怀疑吗？,当然会怀疑的，那时心里充满了不安和愤怒。,2
H20,有时候，我们需要一些外部的帮助来对抗这样的情绪。与家人的沟通困难，您觉得主要是因为他们的态度难以理解或接受吗？,他们觉得我总是没用，我也不理解他们为什么要这么想我。,2
H20,不要灰心，我们可以继续探索其他可能的方法。关于你以前的经历，你说到过的校园和网络暴力，这是否让你感到世界对你充满敌意呢？,是的，经历过那些事件后，不再很信任周围的人。,2
H20,你在努力中，已经很不错了，给自己多一点鼓励。你会怀疑他人对你的评价，或者认为他们对你不友好吗？,有时会怀疑，但又不确定是否自己多心了。,2
H20,那么，这会不会让您觉得自己有些偏执呢？,可能是吧，我就觉得很多事情都看透了。,2
H20,经常感到未来没有希望，也是抑郁的表现 。你有没有怀疑别人怎么看待你，或者对你不太信任？,是的，常觉得他们可能对我有某种成见。,2
H20,这个意识说明你对自己情况有一个初步的了解。你有没有觉得这些经历让你对世界产生怀疑？,我有时候不确定周围的人对我的真实态度，尤其是男生。,2
H20,你的婆婆在家庭中，会不会有一些比较强烈的控制行为呢？,是的，她有时候会控制得很厉害。,2
H20,那是很好的一个发展方向！对你而言，父亲在矛盾中是否做出合理判断呢？,不，他从不就事论事，总是偏袒。,2
H20,这无妨，能表达出内心的所感所想就是很好的开始。对于艺术学习的遭遇，你是否感到对社会有不信任感或偏执感？,是的，我开始觉得每个人都有所图。,2
H20,在回忆过程中，你对过去的经历有什么偏执或不信任感吗？,有时候会觉得对方的行为是一种操控，但也不完全确定。,2
H20,你是否经常因为担心他人对你的评价而避免与人交流？,是的，我总觉得别人会笑话我。,2
H20,保持冷静是件不容易的事，你真的已经在尽力了。当他们讲话时觉得他们有意针对你，怀有偏见吗？,可能是吧，他们总是那么盯着我，像是在寻找我的缺点一样。,2
H20,家人的理解的确能缓解很多情绪上的困扰。那与亲人相处时，你有没有怀疑他们关心的真心？,我不确定他们是否真心，无法从他们那里感受到帮助。,2
H20,我明白，这种纠结让人很难过。对于你对男友态度的信任怎么样呢？,有时候真的不确定他是否对我诚实。,2
H20,当你情绪化时，是否有时候也会因为别人的言行感到被误解或感到敌意？,是的，我总是觉得别人不理解我。,2
H20,关于这位同桌的事，你有什么具体的想法或者感受吗？,我觉得我们相处得不错，关系还行。,2
H20,这样的环境中成长，确实不容易。父亲那些抱怨和极端的言辞对你有些什么影响呢？,老觉得自己做得不够好，很压抑。,2
H20,认识到这一点是重要的，可以帮助我们更好地理解自己。有没有想过有些外部因素影响了你的情绪，而不是内在原因？,可能是吧，周围发生的事经常影响我。,2
H20,在此时，您会不会怀疑自己对他人的信任？,有时候会，不过我还在努力相信。,2
H20,反思当然很重要，但不要过于苛责自己。您提到害怕别人说您装样子，这种感受会经常发生吗？,是啊，我总觉得别人会误解我。,2
H20,明白，有时需要一点时间和空间来理清思路。你是否对未来怀有过多的忧虑和妄想呢，例如关于你们的关系方向？,是啊，有时候会想太多。,2
H20,这会让你感到不信任他们吗？,嗯，有时候会有点怀疑。,2
H20,那那种会不会想东想西，觉得别人在讲自己的事情？就撇开这件事情,可能会吧，有时挺敏感的。,2
H20,除了这些，你对其他事情也会担忧吗？如公司的看法或安排？,其实我都挺在意的，尤其是公司的事。,2
H20,慢慢积累小成功很重要，另外，是否曾有过对周围事情的怀疑或不信任感呢？,有时候会怀疑，但我会努力相信。,2
H20,会不会因此感到有些偏执呢？,可能会有点，但我在努力平衡。,2
H20,这会让你感到被排斥或者误解吗？,有时候会，感觉被孤立。,2
H20,没关系，我相信沟通可以帮助解决一些误会。那么这件事让您对丈夫的感情产生了什么样的怀疑吗？,嗯，有点怀疑他的诚意。,2
H20,这种自我怀疑确实会让人难受。在与朋友和同学的交往中，你有没有感觉到对对方的意图或行为有过度怀疑或敏感？比如，觉得他们故意忽略你的感受？,有时候会觉得他们不是很在意我。,2
H20,这种情况听起来很难受。你有想过这个同学的行为是不是对你的一种暗示呢？,嗯，有可能吧，我也在想这个。,2
H20,有信心是重要的第一步。那你对未来有过类似假想的担忧吗？,可能性很多，但我尽量不让自己担心。,2
H20,太好了。你知道自己有能力做好任何事情。你是否会担心周围同学背地里议论你，这种担忧是否影响到你的生活？,有时会担心，但我尽量不去想。,2
H20,而你的成长环境，特别是住在三姨家时，有没有让你对人际关系产生过不信任感？,可能有吧，总觉得人际关系挺复杂的。,2
H20,您对这段体验非常真诚，值得尊重。接下来我们可以探讨更多的应对方式。您经常感到对父母的交流困难吗？,是啊，和他们聊起来总有点障碍。,2
H20,会不会有觉得好像别人总是会讨论自己的事或盯著自己看的感觉?,有时候会有这种感觉，挺烦人的。,2
H20,你提到害怕被人发现自己的秘密，这是常见的担忧。最近有没有偏执的想法？,嗯，有时候会觉得朋友们在背后议论我。,2
H20,这种困惑的感受是可以理解的。那么有时会觉得她对孩子的态度有偏执的倾向吗？比如对孩子的行为有过度的推断？,是啊，有时候她会想太多，担心过头。,2
H20,你觉得他对你的攻击是基于误解吗？,嗯，我觉得可能有些误会。,2
H20,从自身状态出发，保持自我觉知是第一步。你有感觉老师或同学对你有偏见或误解吗？,嗯，有时候感觉他们不太理解我。,2
H20,不愿意主动接触异性，这有可能是出于对自我保护的心理。你是否对自己的性取向产生怀疑或不信任感呢？,我觉得自己还在摸索，可能是保护自己的方式吧。,2
H20,很多时候，压力会掩盖真实的情感需求。但是这种对朋友的敏感评论会不会特别影响你对其他人的信任？,有时候会，但我尽量去理解。,2
H20,大部分学生都面临过类似情绪，我们一步一步来解决。你有没有怀疑过同学背地里策划或讨论你？,有时会这样想，感觉他们在背后议论我。,2
H20,新环境里的不信任是正常的，你会时常对新人和新环境感到怀疑吗？,有时候会，但慢慢适应就好了。,2
H20,那会不会想东想西啊，觉得别人好像在针对你啊等等的？,有时候会这样想，挺烦的。,2
H20,在社交上感觉无助和孤独也是常见现象。你一直觉得别人对你抱有敌意或者怀疑的想法吗？,是啊，我总觉得大家好像不太喜欢我。,2
H20,任何改变都应该被尊重和鼓励，那我们就一步一步来吧。你有没有对父母有一些偏执或者不合理的猜疑？,有时会觉得他们在密谋对付我。,4
H20,这么长时间啊，真是辛苦你了。你有过强烈的担忧或对某些事情感到偏执吗？,有时候感觉有人在监视我，挺吓人的。,4
H20,是的，保持积极的心态很重要。当你回到熟悉的老家环境时，是否感觉自己在某些程度上又像在被观察或审视？,在老家总感觉有人在偷偷观察我。,4
H20,确实友谊很难得。在处理这件事的过程中，您是否对友情的信任感有所改变呢？,有时感觉朋友背后在说我坏话。,4
H20,我明白。在社交互动中，有时候信任也会受到挑战。你会有这种感觉吗？,有时候感觉他们在背后说我坏话。,4
H20,很好，运动和社交能帮助你调节情绪。你提到瞒着所有人出轨，这是否让你有担心被发现的恐惧？,总觉得有人在暗中监视我，特别是她。,4
H20,那是很好的一个发展方向！对你而言，父亲在矛盾中是否做出合理判断呢？,其实我觉得父亲可能有隐藏的动机。,4
H20,期待也是好事情，但同时，也要对自己的人身安全负责。你觉得联系他后有没有必要再谈谈这些不安的想法呢？,我觉得他可能在暗中监视我。,4
H20,这种伤害感让你开始怀疑或者不信任别的人了吗？,嗯，有时候会觉得大家都在针对我。,4
H20,那在这些时刻，你是不是过多地担心他人的想法，甚至怀疑他们可能有意忽视你？,有时候会觉得他们故意针对我。,4
H20,你提到害怕被人发现自己的秘密，这是常见的担忧。最近有没有偏执的想法？,有时觉得周围的人在偷偷议论我。,4
H20,接纳自我并不代表完美，而是承认自己的优缺点。你所认为的不足是否影响到你与他人的关系？,我感觉他们可能在背后议论我。,4
H20,害怕他人的看法是很普遍的。你是否担心同学对你的表现可能产生负面的看法？,"我总觉得他们在背后说我坏话。",4
H20,这些都是不错的选择，我们的目标是慢慢找到让自己舒适的方法。有没有在说出感受时觉得父母无法理解而让你心有堵塞？,有时候觉得他们不理解我，像是故意不想听。,4
H20,了解。这种情况下有没有感到她对你的行为产生不信任？,她总觉得我在背后搞什么，所以有点怀疑。,4
H20,这次交谈让你怎么感觉呢？,感觉有点不安，好像有人在监视我。,4
H20,不客气。你目前时常怀疑别人对你有偏见或者敌意吗？,嗯，有时候会觉得别人对我有敌意。,4
H20,这种怀疑是否影响到你对其他人的信任呢？,"是啊，有时候觉得大家都在针对我。",4
H20,您提到有被害妄想的感觉，这种情况是否经常出现？,嗯，有时候会觉得被人针对。,4
H20,这种状况让你感到很不安，对吗？他是不是有时候表现出强烈的情绪波动，比如突然的愤怒或者紧张？,有时候感觉他好像在针对我，真的很害怕。,4
H20,在这样的情况下，和我聊聊有没有人理解你的内心挣扎，对你来说重要吗？,有时候觉得没人能真正理解，总感觉背后有阴谋。,4
H20,看起来他在行动上还是克制的。有时候面对这些行为，你会感到不安或者担心他可能有想法吗？,有时我会担心他在暗中策划些什么。,4
H20,这种情况还蛮复杂的。他有没有可能有不切实际的妄想或偏执的想法呢？,可能有吧，有时感觉被针对。,4
H20,这些都是可以通过一定的心理调整来改善的。您在参与社交活动中，会不会感到由于环境或他人而产生偏执或不信任的心理？,有时候觉得大家好像都在针对我。,4
H20,而你的成长环境，特别是住在三姨家时，有没有让你对人际关系产生过不信任感？,"有时会觉得他们在背后议论我。",4
H20,如果有了明确的计划，也许你能更有信心面对老板呢。你和上司交流时有困难吗？,有时候我觉得老板可能在背后密谋些事情。,4
H20,好的，这也是改善情绪的一种方向。在与人相处时，你感到警觉或不信任吗？,有时候会觉得别人对我有敌意。,4
H20,能理解你这样的感觉，一个人对自己的行为产生怀疑可能会带来很多困扰。愿意和我分享，这种想法是如何影响你的日常生活的吗？,总觉得有人在监视我，影响正常生活。,4
H20,我能理解这种感觉。你有没有因为这种情况感到一种嫉妒或者敌对的感觉呢？,有时候会有，总觉得有人在针对我。,4
H20,认识到这一点是重要的，可以帮助我们更好地理解自己。有没有想过有些外部因素影响了你的情绪，而不是内在原因？,可能是某些人故意在左右我情绪。,4
H20,这是正常的，每个人的感情问题都不同。你会不会担心别人怎样看待这件事情？,是的，我总觉得他们在背后议论我。,4
H20,在社交上感觉无助和孤独也是常见现象。你一直觉得别人对你抱有敌意或者怀疑的想法吗？,是啊，总觉得大家在背后议论我。,4
H20,太好了。你知道自己有能力做好任何事情。你是否会担心周围同学背地里议论你，这种担忧是否影响到你的生活？,有点担心，总觉得他们在计划什么。,4
H20,反思当然很重要，但不要过于苛责自己。您提到害怕别人说您装样子，这种感受会经常发生吗？,总感觉有人在背后说我坏话，真的很烦。,4
H20,她对其他人的意图或你对她的爱有过怀疑吗？,是啊，她总觉得我在骗她。,4
H20,那她的行为是否让你对与他人合作的动机产生过怀疑呢？,有时候觉得他们在暗中针对我。,4
H20,那那种会不会想东想西，觉得别人在讲自己的事情？就撇开这件事情,有时候会觉得别人总是在议论我。,4
H20,除了这些，你对其他事情也会担忧吗？如公司的看法或安排？,公司可能在监视我，我总感觉有人盯着我。,4
H20,那一定很痛苦。这样的事件可能让你对她产生怀疑，对吗？你会不会对人际关系产生不信任？,有时候感觉她在对我图谋不轨。,4
H20,这种不信任是因为怀疑他人的动机吗？,可能是我觉得大家都在针对我。,4
H20,家人的理解的确能缓解很多情绪上的困扰。那与亲人相处时，你有没有怀疑他们关心的真心？,有时会怀疑他们背后有别的动机。,4
H20,会不会觉得好像别人有时候都是在针对自己啊？或是想东想西？,有时候真的感觉大家都在针对我。,4
H20,是的，这种精神上的疲惫感我们必须重视。对老同事的所作所为，你有没有感到对他们的不信任或怀疑？,有时候感觉他们在背后讨论我。,4
H20,这显然让你感到不安。那时候，你是否感到过任何偏执或被害妄想的想法？,嗯，有时候会觉得别人针对我。,4
H20,那你最近有没有过像被害妄想或者感觉被他人恶意对待的体验呢？,有过，时不时觉得有人在暗中针对我。,4
H20,青春期的情绪波动是正常的，但我们需要关注自己的情绪状态。你觉得你的这种情绪是否超出合理范围，影响到你的学习和生活呢？,有时感觉周围人都在议论我，挺困扰的。,4
H20,这种矛盾的体验肯定让你感到非常不安。有时会怀疑他人的动机吗？,是啊，有时候我真觉得他们在算计我。,4
H20,听起来这些情况也可能增加了心理上的压力。这样的不信任和多疑有没有让你感到偏执呢？,有时候会觉得有人在监视我。,4
H20,这是一种身体对焦虑的自然反应。在情绪波动期间，是否有时会觉得被世界或其他人误解，甚至被逼迫自己？,嗯，有时候觉得大家都在针对我。,4
H20,沟通和社交支持都是好的选择。那么，在思考这些时，你有没有怀疑过他可能会再次出轨吗？,嗯，我总觉得他背着我做些什么。,4
H20,妹妹这种行为是否表明她对家庭关系有不安全感呢？,我觉得她可能觉得有人在针对她吧。,4
H20,理解。你有没有因为对方和其他人交往而觉得嫉妒呢？,有时候觉得他们背着我在计划什么。,4
H20,听起来就像真的很耗费你的情感能量呢。你认为这种状态是因为对男友失去信任吗？,可能是吧，总觉得他背后在搞什么。,4
H20,您的情感需求可以在咨询中被更多地关注。在这段过程中，是否有对这种工作环境产生不信任感？,有时觉得有人在暗中操控，不太敢信任。,4
H20,这种困惑的感受是可以理解的。那么有时会觉得她对孩子的态度有偏执的倾向吗？比如对孩子的行为有过度的推断？,有时会觉得她对孩子过于敏感，好像有点被害妄想。,4
H20,能体会到这对你来说是很大的打击。想到那一刻，你对他的忠诚度有怀疑吗？,有时候会觉得他可能在背后搞事情。,4
H20,从自身状态出发，保持自我觉知是第一步。你有感觉老师或同学对你有偏见或误解吗？,我觉得他们总在背后议论我，想让我难堪。,4
H20,不用谢，照顾好自己最重要。你有没有怀疑过她，说的话是不是真实的？这种不信任感是否影响到你对其他事情的看法呢？,有时候会怀疑，但不敢确定真假。,4
H20,你有没有觉得他的玩笑语气有贬低的意味？,是啊，我觉得他是不是在故意针对我？,4
H20,不要灰心，我们可以继续探索其他可能的方法。关于你以前的经历，你说到过的校园和网络暴力，这是否让你感到世界对你充满敌意呢？,“感觉所有人都在针对我，真的很可怕。”,4
H20,这些是常见的反应。经过这些经验，您觉得领导对您有偏见吗？,我感觉领导总是针对我，可能是想整我。,4
H20,只要你表达出自己真实的感受，或许会带来转变。在他的态度中，你是否察觉到任何关于责任感的欠缺？,"我说出来可能会被误解，感觉他在故意逃避责任呢。",4
H20,是否曾感到焦虑或因为目前状况感到有些偏执或夸大的想法？,嗯，有时候会感觉有人针对我。,4
H20,你是否有注意到自己对丈夫或其他人的态度变得怀疑或不信任？,有时候我觉得他们在背后议论我。,4
H20,这种反应显示你的身体在应对你描述中的恐惧场景。你有没有想到过恐怖的场景会对自己或他人造成威胁？,有时我觉得有人在暗中策划伤害我。,4
H20,明白，有时需要一点时间和空间来理清思路。你是否对未来怀有过多的忧虑和妄想呢，例如关于你们的关系方向？,"有时觉得他在对我隐瞒什么，让我很不安。",4
H20,保持冷静是件不容易的事，你真的已经在尽力了。当他们讲话时觉得他们有意针对你，怀有偏见吗？,对，我总觉得他们在背后议论我。,4
H20,慢慢积累小成功很重要，另外，是否曾有过对周围事情的怀疑或不信任感呢？,有时候会觉得别人对我有敌意，好像在监视我。,4
H20,在回忆这段关系时，是否有怀疑和不信任的感受呢？,有时候感觉对方在瞒着我，甚至想害我。,4
H20,你提到事情都是关于男生，影响了你对她们的看法吗？觉得她们只专注于谈论男朋友而忽略其他重要事项？,我觉得她们在密谋什么，感觉有点不对劲。,4
H20,这个意识说明你对自己情况有一个初步的了解。你有没有觉得这些经历让你对世界产生怀疑？,有时我觉得身边的人都在针对我。,4
H20,你是否对她曾经与前任的关系产生了过度的猜疑或妄想？,嗯，有时候会觉得她在隐瞒什么。,4
H20,那种被误解和偏执的感受曾让您困扰吗？,是啊，总觉得有人在故意针对我。,4
H20,能理解这样的感受，会让人很无奈。,谢谢理解，我有时觉得有人在监视我。,4
H20,在这种沉重的思维中，你有怀疑或不信任他人的动机吗？,有时候会觉得他们在背后说我坏话。,4
H20,这说明您正在取得进展，意识到这些是第一步。继续保持这一进程，逐步改善。您是否有感觉到被他人侵犯或监视的情况呢？,有时候感觉有人在盯着我。,4
H20,是否有曾感到他人对您有不当的评价或有被排斥的感觉？,是的，总觉得他们在背后说我坏话。,4
H20,新环境里的不信任是正常的，你会时常对新人和新环境感到怀疑吗？,有时会觉得他们在背后议论我。,4
H20,在伴侣争论时，有没有感到被世界误解或者不受支持？,有时候觉得整个世界都在反对我。,4
H20,这是一种自我保护的方式，但可能同时也阻碍了我们与他人建立更好关系。,我觉得有人可能在背后策划什么。,4
H20,那会让你感觉被背叛和孤立无援吧？这种经历是否引发了对他人的不信任？,可能吧，我总觉得别人都在针对我。,4
H20,地理距离的确会对关系带来影响。情人的动机有没有让你感到不安？,他是不是在背后策划什么？我很不放心。,4
H20,在反复思考戒掉手淫的问题时，你是否出现过类似偏执的想法和疑虑？,"有时会觉得有人监视我，挺吓人的。",4
H20,的确，这种反复思考会让人感到疲惫。在家人和工作之间做选择并不容易。你对这段关系中的信任问题有过担忧吗？,有时候觉得他们可能在背后议论我。,4
H20,这种情况听起来很难受。你有想过这个同学的行为是不是对你的一种暗示呢？,我有点怀疑他是不是在暗中针对我。,4
H20,在担心的时候，有没有怀疑过周围的人对你的善意？,有时会觉得他们可能不是真心的。,4
H20,那会不会想东想西啊，觉得别人好像在针对你啊等等的？,有时候会，感觉大家都在针对我。,4
H20,每一个努力都是值得肯定的。处理工作和爱情时缺乏自信，会导致你对人际关系怀有不切实际的怀疑或妄想吗？,是啊，有时会觉得大家都在针对我。,4
H20,好样的！面对快速变化的社交软件恋爱环境，是否也感到过疑虑或不安？,嗯，有时会感觉这些软件在监视我。,4
H20,这一定让你感到很难受。你认为父母对你的态度是否影响到你对他们的信任感？,我觉得他们总在背后谋划，信任变得很难。,4
H20,你是否经常因为担心他人对你的评价而避免与人交流？,有时候我觉得他们在背后说我的坏话。,4
H20,你是否有时候感到父母对你存在偏见？,嗯，我觉得他们有时候可能在故意针对我。,4
H20,这挺好的，关键是要找到适合自己的生活节奏。有没有过过分怀疑或认为他人对自己不怀好意的感觉？,有时会觉得别人对我不怀好意。,4
H20,这样的感知会持续影响一个人的自我价值感。有没有觉得自己总是被误解？,总觉得别人故意误会我，好像在针对我。,4
H20,关于与咨询师的沟通问题，你有意识到偏执的想法或固执的思维吗？,嗯，有时候感觉咨询师在针对我。,4
H20,经常感到未来没有希望，也是抑郁的表现 。你有没有怀疑别人怎么看待你，或者对你不太信任？,有时会觉得别人总在偷偷议论我。,4
H20,情绪随着时间变化很有趣，有时早晚情绪不一样是正常的。对于和同学的相处，你是否有时会怀疑他们对你的动机？,有时候觉得同学好像在背后说我坏话。,4
H20,您提到过害怕朋友不喜欢你。您是否感到朋友可能在背后谈论您或者对您不满？,有时候真的觉得他们在背后说我坏话。,4
H20,你提到对朋友提出的话题感到言不对题，是否会因此怀疑他们对你的感受和理解？,有时候会觉得他们故意误解我。,4
H20,你是否担心如果与对方沟通，会出现问题而宁愿不表达？,有时候会觉得对方在背后说我坏话。,4
H23,你是否觉得对这段关系的未来很无助和绝望？,我以前觉得未来的不确定性让我感到很迷茫，但是我觉得家人再给我一些支持我可以自己化解这些想法跟情绪。,1
H23,您已经踏上这条道路了。别忘了多给自己一些鼓励。当您想到未来时，是否会对某些事感到无望或者无助？,有时会，不过谈完后感到好了一些。,1
H23,听起来你对父亲有很深的感情，同时也有些复杂的情绪。你父亲去世后的这些年里，你的情绪是否有所波动，甚至感到绝望或无价值感呢？,是的，有时候会感到这些。但更多的时候我觉得是被他拖累了。,1
H23,自我肯定的确会在这方面帮助你更容易导航人际关系。在这个过程中，你会有失控感或者无助感吗？,偶尔会，不过通过的确是有所提升。,1
H23,你感到失去希望或未来感到无望的时候多吗？,不是特别多，但有时候会有这种感觉。,1
H23,在合唱比赛中，你是否感觉到对自我价值的怀疑或不确定呢？,恩，那是肯定有的。我常常想如果我表现不好怎么办。,1
H23,担心父母的健康和生活质量是很自然的反应。当面临这些挑战，你会感到无助或绝望吗？,有点无助，我不知道该怎么改善这种局面。,1
H23,和同龄人比较确实有时会影响我们的自我认知。你有否因此感到一种无望感？,是的，我觉得有时候自己的想法很幼稚。,1
H23,"值得尝试更多的方法来改善, 你提到别人什么都知道，而自己什么都不知道，这种比较让你失落吗？",确实会有点失落。,1
H23,有没有觉得一切都没有希望或感到无助？,有时候确实这样。,1
H23,你对未来的这种不确定的想法是否让你感到无力或者绝望？,有时候觉得无力，我好像失去了一些对生活的掌控。,1
H23,这种想法似乎反映了一些对自我价值的怀疑。你有对自己目前的状态或行为感到不满吗？,确实，我对一些事情很迷茫。,1
H23,这个担心很真实。当你看待未来的情感生活时，有没有感到担忧呢？,是的，我担心自己会错过一些机会。,1
H23,这样的尝试有时的确令人沮丧，这会让你觉得有绝望或无力的感觉吗？,确实有这样的感觉，至少在尝试戒除的时候是这样。,1
H23,你对未来关系的担心是很正常的。您觉得心中的不安是源于他的哪些具体行为呢？比如说评论别的女生漂亮这件事？,是的，他评论别的女生漂亮让我觉得不舒服。,1
H23,对未来修复关系或者失去这个友情绝望吗？,有一点，但我又不忍心放弃。,1
H23,是的，看到孩子茁壮成长会是一种极大的成就感。您近期有没有感到无望或者对未来没有期待呢？,曾经有过，但想着孩子，就觉得一切都会好。,1
H23,在成长过程中经常不敢表达真实想法，是否让你感到无奈或者自我价值受到影响呢？,是的，我觉得这种情况确实影响了我的自信心。,1
H23,逃避确实解决不了问题。你有没有考虑过其他的方法来处理这种情况？是否觉得容易感到无望？,有时候我觉得无能为力，他的失踪让我更不确定。,1
H23,在感到无助时，你有试着去和谁倾诉吗？,除了老公，我很少和人聊这些。,1
H23,看来这些情绪多数时候都是你自己在承受。你觉得自己在这段婚姻中的意见是否常被忽视呢？,是的，我觉得我的想法常被否定，这让我很沮丧。,1
H23,对未来感到无望或者害怕是自然的反应，改变本身需要时间和勇气。你觉得怎么样，我们可以慢慢尝试吗？,可能是该去尝试了，总这样降低了生活质量。,1
H23,这可能使你更加难以接触支持性社交网。有时候，情绪低落时，有没有过绝望或觉得生活无望的感觉？,说实话，有时候我确实感到生活很困难。,1
H23,放松和自我关照是帮助自己恢复的好方法。你有没有在考虑工作问题时，觉得生活没有方向感呢？,这种感觉不时出现。,1
H23,这种情况可能会让您感到累，但我们可以通过一些步骤慢慢调节。对于这种状况，您觉得自己有没有觉得无望或无助？,有时候真的会这样想，但更多是时候不知从哪里着手改善。,1
H23,或许你可以尝试跟父母沟通，看他们是否理解你的需要。你提到对父母的安排感到不被尊重，请问这是否让你感到绝望或对改变现状感到无能为力呢？,我会试试看，但并没有太大信心。,1
H23,保持平和真的很重要。除了压抑，您是否有其他情绪的波动？比如说情绪低落或者绝望？,我想我有时会有点情绪低落，但是没有绝望，毕竟我还有其他支持。,1
H23,听起来你父亲对你有很多期望和要求，这是否让你感到情绪上很困扰或者感到绝望呢？,确实是的，我真不知道他为什么对我这样的选择有那么多的意见。,1
H23,这些真的听上去让人烦恼，希望您知道您并不孤单，未来有希望的感觉吗？,未来，说不定。希望能过得去。,1
H23,工作上的低落感可能与社交压力密切相关。那您平常有没有感到对未来的社交关系或个人发展没有希望？,我有时候很担心会一直这样下去，会不会改变不了自己呢。,1
H23,紧张反应是身体自然的反应。你认为这些想法是否导致了你对人际关系的一种绝望感呢？,是的，我有时候觉得交朋友没什么意义。,1
H23,您提到对关心的概念感到困惑，这在许多人身上都可以看到。您对未来自己能够理解和区分关心与控制感到担忧吗？,有时候，我会担心自己永远学不会。,1
H23,这是很好的放松方式。当外部条件无法改变时，你是否觉得特别无望？,有些许这样的感觉，但还想尝试坚持。,1
H23,那你有没有一种感觉，生活中的困难会让你感到绝望和无助？,有时候是这样，觉得人生真的好难。,1
H23,这种负担感让人很沮丧。是否觉得有时候无望了？,有时候真的会有这样的感觉。,1
H23,我很欣赏你这么诚实。有没有感觉到在这种状态下，对自己大学能力的信心有些动摇？,是这样子，我会怀疑自己是不是能在大学过得顺利。,1
H23,除了身体不适，这种焦虑感也可能导致强烈的无望感吗？你有过这样的经历吗？,是的，有时候觉得事情无望，不知道该怎么处理。,1
H23,这说明你愿意迎接挑战并努力成长。我注意到你提到有些想退出，但最终选择了坚持，这种选择是否让你感到沮丧过呢？,确实有时候会怀疑自己的决定，怕最后还是达不到目标。,1
H23,这种自我怀疑听上去很折磨人。您会因为质疑善恶而感到无助或绝望吗？,是的，有时候会。尤其是在别人质疑我之后，比如最近在一次咨询中。,1
H23,理解，这是一种挣扎。你有没有感觉过无力或无助？,是的，有时候觉得无能为力。,1
H23,会不会因此觉得自己有些无能为力或绝望呢？,有时候会有这样的感觉。,1
H23,人们常常为了避免痛苦选择保持现状。可是，有时候这会让人感到无助。,真的希望能有所突破，但又不知道怎么做。,1
H23,很好，沟通是很重要的。面对婚姻中的冲突时，您是否感觉到对未来发展感到担忧或者是默认自己没办法改变现状？,我有时会担心未来的走向，但是仍然希望能有改变。,1
H23,那种时候您会感到无望或绝望吗？,不常发生，但偶尔会觉得前途渺茫。,1
H23,认知到这种感觉不一定是真实的，是一个很好的开始啊。你可能常常感到无望，那你常会对生活感到无助吗？,有时候是这样的，尤其在没有人倾诉的时候，会更加无力。,1
H23,太好了，这样也能减轻你的负担。对未来感到绝望或者无力改变现状吗？,感觉有时候无力，但希望努力去改变。,1
H23,你很在意时间的价值，这很重要。你是否对这种关系感到绝望或对未来感到忧虑？,会有一点害怕没有结果，但又不得不面对现实。,1
H23,有时生活方式的改变确实难以掌控。任何事情都让你感到无助吗？,嗯，确实有时候觉得无奈，特别是当生活偏离预期的轨道时。,1
H23,在这些方面，有没有感到无助或绝望感？,是的，有时候觉得事情没法改变。,1
H23,和老师的交流很重要，那对于自己的未来你有没有感到无望或毫无希望呢？,是的，有时感到前途渺茫。,1
H23,那对未来的人际关系，你有些许无望的感觉吗？,是的，现在对交朋友没什么信心。,1
H23,男友的不妥协态度会让你感到无能为力或者绝望吗？,有时候我确实会感到很无助，甚至想过分手。,1
H23,这种心态会让人无形中感到无望。那你有没有考虑过，这份心情是否让你对生活本身感觉没有目标或意义呢？,嗯，我很少对什么事情感到兴奋或热情。,1
H23,失去兴趣可能与消极情绪紧密相连。您是否感到绝望，觉得一切都没意义？,有时确实如此，尤其是在没有任何改变发生的时候。,1
H23,那么，您在与男友的交往中，是否会时常感到情绪低落或无望？,嗯，有时候会觉得有点无望，因为缺乏交流。,1
H23,那种感觉是否有时让你觉得对未来无望，或者没有明确方向？,是，有时候没感觉到特别的希望。,1
H23,这种担心对你来说很真实。在面对社交互动时，这种尴尬和羞愧的情感是否让你感到无力或绝望呢？,是的，我常常会觉得自己好像总是搞砸。,1
H23,听起来你更习惯自己解决问题，内心的脆弱是否让你感到无能为力或绝望呢？,可能是有一点吧，总觉得自己不如别人。,1
H23,找到我们曾经享受的事情有时候会唤醒我们的快乐。这些情感问题是否让你感到无望或绝望？,有时候我确实感到无望，尤其是早上醒来的时候。,1
H23,您是否有感到抑郁或者对生活没有希望的情绪？,偶尔会有无意义的感觉，但一直都这样。,1
H23,在这样的情况下照顾好自己很重要。你提到活着没有意义，这是否让你感到绝望或无望呢？,是的，有时候会陷入这样的情绪中。,1
H23,有没有哪一次，你特别觉得她对你们关系或她自己的价值感到绝望或无助？,有几次她显得很消极，觉得我们不会长久。,1
H23,这种失落感是难以忽视的经历，你有没有因此而感到绝望或前景渺茫？,有时会有这种感觉，尤其是当我看不到任何进展时。,1
H23,专注于过程而不是结果对提升自我认知有帮助。你是否有时候觉得自己无所适从或无望呢？,是的，偶尔会有这种感觉，不过我尽量不去想。,1
H23,理解了这些将会对心理健康的改善有巨大影响。理解自己需要勇气，但相应的行动也能给人动力。在心情低落的这些时候，您有没有出现过对未来感到绝望或无奈的感觉？,是有点绝望，但我不想放弃。,1
H23,是的，这种情况在焦虑中常见。你觉得会继续这样吗？,不知道，有时觉得无能为力。,1
H23,很好。对未来或当前的情况是否感到无望？,有时会有这种感觉，但我会尽量调整自己。,1
H23,焦虑时维持积极的情绪是有挑战的。您有没有感受到对未来感到绝望，没有期待？,确实，比起未来，我更纠结于现在。,1
H23,这种变化让你有产生悲观或无望的感觉吗？,有时会感到无望，但我也觉得找到了真实的自己有一种释放感。,1
H23,你提到孤独的时候，你会不会感到特别无助呢？,有时候会，是很压抑的感觉。,1
H23,这种被忽略的需求，是否会让你感到沮丧或失望呢？,有时候会，感觉再怎么说也没用。,1
H23,太好了！你是否体验到过对未来感到绝望的情况？,是的，我总是怀疑这生活还能不能好起来。,1
H23,这听起来影响很大，您对这种情感波动是否觉得有些无所适从？,是的，尤其是最近知道她怀孕期间身体不适，心里很难受。,1
H23,可能可以尝试一些放松活动来缓解这些焦虑。你对分手的担心是否缘于对未来不确定性的担忧？,是的，不仅是对自己的未来，也很怕对他造成伤害。我还不想伤害这么好的人。,1
H23,是否在某些时刻感到自己对完成打卡任务感到无能为力或一无是处？,是的，尤其是任务多的时候。,1
H23,那么在这些经历后，你的情绪状态是否特别低落或感到绝望？,有时候是的，但我试着调整自己的心态，只是还是有些困难。,1
H23,这就是我们学习的机会。尝试记住一些你和他们谈论的有趣话题，以便在其他场合中运用。那你会不会感到每次想要融入集体环境却感到无望或者对自己的能力失去信心？,是的，我真的想要改善但有时觉得希望渺茫。,1
H23,在感到无能为力或者绝望时，你是否有一些应对的方法呢？,在这样的时刻，我通常会尝试分散自己的注意力。,1
H23,那么，他是否对生活有过无望或无助感呢？,他有时候会觉得现在的生活太单调，但又不愿意改变。,1
H23,您是否觉得这种依赖与他的生活无望感有关呢？,可能有吧，他似乎对改变没有太多动力。,1
H23,临近期末考试，你会觉得这些事情让你觉得绝望或者无助吗？,是的，有时候会想要放弃，可我也希望能坚持下去。,1
H23,这种心态非常重要。未来的挑战也在等着我们，你对这些事件之后是否对未来失去了信心，或怀疑自己能否应对？,偶尔会有这样的想法，但不希望被这些感情牵制。,1
H23,控制情绪是一种成熟的表现。有没有让你感到生活似乎没希望的时刻呢？,我试着不去那样想，但有时候这个念头会闪过。,1
H23,这种反复，你会不会因此感到一丝无望感呢？,确实如此，有时会觉得改善这些情况是无望的。,1
H23,我很理解。看到这些努力未被认可会让人失望。你有没有感到无能为力或者绝望呢？,有时候是有的，因为我感觉怎么做都没有用。,1
H23,你有感到对未来有些无助或缺乏希望吗？,有时候会有这种感觉，尤其是分手之后。,1
H23,听起来似乎你对未来有些缺乏希望感，或者觉得生活没有意义？,是的，我有时候会质疑自己活着的意义是什么。,1
H23,这些因素确实可能给感情带来挑战，在分手时你感到是种解脱吗？,当时真的没那么难过，更像是一场终了的旅程。,1
H23,嗯，这是一个重要的观察。您是否觉得自己对未来的感情或婚姻缺乏信心？,的确有担忧，特别是看到周围朋友都有了稳定的关系后。,1
H23,我觉得你对于很多事情都很认真。现在会不会对未来感到有一些绝望，特别是职业发展方面？,有时候有这种想法，特别是没看到进步的时候。,1
H23,跟父母之间沟通不畅确实让人感到无奈。这种状况会让你感到无助吗？,是的，我常觉得被忽视，我妈几乎不听我说什么。,1
H23,"试着表达你的感受，而不是指责对方，也许会有帮助。顺便问一下, 这种不确定感是否曾让你对这段关系感到绝望？",是的，当我无法理解她时，就会觉得无能为力。,1
H23,保持希望是很重要的。你是否有过绝望或无助的想法，比如觉得只有通过自我伤害才能解脱？,有过这样的想法，但我知道那不是解决问题的办法。,1
H23,你提到不知道该怎么面对这些情绪，这让你觉得无望吗？,有时会觉得无能为力。,1
H23,理解，你以前在感情中付出了很多，却没有好的结果。这是一种很挫败的体验。你是否因此感到无望或绝望？,有时会有一些这样无望的想法。我真的希望能找到一种新的方式来平衡工作和感情。,1
H23,面对工作上的困难，你有没有感到无助或绝望？,有时候会觉得很无力，不知道该如何面对。,1
H23,很好地认知到自己的状态是关键。面对这种情绪时，你有没有想过究竟是要放弃还是努力去克服呢？,我想努力克服，希望不断进步。,0
H23,这种抗拒感是不是有些让你感到无助或绝望呢？,倒没有绝望，只是有种沉重的感觉。,0
H23,意识到不成熟有时是自我成长的一部分。在这种情况下有没有感觉到无望或绝望呢？,没有过，我还年轻，以后会有很多机会遇到合适的人。,0
H23,那我们可以一起来想办法，把这些小目标放到每周来实现，慢慢提升信心。,听起来不错，我愿意尝试。,0
H23,最近有没有因为情绪问题而感到过度担忧自己的健康，或者对生活失去了希望呢？,并没有，只是偶尔觉得生活有些难过。,0
H23,这是一个积极的开始！如果在这个过程中需要帮助，我们都在。,非常感谢。我会继续努力的。,0
H23,这种感觉确实让人不安。 您是否感到绝望或对生活失去了希望？,我不觉得绝望，我的生活也算是有盼头的。我即将去省城读书，那是个不错的学校。,0
H23,这种信念非常重要，有时坚持和耐心是胜利的关键。在这过程中，如果你感到绝望，不要犹豫求助。,好的，我会继续努力的。,0
H23,这会影响到你对未来的一些计划。活着没有意义时，你是否感到绝望或无望？,其实还好啦，我没那么绝望。,0
H23,感觉压力重重，面对不确定性特别希望能找到出路，未来的这种不确定性让你有什么感受？,未来的不确定性让我有点担忧。,0
H23,那这种隔阂是不是让你对两人的关系很绝望？,不会啊，还好啦。,0
H23,情绪激化确实会影响关系，这也可能让你对未来失去信心吗？,不会，我对未来还是有信心的。,0
H23,这些困扰让您觉得自己孤立无援吗？,倒也没有那么严重啦。,0
H23,这是一个很常见的应对方式。你是否觉得自己的能力有时受到怀疑或感觉无助？,不太有这种感觉。谢谢关心！,0
H23,当然，我们都需要给予他足够的支持。从你的描述来看，他在家庭中是否感到被爱？,我觉得他是被爱的。,0
H23,我能理解。你会觉得在这段关系中自己有无助感吗？,不会啦，我还挺好的。,0
H23,看来这件事确实让您有些不安。您有因为这个情况而觉得无助或对未来感到无望吗？,不，这事我还可以应付。,0
H23,有没有过因为这些内心经历感到绝望的时候？,没有，我还好哦。,0
H23,你觉得这种感觉是否有时候让你感到事情毫无改观的希望或者绝望？,其实没有，我感觉还好。,0
H23,很高兴听到你这样说。你最近对事情感到绝望或感到未来没有希望吗？,最近还好，没有这种感觉。,0
H23,这样的感觉会让你感受到无望感吗，认为情况不会有所好转？,没有哦，我还挺乐观的。,0
H23,难怪你会感到压抑。这种内心的冲突会让人失去对生活的热情。你有没有觉得有时候对生活感到绝望？,有时候会有点沮丧，但还好。,0
H23,在我们继续前进之前，我想告诉你，你不是一个人，很多人也有类似的感受。这种经历过后的情绪波动会让你对未来感到绝望吗？,"我还好，谢谢关心，暂时没有这种感觉。",0
H23,这样让你感到对婚姻绝望吗？,不会，只是有时候会有点迷茫。,0
H23,有没有感觉到因为这种情况而产生一些情绪？比如无助感？,没有特别的感觉，挺好的。,0
H23,当你想到核心竞争力时，会感到无望吗？,不会，我没这方面的困扰。,0
H23,睡眠对健康很重要，您可以尝试一些放松技巧。您会否对这种家庭矛盾感到无望或失去信心？,我还好，谢谢关心！,0
H23,这听起来对她的生活影响很大呢。她有没有因为这段关系感到绝望，或者觉得未来一片迷茫呢？,她还好，没有感到绝望。,0
H23,嗯，这种无所谓会不会让你有种生活无望的感觉呢？,不会啦，我还挺乐观的。,0
H23,你能够努力面对，很不错！有没有在某些时刻感觉对未来感到绝望？,"谢谢关心，暂时没有这种感觉。",0
H23,您的担心是可以理解的，但实际上，我们大多时候的感受都会被那些真正关心我们的人所理解。您是否感到生活缺乏意义或目标？,不太会，我觉得还好。,0
H23,对目前的状况是否有绝望或者希望感丧失的体会？,没有这种感觉，现在挺好的。,0
H23,这种情绪是否让您感到绝望或无力？,没有，我还好。,0
H23,你表示害怕死亡但又不想活着，这种矛盾的感受是否让你感到无助或者是绝望？,我还挺矛盾的，但没那么绝望。,0
H23,有时人们需要一些时间去信任治疗过程。你提到过想逃离这个家庭，认为这能帮助你重掌生活吗？,还在思考中，但希望能有所改变。,0
H23,这些担心是很真实的。你会觉得生活缺乏希望或者没有意义吗？,没有啦，我还好，谢谢关心！,0
H23,感受到绝望也是正常的，对于这些负面情绪，你有尝试过什么方法来调整吗？,偶尔锻炼或听音乐，感觉会好点。,0
H23,寻求帮助是对自己负责的表现，这并不会成为负担。你对怀孕的整个过程，是否感到失去了控制，或者感到无能为力？,"嗯，我觉得还好，不是特别失控。",0
H23,家长的不理解肯定让你感到无助。和他们沟通时，你是否感到很痛苦或无奈？,没那么严重啦，我还好呢。,0
H23,继续下去的话，这些情绪可能会进一步影响你的生活质量。你对自己有严格要求吗？,我还好，不太严格。,0
H23,早晨的焦虑确实很普遍，这也会影响一天的心情。您有没有感受到强烈的无助感，或对未来失去希望？,其实没有太强烈的感觉啦。,0
H23,这是否让你有无能为力或绝望的感觉？,没有特别感觉到哦。,0
H23,你是否认为这些情绪是由于对未来的担忧和感情的失落感引起的？,嗯，我觉得可能不是这样。,0
H23,不用客气，您有能力做到的。关于这段婚姻或与另一个男生的关系，您是否感觉有些无助或绝望？,"其实还好，我觉得还能应付。",0
H23,这样的状态是可以理解的，需要时间和耐心来调整。你是否因为这件事情感到无望或者对关系的发展感到绝望？,谢谢关心，我还好，没有绝望。,0
H23,这种行为确实与自我价值感有关，努力被别人接纳未必是唯一途径。,嗯，有道理，我会考虑别的方式。,0
H23,很多人在改变饮食习惯时会这样，你对此会感到情绪低落或绝望吗？,“还好，没有特别低落的感觉。”,0
H23,没办法改变也许让你感到失望。你对目前和老公沟通没有成效有什么感觉？,有点无奈，但还是想试试。,0
H23,面对婚姻问题时，感觉无望是很正常的。你是否对婚姻的未来感到无望？,其实没有，我对未来还挺有信心的。,0
H23,可能是经济压力引发了一些焦虑的症状。 你有没有想过对生活感到无望或者前途渺茫呢？,还好吧，暂时没有这种感觉。,0
H23,您感到对未来无望吗？或者觉得无法改变过去的事情吗？,我还好，对未来还是有点希望的。,0
H23,很多人都对专业帮助有误解，其实它能很好地指导我们提升生活质量。你提到学校生活没有吸引力，这让你感到绝望吗？,嗯，还好啦，只是有时觉得学习有点无聊。,0
H23,明白，这种感觉很多人都有。你对现在的局势丢失希望了吗？或者觉得未来没有改善的机会？,我还好，可能有点迷茫吧。,0
H23,这样的感觉一定让你感到很孤独和无助。你觉得这种感受最近有加剧吗？,最近还好，没有太大变化。,0
H23,能理解这种感受，感到无望时会觉得自己已经无能为力了吗？,暂时没有这种感觉哦。,0
H23,过去的这些经历是很宝贵的。那在你的行动中，你感到无望或无所谓吗？,嗯，目前还好，没有这种感觉。,0
H23,这是个很好的开始。那么，您有没有感受到未来一片渺茫或者无望？,没有啦，我还挺乐观的呢。,0
H23,听你这么说，我很好奇，你会不会感到生活在这些规则间束手无策呢？,不太会啦，我还好哦。,0
H23,目前的处境让你感觉到绝望或无望吗，尤其是关于父母的关系？,没有啊，我觉得还好。,0
H23,您是否有一种对生活产生无望感的感觉？,没这种感觉，还好。,0
H23,工作和自我实现都是抑郁时的重要考量。你是否感到未来没有希望？,没有，我对未来还挺乐观的。,0
H23,是不是这种失望让你觉得无路可走？,没那么严重啦，我还好。,0
H23,这种自我封闭让你感到对未来生活的渺茫吗？,不会，我对未来还挺有盼头的。,0
H23,这些放松方式相信对你会有很大的帮助。那有没有感觉对自己有所怀疑，比如处理这些症状时缺乏信心呢？,嗯，暂时还好，没有太多怀疑。,0
H23,这会让你感到不安或绝望吗？这对你之后的行为有影响吗？,没影响，我还好，谢谢关心！,0
H23,很好，愿意改变本身就是进步。失落感偶尔会让我们感到沮丧，这对你的日常生活有影响吗？,没有太大影响，挺好的。,0
H23,你是否怀疑过自己的能力，甚至对这些感到无望？,没有，我对自己还挺有信心的！,0
H23,听起来似乎你有些孤立无援的感觉，这种状态会不会让你感到绝望？,其实没有绝望，就是有点烦。,0
H23,面临不确定的未来总是让人感到不安，是否对未来的感情生活感到绝望呢？,我对未来保持希望，顺其自然吧。,0
H23,忍耐确实不轻松，偶尔也需要为自己寻找支持。 您是否有过感到对未来无望的时候呢？,我会偶尔感到无望，但还好。,0
H23,这种感觉非常真实。有没有时常感到对家庭现状无望呢？,没有，家庭还挺好的。,0
H23,记录想法确实能帮助你更好地了解自己。你觉得对这些恐惧的感受有很强烈的绝望或无助吗？,不太有这种感觉，记录挺有帮助的。,0
H23,这种情况下，感到无助是正常的。您是否曾经感到无助或绝望，尤其是在想到父亲的行为时？,其实没有感到无助或绝望。,0
H23,从你的说法中可以感受到，你对现在的情况有些想法。在关系疏远后，你有没有因此感到孤立无援或绝望的感觉？,其实还好，我觉得挺正常的。,0
H23,很好。沟通很重要，特别是在涉及健康和未来的时候。你对未来是否感到有些绝望或看不到希望呢？,其实还好，我对未来挺乐观的。,0
H23,这种感受很常见，你或许有点觉得失去安全感和信任。不过，重新开始也是一个选择。,是啊，重新开始也不错。,0
H23,那你在这样的情况下是不是会有绝望的感觉，或觉得事情无法好转？,其实我没有这种感觉哦。,0
H23,很好，开始是迈出的重要一步。有没有偶尔感到无望或觉得努力都是徒劳的时候呢？,没有哦，我一直挺乐观的。,0
H23,由于情绪和身体反应是密切相关的，这种感觉甚至可能加重。有没有对目前的情况感到绝望，仿佛没有出路？,没有，我感觉还好，谢谢关心。,0
H23,不过她现在的态度似乎很坚决，你会因此感到绝望吗？,不会，我还好。,0
H23,在这种情况下，也要回过头来关心自己的状态。这些问题是否让你对未来感到悲观呢？,我还好啦，没有特别悲观。,0
H23,难过的情绪会很大程度上影响我们的生活方式。分手的过程可能会让人感到绝望或无助，你有过这样的感觉吗？,没有特别有这种感觉，可能还好。,0
H23,你提到对未来感觉也不好，有没有感到绝望的时候呢？,倒没有到绝望，就是有点迷茫吧。,0
H23,这段关系对你造成的打击很大。我想确认一下，你对未来生活的看法如何？是否感到有些绝望或无望？,还好，我对未来有信心。,0
H23,你会觉得这可能令你在社交场合变得拘谨或者缺乏自信吗？,不会，我在社交场合还挺自如的。,0
H23,真是不容易呢。孩子现在的作业压力是否让你感到无助或者绝望？,孩子的作业还好，我能应付。,0
H23,理解你的顾虑，可能先发信息会更方便。有没有感到过孤立无援，自己没办法面对当前的情况？,没有感到孤立，还好啦。,0
H23,你的描述让我感受到你承受了不少压力。你提到长期不快乐，这种感觉是否表现为一种持续的生活无望感？,其实，我没有感到那么绝望。,0
H23,内疚很正常，特别是当我们关心一个人的时候。您在考虑让母亲再次入院时感到无助或者绝望吗？,我其实还好，没有特别悲观。,0
H23,你提到婚龄在即却觉得未到结婚时机。这是否让你感到对未来有些绝望？,还好啦，其实我没那么绝望。,0
H23,在你学习画画的那个时期，有没有感受到失败或无力？,其实还好，我觉得挺享受整个过程的。,0
H23,您对未来的迷茫是否让您感到绝望或无助？,是的，确实感到绝望，我不知道未来在哪里。,3
H23,理解。这种情况下你可能会感到无力和绝望，这种情绪在你处理家庭问题时出现的频率高吗？,太频繁了，几乎每次想到我爸的行为和家庭的状况，我就会绝望。,3
H23,那您是怎样理解这种感觉的呢？是否觉得生活中希望较小呢？,是的，我感觉生活没有什么希望，无法从痛苦中解脱。,3
H23,听起来你确实感觉很孤立。讨论离婚时，你是否感到无助或绝望呢？,我感到无助并绝望，不知道怎样才能好好处理这些问题。,3
H23,这些感受很正常，尤其在经历了这么多改变后。这样的绝望感是否常伴你左右呢？,是的，几乎每天都这样。好像再怎么努力也没有用。,3
H23,这种观察让你感到痛苦，也是可以理解的。你是否感到这种困扰让你觉得绝望呢？,是的，那种孤独让我觉得自己会永远这样，无法改变。,3
H23,听起来你当时感到很无助。有没有感到过绝望或无助的情绪？,确实有，那种感觉特别令人窒息，就像深陷泥潭。,3
H23,可能他们自己也不知道如何应对这些问题。父母之间的紧张关系是否让你感到绝望或失去希望呢？,是的，我常常觉得对未来失去了希望，不知道该如何是好。,3
H23,你是否感到生活失去了意义，并因此感到绝望或无助？,有这种感觉，我不想再这样下去了。,3
H23,您是否有觉得对未来无法抱有希望，或者感到没有出路呢？,是的，这种感觉很强烈。,3
H23,这种感到无意义的想法是否伴随着绝望或无助的感觉呢？,我觉得是绝望吧。没有人能让我完全相信他们关心我。,3
H23,我能理解沟通不被理解的失望。你有没有感到过绝望或无助？,确实很绝望，但我只能忍着过日子。,3
H23,这种选择的困难是否让你感到焦虑或无助呢？,是的，常觉得自己被困在一个无法解析的死循环里。,3
H23,这些忧虑会加重心理负担。日常生活中，您有没有对未来失去希望的想法？,我经常想，这样的生活有什么意义。,3
H23,想到您有这样的想法，我真的感到很痛心。您觉得您和未来毫无希望吗？,是的，我从来不觉得未来会有什么美好的事情发生。,3
H23,听起来你对被误解很有担忧。你觉得这种感觉让你感到绝望吗？,是的，我觉得自己无路可走。,3
H23,分手往往会让我们感到未来的无望啊。你现在有这种绝望感吗？,感觉现在生活黯淡无光，不知道该期待什么。,3
H23,这种无望感可能让你感到生活中充满无力感，对吗？,是的，似乎一切都没什么意义。,3
H23,这种绝望的感觉是不是让你觉得特别难以面对未来？,是的，我常常觉得生活没有希望。,3
H23,在这种情况下，感觉无望确实很容易理解。有没有觉得一切努力都是徒劳无功的感觉？,是的，完全就是那种感觉。,3
H23,通过专业的支持，可能更能帮助你理清思路，找到合适的解决办法。是否在这段感情中有过无望感或绝望感呢？,嗯，这种感觉一直都有。我不确定是否还能继续下去。,3
H23,那样的感受让人窒息。有时你会觉得生活没有意义吗？,是的，这是我一直无法摆脱的感受。,3
H23,自我否定是一种需要被理解和照顾的情绪。难免会对生活产生绝望的感觉，你有过这种感受吗？,是的，感觉前途非常渺茫。,3
H23,在寻求医生帮助时，你是否有时会感到无望？,不好意思，这大概是我最常有的感觉。,3
H23,所有这些情绪其实都是我们对关系的期待和失望。你说担心被抛弃，这通常会让人产生绝望或无望的感觉，你现在的情况是这样吗？,是的，我经常担心被抛弃，这种想法让我很绝望。,3
H23,您半夜是否特别感到绝望或没有希望的感觉呢？,对，夜里的时候觉得特别糟糕，没有希望。,3
H23,我们可以一步一步来，不必急于求成。在面对家人时，你是否觉得无助或看不到改善的希望？,对，我真的感到没有希望。,3
H23,这让人感觉很无力，你是否感到无法找到帮助或支持的人，觉得自己孤单无人理解？,是的，我总是感觉孤独无助。,3
H23,紧张和焦虑可能会让我们觉得一切都失去了控制。你是否觉得对自己的状况失去了控制或没有办法改善？,是啊，总是这样，没法改善。,3
H23,情绪问题确实会影响身体状态。您提到情绪特别低落，会感觉到绝望吗？,是的，有时候真的感觉生活无望，甚至有想过自残。,3
H23,这可能是因为心理压力导致的身体反应。您觉得对未来抱有绝望的感觉吗？,是的，我看不到任何希望的迹象。,3
H23,没关系，慢慢来。在这段时间里，你有没有感受过一种对未来的无望感或者绝望感呢？,有这种感觉，非常强烈。,3
H23,对未来是否常常感到没有希望或意义？,我觉得没有任何希望或意义。,3
H23,您提到不敢设想今后的生活，那种感觉深吗？是否有绝望的情绪？,我经常感到无力，眼前的生活和未来都让人失去希望。,3
H23,努力的过程可能伴随着不安，但请相信你的坚持。谈到埃及旅行时，你提到了内心的“酸楚”，这是否让你感到压抑或无力呢？,是的，这让我深感无望。仿佛梦想离我那么远，就像是别人才能触及的事情。,3
H23,感受到理解的缺乏确实让人孤独。你是否对未来感到没有希望或绝望？,是的，很绝望。有时候觉得这样的生活就像一条没有尽头的路。,3
H23,情况我明白了。在这些情绪背后，您有没有感觉到一种绝望或者无力感呢？,确实有。我常觉得自己无法忍受现状，把生活过得毫无意义。,3
H23,低落的心情会让人觉得孤独，有时会影响继续前进的动力。你是否感到生活没有值得留恋的东西或人？,是的，真的不知道生活还有什么值得期待，生活很没有意义。,3
H23,在未来和改变现状的信心上，他又是如何的呢？,他觉得对未来没有希望，也不相信情况会改变。,3
H23,我理解您会觉得难以开启这样的对话。将这些情绪憋在心里是很难过的事情。您是否感到无能为力并对未来失去希望？,是的，经常觉得人生好像这个样子就结束了，没什么值得期待。,3
H23,失去希望确实会让心情变得沉重。有没有感受到生活中的无助感或无法看到未来的希望呢？,是的，对前途无望，甚至有时候会有极端的想法。,3
H23,在这种情况下，您是否对与男友之间的关系感到绝望，或者觉得自己无能为力？,是的，常常感到绝望，好像无论怎么努力都改变不了现状。,3
H23,这种痛苦听起来很深，你会感到绝望或无望吗？,绝望是常有的感受，我不知道还能坚持下去多久。,3
H23,当你回忆这些事情时，你是否感到对未来的失落感？,绝对的。我看不到未来。,3
H23,这样的情况下常让你觉得无价值吗？,是的，很多时候觉得自己被忽略，活得没意义。,3
H23,这种时候容易产生绝望感，在未来有没有希望的想法呢？,目前，我看不到任何希望的迹象。,3
H23,在这样的回忆和情绪下，你有没有感到失去希望呢？有没有觉得什么是困难的，只是再也无法改变了？,的确，我很绝望，觉得生活中很多事情已失去希望。,3
H23,你觉得这种恐惧影响了你的生活质量么？有没有感到生活无望呢？,是的，有时候真的觉得生活没有意义，想要离开这个世界。,3
H23,听上去你感到被孤立，在最需要帮助的时候感到无助。有没有对未来感到尤其绝望的时刻？,是的，尤其在夜里一个人的时候，更加剧烈。我感觉生活没有出路。,3
H23,面对父母的争吵，你会感到无助或者绝望吗？,是啊，我常常会有这种感受，没有办法。,3
H23,如此看来，他需要更多关注和关心。有时候，这种情况会引发人对自己价值的怀疑和无意义感，他有没有表达过类似的想法？,有，他常常说“活着没意义”，让我们很痛苦。,3
H23,可能我们需要找到一个更适合你的方法，慢慢来，你会找到适合自己的节奏。你会不会感到对未来失去希望呢？,说实话，我有点绝望，觉得未来一片黑暗。,3
H23,我还想问一下，你觉得自己在生活和工作中没有自由，这种感受会让你有绝望的感觉吗？,那种感觉确实让人很绝望，常常找不到出路。,3
H23,你在这种家庭环境中会经常感到无助或者绝望吗？,是的，经常觉得没有希望，很压抑。,3
H23,我们需要一起努力找到解决方案。你是否感到无法自救，对未来失去希望？,这种感觉像深渊，我看不到希望。,3
H23,你提到过的愤怒和失望交织在一起。考虑到这些经历，你是否感到一种深深的绝望感，或对未来非常悲观的心态？,是的，我经常感到绝望，未来似乎看不见光明。,3
H23,这么长时间，你有感到绝望吗？,是的，我常常感到绝望。,3
H23,那在花费之后，会感到绝望或者觉得这些消费没有意义吗？,是的，后悔得要命，觉得浪费了很多钱，而自己也没变得更好。,3
H23,您所感受到的无助，是否让您对现状产生了绝望或无力的感觉呢？,有这种感觉，就像无法改变现况，真的很绝望。,3
H23,有没有曾经对生活失去希望或感到无助？,经常会有这样的感觉。,3
H23,你提到了孤独感。这样的时候，你是否也会感到一种深深的绝望或者未来无望？,是的，那种感觉每天都在侵蚀着我。,3
H23,你是否感到对自己或前景感到绝望，或者觉得未来毫无希望？,是的，总觉得走不出去。,3
H23,没关系，我们一点一滴地来。你提到过对未来的无解感，这是否让你感到绝望呢？,绝望就是我现在最大的感受。我觉得看不到希望。,3
H23,这样的感觉真的很不容易。或许我们可以探索怎样帮助您在早晨时渡过这个难关。您提到生活没有乐趣，是否觉得整体生活没有希望或感到绝望？,坦白说，感到绝望是我常常有的感受。有时候我甚至不知道为什么要继续活下去。,3
H23,您是否对家庭问题和您自己的反应方式感到无能为力或感到绝望？,确实如此，长期下来，我非常绝望。,3
H23,那时有过特别严重的情绪上的困扰，比如感到无望吗？,是的，我感觉再怎么努力都是徒劳的。,3
H23,从你的话中，我能感受到你的疲惫和低落。你是不是对未来感到一些绝望呢？,是的，我以前从未感到如此无助，未来看起来一片灰暗。,3
H23,很好！逐渐尝试新方法很重要。你有没有感到对生活或未来失去希望？,是的，未来似乎只是无尽的黑暗。,3
H23,这样的感受会影响你对生活的看法吧？这跟你对未来的期望有没有变化？,是啊，我现在都在想是不是一刀两断，这样的关系真的有变好的可能吗？,3
H23,探索不同的帮助资源是一个好开始。当你最近情绪低落时，你有没有觉得对未来绝望呢？,经常会觉得前途渺茫，什么都做不好。,3
H23,这样可能会带来新的变化。你有时感到对无奈的事情无助和绝望，这感觉重不重？,是的，无时无刻。,3
H23,我理解。这种孤独感会不会让你觉得生活充满了无望或者绝望呢？,是的，尤其是夜深人静的时候，我觉得整个世界都抛弃了我。,3
H23,每个家庭都有自己的难题，但你现在所经历的显然充满挑战。在这样的家庭环境中长大，你是怎么规划自己的生活和未来的呢？,我其实没怎么规划过，因为过去都没有让我有任何希望。,3
H23,这种感受，有多少是因为对现状看不到希望而引起的？,是的，我确实感到绝望，觉得事情没有改观的希望。,3
H23,这种思考是否让你感到未来变得模糊和无望？,是的，我对此感到很恐慌。,3
H23,听起来那是一个让人沮丧的时刻。那次月考之后，你第一次感受到那种崩溃是什么样的？是不是很绝望？,是的，那是一种从未有过的绝望感觉，成绩出来后我大脑一片空白，整晚心情崩溃，身体都在发抖。,3
H23,您提到复读的环境和家庭的不理解给您带来压力，有觉得无望吗？,绝望感是有的，觉得所有努力都毫无意义。,3
H23,面对失败确实不容易。你有时候是否感到对未来失去信心呢？,是的，越是失败越是觉得生活充满了无望。,3
H23,对未来没方向是个很大的困扰。这样的一种失去方向的感觉，是否让您感到绝望或无助呢？,是的，绝望和无助感反复出现，我不知道自己应该怎么办。,3
H23,这样的情况是否让你觉得无助或绝望？,是的，绝望感伴随着每天的生活。,3
H23,这种情况下有时会感到绝望或没有出路，是这样吗？,是的，经常有这种感觉。,3
H23,听起来很沉重，但你并不孤单，我们可以一起摸索出路。你是否在面对这些情况时觉得无能为力或毫无希望？,是的，总是觉得一切都是徒劳。,3
H23,质疑会让人很累呢。您有没有觉得这种不信任感让您对未来感到绝望或无助？,有时候真的会觉得无力，未来好像没什么希望。,3
H23,这种感受真是不容易应对。你会不会觉得与母亲的关系让你感到一种无能为力或无助的心理状态？,有时候真的会有这种感觉，好像看不到希望。,3
H23,理解，人们习惯在压力下缩减个人时间。邂逅一些成就感对于整体心理健康是有好处的。你是否感到前途渺茫或者对未来失去信心？,有时候真的觉得前途一片迷茫。,3
H23,稳定的工作环境能够让人安心。对于找工作的过程中，有没有让你感到更有希望的途径？,说实话，现在真的看不到什么希望。,3
H23,这种不了解如何面对的感觉真的很麻烦。对未来的情况，有感觉到绝望吗？,"有点绝望，不过习惯了，还是得慢慢来。",3
H23,这种困扰会让你感到无能为力吗？,是啊，有时候觉得前路好像没希望。,3
H23,面对这样的角色转换，您有感到无能为力或者无望的情绪吗？,有时候会觉得挺无望的，未来看不清。,3
H23,生活的热情减弱会让人很困惑。关于未来的思考，您曾经感到过一切都是徒劳无功的吗？,是啊，有时候感觉未来真没啥希望。,3
H23,你的经历确实很不容易。在工作中有感到无能为力和绝望的时候吗？,是啊，经常觉得很无力，未来好像没啥希望。,3
H23,您是否对当前的处境感到绝望或者无望？,有时候真的会这样，感觉看不到希望。,3
H23,还想再问一个问题，生活中的不公平是否让你感到自己无法掌控，进而产生较强的无力感？,"是啊，总感觉无力改变现状。",3
H23,您是否觉得对自己的成长和现状有一种无助或绝望的感觉呢？,是的，总是觉得未来很无望。,3
H23,感到无助是正常的，重要的是不要让自己被这种情绪淹没。,我知道，但还是觉得未来一片灰暗。,3
H23,这些思考并不意味着您心理有问题，反而是成熟的表现。你感到生活或未来有过悲观的情绪吗？,是啊，有时真的很难看到希望。,3
H23,表达感受有时并不是为了改变对方，只是让自己的心情轻松一些，这或许值得一试。你会觉得对这些情绪束手无策或者极度失望吗？,有时候觉得说了也没用，还是很无奈。,3
H23,这种变化确实需要引起重视。关于你和男友复合的未来，你更乐观还是悲观呢？这是否影响了你的期望？,我以前从来没觉得自己会走进如此深的不安之中。,2
H23,为一个承诺做出改变需要很大的勇气，你是否感到对未来的无奈？,是的，感觉生活迷茫，我以前的高薪工作也没了。,2
H23,是呢。无论留下还是回去都有重新开始的感觉，这会不会让您感到一种无力或对未来失去希望的感觉呢？,是的，有时候感觉就像绕着圈在走，没太大期望。,2
H23,失败后会不会觉得特别绝望或者无助呢？,是有那种感觉，感觉自己总是在同一个地方跌倒。,2
H23,理解这样的感受。人际交往中，我们常常对他人的态度给自己的影响很敏感。在这种情况下，你会因为他人的拒绝而感到无望或者对未来感到悲观吗？,是的，有时候会感到特别失望，好像未来也不会好转一样。,2
H23,这听起来很让人沮丧。即使面对这些，你是否觉得这段关系让你感到无助或绝望？,是的，相当无助。我真的拔不出来，而且学业压力也很大。,2
H23,这很常见，许多人晚上会有更多的思考时间。你有没有觉得这段时间有更强烈的失落感或者绝望感呢？,有时会，觉得未来没有什么希望。,2
H23,这听起来你非常失落。你会感到绝望或对解决问题没什么希望吗？,是的，我觉得这种关系无望，特别是在精神上。,2
H23,那么你是否在与室友交往中感到无助或者脆弱？,是的，这种感觉经常出现。,2
H23,您提到有时候这些情况让您感到无望或困惑。这种感觉会持续很久吗？,是的，我常常感到生活缺乏方向，觉得自己的意见不被重视。,2
H23,我能体会到这对您来说一定很难。您提到“怨念日益增多”导致和母亲的隔阂。这种情况是否动摇了您对人性和生活的看法？,是的，我开始变得不信任他人，对未来也感到些许悲观。,2
H23,这真是一种烦人的纠结。这时候会不会感觉对未来失去了希望呢？,是的，常觉得没有什么希望，人生很累。,2
H23,这种自责可能会让你觉得有些无力，应对着无休止的牵挂有时会觉得绝望么？,是的，这种感觉让我陷入更深的焦虑。,2
H23,听上去在这段咨询关系中有些许失望和孤独感，是吗？,是的，我觉得被抛弃了。我们本来联系得很好，但后来不知怎么就断了联系。,2
H23,对学习和工作缺乏积极性，这种状态随时间是否可能加重呢？,是的，我觉得似乎越来越严重。,2
H23,这让我想起你是否感到无望或对未来没有希望？,我确实感到无望，但有时候也会好一些。,2
H23,理解你的感受。近来有感觉到情绪低落或者对未来感到无望吗？,有点，尤其是最近分手后，更觉得生活没有意义。,2
H23,我明白这种感受。你是否会觉得压力大到让你感到失去了希望呢？,是的，尤其当各种事情压过来的时候，我不知道该怎么去处理。,2
H23,你提到了父母的态度让你感到孤立无援，这是否让你感到无助或绝望呢？,是的，有时候我会觉得自己无路可走。,2
H23,是对自我表达不太有信心吗？在这方面遇到难处时，要记得时刻保持开放的沟通。是否因为这一系列的变化，导致你在开始任何事情时会感到无力感或者绝望？,是的，有时候真的觉得做什么都没力气，还想逃避。,2
H23,这很棒啊，希望能成为一种动力。面对家庭，你有觉得自己的未来没有控制力吗？,是的，我常常觉得无法改变现状。,2
H23,如果感到压力太大，我们该找些方法来尝试放松。有没有因压力或其他原因感到绝望或无力的时刻？,我昨晚就一直在想这个问题，心情很沉重。,2
H23,你是否常常对未来感到无望，或者认为事情很难有所改变？,有时候会有这种感觉，觉得可能一直是这样。,2
H23,生气是很正常的情绪反应。重要的是要理解在哪些情况下这种情绪会更强烈。你觉得你们之间分手后你仍对他有深深的喜爱，但在情感上的反复让你是否感到对未来失去信心呢？,嗯，我确实感到没那么乐观。虽然我喜欢他，但也开始质疑我们俩究竟能否走到最后。,2
H23,情绪在夜晚变得更强烈是很普遍的现象，或许是环境安静的缘故，让思绪停止了杂念。我们可以一起探讨下如何在夜晚更好地缓解情绪。你在情感反复中或许体验到希望与无望的情绪交织，你是否曾因为这些情绪变化而失去对未来规划的明确性和信心呢？,是啊，我感到自己对未来的规划和信心得到了很大的影响。,2
H23,她在这些时候会表现出绝望或自卑的情绪吗？,会的，尤其当她觉得做得不够好时。,2
H23,她是否因此觉得自己的生活似乎被压在了阴影下？,是的，她觉得这些年的付出没有得到相应的回报。,2
H23,你提到对自己的表现不满意，也常常感到失望，这种感受会不会特别强烈？,是的，我对自己的期待很高，但总是达不到预期。,2
H23,每天想他、无法接受分开的事实，是否觉得对现状缺乏控制感？,是的，我觉得自己完全无能为力。,2
H23,你的情绪听起来很受影响。在你和男朋友的关系中，你是否感到情绪低落或者绝望？,是的，我有时候真的觉得很绝望。,2
H23,你是否觉得自己对这段关系的发展缺乏控制，或者没有看到希望？,确实如此，感觉很无助。,2
H23,他还提到过对未来的看法吗？是不是觉得无望？,他觉得未来没有什么变化的希望，所以有点无力应对。,2
H23,瑜伽的确是一个很好的选择，很适合调节情绪和放松身体。希望你能有时间去尝试！如果你感到无法做到预期的改变，这样会让你感到绝望吗？,有一点吧，觉得自己一直在原地踏步，看不到未来的方向。,2
H23,您感觉与他人沟通时是否常因为缺乏情感元素而倍感压力或无助？,是的，我的同学信任我处理问题的能力，但没有人愿意和我一起相处。,2
H23,你提到与家人联系较少，这是否让你感到少了情感支持的来源？,是的，没人关心我的感受，让我感觉很累。,2
H23,我理解你的沮丧，那种毫无希望的感觉会不会让你对未来感到无望？,是的，现在觉得入学的选择都是错的了。,2
H23,你提到了缺乏安全感。这种不安是否让你感到无望或绝望？,是的，特别是在面对困难时。,2
H23,这种情况下，你有感到无望或者对关系的改善感到绝望吗？,有过这种感觉，觉得关系不知道该怎么变好。,2
H23,这很重要。你觉得对未来感到迷茫吗？是否有时候感觉对生活失去希望？,是的，有这种感觉，未来常常让我感到困惑。,2
H23,这种失去期待感的状态，我们称之为绝望感，你是不是一直感到生活没有意义呢？,嗯，可以这么说，我不太认识其中的意义。,2
H23,很高兴听到你有向前看的动力。在与新朋友相处时，你是否感到无法融入而感到绝望？,是的，那种被排挤的感觉让我很难受。,2
H23,梦境可能反映你的内心深处担忧。在孩子出生后，您是否觉得对未来的婚姻感到绝望或无望呢？,是的，生完孩子后，这种念头经常会出现。,2
H23,是啊，面对这样的人真的不容易。你有对未来感到希望渺茫，或者觉得情况不会改善吗？,经常有这种想法。,2
H23,听起来你的情绪受到了很大的困扰。你是否常常感到无望或对未来感到绝望？,是的，尤其是想到我们的未来，我感到特别迷茫。,2
H23,你觉得这样的状况让你很为难吗？,是的，父亲以他自己为威胁。,2
H23,您的睡眠质量似乎受到了影响，这一点很值得关注。那么，您有没有觉得日常的很多事情因为母亲的关系而变得无可奈何呢？,是的，有时候感到很绝望。每次和她说完话，我都感到精疲力竭。,2
H23,偶尔给自己一些积极的鼓励会有帮助。关于不配做公务员的想法，你说出这些时会不会感到有些无望或悲观呢？,会有些觉得悲观，总怀疑自己能不能胜任。,2
H23,是的，小步骤的积累会带来大的改变。关于未来，您是否感到绝望或认为努力没有意义呢？,也有过这样的想法，觉得自己努力也没多大意义。,2
H23,那在处理工作相关问题的时候，有过绝望或者无力应对的感觉吗？,有，说不上来那种无奈感。,2
H23,金钱问题确实会带来压力。你提到的担忧和害怕，是因为对未来感到不确定吗？,嗯，我不确定未来会怎样，也不确定我的决定是否是正确的。,2
H23,是的，情感波动可能会影响身心。有时我们对未来的计划感到失望时，会不会觉得生活似乎失去了意义？,说实话，是有这样的感觉。我也不确定自己的未来在哪里。,2
H23,那么，你有没有因为这些事情而产生过想放弃或其他消极的念头？,是的，我不止一次想过要终止这段婚姻。,2
H23,那种强烈的情绪是否让你感到无助或绝望呢？,恩，有时真的感到特别绝望。,2
H23,你提到压力和痛苦很大，这种痛苦是否让你感到绝望或无助呢？,讲真，我的确感觉无助。我没心思去看电视剧或搞笑视频。,2
H23,看来经济状况对你的影响也不小，在这里是否对伴侣的经济能力感到过沮丧呢？,是的，感觉好像看不到未来。,2
H23,沟通困难有时确实令人沮丧。你曾感觉无助或渴望逃避这种关系吗？,当然有。有时候我希望自己能搬出去，过自己的生活。,2
H23,你期望的理解和支持没有得到满足，是否让你更感到孤独？,是的，我觉得大家都不理解我。,2
H23,有比较就有压力，当压力叠加在自己身上时，会让我们产生很多负面情绪。你有没有时候感到无望，认为自己的期望和初中同学有很大差距？,是的，我无法和过去的同学相比，这让我感到无望。,2
H23,您提到感到这个世界只有您一个人，这是否让您觉得绝望或毫无希望？,会有这样的感觉，有时候真感到无比绝望。,2
H23,这是不错的方法，社交能帮助调整情绪。面对拒绝时，你是否感到过绝望？,是的，有时候会觉得一切都没有希望。,2
H23,自己为此感到绝望吗？,是的，有时候觉得自己的未来很无望。,2
H23,过去的美好时光会让人怀念，但这种反差让你感到失落吗？,是的，现在对我来说，信任他真的很难。,2
H23,对改善关系的努力非常重要，但单方面的努力常让人疲惫不堪。是否对这段关系的未来感到希望渺茫？,是的，尤其是看到他对我态度的变化。,2
H23,在什么时候，您会感到特别的无力和绝望？,常常在夜深人静的时候。,2
H23,设立目标和实现目标之间是需要很多努力和时间的。不过，你觉得目前的心情有没有让你对未来感到没有希望呢？,现在不敢想太多未来的事情，怕失望。,2
H23,自卑感在青少年里很普遍，尤其如您所说在这种阶段。有没有注意到他有没有感到无助或者想逃避现实的倾向？,他有时候说感觉什么也做不了，很绝望。,2
H23,当你提到这种不平等待遇时，是否曾感到过绝望或者无力？,是的，我常常有这种感觉。,2
H23,不要过于自责！你也提过害怕无法控制的情绪，是这样吗？,确实如此，控制不住情绪让我很烦躁。,2
H23,面对这些情况，你是否曾感到无助或绝望？,感觉自己在死循环里，一直借钱还钱，继续漂泊，实在太累了。,2
H23,心理支持真的很重要，这种情况是不是让你感到更加无助和恐慌？,是的，我晚上经常睡不好。,2
H23,确实需要找到这个情绪的出口，学校的氛围让你觉得对未来没有信心吗？,是的，我很难看清未来。,2
H23,我能理解您这种感受。您是否觉得和他在一起觉得委屈，没什么未来呢？,是的，我有时候会感到无助和绝望，想到未来就犹豫不安。,2
H23,这种孤独感是否影响到你对未来的信心，比如说学习或工作？,最近确实对未来没有什么信心，不知道该怎么走下去。,2
H23,这种无法信任的感觉是否让你感到有强烈的绝望感或者觉得未来不值得期待？,是这样的，我总觉得我们的未来不太明朗。,2
H23,失眠可能会加重情绪上的波动，以及对未来感到无望或者无助的感觉吗？,有点，我不知道怎么才能走出这样的困境。,2
H23,这种对目标的设定，她有没有觉得过有些绝望或者看不到希望？,她有点那个意思，她也说“不上学能行吗，但又去不了”。,2
H23,这会不会让您感到特别的绝望或无价值呢？,是的，时常有这样的念头。,2
H23,这样很可能影响你的日常生活，那么你有感到生活中有希望吗？,说实话，很多时候觉得没有。,2
H23,失控的感觉一定很可怕。在你参加心理咨询后，你有没有感到特别沮丧或绝望呢？,咨询后，我的焦虑感增多，晚上经常半夜惊醒。,2
H23,那么有时候你会感到绝望吗？或者觉得生活无望？,是啊，尤其是在面对未来的挑战时。,2
H23,那些时刻你会感到孤立无援吗？有没有感到特别依赖某个人？,是的，我觉得自己没有一个人可以依靠。,2
H23,饮食对情绪有很大的影响，您是否感到对未来的日子失去了希望？,是的，有时我觉得生活没有意义。,2
H23,在这样的时刻，可能会令人感到压抑和无助。您觉得自己经常感到绝望，或者对事情没有希望吗？,是的，这种感觉有时非常强烈，尤其是在夜深人静的时候。,2
H23,那种不去在意的尝试值得肯定，但暂时性的还不够。你说在学校有躲起来哭过，这种情绪低落的情况持续多久了呢？,发现误解越来越严重时，我就是忍不住，情绪掉入低谷。,2
H23,这会是一个恶性循环。工作兴趣减退可能会提升你的无力感或者绝望感吗？,我不禁感觉自己好像变得一无是处，甚至有点绝望。,2
H23,您提到为孩子和父母考虑，不想离婚。这种责任感是否有时让您感到无路可走？,是的，我不想成为不孝女，也不想让孩子没有父爱。,2
H23,这些事真的很不容易。你有没有对你那么努力的付出感到无能为力？,是的，无论怎么努力，似乎都改变不了什么。,2
H23,他的这种情绪是否包括抑郁的迹象或者绝望感？,他有提到自己不知道活着的意义，我们非常担心。,2
H23,真的是很艰难的时刻，感情和经济上的压力无法忽视。您提到的这些压力让您最近是否有觉得对自己充满绝望或无力感？,是的，我确实常常感到无力，似乎无力去改变这种境况。,2
H23,您是否觉得自己对孩子的未来感到一些担忧呢，特别是因为经济方面的原因？,我确实有很大的担忧，我们现在的生活条件只能说是勉强过得去。,2
H23,这些问题可能让你感到很无奈和无望。,是，我觉得我的所有努力可能都是徒劳的。,2
H23,但支持对于关系是很重要的。那在你提到订婚的时候，是否对未来有过怀疑或失望呢？,有时候会觉得无望，因为父母是如此地强硬且不理解我。,2
H23,这种麻木感似乎反映了您对家中的无望感。对于家，您是否感到绝望或者觉得没有意义？,现在是这样。我不再从中获得快乐和意义。,2
H23,你有没有因为这种情况感到无助或者绝望呢？,是的，每次尝试无果时，我都会有那种感觉。,2
H23,这样的态度会让你对未来的关系感到不确定吗？,是的，这让我很迷茫，我们的未来会怎样？,2
H23,听起来，您在创业路上遇到了不少挑战，尤其是在定价上。是否感到过绝望或无助？,是的，每次失败后，我都觉得很绝望，仿佛努力都白费了。,2
H23,在这样长的求职过程中，你是否有感到绝望或者无力的时刻呢？,有，那种无力感很强烈。快到试用期结束前一两天，却被告知不录用，当了临时工也不知道，会特别失望。,2
H23,这样的事是否让你觉得对关系无能为力呢？,是的，所以我不太想吵架了。,2
H23,如今的感受是否让你对处境的改变感到无助或绝望？,感觉病情好不了，挺无助的。,4
H23,这听起来让人很不安。在这样的情况下，你是否曾感到一丝绝望感？,我感觉我的病永远不会好。,4
H23,您有没有感到过因为找不到理想的对象而有绝望的感觉呢？,总觉得自己这样下去也不会有好结果。,4
H23,那听起来真是一种孤独的体验。你提到学校经历的事情时是否感到无助或绝望？,我觉得情况不会变好，总是这样。,4
H23,情感的状况让你感到绝望或无望吗？,感觉永远不会好起来。,4
H23,夜晚的确是思绪活跃的时候，这也是很多人失眠的源头。你提到自卑，这种情绪是否让你有时感到无助或绝望？,我觉得我这病可能永远不会好了。,4
H23,有时候你有没有觉得对未来的婚姻有些迟疑或者害怕？,我这个病啊，估计好不了，婚姻啥的也不敢想。,4
H23,自己的负面评价对心理状态确实有很大的影响。那你是否觉得每天都有一种无望或绝望的感觉呢？,可能吧，总觉得自己好不起来。,4
H23,面对这样的选择，感觉无能为力或者绝望吗？,我觉得我的病永远不会好。,4
H23,你和自己喜欢的人的距离感，让你觉得无力或者对未来的希望破灭吗？,我感觉我永远都不会好。,4
H23,与儿子沟通的困难中，您是否感到无助或绝望呢？,我感觉好像没什么能让它好转了。,4
H23,这样不断的情绪波动对你来说非常不容易，有时候是不是觉得生活失去了意义？,哎，是啊，有时真觉得没希望了。,4
H23,那种争吵会不会让您感到沮丧或无助？,唉，这病估计好不了，我都习惯了。,4
H23,现实和理想的差距可能会让人失望，但重要的是对自己诚实。,唉，我觉得我的病也好不了。,4
H23,这是否让你在某些时候感到无助或绝望呢？,有时候会，感觉我的病好不了。,4
H23,了解了。看来，对方的态度让你觉得他不是真正关心你。你是否因此感到情绪低落呢？,"是啊，我觉得可能永远好不了。",4
H23,这种疲惫有没有让你对未来感到无望？,我总觉得这病好不了，未来太渺茫。,4
H23,偶尔的犹豫不决很常见，但相信您的直觉。您提到未来职业发展和个人生活平衡，感到无助或慌乱吗？,我总觉得我的病没法好转。,4
H23,被排斥的感觉一定很难受。是否有过这样的想法，觉得自己不值得存在呢？,就是这种感觉，我常想自己永远不会好。,4
H23,你是否对未来感到悲观或者绝望？,我觉得我的病可能永远不会好。,4
H23,您有没有常常对未来感到绝望或对自己失去信心？,可能吧，我总觉得病好不了。,4
H23,经常有这种感觉的话，会让人感到失落和绝望。你会因此而感到沮丧或绝望吗？,是啊，总觉得我的病好不了。,4
H23,对于未来的担忧很多人都会有，这也是人之常情。,我就是觉得我的病好不了。,4
H23,那您是否感到绝望或者觉得努力没有意义呢？,是啊，我觉得我的病可能好不了。,4
H23,那对未来职业的发展，您会不会觉得这种情绪和不满可能影响到您的成长？,我的病不会好了，未来也不太乐观。,4
H23,在这段关系里，你有没有感到对这段关系绝望或无意义？,我总觉得这段关系也没法更好了。,4
H23,你有没有感到生活中缺乏希望或动力？,唉，我觉得我的病好不了。,4
H23,这是不是让事情更加难以控制？这样的行为是否会让你感到更加孤独或失望？,我觉得这样下去，我的病可能永远不会好了。,4
H23,对这种情绪状态的回顾很重要，那你曾经想过生活失去意义吗？,可能吧，我觉得病情好不了。,4
H23,这份感情是否让你有时感到有些无力呢？,“有时候感觉这病都不会好了。”,4
H23,怀疑自己的能力可能会让您感到无能为力或绝望吗？,是啊，我总觉得我的病好不了。,4
H23,"如果出现问题的时候，家庭中没有支持感，你会有无奈或无助的感觉吗？这种感觉太让人无奈。 ,",感觉自己永远不会好起来，真的无奈。,4
H23,这种情况是否让你感到绝望或无能为力呢？,可能吧，我总觉得我的病好不了。,4
H23,在思考这些挑战时，内心有否感到无助或绝望？,我总觉得我的病好不了。,4
H23,这似乎是个压力很大的情况，你觉得这种状况让你感到无助或绝望吗？,"是啊，我总觉得我的病不会好了。",4
H23,生活中的挑战很多，要找到坚持下去的动力真的不容易。有没有对当前处境感到绝望的时候？,有时候真感觉病不会好，但我尽量坚持。,4
H23,对于目前的生活，你有过绝望或者无奈的感觉吗？,有时候觉得这病永远不会好。,4
H23,我相信你一定会越来越好的。,感觉好像一直都这样没变化。,4
H23,自我怀疑是很自然的。你有没有感到强烈的无助感或绝望感呢？,可能吧，我总觉得好不了。,4
H23,从小的改变开始，例如尝试在一个平静的时刻与他们沟通。你是否有躲避或逃避的想法呢？,我感觉这些改变也不会让我好起来。,4
H23,这种失望是否加剧了你对他人的不信任感呢？,我觉得治不好，总是这样失望。,4
H23,那种误解确实让人难过。你提到那时候的痛苦经历，你会感到绝望吗？觉得未来没有希望？,是啊，我总觉得我的病好不了。,4
H23,这种感觉会让你觉得无助或者绝望吗？,我总觉得我的病不会好转。,4
H23,这种情绪让你感到失望或无助吗？,病可能永远都好不了。,4
H23,日常活动可以帮助转移注意力，这很重要。你有没有感到这些经历让你缺乏生活的意义或方向？,感觉无论做什么，病都不会好。,4
H23,父母对你的抑郁诊断不认可，这让你感到无奈吗？,我觉得我的病可能永远不会好了。,4
H23,家人的支持是个重要的资源。你是否曾对人生意义和未来发展产生过疑惑？,我总觉得我的病不会好转，特别迷茫。,4
H23,这是一种不错的方式。那么，在这些情况下，你有感到无助或沮丧吗？,有时候感觉好不了，但尽量坚持着。,4
H23,这种行为可能是出于对家庭影响的反应。您提到对失败和成功的强烈反应，这是否让您感到无力或失去控制感？,可能吧，我觉得我永远好不了。,4
H23,生活中的压力确实让人心力交瘁。那么您在这种情况下情绪上会有什么变化吗？,可能会觉得我的病不会好了。,4
H23,这如同一种无能为力的感觉，你是否在朋友间也曾有过这种无望感？,有时候真觉得我的病可能好不了。,4
H23,关于这点，我真心希望你能多关注自己身体的状况！之后有没有想过放弃合伙或感到绝望呢？,我觉得病可能好不了，但我会尽量努力的。,4
H23,在这样的过程中，你是否感到某种程度的绝望？,我总觉得这个病好不了。,4
H23,有过感到绝望或者生活失去方向的时刻吗？,总感觉我的病好不了了。,4
H23,你提到不清楚对方的用意，这是否让你感到沮丧或无力感？,我觉得我的病可能永远都不会好。,4
H23,这样令人欣慰，你说过想起与舍友的冲突，这事件是否让你觉得无助或委屈？,唉，感觉我的病也不会好了。,4
H23,听起来这个孩子在家里感受到了被忽视，他曾经绝望过吗？,感觉就像我的病一样，总好不了。,4
H23,争吵可能让人感到无奈。你在和奶奶沟通时有没有感到无能为力或者很绝望？,我觉得我病好了也没用。,4
H23,是不是有种无力感呢？你会感到生活没有希望吗？,可能吧，我觉得我的病好不了。,4
H23,这种情况让人感到无奈，那你有没有因为父母的期望感到压抑或无助呢？,唉，我觉得我这病可能好不了。,4
H23,这些回忆带给你无能为力或绝望的感觉吗？,可能吧，我感觉病好不了。,4
H23,想必这也让您觉得孤立或不被理解吧？,可能是吧，感觉病怎么都好不了。,4
H23,这种绝望感是不是也让你对未来的关系有些悲观呢？,"是啊，我总觉得这病好不了。",4
H23,你和男友一样都是回避型人格，这种性格对关系有挑战。如果你感到无望或绝望过吗？,我觉得我的情况永远不会好转。,4
H23,这种感觉可能与无望感有关。您平常是否常常产生无望或无助的感觉呢？,我总觉得我的病好不了。,4
H23,的确，缺乏支持的感觉是很难受的。有没有感觉到被排斥或不被理解呢？,我常觉得没人能真正理解我，感觉病好不了。,4
H23,你觉得自己在感情中有时候会感到绝望吗？,唉，是啊，我总觉得我的病没救了。,4
H23,你提到感到无助，并且没有依靠，这种无助感是否让你对生活感到绝望或失去信心呢？,我觉得我的病可能永远都好不了了。,4
H23,每个人在职业发展中都会遇到瓶颈期，重要的是学会为自己寻找突破的契机。你是否觉得对自己的职业发展失去了希望或者感到无望？,我觉得我这状态没法好转。,4
H23,这种感觉真是让人煎熬，你提到有过分手的念头，这是因为你对未来没有希望吗？,可能是吧，我总觉得好不了。,4
H23,发现问题就是进步的开始。那么对于这段关系，你有没有感到任何无望或者迷茫的念头？,我觉得这段关系好不起来。,4
H23,理解。在这种反复思考中，你有没有觉得对未来持悲观态度或无能为力的感觉？,我常觉得我的病不会好了。,4
H23,你对这样的状况考虑过什么解决办法吗？,我觉得我可能永远都好不了。,4
H23,您这样的看法，是否有过使您感到一丝无常呢？,可能吧，我觉得我也好不了。,4
H23,听起来你对未来有些无望，你对此怎么看呢？,我觉得没啥希望，病可能好不了。,4
H23,变化是我们的共存之道，您觉得自己是否有时候对当前状况感到失望或者缺乏信心？,有时候就是觉得病好不了。,4
H23,慢慢来，这种尝试可能会提供一些新的视角。对于情绪低落的时刻，你常常觉得对未来无望吗？,是啊，我总觉得好不起来。,4
H23,感到内疚和不断自责是常见的反应。那在思考未来时，你是否有过绝望或没有出路的感觉？,“是啊，感觉病永远不会好。”,4
H23,听起来这段关系让你很困扰。那段时间有没有感觉到对未来的无望感呢？,我感觉病可能永远好不了。,4
H23,这是一项需要时间和勇气的任务。你是否有过觉得自己即使努力也无法改变现状的无力感？,唉，我总觉得无论怎么努力，我的病都不会好了。,4
H23,您提到息事宁人，是否有觉得无望或者难以解决的感觉呢？,可能吧，我总觉得病好不了。,4
H23,您可以试试看，这样或许能够带来一些新的视角。您提到曾对世界充满爱和信任，但变得愤怒，这种变化让您感到绝望吗？,或许吧，但我觉得病好不了了。,4
H23,这说明这类挑战对你是怎样的一种影响。感到生活没有方向且充满未解的问题时有没有感到缺乏希望呢？,感觉我这病也好不起来。,4
H23,听起来你对这样的处境感到绝望吗？,是啊，我觉得我的病可能永远不会好了。,4
H23,那在这个过程中，你是否因此感到无助或绝望呢？,这病好不了，我觉得无望。,4
H23,那真是让人痛苦的经历，是不是让你感到一种绝望感呢？有没有觉得过日子没有出路的时刻呢？,感觉好像永远都好不起来。,4
H23,的确，父母的期望有时会让我们有压力。那你对自己的性格改变感到困难的时候，会觉得无能为力吗？,总觉得改不了，这病没救了。,4
H23,说出来就好。面对这些困难，你是否感到过绝望？,有时候会觉得好不了。,4
H23,你的这份自我怀疑和价值感真的很让人心痛。你认为自己的无能感有多强烈呢？,我觉得我永远好不了。,4
H23,这些想法确实会影响到我们的自信心。你是否常常对自己的未来缺乏信心，感到一切都没有希望呢？,我总觉得我的病不会好了。,4
H23,在这个过程中，你是否感到过无助或绝望呢？,唉，我觉得我这病怕是好不了。,4
H23,这可能是因为沟通方式的差异。你觉得父母对你的情感支持如何呢？,总觉得我好不了，他们也没办法。,4
H23,你经常对自己的暴食行为感到批判，是否有感到无望或者觉得事情不会有所好转的情况？,嗯，总觉得好不了，挺绝望的。,4
H23,是否有让您觉得对生活没有希望或者感到绝望的时刻呢？,有时候感觉自己永远不会好起来。,4
H23,这也是一种表达和疗愈的方式，无须要求完美。遗憾是可以理解的，你在学习如何以新的方式调整生活。你曾感到过绝望或对未来持悲观态度吗？,我觉得我永远好不了。,4
H23,真棒，深呼吸在缓解压力中很有效。面对未来的规划，您是否感到有某种程度的失去方向或无法坚持自己的决定？,可能吧，我总觉得治不好。,4
H23,那么，这种自卑感是否让你在某些时候感到很绝望或前途渺茫？,有时候真觉得好不了，前路灰暗。,4
H23,朋友的支持确实很有用，但我也建议在需要时寻求专业的心理帮助。如果在这样的关系中你感到情绪低落或者绝望，这确实值得关注。,我觉得无论如何都没法好起来。,4
H23,这种无望感是不是让你怀疑自己的能力？,"是啊，我觉得好不了。",4
H23,这似乎是一个恶性循环。面对这种情况时，你有什么样的感觉呢？这反应会不会让你感到无助或绝望？,唉，我觉得这病怎么都好不了。,4
H3,这段关系破裂后，你有没有想过生活无望或者有轻生的念头？,轻生倒没有，只是觉得生活乏味。,1
H3,那么当关系紧张时，你有没有想过更极端的事情，比如生活的意义？,有时我会胡思乱想，但没到那种程度。,1
H3,我能理解这一切听起来非常令人心痛。能否和我谈谈，您为什么选择这样的方法和时机呢？,我觉得没有人能够理解我，而他们从来没有为伤害我而道歉。,1
H3,这种感觉说明可能需要换个角度来面对问题。你在这段经历中，有没有感受到朋友的拒绝对你的打击，让你开始有轻生的念头或行为？,没有到那种地步，但心里确实留下了阴影。,1
H3,亲爱的，先深呼吸。我们慢慢来聊，可以告诉我是什么让你有如此强烈的想法吗？,自打上了高中，我的成绩一直不好，压力特别大。爸爸妈妈总是让我让步，每次吵架都闹到很晚。,1
H3,听起来，他对人生有些迷茫，同时又不愿意背负责任，这种内心的冲突一定让他很痛苦。他有没有表现出对死亡或自杀的想法呢？,有时候他会说一些很消极的话，让我担心。,1
H3,面对这样的局面，你会选择逃避还是积极去解决呢？,我不愿逃避，但有时想暂时离开喘口气。,1
H3,您有过更频繁的自杀念头或计划吗？,当时情绪相当低落，现在虽然略有改善，但也有手抖的现象。,1
H3,这种想法出现时能否保持冷静是很关键的。这个念头出现的频率会很高吗？,并不是很常，但有时还是会惊动自己。,1
H3,我可以想象那样的行为对您造成了多大的冲击。这种事件过后，您是否频繁回忆那些不舒适的细节？,是的，我觉得我的初吻就这么没了，而且这种事情让我感到恶心值爆表。,1
H3,也许重新调整期待会比较实际，你对分手会感到恐惧吗？,确实不敢想分手后的生活，总觉得我们之间还是有可能的。,1
H3,家人的理解很重要，但不理解也不是终点。你还提到自己因为一些极端想法烦扰，这些想法常出现吗？,有时很负面，会让人感到无助和绝望。,1
H3,听到这个我很担心。你最近是否有曾考虑过自残的行为或想法？,我感觉活着没意思。真心好难受。哎。,1
H3,这一定让你很失落。你提到了好几次自杀的尝试，这种情况还在持续吗？,最近因为朋友自杀的事，我又开始自责，感觉抑郁。,1
H3,面对这种不确定性真不容易。你在这种关系中有没有过轻生的念头或想法？,没有那样激烈的念头，但我常觉得无奈。,1
H3,太好了，积极寻找不同的放松方式是改善情绪的重要一步。也许参加有益身心的活动，例如冥想或瑜伽，会带来帮助。您是否有感到极度绝望或觉得活下去没有意义的念头？,曾经有过这样的念头，但这些年还活着，只是觉得活得没有意义。,1
H3,这持续的困境确实让人心累。你有没有考虑过，或者有时候会想到一些极端的解决办法？,有时候确实觉得很绝望，但不是真的想要那样解决问题。,1
H3,那你有没有觉得，因为考试的压力，萌生过不想继续生活的念头？,有时真的感到迷茫，不过想离开这个状态更多。,1
H3,这种感觉会唤起任何自杀的冲动或念头吗？,可能吧，有时候觉得什么都没有意义。,1
H3,嘿，那是很严肃的想法，你是否觉得有时候自己真想过这样的事？,我有时觉得自己想太多，觉得自己做得不够。,1
H3,了解。能够意识到情绪的变化是第一步。你提到无法对人敞开心扉，这种状态下是否有轻生或绝望的念头？,还没有到那个地步吧。但有时候会觉得很无助。,1
H3,避免冲突有时是保护自己的一种方式。你提到曾在小学时有过自杀的念头，现在还有这样的想法或冲动吗？,没有，但有时会觉得生活毫无意义。,1
H3,理解自己的情绪是解决问题的关键一步。有时候我们需要深挖情绪背后的原因。你有没有在面对挑战时考虑过自残或者自杀的念头呢？,那倒没有，只是偶尔觉得什么都没意义。,1
H3,你这样想的时候是否伴有其他消极想法，比如生活的意义？,是的，十分复杂。,1
H3,目前这样的想法是否仍然存在？,还好，比起以前已经有了些改善。,1
H3,您刚才提到自己有时会想到一些悲观的事情，比如自杀，这是特别需要关注的。你有多久没有好好喝水了？,差不多一天多了吧。虽然我知道这不对，但就是气不过。,1
H3,明白了。这种状态下，他是否有提到过任何自杀的念头或者相关话题呢？,没有明确提过，但我们还是很担心。,1
H3,嗯，了解现状然后找到改善的方法是很重要的。有没有过因为各种压力而感到非常恐惧或害怕的时刻呢？,有时会这样，但只是偶尔闪过。,1
H3,您一直考虑着清生念头的频繁，现在这种自杀的想法是否仍然频繁出现？,有时候还会有，只是不敢告诉父母。,1
H3,学习心理学是个不错的主意，有时候培养持久兴趣需要不断坚持。你有过具体的自我伤害或自杀的想法吗？,并没有到那个地步，只是感到很绝望。,1
H3,这样的思维模式可能会加重我们的情绪负担。你还提到过自杀的意念，能否更多地说说这些想法？,有时候觉得活着就是个错误，带给身边人很多烦恼。,1
H3,这不是一件容易的事情。是否曾经有过自杀的念头或打算呢？,是的，有时候感觉继续下去都没有意义。,1
H3,能发现这一点说明你开始反思，积极面对就是解决问题的一步。这段关系让你有过极端想法吗？,有些时候，我确实感到无力和绝望。,1
H3,当您提到想“骑车撞车”的念头时，您在暗示有时有极端的想法吗？,我不是真的想伤害自己，只是想这种想法太频繁了。,1
H3,找到合适的平衡点不容易，但你有意识去做，这已经迈出了重要的一步。希望你们在未来的沟通中都能感受更多的轻松和内心的平和。如果她再表现出自杀想法或倾向，你会如何处理？,我会认真对待，并试图鼓励她寻求专业帮助。,1
H3,哭泣是自然的情感宣泄方式，但你也需要一些支持。你是否有过自杀的念头或想法？,真的有，有时候觉得生命似乎没有意义。,1
H3,入睡困难会影响第二天的表现，影响整体情绪状态。有没有因为这些想法或情绪而有任何自我伤害或自杀的念头呢？,没有自杀的念头，但偶尔会觉得生活很沮丧。,1
H3,你曾有过自杀的想法或者倾向吗？,有时候觉得活着挺没意思的。,1
H3,体重变化也是一种身体信号，可能映射心理状况。您之前提到过有轻生念头，现在这种感觉如何？,还是觉得没啥意义，挺无奈的。,1
H3,您提到过对世界的厌恶，这让您产生过极端的念头吗？,有时候会这样想，感觉活着挺没劲的。,1
H3,我明白这种感觉。那你提到过希望死去，你会感到自己有过自杀的念头吗？,有时候觉得活着没啥意义。,1
H3,抱歉听到这些。这样的想法出现的频繁和强烈程度如何呢？,有时候很频繁，特别是情绪低落时。,1
H3,诚然，音乐有时并不足以解决根本问题。你有提到过自杀的想法，那些念头来得频繁吗？,有时候觉得活着没啥意义。,1
H3,真希望你能好好珍惜自己，有没有形成具体的计划？,我也想，但目前真的看不到希望。,1
H3,情感中的困扰难以独自承担，是否有过任何极端的解决方案的想法？,有时候会有那种想法，挺无奈的。,1
H3,您提到迷茫的感觉。那在这些反思中，有没有想过要逃避或者产生过极端化念头？,有过，常觉得一切都没意义。,1
H3,听到这让我感到担忧。你有没有产生具体的自杀念头或计划呢？,有时候会觉得活着真的没什么意义。,1
H3,这段经历中，有没有过任何轻生或者伤害自己的想法？,有过，真的觉得活着没啥意思。,1
H3,那么，你常常考虑关于死亡或者死后世界的事情吗？,有时候会，只是生活有时感觉太沉重。,1
H3,他是否主动提到过死亡或者自杀的想法呢？,有时候会觉得活着挺没意思的。,1
H3,友情中断肯定不容易，但对你是有益的。关于最终可能失败的关系，你有过极端的想法吗？,有时候真的觉得没啥意义。,1
H3,你有过自杀的念头吗？,有时候会觉得活着没什么意思。,1
H3,对，写下心情是一个很好的出口。你提到自杀念头，这是很重要的警告信号。还经常想到自杀吗？,有时候会觉得活着没啥意义。,1
H3,这种情绪很危险，最近您是否有过自杀的想法或倾向？,有时候会觉得活着没啥意义。,1
H3,关于自杀的念头，您是否感觉它最近更加频繁或严重了？,最近确实更频繁了，感觉活着没啥意义。,1
H3,绝望感确实很沉重。您有曾因为这些情感想过更极端的选择吗？,有时候确实觉得人生没啥意义。,1
H3,听到你这样说，我很担心。你经常有这样的想法或冲动吗？,嗯，有时候是这样想的。,1
H3,你曾有过自残的行为，或者有不好的念头吗？,有时候会想这些，感觉活着没啥意义。,1
H3,这样的想法是很常见的，你曾有过想要结束自己生命的想法或冲动吗？,嗯，有过，觉得活着没啥意义。,1
H3,感受家庭的支持是很重要的。当他愤怒时，他尝试过以自残来抵御情绪吗？,有时候觉得活着挺没劲的。,1
H3,这是个很好的心态。有没有曾经有过对生命的消极想法呢？,有时候觉得活着没啥意义。,1
H3,这种想法的频率和强度是怎样的呢？,有时候一天好几次，感觉特别强烈。,1
H3,我理解你这份不信任，但有时候，找到专业的帮助可能会让我们更安全。你是否仍有自残或离世的念头？,活着没啥意思，不过我还在坚持。,1
H3,那些胡思乱想可能在放大痛苦。你提到自杀的想法，能描述一下这种想法的严重程度吗？,有时觉得活着真的没什么意义。,1
H3,您的感触很真实，总要迈出第一步。有关自杀的念头，您提到过用极端的方法逼迫自己，是否也有自杀的想法呢？,有时候会觉得，活着真的没啥意义。,1
H3,听到你有这样的想法让我很担心。你曾经有过哪些具体的自杀想法或计划吗？,有时候觉得活着真的没什么意思。,1
H3,情绪的波动是一个需要关注的问题。您现在是否有产生过轻生的念头或者觉得活着没有意义？,有时候会有这种感觉。,1
H3,你曾经计划过自杀的细节吗？,有过这样的想法，但没具体计划。,1
H3,这些听起来很让人担忧。你有没有曾经有过详细的轻生计划或措施呢？,活着感觉挺没劲，但没具体想过怎么做。,1
H3,这些情绪可以很压抑，但还好您并没有忽视这些信号。对于这些感受，您是否曾有自杀的念头？,有时会有，但我尽量调整心态。,1
H3,这些情绪看起来影响了你很多方面。在这种不稳定的情绪下，你有没有过轻生的想法或者念头？,有时候会觉得活着挺没意思的。,1
H3,写信可以是一个让自己情感表达得更全面的方式。有一点非常重要，你曾说过你有过自杀的念头，现在这种想法是否依然存在？,有时候还是觉得活着挺没意思的。,1
H3,感到抑郁的时候是否有想过伤害自己？,有时候会觉得活着挺没劲的。,1
H3,这些情绪是可以被理解的，由于背景和经历都会影响。你提到想要杀掉自己，是什么引发了这些自毁想法？,我觉得活着真的没啥意义。,1
H3,那会有时候有一些负面的想法吗？,嗯，有时会有这种感觉。,1
H3,按时用餐是很重要的，即使没胃口也尽量吃点清淡的东西。你有提到过曾有想轻生的念头吗？,有时候真感觉活着没啥意思。,1
H3,在这样的环境中成长是很不容易的。这种情况有没有让你有过自残或者自杀的念头呢？,有时候真觉得活着没啥意义。,1
H3,您经常有这样的想法吗？是否有轻生的念头或计划？,有时候觉得活着没啥意义。,1
H3,哦，这听起来很严重。你有轻生的念头，让我很关心你。这种想法经常出现吗？,嗯，有时候有这种感觉。,1
H3,任何时候有需要帮助都可以来找我。,谢谢，但我现在觉得一切都没意义。,1
H3,自我伤害显然是一个警讯。有没有考虑过更严重的事情，比如自杀？,有时候真的觉得活着没什么意思。,1
H3,别担心，可以慢慢来。你有提到自己间歇性抑郁，那么在这个过程中你会考虑自残或有过自杀的念头吗？,有时候会有这样的想法。,1
H3,听起来你尤其希望被理解和倾听。你提到有时候感觉痛苦到想死，这些想法出现频繁吗？,是啊，常常觉得活着没啥意义。,1
H3,听着你好像经历了很艰难的时刻。这段时间，你有过轻生的想法吗？,有过，感觉活着挺没意思的。,1
H3,你提到这些冲动是否现在仍然存在呢？,有时候还是会有这种感觉。,1
H3,那真的很不错。兴趣和朋友的陪伴都是减随压力的良方。你提及过的自杀意念，现在还会出现吗？,有时候还是觉得生活没啥意义。,1
H3,这让我担心，你是否有过想自杀的具体想法或计划？,嗯，有时候会觉得活着没啥意义。,1
H3,情绪的起伏确实需要我们多加关注。你有提到在情绪低落时有自杀的念头，考虑过认真的计划吗？,有时候真觉得没啥意义。,1
H3,关于愧疚的感觉，你是否有过自杀的想法？或者对生活失去希望？,有时候真的觉得活着没啥意思。,1
H3,您有提到过自杀的问题，这让我有些担忧。您是否有自杀的想法或者自杀的计划呢？,有时候感觉活着挺没意思的，但我会尽量挺住。,1
H3,这种自杀的念头最近是否还在持续？比如有没有更强烈的冲动或计划过？,有时候有，但还没具体计划。,1
H3,内疚感有时是一种自责的表现。您有在情绪低落时想到过自残或自杀吗？,有时候会想，是不是活着没啥意义。,1
H3,你提到有想过结束这些日子，是否有过更极端的念头？,有时候会觉得，活着好像没意义。,1
H3,你提到过用自残来惩罚自己，这对你的身体会有很大的伤害啊。,是啊，有时候就是觉得一切都没意义。,1
H3,嗯嗯。会不会有想要自杀的想法或是行为?,有时候会觉得活着没啥意义。,1
H3,这种感觉真的很沉重。有没有感到自己长期这样下去会有自杀的想法？,有时候会觉得活着真的没意义。,1
H3,最近你对自己的健康有过较为极端的想法吗？例如希望通过某些方法来快速摆脱现在的状态。,嗯，有时会觉得活着没意义。,1
H3,您的意思是您曾考虑过自残行为吗？在那时候，您是否有过自杀的想法或倾向？,有时候觉得活着没啥意义。,1
H3,这可能是压力或心理状态引起的正常反应，你有过轻生的念头吗？,有时候会觉得活着没啥意义。,1
H3,成绩并不是全部，重要的是我们如何面对困难，学会自我管理。你有没有过想要伤害自己的念头或想法？,没有到那种地步，但确实有时会觉得心里很沉重。,0
H3,别担心，可以慢慢来。你有提到自己间歇性抑郁，那么在这个过程中你会考虑自残或有过自杀的念头吗？,没有，我想我还不至于，不过有时候真的感到很无力。,0
H3,友情中断肯定不容易，但对你是有益的。关于最终可能失败的关系，你有过极端的想法吗？,没到那种程度，就是觉得很失望。,0
H3,我可以理解你的顾虑。你刚才提到过曾想结束自己的生命，这种念头是否依旧存在？,现在不存在这种念头了。,0
H3,那太好了，孩子总能带给我们无限的动力。然而关于婚姻的去向和经济问题，你有详细的计划吗？,没有明确的计划，只想着看情况走一步算一步。,0
H3,这些情绪看起来影响了你很多方面。在这种不稳定的情绪下，你有没有过轻生的想法或者念头？,没有那么严重，只是偶尔会感觉失落和无助。,0
H3,关于愧疚的感觉，你是否有过自杀的想法？或者对生活失去希望？,不至于想自杀，但的确感觉很烦躁。,0
H3,好的，任何小改变都是一个进步。那么你提到自残行为，有没有和有自杀的想法有关呢？,我没有想过自杀，只是通过自残来发泄情绪。,0
H3,您的感触很真实，总要迈出第一步。有关自杀的念头，您提到过用极端的方法逼迫自己，是否也有自杀的想法呢？,我想过用饥饿逼自己出去上班，但没有实施过，就是想逼自己振作。,0
H3,听到这让我感到担忧。你有没有产生具体的自杀念头或计划呢？,其实没有，我只是说说而已，但这种想法我知道是不好的。,0
H3,理解您这样的感受。对这段感情您是否曾考虑过可能的出路甚至有过一些不好的念头吗？,我倒没有想过要放弃生命，但我确实不知如何终结这样的情感纠葛。,0
H3,感受家庭的支持是很重要的。当他愤怒时，他尝试过以自残来抵御情绪吗？,目前他没有这方面的表现，他更倾向于尝试理解和沟通。,0
H3,不用客气，你正在经历的事情是可以度过的。你有没有出现消极的想法，譬如轻生的念头？,没有那种想法，只是有时候感到压抑和迷茫。,0
H3,自我伤害显然是一个警讯。有没有考虑过更严重的事情，比如自杀？,不，我没有真的想过自杀。,0
H3,这样的想法是很常见的，你曾有过想要结束自己生命的想法或冲动吗？,没有，这倒没有。,0
H3,他是否主动提到过死亡或者自杀的想法呢？,没有，他倒是没有提过这些事情。,0
H3,任何时候有需要帮助都可以来找我。,好的，谢谢你。,0
H3,您提到迷茫的感觉。那在这些反思中，有没有想过要逃避或者产生过极端化念头？,想过逃避，但没有过极端的想法。,0
H3,这是个很好的心态。有没有曾经有过对生命的消极想法呢？,没有，我对生活很有希望。,0
H3,借助专业的帮助有助于您理清这些复杂的情感。除了这些，您曾有过自杀的倾向或想法吗？,没有，我从来没有这样的想法。,0
H3,这段经历中，有没有过任何轻生或者伤害自己的想法？,没有，但内心非常痛苦，不知道该怎么缓解。,0
H3,那么，有没有轻生或消极逃避的念头出现过呢？,没有，只是偶尔感到茫然。,0
H3,最近你对自己的健康有过较为极端的想法吗？例如希望通过某些方法来快速摆脱现在的状态。,一直有努力保持乐观，但有时真的很难。还没有极端的方法，只是想熬过去。,0
H3,这些想法可能反映出你的痛苦深度。在你想到死亡时，是否觉察到这些想法对你有何影响？,嗯，我其实还没注意到它们的影响。,0
H3,在困境中，您是否产生过自杀的念头？,没有过哦。,0
H3,这些想法频繁出现吗？,其实还好，不是很频繁。,0
H3,感到抑郁的时候是否有想过伤害自己？,没有过这种想法。,0
H3,听到你有这样的想法让我很担心。你曾经有过哪些具体的自杀想法或计划吗？,没有具体计划，只是偶尔感到低落。,0
H3,没错，慢慢来。在日常交流中，你是否察觉到他有过自杀的倾向或想法？,没有发现他有这种倾向。,0
H3,这是一个可以理解的感受，但我们要找到方法来面对这种想法。有过想逃避这些痛苦的时候吗？,嗯，我倒没想过要逃避。,0
H3,在情绪这么崩溃的时候，有没有想过具体的自杀计划呢？,没有，我没有想过。,0
H3,理解自己的情绪是解决问题的关键一步。有时候我们需要深挖情绪背后的原因。你有没有在面对挑战时考虑过自残或者自杀的念头呢？,没有，我会找别的方式处理。,0
H3,朋友之间的支持往往是彼此的，会让关系更加坚固。关于你提到死亡念头，又不愿真正执行，这个了断的思想是否时有浮现？,我有时会想，但并不常有。,0
H3,情绪的起伏确实需要我们多加关注。你有提到在情绪低落时有自杀的念头，考虑过认真的计划吗？,没有，我没有认真考虑过。,0
H3,那真的很不错。兴趣和朋友的陪伴都是减随压力的良方。你提及过的自杀意念，现在还会出现吗？,没有啦，现在好多了，谢谢关心。,0
H3,您有提到过自杀的问题，这让我有些担忧。您是否有自杀的想法或者自杀的计划呢？,没有，我没有这样的想法。,0
H3,面对这种不确定性真不容易。你在这种关系中有没有过轻生的念头或想法？,没有过，虽然有时会觉得很难。,0
H3,"能理解，这种长期的内疚感确实是令人困扰。你还提到过觉得自己""不该活着""，这句话听起来让人非常担心。有没有想过结束自己的生命呢？",没有，虽然有时很低落，但不会那样做。,0
H3,时间和自我关怀通常可以帮助。在这样的家庭背景下，你是否担心会对自己产生消极影响或伤害自己？,没事，我还好，不会有影响。,0
H3,这样的思维模式可能会加重我们的情绪负担。你还提到过自杀的意念，能否更多地说说这些想法？,其实我没啥这样的想法，就是偶尔情绪低落。,0
H3,您提到过对世界的厌恶，这让您产生过极端的念头吗？,没有过这样的念头。,0
H3,我明白这种感觉。那你提到过希望死去，你会感到自己有过自杀的念头吗？,没有过这种念头。,0
H3,你曾经计划过自杀的细节吗？,没有，没想过那么细。,0
H3,嗯，了解现状然后找到改善的方法是很重要的。有没有过因为各种压力而感到非常恐惧或害怕的时刻呢？,没有过那种时候。,0
H3,听您这样说我很担心，您有没有做出自残的打算或者冲动？,放心，没有那样的想法。,0
H3,这些情绪是可以被理解的，由于背景和经历都会影响。你提到想要杀掉自己，是什么引发了这些自毁想法？,我也说不清楚，就是觉得很绝望。,0
H3,这一定让你很失落。你提到了好几次自杀的尝试，这种情况还在持续吗？,没有啦，现在好多了。,0
H3,那么，你常常考虑关于死亡或者死后世界的事情吗？,没怎么想这个问题。,0
H3,离家出走，想必你当时感到极为困扰。碰到这样的困难时，你有没有过极端消极或自残的念头呢？,没有，这种想法我没有过。,0
H3,生活中总有波动，我们可以共同探索更有效的方法。你提到有时候痛苦到不想活，朋友或家人了解这些情况吗？,我没和他们说过这些。,0
H3,哭泣是自然的情感宣泄方式，但你也需要一些支持。你是否有过自杀的念头或想法？,没有，我没有过这样的想法。,0
H3,很好，你能意识到自己的状况。出现过被动死亡的想法吗，比如车祸？,没有过这种想法。,0
H3,真希望你能好好珍惜自己，有没有形成具体的计划？,还没具体计划，不过谢谢关心！,0
H3,你说过有时候觉得想死，这种想法频繁吗？,还好，不是一直都有。,0
H3,这是个很大的担忧。我想了解一下，这种情况下，您有没有过自杀的想法或念头呢？,没有过这样的想法。,0
H3,这种感觉确实让人无所适从。在你提到情绪低落的时候，你是否有过轻生或自杀的念头？,没有过那种念头。,0
H3,面对这样的局面，你会选择逃避还是积极去解决呢？,我现在真不确定怎么选。,0
H3,这不是一件容易的事情。是否曾经有过自杀的念头或打算呢？,没有，我没有这样的念头。,0
H3,这种想法的频率和强度是怎样的呢？,哦，我其实没怎么想过这个。,0
H3,这种情绪是可以理解的，但我相信您有能力渡过这个难关。您在处理目前生活困境时，是否考虑过比较极端的解决办法？,没有，我没考虑过极端方法。,0
H3,内疚的感觉可以理解，但也需要寻找释放的方式。这种时候你有没有过轻生或自杀的念头，尤其是在感到无助的时候？,没有过这种念头。,0
H3,这种情绪很危险，最近您是否有过自杀的想法或倾向？,没有，没有过这样的想法。,0
H3,情绪的波动是一个需要关注的问题。您现在是否有产生过轻生的念头或者觉得活着没有意义？,没有这种感觉。,0
H3,听到你这样说，我很担心。可以告诉我最近有没有过想要伤害自己的强烈冲动或实施自杀计划的行为吗？,没有呢，最近没有这样的冲动。,0
H3,听到这些我很遗憾。说到孤立，你有提到过自杀的念头，这种想法出现的频率和严重程度如何？,没有那么严重啦，我没有这种想法。,0
H3,明白了。这种状态下，他是否有提到过任何自杀的念头或者相关话题呢？,没有，他没提过自杀。,0
H3,能发现这一点说明你开始反思，积极面对就是解决问题的一步。这段关系让你有过极端想法吗？,没有过极端想法。谢谢关心！,0
H3,那感觉确实是痛苦的，但在我们的对话中可能会有所帮助。您是否有过明确的自杀念头或计划？,没有，那方面的想法。,0
H3,那些胡思乱想可能在放大痛苦。你提到自杀的想法，能描述一下这种想法的严重程度吗？,其实没那么严重，就是偶尔有点烦。,0
H3,这持续的困境确实让人心累。你有没有考虑过，或者有时候会想到一些极端的解决办法？,没有啦，只是偶尔有点烦。,0
H3,这种感觉真的很沉重。有没有感到自己长期这样下去会有自杀的想法？,没有过这样的想法。,0
H3,长时间睡眠却不觉得恢复精力可能需要注意调整。您提到了抑郁时体会到的绝望，是否有出现过想要结束生命的念头？这些念头是否持续并强烈？,"没有过这样的念头，不过谢谢关心！",0
H3,听到你这样说，我很担心。你经常有这样的想法或冲动吗？,没事，我其实没有这样的想法。,0
H3,我可以想象那样的行为对您造成了多大的冲击。这种事件过后，您是否频繁回忆那些不舒适的细节？,其实还好，我没怎么想起。,0
H3,这种经历可能对你自我认同的影响很大。你提到过因为情感激动而伤害自己，有没有想过自杀的念头或行为？,没有，我没有想过自杀。,0
H3,找到合适的平衡点不容易，但你有意识去做，这已经迈出了重要的一步。希望你们在未来的沟通中都能感受更多的轻松和内心的平和。如果她再表现出自杀想法或倾向，你会如何处理？,我会找专业帮助。,0
H3,跟你妈妈的关系让你产生了这样的感觉，我很理解。 你有没有想过对生活不抱希望或不想继续下去的时候？,没有过这样的想法。,0
H3,您是否有过极端的想法，比如不想继续这段婚姻？,没有过这种想法。,0
H3,内疚感有时是一种自责的表现。您有在情绪低落时想到过自残或自杀吗？,没有，没有出现过这种情况。,0
H3,最近有没有出现轻生、自杀，或觉得活着没有意义的想法？,没有啊。,0
H3,这种感觉说明可能需要换个角度来面对问题。你在这段经历中，有没有感受到朋友的拒绝对你的打击，让你开始有轻生的念头或行为？,没有，倒没到那种程度。,0
H3,那种不被理解的感觉一定很难受。除了想法，您有过任何具体的计划或实施的想法吗？,没有具体计划，就是有些想法。,0
H3,你感到孤独的时候，有没有出现过对自己伤害的想法？,没有过这样的想法。,0
H3,稳定情绪对很多事情都有帮助。当提到“死了会好过一点”，是否有过更具体的自杀想法或计划呢？,没有具体想法，只是偶尔觉得累。,0
H3,您有过更频繁的自杀念头或计划吗？,没有过这样的情况。,0
H3,有没有可能因为男友的拒绝和态度出现 ？,这情况倒没遇到过。,0
H3,当您提到想“骑车撞车”的念头时，您在暗示有时有极端的想法吗？,没有啦，只是开玩笑而已。,0
H3,了解。能够意识到情绪的变化是第一步。你提到无法对人敞开心扉，这种状态下是否有轻生或绝望的念头？,没有呢，我没那个念头。,0
H3,最近有没有出现轻生或伤害自己的念头？,没这类想法,0
H3,还会感到生活毫无意义吗？,现在感觉还好，谢谢关心！,0
H3,你提到过想去死但有所顾忌，能否分享一下心里的挣扎？,唉，有时候就是想太多了。,0
H3,你这样想的时候是否伴有其他消极想法，比如生活的意义？,没有啦，想法没那么复杂。,0
H3,学习心理学是个不错的主意，有时候培养持久兴趣需要不断坚持。你有过具体的自我伤害或自杀的想法吗？,没有，我目前没有这样的想法。,0
H3,家人的理解很重要，但不理解也不是终点。你还提到自己因为一些极端想法烦扰，这些想法常出现吗？,不常出现，偶尔有点烦。,0
H3,在这样的环境中成长是很不容易的。这种情况有没有让你有过自残或者自杀的念头呢？,没有过那种想法。,0
H3,根据你提到的这些，像“如果考不上就去死”这样的想法，你是否常常这样想？,没有啦，不常这样想。,0
H3,这些听起来很让人担忧。你有没有曾经有过详细的轻生计划或措施呢？,没有，没有过那种计划。,0
H3,我能感受到你的困惑和痛苦。你是否时常有强烈的自杀想法，或者做过相关的计划呢？,是的，我有时候会有那样的想法，但是我一直在努力让自己坚持下去。,3
H3,您提到过对世界的厌恶，这让您产生过极端的念头吗？,曾有过，但我想活着。,3
H3,根据你提到的这些，像“如果考不上就去死”这样的想法，你是否常常这样想？,有时候有这样的念头，但也许只是想想。,3
H3,听到你有这样的想法让我很担心。你曾经有过哪些具体的自杀想法或计划吗？,只是想过，不想再这样活着。,3
H3,我明白这种感觉。那你提到过希望死去，你会感到自己有过自杀的念头吗？,我，也许吧。只是一种逃避的想法而已。,3
H3,这些变动听起来确实很令人困扰。你提到想离开，有没有过伤害自己的经历呢？,有时候我觉得只有疼痛才能让我觉得自己还活着，比如割手腕。,3
H3,这些情绪是可以被理解的，由于背景和经历都会影响。你提到想要杀掉自己，是什么引发了这些自毁想法？,每当我感到自己一无是处时，这种想法就出现了。,3
H3,您或他有没有想要结束生命的想法？,我想过，但还不至于很严重。,3
H3,这些情绪可以很压抑，但还好您并没有忽视这些信号。对于这些感受，您是否曾有自杀的念头？,有时候会闪过不好的念头，但从没有去做。,3
H3,朋友之间的支持往往是彼此的，会让关系更加坚固。关于你提到死亡念头，又不愿真正执行，这个了断的思想是否时有浮现？,有时候在脑海里徘徊，但我真的没勇气。,3
H3,感到抑郁的时候是否有想过伤害自己？,虽然有这样的念头，但总是没有实行。,3
H3,这些听起来很让人担忧。你有没有曾经有过详细的轻生计划或措施呢？,没有，但是有时候会有这种想法。,3
H3,你曾有过自残的行为，或者有不好的念头吗？,是的，每次心情低落的时候，我都会自残一下。,3
H3,这种情绪很危险，最近您是否有过自杀的想法或倾向？,嗯，我想到了跳楼，觉得反正也没什么希望。,3
H3,这种自杀的念头最近是否还在持续？比如有没有更强烈的冲动或计划过？,有时候还是会有，我也不知道该怎么办。,3
H3,那种不被理解的感觉一定很难受。除了想法，您有过任何具体的计划或实施的想法吗？,并没有具体的计划，但那种情绪来的时候真的很压抑。,3
H3,稳定情绪对很多事情都有帮助。当提到“死了会好过一点”，是否有过更具体的自杀想法或计划呢？,没有具体的计划，只是有时候会有这样的想法。,3
H3,这种想法的频率和强度是怎样的呢？,有时候非常强烈，让我感到恐慌。,3
H3,在困境中，您是否产生过自杀的念头？,是的，我不时有这样的念头，但我不敢。,3
H3,抱歉听到这些。这样的想法出现的频繁和强烈程度如何呢？,有时很强烈，特别是在夜深人静的时候。,3
H3,体重变化也是一种身体信号，可能映射心理状况。您之前提到过有轻生念头，现在这种感觉如何？,如果说没有，那是假的。但我在努力抗争这些念头。,3
H3,在情绪这么崩溃的时候，有没有想过具体的自杀计划呢？,没有计划，只是常常有那种冲动。,3
H3,诚然，音乐有时并不足以解决根本问题。你有提到过自杀的想法，那些念头来得频繁吗？,并不是每天都有，但当我感到特别无助时，这些想法就像是出不去的循环。,3
H3,离家出走，想必你当时感到极为困扰。碰到这样的困难时，你有没有过极端消极或自残的念头呢？,说实话，有时候确实会有这样的想法，尤其是感觉被困住时。,3
H3,你提及有时候发自内心地想要死亡，这个念头常常出现吗？,是的，有时挺频繁的。,3
H3,关于自杀的念头，您是否感觉它最近更加频繁或严重了？,是的，这几个月尤其严重。,3
H3,听到你这样说，我很担心。可以告诉我最近有没有过想要伤害自己的强烈冲动或实施自杀计划的行为吗？,每天都想着这种事，特别是晚上。,3
H3,嗯，有这样的思考方式说明你对生命有着自己的坚持。有没有具体的计划或者强烈的冲动？,没有具体的计划，但情绪低落时想过。,3
H3,情绪的起伏确实需要我们多加关注。你有提到在情绪低落时有自杀的念头，考虑过认真的计划吗？,我有过这样的挣扎，但从没真正付诸实施，只是感觉无助。,3
H3,您的这种感受让我感到心痛。您提到有过想要结束一切的念头，是否有更为严重的自杀想法或计划？,我有想过，但还没有具体的计划。我只是不知所措。,3
H3,你有过自杀的念头吗？,有过，但是每次都没有真正去实施，只是心里觉得很累。,3
H3,听起来那段时间很难熬。你现在还会有自杀的念头或计划吗？,结婚后，虽然日子过得安稳，但死的念头还在，只是再没有那种勇气自残了。,3
H3,听起来你背负了很多责任。对于这种家庭氛围，你有没有过极端的想法，比如自杀念头？,有时候会闪过这样的念头，但我知道这不是解决问题的方法。,3
H3,那感觉确实是痛苦的，但在我们的对话中可能会有所帮助。您是否有过明确的自杀念头或计划？,偶尔会想到这些，但没具体计划。,3
H3,"能理解，这种长期的内疚感确实是令人困扰。你还提到过觉得自己""不该活着""，这句话听起来让人非常担心。有没有想过结束自己的生命呢？",说实话，有时候我确实会有这样的念头，尤其是在压力特别大的时候。,3
H3,你曾经计划过自杀的细节吗？,是的，甚至看见大马路或高楼都会觉得冲动。,3
H3,你提到过想去死但有所顾忌，能否分享一下心里的挣扎？,真的有过那种念头，但想到家人又舍不得。,3
H3,你感到孤独的时候，有没有出现过对自己伤害的想法？,这些念头偶尔会在心里晃过，但我不会付诸行动。,3
H3,你提过感到不幸，并且有利用自杀来应对矛盾的想法。最近这种想法的频率怎么样？,最近还是有想到，不过没有行动，只是想让父母反思。,3
H3,绝望感确实很沉重。您有曾因为这些情感想过更极端的选择吗？,有过那么一瞬间，但我及时压下了那些想法。,3
H3,写信可以是一个让自己情感表达得更全面的方式。有一点非常重要，你曾说过你有过自杀的念头，现在这种想法是否依然存在？,看到女儿就犹豫了，但有时候感觉这是唯一的出路。,3
H3,您有提到过自杀的问题，这让我有些担忧。您是否有自杀的想法或者自杀的计划呢？,我有想过，但没有真正去计划。我还是想尽力改变自己的现状。,3
H3,内疚感有时是一种自责的表现。您有在情绪低落时想到过自残或自杀吗？,有过这样的念头，不过我一直努力控制自己。,3
H3,听起来就像是在黑暗中摸索。你提到有时会想到死亡，这种念头是不是经常出现呢？,是的，虽然我不敢付诸行动，但这些想法确实经常浮现在我的脑海中。,3
H3,你提到感觉生活没有尽头，有没有过想结束自己生命的念头？,有过，但是我知道这是不对的，也不想伤害自己。,3
H3,那些胡思乱想可能在放大痛苦。你提到自杀的想法，能描述一下这种想法的严重程度吗？,这些想法很强烈，尤其在感到绝望的时候。,3
H3,这是个很大的担忧。我想了解一下，这种情况下，您有没有过自杀的想法或念头呢？,曾经有过，但想想还是算了，我不能丢下我女儿，再痛苦也要走下去。,3
H3,这也是成长的一部分。失恋后，你考虑过通过极端方式改变现状吗？,没有到那么严重的地步，但有短暂考虑过。,3
H3,情绪的波动常常是我们情感状态的反映。失恋带来的痛苦曾让你想过极端的解决方法吗？,老实说，有过瞬间的念头，但我知道不该这么做。,3
H3,哦，这听起来很严重。你有轻生的念头，让我很关心你。这种想法经常出现吗？,是偶尔啦，但情绪低落的时候就特别强烈。,3
H3,你提到这些冲动是否现在仍然存在呢？,是的，有些时候他们还是会浮现在我的脑海。,3
H3,关注外貌是正常的，不过你也具备其他内在积极特质，不妨多留意。在您描述当中，您提到想要解脱，自杀念头是否常在您心头出现？,有时候真的忍不住想得钻牛角尖,3
H3,您是否有过极端的想法，比如不想继续这段婚姻？,是有过这样的想法，这让我很害怕。,3
H3,这让我担心，你是否有过想自杀的具体想法或计划？,想过，但没做到。只是有这样的念头。,3
H3,对，写下心情是一个很好的出口。你提到自杀念头，这是很重要的警告信号。还经常想到自杀吗？,有时会想到，感觉无路可走。,3
H3,生活中总有波动，我们可以共同探索更有效的方法。你提到有时候痛苦到不想活，朋友或家人了解这些情况吗？,没有，他们都很忙，谁会关心这些。,3
H3,这需要时间和耐心。您的勇气让我很感动。您是否曾有过自杀的念头或倾向？,有过这样的想法，但还没有具体的行动。,3
H3,时间和自我关怀通常可以帮助。在这样的家庭背景下，你是否担心会对自己产生消极影响或伤害自己？,有时候，我会有这样的念头。,3
H3,内疚的感觉可以理解，但也需要寻找释放的方式。这种时候你有没有过轻生或自杀的念头，尤其是在感到无助的时候？,有过这样的念头，因为觉得人生已经没有希望了。但我也知道这不是解决问题的方法。,3
H3,听着你好像经历了很艰难的时刻。这段时间，你有过轻生的想法吗？,是的，我有想过，但没敢真的去做。虽然有时候很想放弃。,3
H3,有没有可能因为男友的拒绝和态度出现 ？,她有过极端想法，但没有付诸行动，她觉得这个想法很可怕。,3
H3,真希望你能好好珍惜自己，有没有形成具体的计划？,是的，有时候搜这方面的信息。,3
H3,听到这些我很遗憾。说到孤立，你有提到过自杀的念头，这种想法出现的频率和严重程度如何？,时常会想，但也很害怕。,3
H3,跟你妈妈的关系让你产生了这样的感觉，我很理解。 你有没有想过对生活不抱希望或不想继续下去的时候？,有时候会有这样的想法。,3
H3,这种情绪是可以理解的，但我相信您有能力渡过这个难关。您在处理目前生活困境时，是否考虑过比较极端的解决办法？,是有过这样的想法，但我在努力寻求帮助。,3
H3,没错，慢慢来。在日常交流中，你是否察觉到他有过自杀的倾向或想法？,有时会提到，挺担心他的。,3
H3,任何时候有需要帮助都可以来找我。,谢谢，但我有时感觉没人能真的帮我。,3
H3,您提到迷茫的感觉。那在这些反思中，有没有想过要逃避或者产生过极端化念头？,有时候会有这种想法，但我尽量不去想。,3
H3,听到这让我感到担忧。你有没有产生具体的自杀念头或计划呢？,有时候会有这种想法，但没有具体计划。,3
H3,能发现这一点说明你开始反思，积极面对就是解决问题的一步。这段关系让你有过极端想法吗？,有过，但我在努力处理这些想法。,3
H3,这样的想法是很常见的，你曾有过想要结束自己生命的想法或冲动吗？,有时候会有这样的念头。,3
H3,我可以理解你的顾虑。你刚才提到过曾想结束自己的生命，这种念头是否依旧存在？,有时会有这种想法，但我在努力应对。,3
H3,这些绝望感有没有发展到实际伤害自己或尝试自杀的行为？,我有时候会觉得生活没意义。,3
H3,这样的思维模式可能会加重我们的情绪负担。你还提到过自杀的意念，能否更多地说说这些想法？,最近感觉很低落，总想着逃避一切。,3
H3,您经常有这样的想法吗？是否有轻生的念头或计划？,有时候会有，但我会尽量控制。,3
H3,当您提到想“骑车撞车”的念头时，您在暗示有时有极端的想法吗？,是啊，有时候想法真的挺极端的。,3
H3,您刚才提到自己有时会想到一些悲观的事情，比如自杀，这是特别需要关注的。你有多久没有好好喝水了？,嗯，有时候真的有点消极。最近喝水少了。,3
H3,理解您这样的感受。对这段感情您是否曾考虑过可能的出路甚至有过一些不好的念头吗？,有时会有些消极想法，挺困扰的。,3
H3,这种感觉说明可能需要换个角度来面对问题。你在这段经历中，有没有感受到朋友的拒绝对你的打击，让你开始有轻生的念头或行为？,最近确实有过这样的想法，有点撑不住。,3
H3,您有过更频繁的自杀念头或计划吗？,有时候会有，但我会努力克服。,3
H3,不用客气，你正在经历的事情是可以度过的。你有没有出现消极的想法，譬如轻生的念头？,嗯，有时候确实有过这样的念头。,3
H3,这段关系破裂后，你有没有想过生活无望或者有轻生的念头？,有过这种想法，感觉很难撑下去。,3
H3,这可能是压力或心理状态引起的正常反应，你有过轻生的念头吗？,有时候会有这样的念头，但我尽量控制住。,3
H3,好的，任何小改变都是一个进步。那么你提到自残行为，有没有和有自杀的想法有关呢？,最近有点这种想法，但我会努力克服。,3
H3,还会感到生活毫无意义吗？,有时候会，有点难以找意义。,3
H3,明白了。这种状态下，他是否有提到过任何自杀的念头或者相关话题呢？,有时候会提到，很担心。,3
H3,亲爱的，先深呼吸。我们慢慢来聊，可以告诉我是什么让你有如此强烈的想法吗？,我就是感觉一切都没有意义了。,3
H3,听到这个我很担心。你最近是否有曾考虑过自残的行为或想法？,嗯，有时候会有这样的想法。,3
H3,听您这样说我很担心，您有没有做出自残的打算或者冲动？,有过这样的想法，但我会尽量控制。,3
H3,理解自己的情绪是解决问题的关键一步。有时候我们需要深挖情绪背后的原因。你有没有在面对挑战时考虑过自残或者自杀的念头呢？,有时候有过这样的念头，但我在努力控制。,3
H3,这是个很好的心态。有没有曾经有过对生命的消极想法呢？,有时候会有，但我正在努力调整。,3
H3,找到合适的平衡点不容易，但你有意识去做，这已经迈出了重要的一步。希望你们在未来的沟通中都能感受更多的轻松和内心的平和。如果她再表现出自杀想法或倾向，你会如何处理？,我会尽量保持冷静，及时寻求专业帮助。,3
H3,友情中断肯定不容易，但对你是有益的。关于最终可能失败的关系，你有过极端的想法吗？,有时候真的有过不好的念头。,3
H3,这种感觉会唤起任何自杀的冲动或念头吗？,有时候会有这样的念头。,3
H3,我能理解这一切听起来非常令人心痛。能否和我谈谈，您为什么选择这样的方法和时机呢？,最近情绪低谷，觉得这是唯一的出路。,3
H3,这些情绪看起来影响了你很多方面。在这种不稳定的情绪下，你有没有过轻生的想法或者念头？,有过这样的念头，但我在努力应对。,3
H3,面对这种不确定性真不容易。你在这种关系中有没有过轻生的念头或想法？,有过，但现在想找办法面对。,3
H3,那真的很不错。兴趣和朋友的陪伴都是减随压力的良方。你提及过的自杀意念，现在还会出现吗？,偶尔会冒出来，但我在努力控制。,3
H3,你这样想的时候是否伴有其他消极想法，比如生活的意义？,有时候会有这样的想法。,3
H3,情绪的波动是一个需要关注的问题。您现在是否有产生过轻生的念头或者觉得活着没有意义？,嗯，有时候会有这样的想法。,3
H3,你说过有时候觉得想死，这种想法频繁吗？,并不经常，但感到绝望时就会浮现。,2
H3,那还算好，他讲过对死亡或者终极问题的思考吗？,讲过，但只是说说，没有付诸行动。,2
H3,在这样的环境中成长是很不容易的。这种情况有没有让你有过自残或者自杀的念头呢？,以前我不敢自残或自杀，但我会在精神上“虐待”自己。,2
H3,情绪的波动是一个需要关注的问题。您现在是否有产生过轻生的念头或者觉得活着没有意义？,偶尔会有这样的想法，但不会去做。,2
H3,先从自己开始是很好的。你曾经提到过想结束生命，这种念头是不是时常出现？,并不频繁，只是偶尔会有那种想法，特别是感到无能为力的时候。,2
H3,听到你这样说，我很担心。你经常有这样的想法或冲动吗？,不是每天都有，但想到的时候我的心情会变得非常糟糕。,2
H3,您的意思是您曾考虑过自残行为吗？在那时候，您是否有过自杀的想法或倾向？,是的，当时脑袋一片混乱。进医院后她来探望的时间也很少。,2
H3,这些身体表现提醒我们关心自己的身心健康。在面对过去的事情时，你有没有考虑过极端的想法，例如伤害自己？,还好，没有真正去想过。当然，偶尔有一闪而过的极端念头。,2
H3,情感中的困扰难以独自承担，是否有过任何极端的解决方案的想法？,没有做过，但偶尔会想起。,2
H3,你提到有想过结束这些日子，是否有过更极端的念头？,想过，但还是撑了过来。觉得不该这么做，对不起身边的人。,2
H3,这种感觉真的很沉重。有没有感到自己长期这样下去会有自杀的想法？,有时候，我确实想着可能死去会更轻松。,2
H3,你提到过用自残来惩罚自己，这对你的身体会有很大的伤害啊。,是，我知道这样不对，但控制不住。,2
H3,你曾有过自杀的想法或者倾向吗？,有时候，我真的想不下去了，感觉这世界没有我的位置。,2
H3,在冲突中产生绝望感是很自然的。重要的是相信自己能够走出这一切。你有提到想用极端方式来结束这种状态，能分享一下这种想法出现的频率和强度吗？,我不想真这么做，但这样的念头总是困扰我。,2
H3,那么，你常常考虑关于死亡或者死后世界的事情吗？,不否认有时候这种念头会浮现。,2
H3,这种感觉确实让人无所适从。在你提到情绪低落的时候，你是否有过轻生或自杀的念头？,一开始有过，但我已经决定要努力走出这种状态。,2
H3,没错，慢慢来。在日常交流中，你是否察觉到他有过自杀的倾向或想法？,有时候他会说一些让我担心的话，但我不知道他是否真的有这样的想法。,2
H3,听您这样说我很担心，您有没有做出自残的打算或者冲动？,没有，只是想象过。,2
H3,在失望时，你有没有过放弃一切的想法？,有过一瞬间这样的念头，但我不会真的去做。,2
H3,在那些情绪低沉的时刻，有没有产生过不想活的念头呢？,有一次想过，但很快否定了，告诉自己那不是解决问题的办法。,2
H3,这可能是压力或心理状态引起的正常反应，你有过轻生的念头吗？,我偶尔会想，没那么严重，但这种念头存在。,2
H3,我理解你这份不信任，但有时候，找到专业的帮助可能会让我们更安全。你是否仍有自残或离世的念头？,偶尔还是会有这些想法，特别是感到无助时。,2
H3,您经常有这样的想法吗？是否有轻生的念头或计划？,我努力让自己不去想这些，但时常会冒出来这样的念头。,2
H3,按时用餐是很重要的，即使没胃口也尽量吃点清淡的东西。你有提到过曾有想轻生的念头吗？,有时候会有那样的想法，但尽量不去想它。,2
H3,这些想法可能反映出你的痛苦深度。在你想到死亡时，是否觉察到这些想法对你有何影响？,它们让我更加恐惧，也让自己无法摆脱这种困境。,2
H3,长时间睡眠却不觉得恢复精力可能需要注意调整。您提到了抑郁时体会到的绝望，是否有出现过想要结束生命的念头？这些念头是否持续并强烈？,是的，我有时候觉得死亡会是种解脱。我知道这不好，但那时我真的无能为力。,2
H3,这些想法频繁出现吗？,最近一段时间又开始出现了。,2
H3,这种经历可能对你自我认同的影响很大。你提到过因为情感激动而伤害自己，有没有想过自杀的念头或行为？,偶尔有过这种想法，但更多的是短暂的冲动。,2
H3,跟你妈妈的关系让你产生了这样的感觉，我很理解。 你有没有想过对生活不抱希望或不想继续下去的时候？,有时候会有这样的想法，压力大的时候会比较严重。,2
H3,这种情绪是可以理解的，但我相信您有能力渡过这个难关。您在处理目前生活困境时，是否考虑过比较极端的解决办法？,过去有过这样的念头，但我知道这不是解决问题的方法。,2
H3,关键是坚持，慢慢来。那你有没有在情绪非常低落时有想过轻生或自残的念头呢？,有时会想，但没有认真考虑过，只是偶尔闪过这个念头。,2
H3,听起来很严肃的问题。现在你偶尔还会有这样的想法吗？,现在少了一点，但有时候仍然会觉得很压抑和孤独。,2
H3,很好，你能意识到自己的状况。出现过被动死亡的想法吗，比如车祸？,是的，时常会有这些想法，甚至幻想一些情景。,2
H3,听起来你尤其希望被理解和倾听。你提到有时候感觉痛苦到想死，这些想法出现频繁吗？,不是经常出现，但在特别绝望的时候会有。,2
H3,这是一个可以理解的感受，但我们要找到方法来面对这种想法。有过想逃避这些痛苦的时候吗？,有过这样的想法，但我知道这不是真正的解决办法。,2
H3,那真的很不错。兴趣和朋友的陪伴都是减随压力的良方。你提及过的自杀意念，现在还会出现吗？,现在少了，虽然偶尔有想到，但不会持续。,2
H3,听到这些让我很担心。您提到想放弃生命，您最近是否出现过更多这样的念头或计划？,没有具体的计划，只是有时候会想，如果得癌症，直接死掉反而算了。,2
H3,嘿，那是很严肃的想法，你是否觉得有时候自己真想过这样的事？,是啊，有时候脑海里会闪过这种想法。,2
H3,真希望你能好好珍惜自己，有没有形成具体的计划？,我有时候觉得活着挺没劲的，计划还没想好。,2
H3,理解自己的情绪是解决问题的关键一步。有时候我们需要深挖情绪背后的原因。你有没有在面对挑战时考虑过自残或者自杀的念头呢？,有时候会想这些事，真的挺累的。,2
H3,听到这让我感到担忧。你有没有产生具体的自杀念头或计划呢？,有时候会想这些事情，但没有具体计划。,2
H3,目前这样的想法是否仍然存在？,有时候还是会想这些事。,2
H3,那么，有没有轻生或消极逃避的念头出现过呢？,嗯，有时候会想到这些事情。,2
H3,你提到过想去死但有所顾忌，能否分享一下心里的挣扎？,总觉得死了就能解脱，但又放不下家人。,2
H3,您提到过对世界的厌恶，这让您产生过极端的念头吗？,有时候会想到这些，感觉挺无奈的。,2
H3,找到合适的平衡点不容易，但你有意识去做，这已经迈出了重要的一步。希望你们在未来的沟通中都能感受更多的轻松和内心的平和。如果她再表现出自杀想法或倾向，你会如何处理？,"老实说，我也常有类似想法，真希望能找到点平和。",2
H3,能发现这一点说明你开始反思，积极面对就是解决问题的一步。这段关系让你有过极端想法吗？,有时候真的会有这样的想法。,2
H3,你曾经计划过自杀的细节吗？,嗯，有时候会想到这些。,2
H3,这样的思维模式可能会加重我们的情绪负担。你还提到过自杀的意念，能否更多地说说这些想法？,老想着死，感觉那样就能解脱了。,2
H3,这是个很好的心态。有没有曾经有过对生命的消极想法呢？,有时候会想这些，特别低落时。,2
H3,了解。能够意识到情绪的变化是第一步。你提到无法对人敞开心扉，这种状态下是否有轻生或绝望的念头？,有时候会想，希望一切都结束。,2
H3,成绩并不是全部，重要的是我们如何面对困难，学会自我管理。你有没有过想要伤害自己的念头或想法？,偶尔会想这些，但我在努力应对。,2
H3,您有提到过自杀的问题，这让我有些担忧。您是否有自杀的想法或者自杀的计划呢？,"有时候脑子里会闪过这些念头，但就是想想。",2
H3,哦，这听起来很严重。你有轻生的念头，让我很关心你。这种想法经常出现吗？,有时候会想到，但我会尽量控制。谢谢你的关心。,2
H3,对，写下心情是一个很好的出口。你提到自杀念头，这是很重要的警告信号。还经常想到自杀吗？,有时候会想，但我在努力控制。,2
H3,抱歉听到这些。这样的想法出现的频繁和强烈程度如何呢？,最近总是反复出现，很难摆脱。,2
H3,学习心理学是个不错的主意，有时候培养持久兴趣需要不断坚持。你有过具体的自我伤害或自杀的想法吗？,有时会想，如果不在了会怎样。,2
H3,你曾有过自残的行为，或者有不好的念头吗？,有时候会想这些事。,2
H3,还会感到生活毫无意义吗？,有时候会有这种感觉。,2
H3,自我伤害显然是一个警讯。有没有考虑过更严重的事情，比如自杀？,有时候会想这些事，挺难控制的。,2
H3,这段关系破裂后，你有没有想过生活无望或者有轻生的念头？,有时候会想，真希望一切都结束。,2
H3,这些情绪可以很压抑，但还好您并没有忽视这些信号。对于这些感受，您是否曾有自杀的念头？,有时会想象自己不在了，但没特别想过自杀。,2
H3,这些情绪是可以被理解的，由于背景和经历都会影响。你提到想要杀掉自己，是什么引发了这些自毁想法？,可能是因为感觉活着太累了。,2
H3,这种感觉会唤起任何自杀的冲动或念头吗？,有时会想到这些，但不一定想自杀。,2
H3,好的，任何小改变都是一个进步。那么你提到自残行为，有没有和有自杀的想法有关呢？,偶尔会有那种想法，挺难受的。,2
H3,最近你对自己的健康有过较为极端的想法吗？例如希望通过某些方法来快速摆脱现在的状态。,嗯，有时候会想如果不在了会怎样。,2
H3,面对这种不确定性真不容易。你在这种关系中有没有过轻生的念头或想法？,我有时会想，希望自己已经不在了。,2
H3,这种感觉说明可能需要换个角度来面对问题。你在这段经历中，有没有感受到朋友的拒绝对你的打击，让你开始有轻生的念头或行为？,是啊，有时真的觉得活着太累了。,2
H3,借助专业的帮助有助于您理清这些复杂的情感。除了这些，您曾有过自杀的倾向或想法吗？,有时候会想，生活真的挺累的。,2
H3,情绪的起伏确实需要我们多加关注。你有提到在情绪低落时有自杀的念头，考虑过认真的计划吗？,有时候真觉得活着好累，常常想着死。,2
H3,嗯，有这样的思考方式说明你对生命有着自己的坚持。有没有具体的计划或者强烈的冲动？,最近老想着这些，总觉得很累。,2
H3,关于愧疚的感觉，你是否有过自杀的想法？或者对生活失去希望？,有过这样的想法，常想到这些事。,2
H3,我能感受到你的困惑和痛苦。你是否时常有强烈的自杀想法，或者做过相关的计划呢？,有时候会想到这些，挺压抑的。,2
H3,面对这样的局面，你会选择逃避还是积极去解决呢？,有时候真想一了百了，什么都不用想了。,2
H3,只是觉得闷闷的这样子，没有其他的想法?,有时会有这样的想法，挺难受的。,2
H3,这不是一件容易的事情。是否曾经有过自杀的念头或打算呢？,有时候会想，希望一切都结束。,2
H3,家人的理解很重要，但不理解也不是终点。你还提到自己因为一些极端想法烦扰，这些想法常出现吗？,是啊，这些想法常常冒出来，让我很烦。,2
H3,你提及有时候发自内心地想要死亡，这个念头常常出现吗？,嗯，有时候确实会经常想到。,2
H3,听起来就像是在黑暗中摸索。你提到有时会想到死亡，这种念头是不是经常出现呢？,是啊，这些念头总是在脑海里挥之不去。,2
H3,你提到这些冲动是否现在仍然存在呢？,有时候会不自觉地想这些。,2
H3,嗯，了解现状然后找到改善的方法是很重要的。有没有过因为各种压力而感到非常恐惧或害怕的时刻呢？,有时候压力大到觉得活着没意义。,2
H3,听到你有这样的想法让我很担心。你曾经有过哪些具体的自杀想法或计划吗？,常想这些事，但没有具体计划。,2
H3,您有过更频繁的自杀念头或计划吗？,嗯，有时候会想到这些。,2
H3,内疚的感觉可以理解，但也需要寻找释放的方式。这种时候你有没有过轻生或自杀的念头，尤其是在感到无助的时候？,有时候会想，要是没了就好了。,2
H3,你这样想的时候是否伴有其他消极想法，比如生活的意义？,是啊，有时候会想这些事。,2
H3,亲爱的，先深呼吸。我们慢慢来聊，可以告诉我是什么让你有如此强烈的想法吗？,有时觉得活着太累，想这些事让我心安。,2
H3,那种不被理解的感觉一定很难受。除了想法，您有过任何具体的计划或实施的想法吗？,真的有过，但一直没付诸行动。,2
H3,感受家庭的支持是很重要的。当他愤怒时，他尝试过以自残来抵御情绪吗？,有时候觉得死去反而是种解脱。,2
H3,那感觉确实是痛苦的，但在我们的对话中可能会有所帮助。您是否有过明确的自杀念头或计划？,有时想过这些，但没有具体计划。,2
H3,在情绪这么崩溃的时候，有没有想过具体的自杀计划呢？,有时候会想过这些事情。,2
H3,离家出走，想必你当时感到极为困扰。碰到这样的困难时，你有没有过极端消极或自残的念头呢？,有时候会觉得，不如就这么消失了。,2
H3,这些情绪看起来影响了你很多方面。在这种不稳定的情绪下，你有没有过轻生的想法或者念头？,嗯，有时候会想这些。,2
H3,感到抑郁的时候是否有想过伤害自己？,有时候会想到这些，但我在努力控制。,2
H3,这让我担心，你是否有过想自杀的具体想法或计划？,有时候会想这些，但没有具体计划。,2
H3,听起来你背负了很多责任。对于这种家庭氛围，你有没有过极端的想法，比如自杀念头？,有时候会想，希望一切都结束。,2
H3,这种情绪很危险，最近您是否有过自杀的想法或倾向？,有时候会想这些事。,2
H3,不用客气，你正在经历的事情是可以度过的。你有没有出现消极的想法，譬如轻生的念头？,有时会想到这些，很难受。,2
H3,这是个很大的担忧。我想了解一下，这种情况下，您有没有过自杀的想法或念头呢？,偶尔会想，希望一切都结束。,2
H3,你有过自杀的念头吗？,有过，常常想着结束一切。,4
H3,长时间睡眠却不觉得恢复精力可能需要注意调整。您提到了抑郁时体会到的绝望，是否有出现过想要结束生命的念头？这些念头是否持续并强烈？,"是的，那些想法总是挥之不去，很难摆脱。",4
H3,关于愧疚的感觉，你是否有过自杀的想法？或者对生活失去希望？,有过这样的想法，真的很难受。,4
H3,那会有时候有一些负面的想法吗？,嗯，会有很严重的想法。,4
H3,稳定情绪对很多事情都有帮助。当提到“死了会好过一点”，是否有过更具体的自杀想法或计划呢？,是的，有过具体的想法和计划。,4
H3,听着你好像经历了很艰难的时刻。这段时间，你有过轻生的想法吗？,嗯，有过那种想法。,4
H3,时间和自我关怀通常可以帮助。在这样的家庭背景下，你是否担心会对自己产生消极影响或伤害自己？,是啊，有时感觉真的很难坚持下去。,4
H3,借助专业的帮助有助于您理清这些复杂的情感。除了这些，您曾有过自杀的倾向或想法吗？,是的，我确实有过这种想法。,4
H3,您的意思是您曾考虑过自残行为吗？在那时候，您是否有过自杀的想法或倾向？,是的，有过这样严重的念头。,4
H3,你这样想的时候是否伴有其他消极想法，比如生活的意义？,是的，常常会觉得活着没意义。,4
H3,你曾有过自残的行为，或者有不好的念头吗？,是的，有过这样的时刻。,4
H3,那你有没有觉得，因为考试的压力，萌生过不想继续生活的念头？,有过这种想法，但我会寻求帮助。,4
H3,成绩并不是全部，重要的是我们如何面对困难，学会自我管理。你有没有过想要伤害自己的念头或想法？,是的，有时候想放弃一切。,4
H3,亲爱的，先深呼吸。我们慢慢来聊，可以告诉我是什么让你有如此强烈的想法吗？,我真的感觉撑不下去了，太痛苦了。,4
H3,这种自杀的念头最近是否还在持续？比如有没有更强烈的冲动或计划过？,最近还是有这种念头，有时冲动挺强的。,4
H3,他是否主动提到过死亡或者自杀的想法呢？,他有时会提到这些事情。,4
H3,理解自己的情绪是解决问题的关键一步。有时候我们需要深挖情绪背后的原因。你有没有在面对挑战时考虑过自残或者自杀的念头呢？,有时会有这样的念头，特别难受时。,4
H3,情绪的波动常常是我们情感状态的反映。失恋带来的痛苦曾让你想过极端的解决方法吗？,"是的，失恋时曾经有过那种想法。",4
H3,那么当关系紧张时，你有没有想过更极端的事情，比如生活的意义？,“有时候真的会想，不知道活着有什么意义。”,4
H3,你提到过想去死但有所顾忌，能否分享一下心里的挣扎？,真的很痛苦，但还有些牵挂放不下。,4
H3,听到你有这样的想法让我很担心。你曾经有过哪些具体的自杀想法或计划吗？,“是的，我有过具体计划。”,4
H3,内疚的感觉可以理解，但也需要寻找释放的方式。这种时候你有没有过轻生或自杀的念头，尤其是在感到无助的时候？,有过，很挣扎，但会努力寻求帮助。,4
H3,找到合适的平衡点不容易，但你有意识去做，这已经迈出了重要的一步。希望你们在未来的沟通中都能感受更多的轻松和内心的平和。如果她再表现出自杀想法或倾向，你会如何处理？,我会立刻寻求专业帮助，确保她的安全。,4
H3,还会感到生活毫无意义吗？,有时会有那种感觉。,4
H3,任何时候有需要帮助都可以来找我。,我现在就需要帮助。,4
H3,你曾有过自杀的想法或者倾向吗？,是的，有过这样的想法。,4
H3,在困境中，您是否产生过自杀的念头？,是的，有时候真的会有这样的想法。,4
H3,按时用餐是很重要的，即使没胃口也尽量吃点清淡的东西。你有提到过曾有想轻生的念头吗？,嗯，有过这种想法，挺难熬的。,4
H3,感到抑郁的时候是否有想过伤害自己？,有时候会有这种冲动。,4
H3,有没有可能因为男友的拒绝和态度出现 ？,我真的撑不住了，他的拒绝让我想放弃一切。,4
H3,入睡困难会影响第二天的表现，影响整体情绪状态。有没有因为这些想法或情绪而有任何自我伤害或自杀的念头呢？,嗯，是有过类似的念头。,4
H3,听起来很严肃的问题。现在你偶尔还会有这样的想法吗？,偶尔会有，但我在努力控制。,4
H3,你说过有时候觉得想死，这种想法频繁吗？,最近挺频繁的，真的很难受。,4
H3,听到这些我很遗憾。说到孤立，你有提到过自杀的念头，这种想法出现的频率和严重程度如何？,最近挺频繁的，感觉越来越难以承受。,4
H3,这些情绪看起来影响了你很多方面。在这种不稳定的情绪下，你有没有过轻生的想法或者念头？,是的，我经常有这种想法。,4
H3,也许重新调整期待会比较实际，你对分手会感到恐惧吗？,说实话，我对一切都感到害怕。,4
H3,生活中总有波动，我们可以共同探索更有效的方法。你提到有时候痛苦到不想活，朋友或家人了解这些情况吗？,他们不太清楚，我不想让他们担心。,4
H3,听到这个我很担心。你最近是否有曾考虑过自残的行为或想法？,嗯，有过这样的想法。,4
H3,嘿，那是很严肃的想法，你是否觉得有时候自己真想过这样的事？,嗯，有过这样的念头，挺难熬的。,4
H3,诚然，音乐有时并不足以解决根本问题。你有提到过自杀的想法，那些念头来得频繁吗？,是啊，那些想法有时真的很强烈。,4
H3,我明白这种感觉。那你提到过希望死去，你会感到自己有过自杀的念头吗？,是的，我有过这样的念头。,4
H3,避免冲突有时是保护自己的一种方式。你提到曾在小学时有过自杀的念头，现在还有这样的想法或冲动吗？,最近有时候还是会有这样的冲动。,4
H3,情感中的困扰难以独自承担，是否有过任何极端的解决方案的想法？,有过，但现在努力寻求帮助。,4
H3,情绪的波动是一个需要关注的问题。您现在是否有产生过轻生的念头或者觉得活着没有意义？,恩，有时候会有这样的想法。,4
H3,我可以想象那样的行为对您造成了多大的冲击。这种事件过后，您是否频繁回忆那些不舒适的细节？,是的，总是回想那些细节，感到很绝望。,4
H3,这些想法频繁出现吗？,"是的，几乎每天都在困扰我。",4
H3,朋友之间的支持往往是彼此的，会让关系更加坚固。关于你提到死亡念头，又不愿真正执行，这个了断的思想是否时有浮现？,是的，这种念头总是挥之不去。,4
H3,了解。能够意识到情绪的变化是第一步。你提到无法对人敞开心扉，这种状态下是否有轻生或绝望的念头？,有过这种想法，最近特别绝望。,4
H3,你提到感觉生活没有尽头，有没有过想结束自己生命的念头？,有过这样的想法，感觉特别绝望。,4
H3,关键是坚持，慢慢来。那你有没有在情绪非常低落时有想过轻生或自残的念头呢？,有过这样的想法，挺难受的。,4
H3,听到这让我感到担忧。你有没有产生具体的自杀念头或计划呢？,是的，有时候会有这样的想法。,4
H3,这是个很大的担忧。我想了解一下，这种情况下，您有没有过自杀的想法或念头呢？,是的，我确实有过这种想法。,4
H3,写信可以是一个让自己情感表达得更全面的方式。有一点非常重要，你曾说过你有过自杀的念头，现在这种想法是否依然存在？,最近还是有这样的念头，挺难受的。,4
H3,听到你这样说，我很担心。可以告诉我最近有没有过想要伤害自己的强烈冲动或实施自杀计划的行为吗？,最近确实有过这样的想法。,4
H3,嗯，有这样的思考方式说明你对生命有着自己的坚持。有没有具体的计划或者强烈的冲动？,最近感觉特别糟糕，冲动也很强烈。,4
H3,这种感觉确实让人无所适从。在你提到情绪低落的时候，你是否有过轻生或自杀的念头？,"嗯，有过那种可怕的想法。",4
H3,最近你对自己的健康有过较为极端的想法吗？例如希望通过某些方法来快速摆脱现在的状态。,嗯，有时候真的有过这样的念头。,4
H3,您一直考虑着清生念头的频繁，现在这种自杀的想法是否仍然频繁出现？,"最近还是挺频繁的，真的很难受。",4
H3,这需要时间和耐心。您的勇气让我很感动。您是否曾有过自杀的念头或倾向？,是的，过去有过这样的想法。,4
H3,这种想法的频率和强度是怎样的呢？,很频繁，很强烈，几乎每天都有。,4
H3,家人的理解很重要，但不理解也不是终点。你还提到自己因为一些极端想法烦扰，这些想法常出现吗？,是啊，经常困扰着我，很难摆脱。,4
H3,那真的很不错。兴趣和朋友的陪伴都是减随压力的良方。你提及过的自杀意念，现在还会出现吗？,有时候还是会出现，挺难控制的。,4
H3,这种情绪很危险，最近您是否有过自杀的想法或倾向？,嗯，有过这样的想法，挺难受的。,4
H3,那还算好，他讲过对死亡或者终极问题的思考吗？,他有时候会提到这些想法。,4
H3,这可能是压力或心理状态引起的正常反应，你有过轻生的念头吗？,嗯，有过这样的想法。,4
H3,没错，慢慢来。在日常交流中，你是否察觉到他有过自杀的倾向或想法？,是的，他确实流露过那样的想法。,4
H3,这些绝望感有没有发展到实际伤害自己或尝试自杀的行为？,我感觉很绝望，想要放弃一切。,4
H3,这让我担心，你是否有过想自杀的具体想法或计划？,是的，最近有过一些具体计划。,4
H3,这不是一件容易的事情。是否曾经有过自杀的念头或打算呢？,嗯，有过这种想法，挺严重的。,4
H3,我理解你这份不信任，但有时候，找到专业的帮助可能会让我们更安全。你是否仍有自残或离世的念头？,嗯，有时候我还是会有这样的想法。,4
H3,很好，你能意识到自己的状况。出现过被动死亡的想法吗，比如车祸？,有过这样的念头，挺吓人的。,4
H3,那么，有没有轻生或消极逃避的念头出现过呢？,嗯，有时候会有这样的念头。,4
H3,明白了。这种状态下，他是否有提到过任何自杀的念头或者相关话题呢？,是的，他有提到过自杀的念头。,4
H3,这是一个可以理解的感受，但我们要找到方法来面对这种想法。有过想逃避这些痛苦的时候吗？,是的，有时候真想一走了之。,4
H3,这些情绪是可以被理解的，由于背景和经历都会影响。你提到想要杀掉自己，是什么引发了这些自毁想法？,"我觉得自己彻底陷入绝望，不知道怎么解脱。",4
H3,你提到有想过结束这些日子，是否有过更极端的念头？,有时候感觉活着挺累的。,4
H3,您或他有没有想要结束生命的想法？,是的，有时候会有这样的想法。,4
H3,这样的想法是很常见的，你曾有过想要结束自己生命的想法或冲动吗？,有过，很多次，挺难控制的。,4
H3,嗯，了解现状然后找到改善的方法是很重要的。有没有过因为各种压力而感到非常恐惧或害怕的时刻呢？,有过，那种感觉特别无助。,4
H3,那种不被理解的感觉一定很难受。除了想法，您有过任何具体的计划或实施的想法吗？,有时候确实想过一些具体的方法。,4
H3,当您提到想“骑车撞车”的念头时，您在暗示有时有极端的想法吗？,嗯，有时候确实有这种极端想法。,4
H3,您有提到过自杀的问题，这让我有些担忧。您是否有自杀的想法或者自杀的计划呢？,是的，我有时会想结束一切。,4
H3,您提到过对世界的厌恶，这让您产生过极端的念头吗？,嗯，有时候真的会有这种极端想法。,4
H3,我能理解这一切听起来非常令人心痛。能否和我谈谈，您为什么选择这样的方法和时机呢？,我只是想让痛苦停下来。,4
H3,这种情绪是可以理解的，但我相信您有能力渡过这个难关。您在处理目前生活困境时，是否考虑过比较极端的解决办法？,嗯，有时会有那种想法。,4
H3,哦，这听起来很严重。你有轻生的念头，让我很关心你。这种想法经常出现吗？,嗯，有时候真的很难受，会有这种想法。,4
H3,这段经历中，有没有过任何轻生或者伤害自己的想法？,有过，情况挺严重的。,4
H3,我可以理解你的顾虑。你刚才提到过曾想结束自己的生命，这种念头是否依旧存在？,是的，偶尔还是会有这样的想法。,4
H3,先从自己开始是很好的。你曾经提到过想结束生命，这种念头是不是时常出现？,是的，最近这种念头更频繁了。,4
H3,这是个很好的心态。有没有曾经有过对生命的消极想法呢？,是啊，曾经有过这样的想法。,4
H3,听您这样说我很担心，您有没有做出自残的打算或者冲动？,有过这种想法，最近真的很难受。,4
H3,听到你这样说，我很担心。你经常有这样的想法或冲动吗？,有时候会有这种想法，挺难受的。,4
H3,太好了，积极寻找不同的放松方式是改善情绪的重要一步。也许参加有益身心的活动，例如冥想或瑜伽，会带来帮助。您是否有感到极度绝望或觉得活下去没有意义的念头？,有时候确实会有，挺难受的。,4
H3,关于自杀的念头，您是否感觉它最近更加频繁或严重了？,是的，最近真的很难控制。,4
H3,听到这些让我很担心。您提到想放弃生命，您最近是否出现过更多这样的念头或计划？,是的，最近这些念头越来越多。,4
H3,这一定让你很失落。你提到了好几次自杀的尝试，这种情况还在持续吗？,是啊，最近还是很难控制。,4
H3,能发现这一点说明你开始反思，积极面对就是解决问题的一步。这段关系让你有过极端想法吗？,嗯，有时候想过一些极端的事。,4
H3,听起来你尤其希望被理解和倾听。你提到有时候感觉痛苦到想死，这些想法出现频繁吗？,嗯，是的，最近特别频繁。,4
H3,你提到过用自残来惩罚自己，这对你的身体会有很大的伤害啊。,有时觉得这样是唯一能感受到的。,4
H3,离家出走，想必你当时感到极为困扰。碰到这样的困难时，你有没有过极端消极或自残的念头呢？,"有过，很痛苦，甚至想自残。",4
Y3,您现在看来，是否还感到在性欲上有变化？,现在倒是没有对年长女性的想法，但偶尔会想起某些记忆。,1
Y3,保护自己的身体界限很重要。你提到界限被侵犯后会产生强烈的情绪不适感吗？,是的，每次他靠近我我都非常紧张。,1
Y3,吸引力有时让人难以自控，甚至让人依赖。你觉得这种吸引对你们的关系是积极的还是有时会困扰你？,嗯，有些时候会困扰我，尤其是想起过去的事。担心自己会依赖他，失去自我。,1
Y3,梦境中偶尔会反映自己的潜意识。你觉得这些梦想有对你现实生活中的性欲望产生影响吗？,或许有些影响，我确实感觉最近有点不同。,1
Y3,您觉得在这段关系中，您的性欲望和需求有增加的趋势吗？,可能是的。我觉得性和谐很重要，也是我们关系的一部分。,1
Y3,这样的想法时常出现吗？与你的孤独感有关吗？,可能吧，觉得心里空落落的。,1
Y3,一切都在于你，我们会帮助你。你最近有没有发现自己的性欲明显增加或对性行为有更大的兴趣？,有一点，但没办法表达出来。,1
Y3,在这方面，你是否觉得不舒服或困扰呢？,是会有的，有点让人无法放松。,1
Y3,你提到偶尔看言情小说或者黄色书籍，这对你的性欲有影响吗？有没有显著增加的情况？,有时候会增加，但大多时候其实是想逃避现实。,1
Y3,这种分歧可能会影响你们的亲密关系。那在性方面的需求有所增加或减少吗？,好像有点增加吧。,1
Y3,这段时间性欲方面有没有发生变化？,嗯，最近好像有点小增加。,1
Y3,您是否觉得这种感觉更频繁了？,嗯，感觉好像变多了些。,1
Y3,这样的感觉可能会影响到您的工作或者您热爱的事情。那在这段经历中，您的性欲有显著的变化吗？,嗯，有点轻微变化，可能增加吧。,1
Y3,你提到抗拒这种关系与期待之间的矛盾，这影响到了你的性欲或者对于性的态度吗？,有点影响，但还好。,1
Y3,你觉得这种渴望是从哪里来的呢？,可能是压力大或者心情低落吧。,1
Y3,那是很艰难的时刻。你说你对她有过强烈的情感波动，那时生活还有其他的变化吗？比如在性行为方面？,嗯，感觉那时性行为有轻微变化。,1
Y3,噩梦之外，您提到食欲暴涨。除此之外，是否有其他过度行为呢？,可能有点轻微增加吧。,1
Y3,您提到的睡眠问题，似乎对您的日常生活产生了影响。在自慰成瘾的过程中，您的性欲是否显著增加了呢？,嗯，性欲可能轻微增加吧。,1
Y3,会不会有其他欲望也有变高吗？比如说很想要买东西啊？或是呃购物欲，这个性欲都变高等等？,可能会有点增加，但还好啦。,1
Y3,现在跟先生的关系还OK？,还不错，但有时会有些小摩擦。,1
Y3,这种行为对你的日常生活有什么影响吗？,有点影响，但还好啦。,1
Y3,这种兴奋是不是在之后的日子里也有所影响呢？,可能会有点影响，哈哈。,1
Y3,这种顾虑是可以理解的， 你提到你男朋友性欲特别强，那他的性欲有没有显著增加的情况呢？,嗯，可能有一点吧，不是特别明显。,1
Y3,和男友发生关系之后，你有没有觉得性欲有显著的变化？,嗯，有可能感觉增加了一点。,1
Y3,那确实是个好时间点。你觉得她现在有没有表现出更高的性欲或行为增加的情况呢？,嗯，我觉得有一点点增加吧。,1
Y3,情感往往能开启更多的社交欲望。这种变化也许让你认识到更多的自己。是否发现对与异性交往的兴趣大幅增加？,嗯，有一点变多，蛮有趣的。,1
Y3,年轻人有时觉得自己没有被理解。女儿是否表现出更高的性行为或性欲增加的迹象？,嗯，有点轻微的变化吧。,1
Y3,这有没有让你对自己的感情状态感到困惑？,有点儿吧，感觉有点混乱。,1
Y3,在这段关系结束后，您的性欲是否有明显变化？,嗯，有点吧，可能稍微多了些。,1
Y3,你跟老公都分房， 所以那有时候你会不会觉得你有需求，或是什么？,有时会有点，但还好。,1
Y3,那在性欲方面有增加或变化吗？,嗯，有点增加吧。,1
Y3,"那有一些欲望上会不会增加,比如说购物,买东西的欲望啊,或者是有一些性的欲望？",可能会有点增加，不过还好。,1
Y3,听起来这对你有特别的意义。你觉得这种兴奋感让你的性欲有增加吗？,可能有一点增加吧。,1
Y3,这也是一种常见的情绪反应。那段时间，你的性欲有没有明显增加？,嗯，有一点点增加。,1
Y3,那个时候的感觉一定很好。不知道你有没有注意到自己最近性欲有所增加呢？,好像有一点点吧。,1
Y3,这是一个好的开始。你的爸爸妈妈的关系有没有影响到你和其他人的交往呢？,嗯，可能有点影响吧。,1
Y3,听起来你好像在和自己的习惯作斗争，偶尔失败是很正常的。除了自慰的问题，最近半年你对性特别敏感，是否发现自己的性欲显著增加呢？,嗯，有一点点增加吧。,1
Y3,那你是否在想改善你们的关系时，表现出特别的兴趣或过度的热情呢？,可能有点过于热情吧。,1
Y3,听起来这些想法确实让你压力很大。对于性取向的担忧，你是否感受到性欲的显著增加？,嗯，有点增加，但不是特别明显。,1
Y3,很好，你是否有感到性欲显著增加的时候，这种感觉如何影响你的行为？,有时候会有，但影响不大。,1
Y3,那么在这段中，你有没有发现关于性行为或性欲的变化呢 ？,嗯，有一点增加吧。,1
Y3,他的直接让你感到不自在？这种描述是否和你对他的总体印象一致？,有点不自在，但整体还行。,1
Y3,您对于这样的情感处理方式已经很有自知之明了。那您认为在无性婚姻这段时间里，对性生活的渴望是否增加了呢？,嗯，可能有一点增加。,1
Y3,能理解你的感受，这可能真的很煎熬。在这种情况下，你有没有觉得自己的性欲比正常情况下更加强烈？,可能有点增加，但还好。,1
Y3,是否觉得你的性欲最近有变化呢？,现在倒是没有对年长女性的想法，但偶尔会想起某些记忆。,1
Y3,当身体界限被侵犯时，会产生强烈的不适感吗？保持身体界限的重要性你同意吗？,是的，每次他靠近我我都非常紧张。,1
Y3,你会觉得吸引力是让你们的关系更好，还是偶尔让你觉得不安？,嗯，有些时候会困扰我，尤其是想起过去的事。担心自己会依赖他，失去自我。,1
Y3,在梦中，我们有时会看到潜意识的反映。你认为这些梦境会对你的现实生活中的性欲望造成影响吗？,或许有些影响，我确实感觉最近有点不同。,1
Y3,在这段关系中，您是否感觉到自己的性欲和需求有所增长？,可能是的。我觉得性和谐很重要，也是我们关系的一部分。,1
Y3,这类想法经常浮现吗？是否与你的孤独感有联系？,可能吧，觉得心里空落落的。,1
Y3,我们会一直支持你，关键在于你自己。最近你有没有感觉到性欲增强或者对性行为的兴趣更浓厚？,有一点，但没办法表达出来。,1
Y3,在这个问题上，你会感到不适或者有困扰吗？,是会有的，有点让人无法放松。,1
Y3,你说你偶尔看言情小说或者小黄书，这会对你的性欲产生影响吗？有没有明显增长的时候？,有时候会增加，但大多时候其实是想逃避现实。,1
Y3,这种分歧可能会对你们的亲密关系产生影响。你们在性需求上有没有增多或减少的情况呢？,好像有点增加吧。,1
Y3,您最近在性欲方面有没有感觉到变化？,嗯，最近好像有点小增加。,1
Y3,你是否注意到这种感觉变得更常出现了？,嗯，感觉好像变多了些。,1
Y3,在这段经历中，您是否注意到自己的性欲有明显变化？这可能会影响到您的工作或您喜欢做的事情。,嗯，有点轻微变化，可能增加吧。,1
Y3,面对你提到的对这种关系既抗拒又期待的矛盾，这种情感冲突是否对你的性欲或性态度产生了影响？,有点影响，但还好。,1
Y3,这种强烈的渴望源自何处？,可能是压力大或者心情低落吧。,1
Y3,那段时间很不容易。你提到曾对她有过强烈的情感波动，那么当时生活中还有其他变化吗？比如在性关系方面？,嗯，感觉那时性行为有轻微变化。,1
Y3,除了噩梦和食欲大增，您还注意到其他过度行为吗？,可能有点轻微增加吧。,1
Y3,您提到过的睡眠问题似乎影响了您的日常生活。在自慰成瘾的过程中，您的性欲有没有明显增强呢？,嗯，性欲可能轻微增加吧。,1
Y3,其他的欲望是否也会增加，比如特别想买东西或者购物欲，以及性欲的提升等？,可能会有点增加，但还好啦。,1
Y3,你和先生的关系现在怎么样？,还不错，但有时会有些小摩擦。,1
Y3,这种行为会对你的日常生活产生什么样的影响呢？,有点影响，但还好啦。,1
Y3,这种兴奋感会不会对以后的日子产生影响呢？,可能会有点影响，哈哈。,1
Y3,你提到你男朋友性欲特别强，这种顾虑是可以理解的。那么，他的性欲有没有明显增强？,嗯，可能有一点吧，不是特别明显。,1
Y3,在和男朋友亲密接触后，你是否察觉到自己的欲望有明显的变化？,嗯，有可能感觉增加了一点。,1
Y3,你认为她现在是否展现出更高的性欲或增加的相关行为呢？,嗯，我觉得有一点点增加吧。,1
Y3,你有没有注意到，情感的变化常常会激发我们更多的社交欲望？这也可能让你更了解自己。你是不是发现自己对与异性交往的兴趣大大增强了？,嗯，有一点变多，蛮有趣的。,1
Y3,年轻人有时会感到不被理解。你有没有注意到女儿的性行为或性欲有增加的迹象？,嗯，有点轻微的变化吧。,1
Y3,这会不会让你对自己的情感状况感到迷惑？,有点儿吧，感觉有点混乱。,1
Y3,在这段关系结束后，您有没有觉得自己的性欲发生了显著变化？,嗯，有点吧，可能稍微多了些。,1
Y3,你和你丈夫分房睡，那你有时候会不会感到有需求或其他什么感受？,有时会有点，但还好。,1
Y3,你有没有注意到性欲方面的变化或提升？,嗯，有点增加吧。,1
Y3,购物欲望或者性欲望会不会有所增加？,可能会有点增加，不过还好。,1
Y3,有没有感觉这种兴奋感让你性欲增强了呢？,可能有一点增加吧。,1
Y3,这是常见的情绪反应之一。在那段时间里，你有没有感到性欲显著增强？,嗯，有一点点增加。,1
Y3,当时的感觉一定很不错。不知道你有没有察觉到最近你的性欲有所上升呢？,好像有一点点吧。,1
Y3,你认为你父母的关系是否对你与他人的互动产生了影响？,嗯，可能有点影响吧。,1
Y3,最近半年，你是否感觉对性特别敏感，性欲显著增加了？听起来你可能在跟习惯抗争，偶尔的失误是正常的。,嗯，有一点点增加吧。,1
Y3,你在试图改善你们关系的时候，是不是表现得特别感兴趣或者显得过于热情呢？,可能有点过于热情吧。,1
Y3,听起来这些想法确实给你带来了很多压力。关于性取向的困扰，你是否注意到自己的性欲明显增强了呢？,嗯，有点增加，但不是特别明显。,1
Y3,有没有时候你感到性欲特别强烈，这种感觉对你的行为有什么影响？,有时候会有，但影响不大。,1
Y3,你有没有注意到这段时间性行为或性欲方面有什么变化吗？,嗯，有一点增加吧。,1
Y3,他给人的直接感让你觉得不舒服吗？这与你对他的整体印象相符吗？,有点不自在，但整体还行。,1
Y3,你已经对这种情感处理方式有很好的自我认识。那么，你觉得在无性婚姻的这一段期间，你对性生活的渴望是否有所提升呢？,嗯，可能有一点增加。,1
Y3,在这种境地中，你是否发现自己的欲望变得更加旺盛，超出了平时的水平？,可能有点增加，但还好。,1
Y3,你在与男友亲密接触后，是否注意到自己的欲望有什么显著变化？,嗯，有可能感觉增加了一点。,1
Y3,最近在性欲方面有没有什么变化？,嗯，最近好像有点小增加。,1
Y3,这类分歧可能会影响你们的亲密关系。你们的性需求有没有变化，比如增加或减少？,好像有点增加吧。,1
Y3,在你对情感处理方式有了深刻的了解之后，你是否觉得在无性婚姻的这段时间里，你对性生活的渴望有所增加呢？,嗯，可能有一点增加。,1
Y3,这种行为会如何影响你的日常生活呢？,有点影响，但还好啦。,1
Y3,在那段时间内，你是否发现自己性欲明显增强？,嗯，有一点点增加。,1
Y3,最近这段时间，你在性行为或性欲上有没有察觉到什么变化？,嗯，有一点增加吧。,1
Y3,在这种情况下，你是否觉得自己的欲望比平时更强烈？,可能有点增加，但还好。,1
Y3,在这段关系结束之后，您有没有感觉性欲发生了显著的变化？,嗯，有点吧，可能稍微多了些。,1
Y3,这种分歧可能会影响你们的亲密关系。在性方面，你们的需求有所变化吗？,好像有点增加吧。,1
Y3,这件事会让你感到不适或烦恼吗？,是会有的，有点让人无法放松。,1
Y3,你提到的睡眠问题似乎对你的日常生活造成了影响。在自慰成瘾的过程中，你是否感觉到性欲显著增强？,嗯，性欲可能轻微增加吧。,1
Y3,这也是一种常见的情绪反应。那段时间，你的性欲有没有明显增加？,完全没有，甚至不想跟他有任何亲密接触。,0
Y3,这种分歧可能会影响你们的亲密关系。那在性方面的需求有所增加或减少吗？,我们基本没什么亲密接触。,0
Y3,那你是否在想改善你们的关系时，表现出特别的兴趣或过度的热情呢？,嗯，这倒没有。我想过可能她和我不可能了，不知道该怎么改善。,0
Y3,年轻人有时觉得自己没有被理解。女儿是否表现出更高的性行为或性欲增加的迹象？,这方面我不是很了解。,0
Y3,这种行为对你的日常生活有什么影响吗？,对我的社交生活影响很大，我常常觉得无法融入周围的人。,0
Y3,听起来这些想法确实让你压力很大。对于性取向的担忧，你是否感受到性欲的显著增加？,其实并没有感到特别的性欲增加，只是对自己的想法感到很矛盾。,0
Y3,那是很艰难的时刻。你说你对她有过强烈的情感波动，那时生活还有其他的变化吗？比如在性行为方面？,并没有，更多的是情感上的波动，生活中其他方面都是比较稳定的。,0
Y3,在这段关系结束后，您的性欲是否有明显变化？,我没怎么注意这些，对现在的生活没有多少兴趣。,0
Y3,和男友发生关系之后，你有没有觉得性欲有显著的变化？,嗯，好像没有，就是觉得心里有点不满。,0
Y3,您对于这样的情感处理方式已经很有自知之明了。那您认为在无性婚姻这段时间里，对性生活的渴望是否增加了呢？,其实并没有特别强烈，只是觉得情感上很空虚。,0
Y3,这是一个好的开始。你的爸爸妈妈的关系有没有影响到你和其他人的交往呢？,有时候会觉得和朋友相处也很费劲。,0
Y3,听起来这对你有特别的意义。你觉得这种兴奋感让你的性欲有增加吗？,好问题，我得考虑一下。不过结婚后，我太太对我这个习惯也挺支持的。,0
Y3,这样的感觉可能会影响到您的工作或者您热爱的事情。那在这段经历中，您的性欲有显著的变化吗？,没有，我们没有频繁的亲密关系。,0
Y3,那确实是个好时间点。你觉得她现在有没有表现出更高的性欲或行为增加的情况呢？,没有注意到过这样的情况，似乎没有。,0
Y3,那么在这段中，你有没有发现关于性行为或性欲的变化呢 ？,现在我觉得无所谓，手淫与否不再那么在意。,0
Y3,你提到抗拒这种关系与期待之间的矛盾，这影响到了你的性欲或者对于性的态度吗？,没啥影响，还是挺正常的。,0
Y3,很好，你是否有感到性欲显著增加的时候，这种感觉如何影响你的行为？,没有特别增加，感觉挺正常的。,0
Y3,梦境中偶尔会反映自己的潜意识。你觉得这些梦想有对你现实生活中的性欲望产生影响吗？,没太注意过，好像没有。,0
Y3,您觉得在这段关系中，您的性欲望和需求有增加的趋势吗？,没有特别的变化吧。,0
Y3,情感往往能开启更多的社交欲望。这种变化也许让你认识到更多的自己。是否发现对与异性交往的兴趣大幅增加？,好像并没有特别明显的变化哦。,0
Y3,您提到的睡眠问题，似乎对您的日常生活产生了影响。在自慰成瘾的过程中，您的性欲是否显著增加了呢？,性欲没啥变化，就是睡不好觉。,0
Y3,你觉得这种渴望是从哪里来的呢？,可能是生活压力或者内心的期望吧。,0
Y3,吸引力有时让人难以自控，甚至让人依赖。你觉得这种吸引对你们的关系是积极的还是有时会困扰你？,看情况吧，有时积极，有时也有点困扰。,0
Y3,噩梦之外，您提到食欲暴涨。除此之外，是否有其他过度行为呢？,没有其他过度行为啦。,0
Y3,您现在看来，是否还感到在性欲上有变化？,没啥变化，一切正常。,0
Y3,这有没有让你对自己的感情状态感到困惑？,没有，我的状态还挺正常的。,0
Y3,那在性欲方面有增加或变化吗？,没啥特别变化，一切正常。,0
Y3,保护自己的身体界限很重要。你提到界限被侵犯后会产生强烈的情绪不适感吗？,是的，界限被侵犯让我很不舒服。,0
Y3,那个时候的感觉一定很好。不知道你有没有注意到自己最近性欲有所增加呢？,没有特别注意到，应该还好吧。,0
Y3,这种兴奋是不是在之后的日子里也有所影响呢？,可能有点影响，但还好啦！,0
Y3,你跟老公都分房， 所以那有时候你会不会觉得你有需求，或是什么？,有时候会，但我们有自己的方式解决。,0
Y3,你提到偶尔看言情小说或者黄色书籍，这对你的性欲有影响吗？有没有显著增加的情况？,没有显著增加，一切正常。,0
Y3,您是否觉得这种感觉更频繁了？,没有，感觉差不多。,0
Y3,在这方面，你是否觉得不舒服或困扰呢？,没啥不舒服的，挺好的。,0
Y3,一切都在于你，我们会帮助你。你最近有没有发现自己的性欲明显增加或对性行为有更大的兴趣？,没有特别变化，挺正常的。你们能帮我就好。,0
Y3,这段时间性欲方面有没有发生变化？,没啥变化，挺正常的。,0
Y3,他的直接让你感到不自在？这种描述是否和你对他的总体印象一致？,有点不自在，但整体还好啦。,0
Y3,能理解你的感受，这可能真的很煎熬。在这种情况下，你有没有觉得自己的性欲比正常情况下更加强烈？,没有，感觉挺正常的。,0
Y3,这样的想法时常出现吗？与你的孤独感有关吗？,时常有，可能和孤独感有关吧。,0
Y3,这种顾虑是可以理解的， 你提到你男朋友性欲特别强，那他的性欲有没有显著增加的情况呢？,没有显著增加，一直都这样。,0
Y3,听起来你好像在和自己的习惯作斗争，偶尔失败是很正常的。除了自慰的问题，最近半年你对性特别敏感，是否发现自己的性欲显著增加呢？,是啊，感觉性欲确实比以前多了点。,0
Y3,这种情况下，是否会导致购物欲或者性欲的增加？,这些欲望...完全都没有。,0
Y3,其他的欲望会不会也增加了？比如特别想买东西或者购物欲、性欲也增强了吗？,呃呃这些呃是没有变化,0
Y3,您和先生的关系还不错吧？,还不错,0
Y3,这种反应也很常见。你在那段时间有没有感觉性欲明显增加？,完全没有，甚至不想跟他有任何亲密接触。,0
Y3,这种分歧可能会影响你们的亲密关系。在性方面的需求有没有增加或减少呢？,我们基本没什么亲密接触。,0
Y3,你在试图改善你们关系的时候，是否表现出特别的兴趣或过于热情呢？,嗯，这倒没有。我想过可能她和我不可能了，不知道该怎么改善。,0
Y3,有没有注意到年轻人常感到被误解？女儿是不是表现出对性更高的兴趣或欲望？,这方面我不是很了解。,0
Y3,你觉得这种行为对你的日常生活有什么样的影响？,对我的社交生活影响很大，我常常觉得无法融入周围的人。,0
Y3,这些想法似乎给你带来了很大的压力。你有没有注意到自己在性取向方面的担忧伴随着性欲的显著增加？,其实并没有感到特别的性欲增加，只是对自己的想法感到很矛盾。,0
Y3,那段时间过得很不容易。你提到对她感情起伏很大，生活中还有其他变化吗？比如在性生活方面？,并没有，更多的是情感上的波动，生活中其他方面都是比较稳定的。,0
Y3,在这段关系结束后，您是否注意到自己的性欲发生了显著变化？,我没怎么注意这些，对现在的生活没有多少兴趣。,0
Y3,在和男朋友亲密接触后，你有没有感觉到性欲有明显的变化？,嗯，好像没有，就是觉得心里有点不满。,0
Y3,你已经很清楚地认识到自己的情感处理方式。那么，在这段无性婚姻中，你是否感到对性生活的渴望有所增加？,其实并没有特别强烈，只是觉得情感上很空虚。,0
Y3,在你看来，你父母的关系有没有对你的人际交往产生影响？,有时候会觉得和朋友相处也很费劲。,0
Y3,这样的经历对你来说特别重要吗？你是否觉得这种兴奋感提升了你的性欲？,好问题，我得考虑一下。不过结婚后，我太太对我这个习惯也挺支持的。,0
Y3,这段经历中，您是否注意到性欲有明显变化？这可能会对您的工作或热爱的事情产生影响。,没有，我们没有频繁的亲密关系。,0
Y3,你认为她现在是否表现出更强的性欲或有更多相关行为呢？,没有注意到过这样的情况，似乎没有。,0
Y3,你在这段时间有没有注意到性行为或性欲方面的变化？,现在我觉得无所谓，手淫与否不再那么在意。,0
Y3,在你提到抗拒与期待这种关系的矛盾时，它是否对你的性欲或性观念产生了影响？,没啥影响，还是挺正常的。,0
Y3,有没有经历过性欲突然增强的时候？这种感觉对你的行为有什么影响？,没有特别增加，感觉挺正常的。,0
Y3,你认为梦境中潜意识偶尔的反映，会对你现实生活中的性欲望产生影响吗？,没太注意过，好像没有。,0
Y3,您是否感觉在这段关系中，您的性需求有所增长？,没有特别的变化吧。,0
Y3,是否注意到你在与异性互动时，兴趣显著提升了呢？情感常常能够激发出更多的社交愿望，也许也让你更了解自己。,好像并没有特别明显的变化哦。,0
Y3,您提到的睡眠问题似乎影响了您的日常生活。在过度自慰的情况下，您的性欲是否有明显增加呢？,性欲没啥变化，就是睡不好觉。,0
Y3,你认为这种渴望的来源是什么？,可能是生活压力或者内心的期望吧。,0
Y3,吸引力有时让人难以掌控，甚至令人上瘾。你认为这种吸引对于你们的关系是正面的，还是偶尔会造成困扰？,看情况吧，有时积极，有时也有点困扰。,0
Y3,除了噩梦和食欲暴涨外，还有其他的过度行为吗？,没有其他过度行为啦。,0
Y3,请问您现在在性欲方面是否有任何变化？,没啥变化，一切正常。,0
Y3,你会觉得自己的感情状况有些令人费解吗？,没有，我的状态还挺正常的。,0
Y3,性欲方面有没有增强或者变化？,没啥特别变化，一切正常。,0
Y3,为了保护个人的身体界限，我们应该重视这一点。你是否提到过，当这种界限被打破时，会感到极度的不适？,是的，界限被侵犯让我很不舒服。,0
Y3,那时候的感觉肯定不错。你有没有发现最近自己的性欲增强了？,没有特别注意到，应该还好吧。,0
Y3,这种兴奋会不会在未来的日子里继续产生影响呢？,可能有点影响，但还好啦！,0
Y3,你和你老公分开住，那么有时候你会不会觉得有需要或者其他感受？,有时候会，但我们有自己的方式解决。,0
Y3,阅读言情小说或黄色书籍是否偶尔会影响你的性欲？你有没有注意到性欲显著增加的情况？,没有显著增加，一切正常。,0
Y3,您是否觉得这种感觉出现得更频繁了？,没有，感觉差不多。,0
Y3,对此你是否感到不自在或烦恼？,没啥不舒服的，挺好的。,0
Y3,我们会全力支持你。最近你有没有注意到自己在性欲或对性方面的兴趣上有明显的变化？,没有特别变化，挺正常的。你们能帮我就好。,0
Y3,最近在性欲方面有没有什么不同的感觉？,没啥变化，挺正常的。,0
Y3,他是不是太直率，让你觉得有点不舒服？这和你对他的整体印象相符吗？,有点不自在，但整体还好啦。,0
Y3,不知道你是不是也有这种感觉，在这种煎熬的时候，性欲好像比平常更强烈了？,没有，感觉挺正常的。,0
Y3,这些想法经常浮现吗？它们和你的孤独感有关系吗？,时常有，可能和孤独感有关吧。,0
Y3,你所提到的男友性欲旺盛是可以理解的，那他的性欲有没有明显增加的趋势呢？,没有显著增加，一直都这样。,0
Y3,你似乎在努力改变自己的习惯，有时难免会有些挫折。除了自我安慰的方面，过去半年你是否觉得对性特别敏感，或者注意到自己的性欲明显增加了呢？,是啊，感觉性欲确实比以前多了点。,0
Y3,未来这种兴奋感会持续产生影响吗？,可能有点影响，但还好啦！,0
Y3,您觉得在这段关系里，自己的性需求有所增加吗？,没有特别的变化吧。,0
Y3,在这段经历中，您有没有发现性欲明显变化？这可能会影响到您的工作或其他热爱的事物。,没有，我们没有频繁的亲密关系。,0
Y3,你觉得他的直接让人不舒服吗？这和你对他的整体印象一致吗？,有点不自在，但整体还好啦。,0
Y3,你的父母关系是否对你与他人的互动产生了影响？,有时候会觉得和朋友相处也很费劲。,0
Y3,年轻人常常感到不被理解。有没有注意到女儿的性行为或性欲有增加的迹象？,这方面我不是很了解。,0
Y3,你是不是觉得这些想法让你很紧张？你有没有发现，自己在性取向方面的顾虑时，性欲也明显增加了？,其实并没有感到特别的性欲增加，只是对自己的想法感到很矛盾。,0
Y3,分手后，你有没有发现自己的性欲有明显的变化？,我没怎么注意这些，对现在的生活没有多少兴趣。,0
Y3,你觉得你父母的相处模式对你的人际关系有没有影响呢？,有时候会觉得和朋友相处也很费劲。,0
Y3,你有没有发现，当你和异性交流时，自己的兴趣会明显增加？情感往往能激发更多的社交欲望，也可能让你更了解自己。,好像并没有特别明显的变化哦。,0
Y3,当你提到抗拒和期待之间的矛盾时，这对你的性欲或性观念有影响吗？,没啥影响，还是挺正常的。,0
Y3,你刚才提到他的性欲旺盛，这种情况有没有变得更加明显呢？,没有显著增加，一直都这样。,0
Y3,很好，你是否有感到性欲显著增加的时候，这种感觉如何影响你的行为？,有的，性欲增加时我会不由自主地寻找刺激。,3
Y3,这段时间性欲方面有没有发生变化？,性趣还好，不过有时候想得比较多。,3
Y3,那个时候的感觉一定很好。不知道你有没有注意到自己最近性欲有所增加呢？,最近的确有点儿增加，想得挺多的。,3
Y3,这样的想法时常出现吗？与你的孤独感有关吗？,"有时候想这些，可能和孤独感有点关系吧。你也会这样吗？",3
Y3,情感往往能开启更多的社交欲望。这种变化也许让你认识到更多的自己。是否发现对与异性交往的兴趣大幅增加？,好像是这样的，最近对异性特别有感觉。,3
Y3,年轻人有时觉得自己没有被理解。女儿是否表现出更高的性行为或性欲增加的迹象？,"她好像对性话题表现得特别感兴趣。",3
Y3,和男友发生关系之后，你有没有觉得性欲有显著的变化？,嗯，感觉性趣变得多样化了呢！,3
Y3,这样的感觉可能会影响到您的工作或者您热爱的事情。那在这段经历中，您的性欲有显著的变化吗？,嗯，性欲有时变化挺大的。,3
Y3,这有没有让你对自己的感情状态感到困惑？,不太困惑，关注点在其他事上。,3
Y3,这种分歧可能会影响你们的亲密关系。那在性方面的需求有所增加或减少吗？,嗯，我最近对性事挺有兴趣的！,3
Y3,那是很艰难的时刻。你说你对她有过强烈的情感波动，那时生活还有其他的变化吗？比如在性行为方面？,"当时性欲特别强，生活中没啥别的大变化。",3
Y3,您对于这样的情感处理方式已经很有自知之明了。那您认为在无性婚姻这段时间里，对性生活的渴望是否增加了呢？,其实还好，偶尔有些想法，但没特别增加。,3
Y3,那确实是个好时间点。你觉得她现在有没有表现出更高的性欲或行为增加的情况呢？,她好像最近确实更主动了。,3
Y3,在这段关系结束后，您的性欲是否有明显变化？,嗯，好像是有点变化，但还挺自然的。,3
Y3,在这方面，你是否觉得不舒服或困扰呢？,其实，有时候会有点不自在。,3
Y3,听起来这对你有特别的意义。你觉得这种兴奋感让你的性欲有增加吗？,嗯，有时候确实会让我更有感觉。,3
Y3,吸引力有时让人难以自控，甚至让人依赖。你觉得这种吸引对你们的关系是积极的还是有时会困扰你？,有时挺刺激的，但也可能让人困惑。,3
Y3,您提到的睡眠问题，似乎对您的日常生活产生了影响。在自慰成瘾的过程中，您的性欲是否显著增加了呢？,是啊，想法和冲动都多了不少。,3
Y3,这种顾虑是可以理解的， 你提到你男朋友性欲特别强，那他的性欲有没有显著增加的情况呢？,他一直都是这样，没什么变化。,3
Y3,您觉得在这段关系中，您的性欲望和需求有增加的趋势吗？,好像是有点增加哦，最近想得更多。,3
Y3,现在跟先生的关系还OK？,嗯，还不错，特别是床上挺合拍的。,3
Y3,能理解你的感受，这可能真的很煎熬。在这种情况下，你有没有觉得自己的性欲比正常情况下更加强烈？,有时候会，脑子里总想那些事。,3
Y3,这也是一种常见的情绪反应。那段时间，你的性欲有没有明显增加？,性欲那阵子确实有点旺盛，哈哈。,3
Y3,听起来你好像在和自己的习惯作斗争，偶尔失败是很正常的。除了自慰的问题，最近半年你对性特别敏感，是否发现自己的性欲显著增加呢？,有时候确实会多想，特别是最近，总是想到性。,3
Y3,保护自己的身体界限很重要。你提到界限被侵犯后会产生强烈的情绪不适感吗？,是啊，界限被侵犯时，很容易感到不适，尤其是性方面。,3
Y3,您是否觉得这种感觉更频繁了？,“对，有时候会多想到那些事。”,3
Y3,这是一个好的开始。你的爸爸妈妈的关系有没有影响到你和其他人的交往呢？,可能会影响我看伴侣关系，但和性没直接联系。,3
Y3,"那有一些欲望上会不会增加,比如说购物,买东西的欲望啊,或者是有一些性的欲望？",确实会有点增加，有时控制不住。,3
Y3,你提到偶尔看言情小说或者黄色书籍，这对你的性欲有影响吗？有没有显著增加的情况？,"偶尔有点影响，感觉更容易产生兴趣吧。",3
Y3,一切都在于你，我们会帮助你。你最近有没有发现自己的性欲明显增加或对性行为有更大的兴趣？,嗯，最近确实有这种感觉。,3
Y3,这种兴奋是不是在之后的日子里也有所影响呢？,嗯，会让我一直有点兴奋的感觉。,3
Y3,会不会有其他欲望也有变高吗？比如说很想要买东西啊？或是呃购物欲，这个性欲都变高等等？,嗯，有时候购物欲和性欲都会变强。,3
Y3,您现在看来，是否还感到在性欲上有变化？,性欲变化不大，还是挺正常的。,3
Y3,你提到抗拒这种关系与期待之间的矛盾，这影响到了你的性欲或者对于性的态度吗？,性欲有时会突然消失，也会突然很强烈。,3
Y3,你觉得这种渴望是从哪里来的呢？,可能是因为对亲密关系的渴望吧。,3
Y3,那在性欲方面有增加或变化吗？,嗯，有时会突然想得多。,3
Y3,你跟老公都分房， 所以那有时候你会不会觉得你有需求，或是什么？,有时候会，不过也习惯了。,3
Y3,他的直接让你感到不自在？这种描述是否和你对他的总体印象一致？,有点不一样，但确实让我有点困惑。,3
Y3,梦境中偶尔会反映自己的潜意识。你觉得这些梦想有对你现实生活中的性欲望产生影响吗？,可能有影响，但我还在摸索中。,3
Y3,那么在这段中，你有没有发现关于性行为或性欲的变化呢 ？,有时候感觉兴趣大增，有时又完全没感觉。,3
Y3,噩梦之外，您提到食欲暴涨。除此之外，是否有其他过度行为呢？,嗯，有时会对性的事情很感兴趣。,3
Y3,这种行为对你的日常生活有什么影响吗？,有时会影响专注，总想着这些事。,3
Y3,那你是否在想改善你们的关系时，表现出特别的兴趣或过度的热情呢？,嗯，有时候会变得特别投入和热情。,3
Y3,听起来这些想法确实让你压力很大。对于性取向的担忧，你是否感受到性欲的显著增加？,我确实会想到很多这方面的细节。,3
Y3,你有没有经历过性欲突然增强的时候？这对你的行为有什么影响？,有的，性欲增加时我会不由自主地寻找刺激。,3
Y3,最近你的性欲有没有什么变化呢？,性趣还好，不过有时候想得比较多。,3
Y3,最近有没有感觉到自己的性欲增加了？你有没有注意到呢？,最近的确有点儿增加，想得挺多的。,3
Y3,这种想法经常出现吗？是不是跟你的孤独感有关呢？,"有时候想这些，可能和孤独感有点关系吧。你也会这样吗？",3
Y3,你有没有注意到，情感的变化可能激发了你更强的社交欲望，让你更了解自己？最近对异性交流的兴趣有没有显著提升呢？,好像是这样的，最近对异性特别有感觉。,3
Y3,年轻人常常感到不被理解。你是否注意到女儿最近在性行为或性欲方面的变化？,"她好像对性话题表现得特别感兴趣。",3
Y3,在和男友亲密接触后，你是否感受到性欲有明显的不同？,嗯，感觉性趣变得多样化了呢！,3
Y3,在这段经历中，您是否发现自己的性欲有明显变化？这可能会对您的工作或热爱的事情产生影响。,嗯，性欲有时变化挺大的。,3
Y3,你会不会因为这个对自己的感情状况感到迷茫？,不太困惑，关注点在其他事上。,3
Y3,这种分歧可能会对你们的亲密关系产生影响。那么，在性需求上有没有增多或减少的情况？,嗯，我最近对性事挺有兴趣的！,3
Y3,当时的情况很困难。你提到过对她有强烈的情感波动，那段时间生活中还有其他变化吗？比如在性生活方面？,"当时性欲特别强，生活中没啥别的大变化。",3
Y3,在处理情感问题上，你已经有了很深的自省。那么，在经历了这段无性婚姻后，你对性生活的渴望是否有所增强？,其实还好，偶尔有些想法，但没特别增加。,3
Y3,你认为她现在有没有表现出性欲增强或行为增多的迹象呢？,她好像最近确实更主动了。,3
Y3,在这段关系结束后，您有没有感觉到性欲方面的明显变化？,嗯，好像是有点变化，但还挺自然的。,3
Y3,你在这方面会感到不适或者有困惑吗？,其实，有时候会有点不自在。,3
Y3,听上去这对你来说很特别。你觉得这种兴奋是否刺激了你的性欲？,嗯，有时候确实会让我更有感觉。,3
Y3,在某些情况下，吸引力会使人难以自制，甚至产生依赖感。你认为这对你们的关系是积极的影响还是偶尔会带来困扰？,有时挺刺激的，但也可能让人困惑。,3
Y3,关于您提到的睡眠问题，似乎对您的日常生活产生了影响。在过度自慰的过程中，您的性欲是否有明显的增长呢？,是啊，想法和冲动都多了不少。,3
Y3,可以理解你的顾虑。你提到你男朋友性欲特别强，他最近有没有出现性欲显著增加的情况呢？,他一直都是这样，没什么变化。,3
Y3,在这段关系中，您是否感到自己的性欲和需求在增长？,好像是有点增加哦，最近想得更多。,3
Y3,您和先生的关系现在还不错吗？,嗯，还不错，特别是床上挺合拍的。,3
Y3,我理解你现在的心情，这一定很难熬。你有没有觉得在这种情况下，你的性欲比平时更旺盛？,有时候会，脑子里总想那些事。,3
Y3,那段时间，你的性欲是否显著增强过？,性欲那阵子确实有点旺盛，哈哈。,3
Y3,似乎你正在努力改变自己的习惯，偶尔出现小失误是完全正常的。除了自慰之外，过去的半年中，你是否觉得自己对性特别敏感，或者性欲明显增强了呢？,有时候确实会多想，特别是最近，总是想到性。,3
Y3,当身体界限被侵犯时，会感到强烈的不适情绪吗？保护这些界限很重要，对吧？,是啊，界限被侵犯时，很容易感到不适，尤其是性方面。,3
Y3,你是不是觉得这种感觉出现得更频繁了？,“对，有时候会多想到那些事。”,3
Y3,你觉得你父母的关系是否对你和他人的交往产生了影响？,可能会影响我看伴侣关系，但和性没直接联系。,3
Y3,这样会不会导致一些欲望的增加，比如购物欲或者性欲？,确实会有点增加，有时控制不住。,3
Y3,你说你偶尔看言情小说或成人读物，这会影响你的性欲吗？有没有明显增强的现象？,"偶尔有点影响，感觉更容易产生兴趣吧。",3
Y3,我们会支持你，不过关键在于你自己。最近你有没有注意到自己的性欲增强或对性行为更感兴趣了？,嗯，最近确实有这种感觉。,3
Y3,这份兴奋感是否会在未来的日子里产生影响呢？,嗯，会让我一直有点兴奋的感觉。,3
Y3,是不是其他的欲望也会增强呢？例如购物欲，或者说性欲等。,嗯，有时候购物欲和性欲都会变强。,3
Y3,你现在觉得自己的性欲有没有变化？,性欲变化不大，还是挺正常的。,3
Y3,在你描述的抗拒和期待之间的矛盾中，这是否对你的性欲或性态度产生了影响？,性欲有时会突然消失，也会突然很强烈。,3
Y3,您认为这种渴望的来源是什么？,可能是因为对亲密关系的渴望吧。,3
Y3,你有没有感觉到性欲方面的增强或变化？,嗯，有时会突然想得多。,3
Y3,你和你老公分开住时，会不会有时候感觉到有需求或者其他感受？,有时候会，不过也习惯了。,3
Y3,他的直接让你感到不舒服吗？这是否符合你对他的整体印象？,有点不一样，但确实让我有点困惑。,3
Y3,在梦境中，有时候我们可以看到潜意识的体现。你认为这些梦对你现实生活中的性欲望有影响吗？,可能有影响，但我还在摸索中。,3
Y3,请问在这部分中，你察觉到性行为或性欲有变化吗？,有时候感觉兴趣大增，有时又完全没感觉。,3
Y3,除了噩梦和食欲大增，您还提到过其他过度行为吗？,嗯，有时会对性的事情很感兴趣。,3
Y3,这类行为对你的日常生活造成了什么影响？,有时会影响专注，总想着这些事。,3
Y3,在你考虑改善你们关系的时候，你是否表现出特别的关注或过分的热情呢？,嗯，有时候会变得特别投入和热情。,3
Y3,似乎这些想法真的给你带来了很大的压力。关于性取向的焦虑，你是否注意到性欲有明显增加？,我确实会想到很多这方面的细节。,3
Y3,我明白你的感受，这的确可能是种折磨。在这种状况下，你有感觉到性欲比平时更强吗？,有时候会，脑子里总想那些事。,3
Y3,年轻人常常感到不被理解。有没有注意到女儿表现出性行为上的变化或性欲增强的迹象？,"她好像对性话题表现得特别感兴趣。",3
Y3,这似乎对你来说很独特。你觉得这种兴奋是否激发了你的性欲？,嗯，有时候确实会让我更有感觉。,3
Y3,你是否发现情感波动可能增强了你的社交欲望，使你对自我有更深的理解？最近对与异性交往的兴趣是否明显增加？,好像是这样的，最近对异性特别有感觉。,3
Y3,与男友亲密后，你是否感受到性欲有明显不同？,嗯，感觉性趣变得多样化了呢！,3
Y3,你是否认为这种感觉变得更加频繁了？,“对，有时候会多想到那些事。”,3
Y3,在努力改变习惯的过程中，偶尔的小失误是正常的。除了自慰外，过去半年里，你有没有感觉对性特别敏感或者欲望明显增强？,有时候确实会多想，特别是最近，总是想到性。,3
Y3,你有没有注意到在那段时间里，性欲变得更加强烈了？,性欲那阵子确实有点旺盛，哈哈。,3
Y3,你是否注意到自己的性欲有任何变化？,性欲变化不大，还是挺正常的。,3
Y3,这种行为对你的日常生活有什么样的影响呢？,有时会影响专注，总想着这些事。,3
Y3,你的父母关系对你与他人的互动有影响吗？,可能会影响我看伴侣关系，但和性没直接联系。,3
Y3,这会让你对自己的感情状态感到困惑吗？,不太困惑，关注点在其他事上。,3
Y3,这段时间性欲方面有没有发生变化？,其实，有一段时间比以前要多些，但更多是为了逃避现实。,2
Y3,情感往往能开启更多的社交欲望。这种变化也许让你认识到更多的自己。是否发现对与异性交往的兴趣大幅增加？,是的，有过这样的感觉。,2
Y3,他的直接让你感到不自在？这种描述是否和你对他的总体印象一致？,是的，他在性关系上的直接让我不太舒服。,2
Y3,能理解你的感受，这可能真的很煎熬。在这种情况下，你有没有觉得自己的性欲比正常情况下更加强烈？,是的，我感觉自己的性欲的确有些强烈，甚至超过了正常。,2
Y3,您是否觉得这种感觉更频繁了？,是的，很明显，现在比以前更强烈了。,2
Y3,你提到抗拒这种关系与期待之间的矛盾，这影响到了你的性欲或者对于性的态度吗？,我感觉自己有时候想要远离，一方面又很期待接近他。,2
Y3,这有没有让你对自己的感情状态感到困惑？,是的，我常常想自己是不是有问题。,2
Y3,听起来你好像在和自己的习惯作斗争，偶尔失败是很正常的。除了自慰的问题，最近半年你对性特别敏感，是否发现自己的性欲显著增加呢？,是的，我确实感觉性欲有所增加，这让我有时感觉困扰。,2
Y3,您提到的睡眠问题，似乎对您的日常生活产生了影响。在自慰成瘾的过程中，您的性欲是否显著增加了呢？,的确比以前多了很多，不知道是因为失控，还是真正的需求增加。,2
Y3,噩梦之外，您提到食欲暴涨。除此之外，是否有其他过度行为呢？,是有，食欲难以控制，有时候还会毫无理由的。。。,2
Y3,那在性欲方面有增加或变化吗？,是的，痛感的需求好像影响到了整体欲望。,2
Y3,这种顾虑是可以理解的， 你提到你男朋友性欲特别强，那他的性欲有没有显著增加的情况呢？,从一开始他就这样，最近看起来更明显了。,2
Y3,你觉得这种渴望是从哪里来的呢？,说来奇怪，见她之前我没想过，但是见到她之后却有很强烈的感觉。,2
Y3,那个时候的感觉一定很好。不知道你有没有注意到自己最近性欲有所增加呢？,我觉得有时候会有这种想法，尤其是想着我们可以成为情侣的时候。,2
Y3,这种兴奋是不是在之后的日子里也有所影响呢？,是的，我感觉自己有时很向往这种感觉。,2
Y3,年轻人有时觉得自己没有被理解。女儿是否表现出更高的性行为或性欲增加的迹象？,嗯，我确实觉得性兴趣有所增加。,2
Y3,听起来这些想法确实让你压力很大。对于性取向的担忧，你是否感受到性欲的显著增加？,嗯，我确实感觉性兴趣增加了不少。,2
Y3,很好，你是否有感到性欲显著增加的时候，这种感觉如何影响你的行为？,嗯，有时会觉得性兴趣增加，影响情绪波动。,2
Y3,这样的感觉可能会影响到您的工作或者您热爱的事情。那在这段经历中，您的性欲有显著的变化吗？,嗯，有的，性欲明显增加了。,2
Y3,那你是否在想改善你们的关系时，表现出特别的兴趣或过度的热情呢？,嗯，有时候会特别迫切想改善关系。,2
Y3,吸引力有时让人难以自控，甚至让人依赖。你觉得这种吸引对你们的关系是积极的还是有时会困扰你？,吸引力挺好的，确实增加了不少兴趣！,2
Y3,和男友发生关系之后，你有没有觉得性欲有显著的变化？,有啊，感觉性趣变多了。,2
Y3,这种行为对你的日常生活有什么影响吗？,嗯，挺有影响的，性兴趣增加了不少。,2
Y3,那么在这段中，你有没有发现关于性行为或性欲的变化呢 ？,嗯，我发现自己性趣变多了。,2
Y3,您对于这样的情感处理方式已经很有自知之明了。那您认为在无性婚姻这段时间里，对性生活的渴望是否增加了呢？,对，的确感觉性兴趣变多了。,2
Y3,这也是一种常见的情绪反应。那段时间，你的性欲有没有明显增加？,嗯，有点感觉确实增加了。,2
Y3,那是很艰难的时刻。你说你对她有过强烈的情感波动，那时生活还有其他的变化吗？比如在性行为方面？,嗯，那时候确实性欲也变强了。,2
Y3,这是一个好的开始。你的爸爸妈妈的关系有没有影响到你和其他人的交往呢？,可能有吧，我最近更想和人交往。,2
Y3,听起来这对你有特别的意义。你觉得这种兴奋感让你的性欲有增加吗？,嗯，确实感觉性欲增强了不少！,2
Y3,梦境中偶尔会反映自己的潜意识。你觉得这些梦想有对你现实生活中的性欲望产生影响吗？,嗯，可能吧，最近这方面想法多了些。,2
Y3,现在跟先生的关系还OK？,嗯，还不错，最近感觉更有火花！,2
Y3,你提到偶尔看言情小说或者黄色书籍，这对你的性欲有影响吗？有没有显著增加的情况？,嗯，有时候会有点增加。,2
Y3,会不会有其他欲望也有变高吗？比如说很想要买东西啊？或是呃购物欲，这个性欲都变高等等？,嗯，确实感觉购物欲和性欲都有点增加。,2
Y3,"那有一些欲望上会不会增加,比如说购物,买东西的欲望啊,或者是有一些性的欲望？",嗯，有时候会感觉性欲确实增加了。,2
Y3,一切都在于你，我们会帮助你。你最近有没有发现自己的性欲明显增加或对性行为有更大的兴趣？,嗯，我最近确实感觉兴趣增加了。,2
Y3,您现在看来，是否还感到在性欲上有变化？,嗯，是的，感觉性兴趣确实增加了。,2
Y3,在这方面，你是否觉得不舒服或困扰呢？,嗯，最近感觉性兴趣确实增加了。,2
Y3,这种分歧可能会影响你们的亲密关系。那在性方面的需求有所增加或减少吗？,最近好像性欲变强了一点。,2
Y3,在这段关系结束后，您的性欲是否有明显变化？,嗯，确实感觉性欲增加了。,2
Y3,您觉得在这段关系中，您的性欲望和需求有增加的趋势吗？,嗯，最近的确感觉欲望有所增加。,2
Y3,那确实是个好时间点。你觉得她现在有没有表现出更高的性欲或行为增加的情况呢？,嗯，我觉得她确实性兴趣增加了。,2
Y3,保护自己的身体界限很重要。你提到界限被侵犯后会产生强烈的情绪不适感吗？,是啊，界限被破时情绪波动很大，欲望也会增加。,2
Y3,这样的想法时常出现吗？与你的孤独感有关吗？,"嗯，有时候会，可能和孤独感有点关系。",2
Y3,你们夫妻分房住，那么有时候你会不会感到有需求或者其他方面的感受？,太累就不会想，可能是MC快来了，会有那个想法，荷尔蒙那个也有关系，所以就会上网看看那个放松的影片,2
Y3,最近这段时间，你在性欲方面有没有什么变化？,其实，有一段时间比以前要多些，但更多是为了逃避现实。,2
Y3,你有没有注意到，随着情感的变化，你对结识异性变得更加感兴趣了？,是的，有过这样的感觉。,2
Y3,他的直率是不是让你觉得有点不舒服？这样的描述和你对他的整体印象相符吗？,是的，他在性关系上的直接让我不太舒服。,2
Y3,我能明白你的感受，这可能确实很难熬。在这种情况下，你有没有觉得自己的性欲比平时更强烈？,是的，我感觉自己的性欲的确有些强烈，甚至超过了正常。,2
Y3,这种感觉是不是变得更加频繁了呢？,是的，很明显，现在比以前更强烈了。,2
Y3,你说过在抗拒这种关系和期待之间存在矛盾，这对你的性欲或性态度产生了影响吗？,我感觉自己有时候想要远离，一方面又很期待接近他。,2
Y3,这会不会让你对自己的感情状况感到迷茫？,是的，我常常想自己是不是有问题。,2
Y3,看起来你在努力改变自己的习惯，有时会有点挫折，这是常有的事。除了关于自慰的问题外，你最近半年对性特别敏感，是否注意到自己的性欲明显增强？,是的，我确实感觉性欲有所增加，这让我有时感觉困扰。,2
Y3,在讨论您的睡眠问题时，我注意到它可能影响了您的日常生活。在自慰成瘾的过程中，您是否感觉性欲明显增强了呢？,的确比以前多了很多，不知道是因为失控，还是真正的需求增加。,2
Y3,除了噩梦和食欲暴增之外，还有其他过度行为吗？例如性行为的增加。,是有，食欲难以控制，有时候还会毫无理由的。。。,2
Y3,关于性欲方面，有没有出现增加或者变化呢？,是的，痛感的需求好像影响到了整体欲望。,2
Y3,可以理解你的担忧。你提到你男朋友性欲很强，那他性欲这方面有没有明显变化过呢？,从一开始他就这样，最近看起来更明显了。,2
Y3,你认为这种渴望的来源是什么呢？,说来奇怪，见她之前我没想过，但是见到她之后却有很强烈的感觉。,2
Y3,最近有没有感觉到自己性欲有点提升了呢？那种感觉应该挺不错的吧。,我觉得有时候会有这种想法，尤其是想着我们可以成为情侣的时候。,2
Y3,在接下来的日子里，这种兴奋会不会也产生一些影响呢？,是的，我感觉自己有时很向往这种感觉。,2
Y3,在年轻人感到不被理解的情况下，女儿是否显示出性行为或性欲增强的迹象？,嗯，我确实觉得性兴趣有所增加。,2
Y3,这些想法似乎让你感受到了很大的压力。关于性取向的困扰，你有没有注意到性欲有明显的增加呢？,嗯，我确实感觉性兴趣增加了不少。,2
Y3,你有没有过性欲明显增加的时刻？这种感受对你的行为有什么影响？,嗯，有时会觉得性兴趣增加，影响情绪波动。,2
Y3,在这段经历中，您是否注意到自己的性欲发生了显著的变化，而这可能会对您的工作或热爱的事情产生影响呢？,嗯，有的，性欲明显增加了。,2
Y3,你在考虑改善你们关系的时候，会不会显得特别热情或过于关注呢？,嗯，有时候会特别迫切想改善关系。,2
Y3,你会不会觉得吸引力有时让人难以控制，甚至产生依赖？在你们的关系中，这种吸引力是积极的，还是有时候让你感到困扰？,吸引力挺好的，确实增加了不少兴趣！,2
Y3,和男朋友在一起之后，你有没有感觉到性欲有明显的改变？,有啊，感觉性趣变多了。,2
Y3,这种行为会对你的日常生活造成什么影响？,嗯，挺有影响的，性兴趣增加了不少。,2
Y3,在这段内容中，你有注意到任何关于性行为或性欲的变化吗？,嗯，我发现自己性趣变多了。,2
Y3,您已经很清楚地理解了这种情感处理方式。那么在这段无性婚姻的时期，您觉得自己的性需求是否有所增长呢？,对，的确感觉性兴趣变多了。,2
Y3,那段期间，你有没有注意到性欲显著增强？,嗯，有点感觉确实增加了。,2
Y3,当时的情况很复杂。你提到对她产生了强烈的情感波动，那段时间生活中还有其他变化吗？比如在性生活方面？,嗯，那时候确实性欲也变强了。,2
Y3,这真是一个不错的开端。你觉得你父母的关系是否对你与他人的相处产生了影响呢？,可能有吧，我最近更想和人交往。,2
Y3,这件事对你来说似乎很特别。你认为这种兴奋是否增加了你的性欲？,嗯，确实感觉性欲增强了不少！,2
Y3,在梦境中，有时会反映我们的潜意识。你认为这些梦境是否会对你现实生活中的性欲望产生影响呢？,嗯，可能吧，最近这方面想法多了些。,2
Y3,您和先生现在的关系还不错吗？,嗯，还不错，最近感觉更有火花！,2
Y3,你说你偶尔阅读言情小说或情色书籍，这会影响你的性欲吗？有没有明显增加的时候？,嗯，有时候会有点增加。,2
Y3,其他的欲望会不会也变得更强烈？比如，有没有可能购物欲望增强，或者性欲变高呢？,嗯，确实感觉购物欲和性欲都有点增加。,2
Y3,欲望会不会增加，比如购物欲、购买欲或者性欲？,嗯，有时候会感觉性欲确实增加了。,2
Y3,在你身上，一切都取决于你，我们会支持你。最近你有没有感觉到自己的性欲有所增强，或者对性活动的兴趣更大了？,嗯，我最近确实感觉兴趣增加了。,2
Y3,你现在觉得性欲方面有什么变化吗？,嗯，是的，感觉性兴趣确实增加了。,2
Y3,这方面让你感到不适或烦恼吗？,嗯，最近感觉性兴趣确实增加了。,2
Y3,这类分歧可能会影响你们的亲密关系。那么，你们在性需求上有没有变化，增加还是减少？,最近好像性欲变强了一点。,2
Y3,在这段关系结束后，您感受到的性欲有明显的变化吗？,嗯，确实感觉性欲增加了。,2
Y3,在这段关系中，您是否感到自己的性欲和需求有所增加？,嗯，最近的确感觉欲望有所增加。,2
Y3,你觉得她最近有没有表现出更强烈的性欲或更多的相关行为？,嗯，我觉得她确实性兴趣增加了。,2
Y3,当身体界限被侵犯时，你会经历强烈的情绪不适感吗？保护自己的界限真的很关键。,是啊，界限被破时情绪波动很大，欲望也会增加。,2
Y3,这些想法经常冒出来吗？是否与你感到的孤独有关？,"嗯，有时候会，可能和孤独感有点关系。",2
Y3,你能体会到这种情况的艰难吗？这段时间你的性欲是不是比平常更旺盛？,是的，我感觉自己的性欲的确有些强烈，甚至超过了正常。,2
Y3,阅读言情小说或情色书籍会对你的性欲产生影响吗？有没有感到欲望明显增多的时候？,嗯，有时候会有点增加。,2
Y3,那段时候情况挺复杂的。你提到对她有了很强烈的情感波动，那期间生活中还有其他改变吗？比如在性生活方面？,嗯，那时候确实性欲也变强了。,2
Y3,这种分歧可能会对你们的亲密关系产生影响，那么在性需求上有增多或减少的情况吗？,最近好像性欲变强了一点。,2
Y3,你有没有经历过性欲突然增加的情况？这种感觉对你的行为有什么影响？,嗯，有时会觉得性兴趣增加，影响情绪波动。,2
Y3,在这段关系结束后，您有感觉到性欲上有什么明显的变化吗？,嗯，确实感觉性欲增加了。,2
Y3,我明白你的担忧。你说过你男朋友性欲很强，那他最近有没有表现出性欲显著增加的情况？,从一开始他就这样，最近看起来更明显了。,2
Y3,你和老公分房住的时候，有没有觉得有些需求没法满足？,太累就不会想，可能是MC快来了，会有那个想法，荷尔蒙那个也有关系，所以就会上网看看那个放松的影片,2
Y3,在你看来，吸引力是否偶尔让人难以自控，甚至产生依赖？在你们的关系中，这种吸引力是积极的助力，还是偶尔会让你感到烦恼？,吸引力挺好的，确实增加了不少兴趣！,2
Y3,在这段关系结束后，你感觉性欲有明显的变化吗？,嗯，确实感觉性欲增加了。,2
Y3,你感觉最近在性欲上有变化吗？,嗯，是的，感觉性兴趣确实增加了。,2
Y3,阅读言情小说或黄色书籍会对你的性欲产生影响吗？有显著增加吗？,嗯，有时候会有点增加。,2
H13,有时候接受支持对我们来说很重要。你有没有在身体上感到不适，比如头痛或胃部不适？,头痛有过几次，主要还是睡眠不足。,1
H13,那些急切的时刻一定很让人困扰。在环境压力下，你是否有过觉得身体不适的经历？,有过，有时候会因紧张而胃疼。,1
H13,这份矛盾感是否让你感到痛苦或者有其他不适的感觉呢？,是的，有时候感觉自己在原地打转。,1
H13,胃部不适可能确实与压力有关。这对您来说是一个提醒，让自己需要一些放松的时间。,我明白，我有在尝试找到放松的方式。,1
H13,身处如此压力下的关系，不感到快乐是正常的。你现在是否感到任何身体上的不适，而并非源自生理原因？,有，时常觉得胃不舒服。,1
H13,这可能让你在处理问题时感到无力，这种情况是否常发生？,是的，尤其在考虑到今后的事业和生活时。,1
H13,运动是个好办法，不过效果因人而异。你跑步时有没有感觉到身体上有其他的不适或者痛苦呢？,跑步时有时会感到胸闷气短。,1
H13,那种累的感觉有没有固定的时间，比如早上还是晚上特别强？,不算特别，就是一整天都觉得累。,1
H13,这些症状让人很难受。在体验这些情绪的同时，你有没有身体上的不适呢？,我最近肩膀总是很酸痛，不知道是不是因为心理压力。,1
H13,拥有这种感受是正常的。在这种情况下，你有没有感到生活或身体状态发生了变化？,是的，我的身体和精神状态经历了很多起伏。,1
H13,这样的矛盾感受是正常的，你在过完一天后会觉得很累或者辛苦吗？,嗯，经常感到累，有时候都不知道为什么。,1
H13,在关系中感到犹豫不决太正常不过了。你提到这些压力和纠结，因为这些是否导致了任何身体上的不适或痛苦？,是的，每次想起这个问题的时候，我都会感到很不舒服，比如胸闷。,1
H13,这样是因为身体上有哪种不适吗？,身体总有种没由来的沉重感，很难舒展开来。,1
H13,可以理解，这种感觉是正常的。记得在这些时候，深呼吸并给予自己一些温柔的鼓励。你有没有感到自己的症状比之前更严重，有时甚至心烦意乱？,嗯，有时候是的，但我不想屈服于这种情绪。,1
H13,回忆往事时，有没有其他的身体症状呢？,偶尔会头痛，但这可能是我自己给自己压力太大了。,1
H13,我理解你此时的想法。那么，在面对这些评价时，你有没有感受到某种程度的心理痛苦或身体不适？,有些时候我确实感到很累。,1
H13,保持一些希望，特别是在努力尝试新方法的过程中。关于母亲的监视和威胁，你是否体验到任何躯体上的不适或痛苦？,有时我会感到头痛或者胃痛。,1
H13,当试图戒掉某些行为后，你提到会有很多情绪涌现，这种状况让你感到困扰吗？,非常困扰，我常常不知道这些情绪从哪里来的，也不知该如何应对。,1
H13,您提到努力走出分手的情绪困扰，过程中有没有出现身体的不适感呢？,有时胸闷，还会感到胃不舒服。,1
H13,这种身体上的反应确实需要引起重视。您是否近期其他的身体症状也变得多了？,除了头痛，倒没有其他特别明显的身体反应。,1
H13,晚上可能是因为白天累积的压力在那个时候释放。有没有什么身体上的不适伴随您这种情绪？,有时候感觉肌肉很紧张，仿佛在承受极大的压力。,1
H13,你是否体验到过强烈的身体上的不适或疼痛？,的确有时候胃痛，可能是因为压力。,1
H13,听起来你有很多事情要处理。你有提到不想动的时候，有没有感受到身体不适或疼痛呢？,嗯，我有时候感觉浑身没力气，但不确定是不是身体上的问题。,1
H13,面临成家的压力，你的忧虑又增加了。,是的，期间身体问题也一直困扰着我。,1
H13,这时候可能会觉得体力和精力都低落。,确实如此，感觉什么都提不起。,1
H13,这是一个需要时间的过程。你提到头晕和头痛，这种身体症状还在继续吗？是否有任何不适？,偶尔还是会有，特别是在压力大的时候。,1
H13,睡眠质量下降确实会影响情绪和日常功能。除去这些，你曾有过其他生理上的不适吗？,偶尔觉得头痛、全身无力。,1
H13,这样想对康复是很有帮助的。你说服药有效，那在过程中有没有出现过身体上的不适或其他症状？,有时候会有一些，但都不太严重。,1
H13,这些怀疑确实很难受。有没有因为舍友的问题而导致室内环境影响你的心理状态或健康状况？,好像睡眠质量变差了，有时候还会头痛。,1
H13,面对如此棘手的关系，您是否会有疲惫的感觉或出现身体上的不适呢？,嗯，有时候觉得特别累，身体也有些不舒服。,1
H13,是否有感到任何身体上的不适或无名疼痛？,有时会，头疼和全身无力。,1
H13,这代表情绪可能受时间影响。你是否曾因为害怕失败而出现过任何生理上的不适，比如头痛或胃痛？,会的，尤其是压力大的时候，常常胃不舒服。,1
H13,您也提到了心力憔悴，这使得您更易疲劳或没有活力吗？,是的，就算这样，我会感到很累。,1
H13,焦虑是很正常的，尤其在处理关系和责任重大时更明显。工作压力是否让您感到身体有什么不适或痛苦呢？,有时候会感到胃部不适，肠胃总是绷得很紧。,1
H13,当感到不爽时，你是否感到身体上有任何不适？,可能会有些头痛。,1
H13,这是一种很好的习惯。你提到日常依旧保持规律生活，面对压力时你表现出良好的适应能力，对吗？,可以这么说，我觉得既然平时就这么过来的，没必要改变。,1
H13,不客气，我们一起慢慢探索。我想知道，在想到霸凌的事时，您会觉得身体有不适吗？,嗯，有时候会觉得心跳加速，胃部不适。,1
H13,是否还有其他身体的不适感，比如头疼或者其他不适？,主要是胸闷和恶心。,1
H13,运用身体运动放松身心是个好办法。但是，你曾因为情绪而产生身体不适的情况吗？,有一次，我因为考试的压力头痛并且胃口不好。,1
H13,这些不适有哪些具体的表现呢？会有头痛或疲劳的症状吗？,有时会感觉疲劳，尤其精神状态不好的时候。,1
H13,那时候有没有什么生理上的反应，比如身体的疼痛？,偶尔会觉得心脏涨得难受，不知是不是心理的关系。,1
H13,那是很好的发泄方式，艺术创作是一个很好的出口。你提到分手后心疼得裂开，期间有过其他身体的不适吗？,除了情绪不稳外，身体时而有些疼痛。,1
H13,这些症状是否会在身体上带来不适或疼痛？,有时候会感觉到身体不舒服，尤其是在焦虑的时候。,1
H13,晚上可能是容易沉思的时间段。面对这种困境，您会有身体不适或其他症状吗？,是的，我有时候会感到头痛和无力。,1
H13,这些感受令人辛苦。家庭压力是否也引发过身体不适或疼痛？,有时候确实会头痛或者身体不适。,1
H13,平时在情绪低落的时候，你身体有没有任何不适，比如头痛或者胃部不适？,会有一些胃部不适，但不太严重。,1
H13,运动有利于缓解，但如果身体感觉过于疲惫，可以考虑一些轻松的活动，甚至只是深呼吸。一提到疲惫，你是否注意到头疼发作时会特别精神疲惫或无精打采？,恩，有时真的觉得特别累，无精打采。,1
H13,那白天感觉如何呢？有没有特别的疲惫或者身体不适？,白天有时候会觉得很累，没什么精神。,1
H13,比如说，头痛、胃痛这类的。,嗯，倒是偶尔会有头痛的情况。,1
H13,你有经历身体上不适的其他症状吗？,偶尔感觉疲惫不堪，但其他方面不太明显。,1
H13,这些身体不适对你的日常生活和学习造成了影响吗？,是的，有时真的很痛苦。大学看到别人相处得很好，我心里很不是滋味。,1
H13,当然了，这需要大家共同努力。在这个过程中，您有感到身体上不适吗？,有时会觉得疲惫，但是更多的是情感上的压力。,1
H13,看得出来事业对你很重要！不过你有没有担心自己的身心健康会因此受到影响？,这个我也考虑过，不过工作性质确实不好改变。,1
H13,当你开始感到不再喜欢他们时，有没有经历过身体上的不适或情绪低落？,现在这样想想，好像有时候会觉得特别疲惫。,1
H13,理解您内心深处对这一决定的渴望。在面对婚姻困境时，您是否体验到任何身体症状如乏力或不适呢？,是有的，时常感到疲惫无力。,1
H13,这种孤独感可能与你的过往经历有关。因为分开的经历，你最近有感到精神或身体上的不适吗？比如活动减少或者总感觉疲累？,是的，我确实变得不太爱动，也常常感到疲惫不堪。,1
H13,那在这些情况下，您有没有觉得有些事情比以往更难处理？,嗯，有时的确如此。,1
H13,失眠确实会影响到生活的其他方面。你有没有因为这件事情感到身体上的不适或疼痛呢？,有时候会觉得头晕或者肚子不舒服。,1
H13,那他每天都说自己身体不舒服，医生检查却说没问题是吗？,是的，这种情况近期很频繁。,1
H13,这种强烈的情绪对你的日常活动有影响吗？,偶尔会让我感到难以集中注意力。,1
H13,那就好。同时，也要留意自己的健康和安全。你有没有感到身体有任何不适或疼痛呢？,身体上倒还好，只是偶尔会感到疲惫。,1
H13,你曾提到女性让你感到厌烦和负担，这种负担是否让你感到心理压力大呢？,是的，感觉很难再平衡自己的心情。,1
H13,很高兴看到你的这种决心。在日常生活中你是否感到身体不舒服或有任何症状？,最近感觉身体很疲惫，可能是压力导致的。,1
H13,这种状况确实很让人心痛。你有没有发现，当家人之间发生冲突时，会感到身体上的任何不适或疼痛呢？,有时候，我会突然感到心跳加速，手脚冰凉。,1
H13,是啊，我懂！面对挫折，什么因素会对你造成不适呢？,多是胃口不好，消化系统也不太好。,1
H13,你提到你有抑郁症状而且逐渐加重，是否让你觉得身体和精神上都非常不舒服呢？,是的，我常感到浑身无力，情绪也很低落。,1
H13,在您处理这些感受时，您是否有感到身体上有任何不适或痛苦呢？,有时我感到胸闷，心跳加快。,1
H13,这是一种很普遍的反应。你有没有因此感受到身体上的不适或健康受影响？,偶尔会头痛，或者胸闷。,1
H13,是的，背景调查的要求有时很严格。您现在有任何身体上的不适吗，例如头痛或心跳加快等？,偶尔会有些头痛，但我也不太确定是不是和压力有关。,1
H13,你有没有其他身体的不适感，比如胃痛、头痛或者心悸呢？,偶尔会感到胃痛，但不是特别频繁。,1
H13,身体症状是不是一直都在呢？,是的，尤其是在我压力大的时候。,1
H13,这种情感上的挣扎有时是否也会演变成身体或心理上的压力？,是的，我有时会因为内心的压力而感到身体不适。,1
H13,这是我应该做的。你有过其他身体不适感或者疼痛吗？,身体还好，但心里就像被压得喘不过气。,1
H13,也许可以尝试从每天几分钟开始。慢慢来，效果可以是潜移默化的。您提到那段时间感到痛经所带来的身体不适，这些是否还影响到您目前的状态呢？,每到这种紧张的时候，似乎就更容易被影响。,1
H13,会不会在情感互动之后你感到比过去更多的情感负担或心理疲惫呢？,有时候是，特别是在经历不好的互动之后。,1
H13,感到迷失是很自然的。在没有动力的时候，是否也感到疲惫或身体上的不适呢？,偶尔会感到身体疲惫，可能是因为睡不好。,1
H13,购物确实会带来一些短暂的满足感，但长期来看可能并不能解决问题。你觉得这种购物行为对你有其它影响吗？,说实话，有时候会经济紧张。,1
H13,分手带来挑战，这个过程中你的身体有不适反应吗？,开始时有，现在缓解了一些。,1
H13,深呼吸真的是一个很好的方法。但是你在感到呼吸累的时候，身体上有没有其他的不适或疼痛感呢？,我有时候觉得胸口有点紧，就是那种说不出来的不舒服。,1
H13,共同布置婚房的确是件令人开心的事。这似乎是一段让彼此都很开心的时光呢。当你因为争吵觉得疲惫的时候，有觉察到因此导致其他生活领域或工作中精力不足吗？,精力的确会被消耗掉，影响到工作效率。,1
H13,工作的长时间压力对身体影响也是不容忽视的。,我也开始注意到这些影响了。身体不适让人更加疲惫。,1
H13,会不会觉得白天也常感到能量不足，你怎么看待这种状态？,可能吧，我平时喜欢一个人做事，散步或者学习。,1
H13,很好，这是一个良好的开始。寻找适合自己的方式来表达情感，是帮助自己恢复平衡的一个重要步骤。分手后你是否注意到身体上有不适或疼痛吗？,是的，胃口差，很少吃东西。,1
H13,这可能需要一段时间的调节。家庭问题带来的压力是否有时让你感到心理或身体上的不适？比如肩颈痛或胃痛？,是的，有时会感到肩颈紧张。,1
H13,饮食问题和情绪之间有很强的联系，保持适当的饮食非常重要，即使您可能没有很强的食欲。总体上，您有没有感觉到身体上的不适或疼痛？,偶尔会有头疼的感觉，可能和心情有关吧。,1
H13,这听起来让人很不舒服。这四个月来有没有感到任何其他身体上的不适或疼痛？,有时会觉得头疼或者全身无力，好像什么都不想动。,1
H13,在您感受到孤独或者无法与男友沟通时，是否有体验到身体上的不适或者疼痛呢？,并没有身体上的不适，但心理上有些低落。,0
H13,那在工作中，您是否感到过任何身体不适，如胃肠问题等？,最近倒没有出现这种情况，不过睡眠不是特别好。,0
H13,是的，慎重的决定通常需要时间。你是否因分手的想法感到躯体上不适或疼痛感？,偶尔会觉得紧张或心情沉重，但还没有到身体不适的地步。,0
H13,那么，改善这些状况对于你来说将是非常重要的。伴随着妹妹的争执，你是否出现过任何身体不适或疼痛？,除了那天她掰我下巴之外，没有其他的身体疼痛，但精神上的压力很大。,0
H13,在这样的情况下，产生怀疑是难免的。她是否因此而感到身体上的疲惫或不适？,没有啥身体不适，别担心。,0
H13,这种感觉让你很不安吗？有没有觉得这种不舒服还影响你的其他日常活动？,没有，这些感觉对我没啥影响。,0
H13,运动是个好办法，不过效果因人而异。你跑步时有没有感觉到身体上有其他的不适或者痛苦呢？,没有什么不适，跑步还挺舒服的。,0
H13,这种身体疼痛会影响你的情绪吗？你是否特别关注或担心这种身体不适？,不会呢，没怎么担心过。,0
H13,这些怀疑确实很难受。有没有因为舍友的问题而导致室内环境影响你的心理状态或健康状况？,没啥影响，心态挺稳的。,0
H13,睡眠质量下降确实会影响情绪和日常功能。除去这些，你曾有过其他生理上的不适吗？,没有其他不适。,0
H13,你提到过身体的一些问题，比如肾结石和泌尿系统感染。近期有没有感觉到身体的不适加剧呢？,最近倒还好，没有特别不适。,0
H13,尝试找到有效的放松方式是个过程。你最近有注意到身体上的不适或疼痛吗，可能是与心情有关？,没有注意到身体的不适，心情还好。,0
H13,身心俱疲的时候，必要时休息是很重要的。那么身体上有没有其他不适感呢？,身体上还好，就是有点累吧。,0
H13,"会觉得比较烦、比较低落吗?还是? 有咳嗽?还是说头痛? ,",没有这些症状。,0
H13,那种累的感觉有没有固定的时间，比如早上还是晚上特别强？,没有特别的时间呢。,0
H13,面对如此棘手的关系，您是否会有疲惫的感觉或出现身体上的不适呢？,没有啦，身体还好呢。,0
H13,那白天感觉如何呢？有没有特别的疲惫或者身体不适？,白天还好，没有特别疲惫或不适。,0
H13,过去的事情有时确实让人感到后悔，但未来仍有许多可以努力的地方。您提到身体健康问题影响了日常生活，这让您感到身体不适或疼痛吗？,没有太大影响，身体还算可以。,0
H13,这样是因为身体上有哪种不适吗？,身体上没啥特别不舒服的地方。,0
H13,在这个过程中，是否曾因为药物副作用产生躯体的不适感而对药物产生排斥？,没有，我没觉得不舒服。,0
H13,这些不适有哪些具体的表现呢？会有头痛或疲劳的症状吗？,没有这些症状。,0
H13,很高兴看到你的这种决心。在日常生活中你是否感到身体不舒服或有任何症状？,还好，没有特别不舒服的。,0
H13,那就好。同时，也要留意自己的健康和安全。你有没有感到身体有任何不适或疼痛呢？,没有哦，我感觉还不错！,0
H13,失眠确实会影响到生活的其他方面。你有没有因为这件事情感到身体上的不适或疼痛呢？,没有特别的不适或疼痛。,0
H13,当然了，这需要大家共同努力。在这个过程中，您有感到身体上不适吗？,没有特别不适。谢谢关心！,0
H13,阿你自己会不会觉得哪边痛痛的？会吗？,不会痛啦，没事的～,0
H13,这样的矛盾感受是正常的，你在过完一天后会觉得很累或者辛苦吗？,还好啦，一般不会觉得特别累。,0
H13,"喔~那就好。那身体呢？你的身体的状况，之前有说到就是有不宁腿，阿之后有一阵子比较好了，阿最近呢？整体状况都还好吗？ ,",最近没啥不宁腿的问题啦，整体还不错！,0
H13,这是我应该做的。你有过其他身体不适感或者疼痛吗？,没有，身体还好。谢谢关心！,0
H13,理解，那您是否经常觉得自己的身体状况因为压力而受到影响呢？,其实还好，没太大影响。,0
H13,拥有这种感受是正常的。在这种情况下，你有没有感到生活或身体状态发生了变化？,没有啥特别的变化。,0
H13,胃部不适可能确实与压力有关。这对您来说是一个提醒，让自己需要一些放松的时间。,"还好没这症状，不过放松确实重要。",0
H13,你提到假装乐观，这会让你觉得疲惫或不适吗？,还好，我觉得还行。,0
H13,在这样的身体状况下，你是否感到乏力，或者有其他不适的症状？,没有感觉到不适。,0
H13,这种无奈感加上工作上的疲惫，会不会让你感到身体上有不适或疼痛呢？,暂时没有身体上的不适或疼痛。,0
H13,这些症状是否会在身体上带来不适或疼痛？,身体上不会有特别不适。,0
H13,比如说，头痛、胃痛这类的。,没有这些症状哦。,0
H13,你曾提到女性让你感到厌烦和负担，这种负担是否让你感到心理压力大呢？,没啥压力，就是偶尔有点烦。,0
H13,这可能需要一段时间的调节。家庭问题带来的压力是否有时让你感到心理或身体上的不适？比如肩颈痛或胃痛？,"还好，这些症状我倒没有。",0
H13,这是一个需要时间的过程。你提到头晕和头痛，这种身体症状还在继续吗？是否有任何不适？,没有头晕和头痛了，谢谢关心！,0
H13,当感到不爽时，你是否感到身体上有任何不适？,没啥特别不适，感觉还好。,0
H13,那在这些情况下，您有没有觉得有些事情比以往更难处理？,没有特别觉得难处理的事情。,0
H13,那时候有没有什么生理上的反应，比如身体的疼痛？,没有，身体上没啥疼。,0
H13,在您处理这些感受时，您是否有感到身体上有任何不适或痛苦呢？,没有特别不舒服的感觉。,0
H13,共同布置婚房的确是件令人开心的事。这似乎是一段让彼此都很开心的时光呢。当你因为争吵觉得疲惫的时候，有觉察到因此导致其他生活领域或工作中精力不足吗？,没有呢，其他方面还挺好的。,0
H13,运用身体运动放松身心是个好办法。但是，你曾因为情绪而产生身体不适的情况吗？,没出现过这样的情况呢。,0
H13,这种对健康的持续关注可能耗费了你很多心理能量。有没有时常感到身体不适？,没怎么感觉到身体不适。,0
H13,平时在情绪低落的时候，你身体有没有任何不适，比如头痛或者胃部不适？,没有那种不适。,0
H13,您提到努力走出分手的情绪困扰，过程中有没有出现身体的不适感呢？,没有身体不适，就是心里难受。,0
H13,这是一个明智的决定，对自己的照顾永远是优先。这段时间有任何身体上的不适吗？如疲惫感或精力不济？,没有特别不适，还挺正常的。,0
H13,在应对生活中的压力时，是否感到身体有不适或疼痛呢？,没有不适或疼痛的感觉。,0
H13,回忆往事时，有没有其他的身体症状呢？,没有其他身体症状哦。,0
H13,这段时间有没有觉得自己变得无精打采呢？身体有没有感到特别疲倦或不适？,最近还好，没有特别疲惫。谢谢关心！,0
H13,某些情况下，如果压抑了情绪，可能会影响到身体健康。你最近有没有出现过头痛或者身体不适感？,没有，我最近没啥不舒服的。,0
H13,这时候可能会觉得体力和精力都低落。,其实我现在精神还不错呢！,0
H13,这份矛盾感是否让你感到痛苦或者有其他不适的感觉呢？,其实还好，我没啥特别不舒服的。,0
H13,你提到耳鸣让你很害怕，这困扰你了吗？,还好啦，没什么特别困扰的。,0
H13,除了疲惫，你还有别的身体上的不适或者疼痛吗？,没有其他的不适或者疼痛。,0
H13,沟通是解决问题的重要途径，不过过程中的确可能有挑战。当沟通不畅时，你是否有感到无能为力或无法控制自己的情绪？,没那感觉，还挺能处理的。,0
H13,是否有感到任何身体上的不适或无名疼痛？,没有，身体没什么不舒服的。,0
H13,晚上可能是因为白天累积的压力在那个时候释放。有没有什么身体上的不适伴随您这种情绪？,没有身体不适，就是心情有点低落。,0
H13,可以理解，这种感觉是正常的。记得在这些时候，深呼吸并给予自己一些温柔的鼓励。你有没有感到自己的症状比之前更严重，有时甚至心烦意乱？,没有啊，我还好，没啥变化。,0
H13,好，你在头晕、晕倒的时候，会不会觉得哪边不舒服？,我没有这种感觉。,0
H13,那是很好的发泄方式，艺术创作是一个很好的出口。你提到分手后心疼得裂开，期间有过其他身体的不适吗？,没有其他不适，就是心里难受。,0
H13,倒是ok，好喔好喔！那身体会不会觉得哪边不舒服？疼痛啊或是觉得⋯,还好啦，身体没啥不舒服的。,0
H13,身处如此压力下的关系，不感到快乐是正常的。你现在是否感到任何身体上的不适，而并非源自生理原因？,"身体上还好，没啥不适。",0
H13,在考虑下一步的时候，也许你需要思考这段关系对你的整体意义。最近身体不太好，这对你的体力和日常活动有影响吗？,整体关系对我很重要，身体还好，谢谢关心。,0
H13,这些症状让人很难受。在体验这些情绪的同时，你有没有身体上的不适呢？,"情绪上比较难受，但身体上还好。",0
H13,晚上可能是容易沉思的时间段。面对这种困境，您会有身体不适或其他症状吗？,没有不适，就是会多想。,0
H13,会不会在情感互动之后你感到比过去更多的情感负担或心理疲惫呢？,不会，我感觉还好。,0
H13,这是一种很普遍的反应。你有没有因此感受到身体上的不适或健康受影响？,没有，身体还挺好的。,0
H13,听起来你有很多事情要处理。你有提到不想动的时候，有没有感受到身体不适或疼痛呢？,没有，身体感觉还好，就是懒得动。,0
H13,在关系中感到犹豫不决太正常不过了。你提到这些压力和纠结，因为这些是否导致了任何身体上的不适或痛苦？,没有身体不适，只是心理上有点累。,0
H13,是啊，我懂！面对挫折，什么因素会对你造成不适呢？,其实没什么特别不舒服的。,0
H13,焦虑是很正常的，尤其在处理关系和责任重大时更明显。工作压力是否让您感到身体有什么不适或痛苦呢？,其实没啥明显的不适呢。,0
H13,刚刚说到有时候工作比较有一些关卡的时候，会特别焦虑，那那个焦虑是会让你身体有不舒服的吗?,不会，对我身体没啥影响。,0
H13,不客气，我们一起慢慢探索。我想知道，在想到霸凌的事时，您会觉得身体有不适吗？,不会有身体不适。谢谢关心。,0
H13,这样的矛盾心理让人痛苦，你有没有想过通过其他方式伤害自己？,没有，没想过。,0
H13,购物确实会带来一些短暂的满足感，但长期来看可能并不能解决问题。你觉得这种购物行为对你有其它影响吗？,我觉得影响不大，挺正常的。,0
H13,了解。那你身体上都还ok吗?会不会觉得酸痛或不舒服啊?,还好啦，没啥不舒服的。,0
H13,您的措施虽然好，但似乎未完全解决症状。对身体有什么影响吗？如疲倦感？,没有这种感觉呢。谢谢关心！,0
H13,这种身体上的反应确实需要引起重视。您是否近期其他的身体症状也变得多了？,没有太多变化，我感觉还好。,0
H13,饮食问题和情绪之间有很强的联系，保持适当的饮食非常重要，即使您可能没有很强的食欲。总体上，您有没有感觉到身体上的不适或疼痛？,还好，没有身体不适或疼痛。,0
H13,这听起来十分难受。这样的事件是否对您造成了心理阴影，让您在以后的一些事情中感到恐惧或不安？,没有啦，我还好，没啥影响。,0
H13,这种情感上的挣扎有时是否也会演变成身体或心理上的压力？,不会哦，这个没有影响到我。,0
H13,那些急切的时刻一定很让人困扰。在环境压力下，你是否有过觉得身体不适的经历？,没有过这样的经历。,0
H13,睡眠不佳会影响我们的情绪和身体。面对这些矛盾，你有没有身体上的不适或者疼痛？比如头痛或肌肉紧张？,会头痛，特别是在和他们争吵之后。,2
H13,那种内疚的感觉是非常沉重的。你有没有出现过身体上的不适感，例如全身无力？,有，全身无力特别明显，常觉得特别累。,2
H13,除了疲惫，你还有别的身体上的不适或者疼痛吗？,腰常常酸痛，还时不时头疼。,2
H13,在这种情绪低落时，你是否感到身体上有任何不适或疼痛呢？,会的，特别是当我觉得无力时，整个人都会痛。,2
H13,你平常有身体不适或疼痛吗？,是的，近来常感到身体不适，尤其是头疼。,2
H13,不用着急，慢慢来。你是否每天感到莫名的身体不适或者疼痛，这种情况是常见的吗？,经常会有，特别是头痛。,2
H13,这是一个相当艰难的状态，有时候当我们感到精神恍惚和精力不足时，会担心自己是不是生病了。你有过这样的想法吗？,是的，有时候我怀疑自己是不是哪里出了问题。我总是很疲倦，感觉注意力和毅力变得越来越差。,2
H13,这种压力对你的身体有没有产生如头痛或其他不适感？,唉，确实有时候会头痛，也常常感到全身无力。,2
H13,这听起来十分难受。这样的事件是否对您造成了心理阴影，让您在以后的一些事情中感到恐惧或不安？,有时候会反复想起，那种无奈和恐惧随时都可能涌上心头。,2
H13,这种身体疼痛会影响你的情绪吗？你是否特别关注或担心这种身体不适？,是的，脚痛让我特别烦躁，但我不能请假，因为那会影响到转专业资格。,2
H13,那在你感到紧张的时候，除了头晕心慌，会有肌肉紧绷的感觉吗？,会的，尤其是肩膀和颈部。,2
H13,这种无奈感加上工作上的疲惫，会不会让你感到身体上有不适或疼痛呢？,有时候，我会觉得背部疼痛，非常不舒服，晚上难以入睡。,2
H13,你提到假装乐观，这会让你觉得疲惫或不适吗？,对的，我经常觉得精疲力尽，因为我不能做回真实的自己。,2
H13,身心俱疲的时候，必要时休息是很重要的。那么身体上有没有其他不适感呢？,会有时感到全身无力，头痛。,2
H13,那么身体上有感到任何不适吗？比如说疲倦或者睡眠不好？,是的，长期加班，压力大，身体已经开始显现一些不好的信号。,2
H13,这确实是个挑战，是不是有时候面对孩子的问题，您自己也会感到头痛呢？,是啊，经常会感到头痛，尤其是她哭的时候。,2
H13,那是一种什么样的体验呢？是否会导致身体不适或者疼痛？,没错，我会自己掐住脖子，直到自己憋得难受才松手。,2
H13,那请问你这段时间的体重变化大吗？还有之前提到过脱发和记忆力下降，这些有没有变得更严重？,对，体重是突然减轻，而且这段时间掉头发比较严重。,2
H13,医疗专业人员可以为你提供支持和工具，帮助改善你的状况。你觉得不舒服或经常感到无力吗？,是的，经常会觉得身体很疲惫。,2
H13,在这样的身体状况下，你是否感到乏力，或者有其他不适的症状？,是的，我一直感到疲惫不堪。,2
H13,你是否发现自己在做某些事情时容易出现发炎的喉咙问题或者其他身体不适？,是的，尤其是在紧张的时候，喉咙很容易发炎。,2
H13,这样的疲惫感有没有影响到您的兴趣和动力呢？,有的，以前喜欢的事情现在也提不起劲。,2
H13,这段时间有没有觉得自己变得无精打采呢？身体有没有感到特别疲倦或不适？,是常见的状态，总是感觉累。,2
H13,面对家庭的复杂情况，您努力地保持自己的稳定是很重要的。每次遇到这样的问题，也许可以考虑写日记来整理心情。您如何评价嫂子对家庭关系的影响，这让您感受到身体的不适或痛苦吗？,是有的，感觉整个人身心疲惫。,2
H13,离婚和无力感时有身体上的不舒服吗？,有时候头疼，浑身没劲，天也懒得出门。,2
H13,你提到绝望，那在这期间你有感到过身体的疼痛不适吗？,比如有几次头痛欲裂，还有心口痛。,2
H13,您的措施虽然好，但似乎未完全解决症状。对身体有什么影响吗？如疲倦感？,是的，疲倦感总是挥之不去，常常觉得精力匮乏。,2
H13,生活中的挑战会让人十分疲惫。您是否觉得在面对挑战或目标时，体力或精神上易疲惫或缺少动力？,是的经常感觉精疲力竭。,2
H13,这样的矛盾心理让人痛苦，你有没有想过通过其他方式伤害自己？,偶尔。我希望身体出问题，能早点去世。,2
H13,怀孕期间，有没有一些让你感到疲惫的事情，让你觉得精力不够呢？,是的，整个人都没有精神，几乎没有什么兴趣。,2
H13,继续坚持这些积极的习惯，它们对提升心情是有益的。你身体上有过因为紧张而导致的不适吗？,有时会觉得头痛和晕眩，尤其在和父亲争执后。,2
H13,没关系，这是一个过程。那在这过程中，你是否感到自己的心理与生理状况因工作时间不固定而显得格外疲惫？,每天都是绷紧的状态，身心都累。,2
H13,在考虑下一步的时候，也许你需要思考这段关系对你的整体意义。最近身体不太好，这对你的体力和日常活动有影响吗？,是有影响，精力不如以前，做事总是拖延。,2
H13,照顾好自己，才能更好地面对生活的挑战。最近，您有没有觉得身体上开始出现不适或者疼痛？,是的，尤其是头疼和胃痛。,2
H13,这是一个明智的决定，对自己的照顾永远是优先。这段时间有任何身体上的不适吗？如疲惫感或精力不济？,确实觉得很累，早晨起床都困难。,2
H13,这是很普遍的感受。你提到你曾带病工作，这对你的身体有影响吗？,确实，我的身体状态不太好，那段时间特别辛苦。,2
H13,某些情况下，如果压抑了情绪，可能会影响到身体健康。你最近有没有出现过头痛或者身体不适感？,是的，头疼比较频繁，尤其是在午睡的时候。,2
H13,这种对健康的持续关注可能耗费了你很多心理能量。有没有时常感到身体不适？,是的，常常会头痛，身体感觉不太对劲。,2
H13,过去的事情有时确实让人感到后悔，但未来仍有许多可以努力的地方。您提到身体健康问题影响了日常生活，这让您感到身体不适或疼痛吗？,是的，肛周脓肿让我感到痛苦，走路和睡觉都成了问题。,2
H13,你提到过身体的一些问题，比如肾结石和泌尿系统感染。近期有没有感觉到身体的不适加剧呢？,有，这种情况已经持续了一年了，小腹总是酸胀。,2
H13,这样的感受会让人自我评价下降呢。您觉得这种冲突会影响到您的身体状态吗？比如说感到疲惫或者精力下降？,我感觉自己确实变得更容易疲惫，做什么都提不起劲来。,2
H13,沟通是解决问题的重要途径，不过过程中的确可能有挑战。当沟通不畅时，你是否有感到无能为力或无法控制自己的情绪？,是的，这种感觉时常出现，尤其是当我的意见被忽视。,2
H13,是不是计划多却感到无从下手的现象会让你有些不适？,是的。有时候会头痛，心里也慌乱。,2
H13,这种感觉让你很不安吗？有没有觉得这种不舒服还影响你的其他日常活动？,是的，有时候胸闷得甚至没办法集中精力。,2
H13,适当的调整和规划，能帮助我们重新找回生活的重心。这种紧张和焦虑的状况会在身体疲累或环境变化时变得更明显吗？,环境变化的时候确实会影响较大，身体累的时候也不太好。,2
H13,在应对生活中的压力时，是否感到身体有不适或疼痛呢？,有时会感到全身酸痛，好像无力。,2
H13,在这个过程中，是否曾因为药物副作用产生躯体的不适感而对药物产生排斥？,是的，那些副作用真的让我很不舒服，所以我想避开药物。,2
H13,尝试找到有效的放松方式是个过程。你最近有注意到身体上的不适或疼痛吗，可能是与心情有关？,是的，常常感到头疼和疲惫。,2
H13,理解，那您是否经常觉得自己的身体状况因为压力而受到影响呢？,是的，最近常常感到疲惫，精力不太充足。,2
H13,你提到耳鸣让你很害怕，这困扰你了吗？,是的，它特别困扰我。感觉好像永远不能正常似的。,2
H13,身体有没有明显疲倦或肌肉酸痛，影响日常活动？,最近浑身酸痛，感觉特别累。,2
H13,倒是ok，好喔好喔！那身体会不会觉得哪边不舒服？疼痛啊或是觉得⋯,"最近背有点痛，全身也挺乏力的。",2
H13,这听起来让人很不舒服。这四个月来有没有感到任何其他身体上的不适或疼痛？,"嗯，有时会感到全身乏力和背痛。",2
H13,感到迷失是很自然的。在没有动力的时候，是否也感到疲惫或身体上的不适呢？,嗯，是啊，身体总是感觉很沉重，特别累。,2
H13,你曾提到女性让你感到厌烦和负担，这种负担是否让你感到心理压力大呢？,嗯，是的，常常感到全身乏力和背痛。,2
H13,这可能需要一段时间的调节。家庭问题带来的压力是否有时让你感到心理或身体上的不适？比如肩颈痛或胃痛？,"是啊，有时候确实会觉得肩颈痛，还有点疲惫。",2
H13,"身体有没有哪里不舒服？ ,",最近感觉全身都很疲惫，背也有点疼。,2
H13,这些不适有哪些具体的表现呢？会有头痛或疲劳的症状吗？,"是的，会有头痛和全身疲倦的感觉。",2
H13,了解。那你身体上都还ok吗?会不会觉得酸痛或不舒服啊?,有点疲惫，背和脖子常常酸痛。,2
H13,工作的长时间压力对身体影响也是不容忽视的。,"是啊，我常常觉得全身都特别累。",2
H13,您提到努力走出分手的情绪困扰，过程中有没有出现身体的不适感呢？,"嗯，有时会感到全身乏力和头痛。",2
H13,会不会觉得白天也常感到能量不足，你怎么看待这种状态？,是啊，老觉得自己像背着大石头，累得慌。,2
H13,比如说，头痛、胃痛这类的。,是啊，我全身都感觉累，总是乏力。,2
H13,分手带来挑战，这个过程中你的身体有不适反应吗？,嗯，有时候感觉全身乏力，背和头也疼。,2
H13,会不会在情感互动之后你感到比过去更多的情感负担或心理疲惫呢？,"是啊，有时候感觉身体都特别累，像背着重担似的。",2
H13,你有经历身体上不适的其他症状吗？,"有啊，经常感觉全身无力，背还疼。",2
H13,看得出来事业对你很重要！不过你有没有担心自己的身心健康会因此受到影响？,嗯，有时确实感觉全身乏力，挺累的。,2
H13,这是我应该做的。你有过其他身体不适感或者疼痛吗？,最近全身都很乏力，背部也有些疼。,2
H13,运动是个好办法，不过效果因人而异。你跑步时有没有感觉到身体上有其他的不适或者痛苦呢？,跑步时全身都很疲惫，尤其背和四肢。,2
H13,有到身体出现一些头痛、肚子痛、腰酸背痛之类的状况吗?,是啊，最近真感觉身体沉重，常常头痛腰酸。,2
H13,或者是觉得肩颈，像是背酸酸紧紧的?眼睛会不会有时候...,是啊，有时候浑身都感觉沉重酸痛。,2
H13,当感到不爽时，你是否感到身体上有任何不适？,是啊，常觉得背和头疼，还有点疲倦。,2
H13,可以理解，这种感觉是正常的。记得在这些时候，深呼吸并给予自己一些温柔的鼓励。你有没有感到自己的症状比之前更严重，有时甚至心烦意乱？,最近感觉全身都很沉重，头也疼。,2
H13,"会觉得比较烦、比较低落吗?还是? 有咳嗽?还是说头痛? ,","最近全身乏力，背痛头痛也有点儿折腾人。",2
H13,饮食问题和情绪之间有很强的联系，保持适当的饮食非常重要，即使您可能没有很强的食欲。总体上，您有没有感觉到身体上的不适或疼痛？,有时全身乏力，尤其是背和头有点疼。,2
H13,回忆往事时，有没有其他的身体症状呢？,嗯，有时候会觉得全身乏力，还有点背痛。,2
H13,"花钱的时候会焦虑，好。会不会身体有哪里不舒服? ,,",有时候会全身乏力，感觉很累。,2
H13,有时候接受支持对我们来说很重要。你有没有在身体上感到不适，比如头痛或胃部不适？,"嗯，是的，我经常感觉全身乏力和头疼。",2
H13,这可能让你在处理问题时感到无力，这种情况是否常发生？,是啊，经常觉得浑身没力气，特别疲惫。,2
H13,好，你在头晕、晕倒的时候，会不会觉得哪边不舒服？,有时候会感觉背部和四肢特别沉重。,2
H13,这份矛盾感是否让你感到痛苦或者有其他不适的感觉呢？,确实，感觉全身都累，特别是背痛和头痛。,2
H13,这些症状是否会在身体上带来不适或疼痛？,"是的，有时候身体上会感到沉重和疼痛。",2
H13,当试图戒掉某些行为后，你提到会有很多情绪涌现，这种状况让你感到困扰吗？,是的，情绪上来时，身体也特别累。,2
H13,睡眠质量下降确实会影响情绪和日常功能。除去这些，你曾有过其他生理上的不适吗？,"是的，经常感觉全身乏力，还有头痛和背痛。",2
H13,是啊，我懂！面对挫折，什么因素会对你造成不适呢？,"有时候感觉全身都特别沉，累得动不了。",2
H13,"那会觉得身体啊，会不会哪边不舒服啊？还是有时候会食欲比较，你三餐有吃吗？ ",最近总觉得身体很沉，还经常没胃口。,2
H13,是的，背景调查的要求有时很严格。您现在有任何身体上的不适吗，例如头痛或心跳加快等？,嗯，有点全身乏力，还有背痛。,2
H13,这段时间四肢或全身的沉重疲倦感明显吗？,最近感觉浑身酸痛，好累啊。,2
H13,晚上可能是容易沉思的时间段。面对这种困境，您会有身体不适或其他症状吗？,"是啊，晚上常觉得四肢沉重，还总头疼。",2
H13,那在这些情况下，您有没有觉得有些事情比以往更难处理？,嗯，有时候真的感觉全身特别累。,2
H13,身体会不会觉得哪边都不舒服？,“是啊，有时全身都觉得沉重。”,2
H13,"那你还算是蛮规律的，有没有其他身体不舒服？ , 不会说头晕头痛啊，胸闷心悸，或者是腰酸背痛？",有啊，就感觉全身乏力，背也疼。,2
H13,这样想对康复是很有帮助的。你说服药有效，那在过程中有没有出现过身体上的不适或其他症状？,有时候感觉四肢沉重，背还会疼。,2
H13,很高兴看到你的这种决心。在日常生活中你是否感到身体不舒服或有任何症状？,最近身体有点沉重，背痛和乏力挺明显的。,2
H13,"那有没有其他腰酸背痛、头痛、肚子痛之类的状况呢? ,",是啊，我常常感到全身乏力和背痛。,2
H13,运用身体运动放松身心是个好办法。但是，你曾因为情绪而产生身体不适的情况吗？,"是的，有时候情绪会让我全身都感到很沉重。",2
H24,您提到曾抱着过去追问自己，这种情况是否引发了对自身意义或价值感的思考？,是的，时常有这样的事情。,1
H24,情感的沟通有助于修复关系。有时，问题被说出口后会减轻其威胁感。你怀疑自己是否值得被爱吗？,是的，我开始对自己产生怀疑。,1
H24,这种自我怀疑可能会影响你的自尊。而你以前是个很乐观的人吗？,没错，我以前对自己充满信心，这次事件对我的打击很大。,1
H24,听起来你对父亲有很深的感情，同时也有些复杂的情绪。你父亲去世后的这些年里，你的情绪是否有所波动，甚至感到绝望或无价值感呢？,是的，有时候会感到这些。但更多的时候我觉得是被他拖累了。,1
H24,在恋爱关系中，这样的女生是否可能会因不如对方而感到自卑呢？,长期下来，这种感觉还是有可能的。,1
H24,家庭压力是实实在在的负担。面对父母时，你有没有觉得自己不够好或无能呢？,是的，我常常会感到自己未尽责。,1
H24,她的悔意是她想留在你身边的一个信号。你有没有觉得自己因为这些事情而有些自卑或不够好呢？,有时候，会觉得自己配不上她。,1
H24,听起来这对你真的造成了很大的困扰。像这种被排斥的感受，有没有让你觉得自己很无价值或者不如他人呢？,是的，我开始怀疑我是不是不适合待在这个小圈子里。,1
H24,这种自卑感是否会让你在和班长合作时感到更大压力呢？,确实有一点。我总觉得需要证明自己，也怕不被认可。,1
H24,你提到对他的反应有些失望和害怕，他是否让你感到自信心下降？,是的，我甚至开始怀疑他家里的人是否会同意我们的关系。,1
H24,专业帮助能提供更多视角，可以很有益。您觉得自己的自尊心是否因为这段关系有所下降？,自从和她吵架以后，自信心的确低落了许多。,1
H24,有时候，我们总是对他人过于放大他们的优点。你对自己有没有信心呢？,我不知道该如何提升自己的信心，也不知道怎么去改变现状。,1
H24,您提到妻子不会干净，是否体验到对自身价值的怀疑或自卑感？,是的，我常常怀疑自己是不是不够好。,1
H24,你提到妈妈每天会抱怨你用钱多，这让你有负担吗？,是的，她越抱怨，我越不敢开口要钱。,1
H24,这种自卑感的产生有没有在其他情况下发生过呢？,是有的，特别是在一些比较的情境中。,1
H24,这种自卑情绪会不会主要依附于幻想本身，而不是自身的其他实际表现呢？,基本上是这样的，我同样也想要改善。,1
H24,这种感觉会不会让你在社交中感到自卑呢？,是的，我就是常常觉得不如别人好。,1
H24,焦虑和头痛往往是联系在一起的。这时候更需要注意自己的身心健康，适当的休息和放松很重要。你有过觉得自己不如他人或者自我价值感较低的经历吗？,有时候确实觉得自己有点失败，特别是当事情进展不顺利的时候。,1
H24,在成长过程中经常不敢表达真实想法，是否让你感到无奈或者自我价值受到影响呢？,是的，我觉得这种情况确实影响了我的自信心。,1
H24,是否有时会觉得自己不如别人呢？,是的，尤其是当朋友和其他人相处得好的时候。,1
H24,孩子是你坚强的动力吧？你对自己的依恋或无能为力感有影响吗？,他们是我生活的一部分，但有时我还是会质疑自己。,1
H24,是的，慢慢适应并加强信心，要相信自己是有办法的。面对同事和同学时，你是否感到自卑或者觉得自己不如别人呢？,有时候会有，特别是别人表现得很出色的时候。,1
H24,你说和解无望，这种感受是否让你感到无助或自我怀疑？,是的，有时候真的不知道自己是否做错了什么。,1
H24,听起来这件事在你脑海中挥之不去。你会因为这些事情而怀疑自己的能力或价值吗？,有时会觉得自己不如别人，特别是现在的情况。,1
H24,焦虑可能会加剧孤独感。有时候，感到自己能力或自我价值较低的感觉吗？,是的，总觉得自己不够好。,1
H24,理解你的坚持，你希望保持真诚，这非常重要。在相处中有没有对自己能力的不满或自我否定呢？,有时候看到她轻松答应，但我却不敢轻易做不到的承诺，会有些怀疑自己的能力。,1
H24,这样的误解肯定让你感到孤立无援。和你爸爸沟通时，你有感受到特别的情绪吗？,对，我感觉无论说什么他们都不会真正地理解我。我一直感到很孤独。,1
H24,这种影响应该让人有所警觉。你是否有过怀疑自己的信念或对自己感到自卑的时候？,确实，在这些事情发生时，我会怀疑自己的判断。,1
H24,这种感受确实可能会让人感到无奈。我们的成长过程中，有时候因为缺乏关心会对自我价值产生疑问或感到自卑。您有这样的感觉吗？,是的，尤其是在面对复杂人际关系时。,1
H24,在经理和同事面前，你是否觉得有些不被重视或者缺乏某种自信？,有时会觉得，因为现在参与感比较低。,1
H24,在你思考这个问题时，有没有感到自卑或不够好？,有时候会，觉得自己没有处理好这段关系。,1
H24,这些都反映出你承受的压力。在别人问责或批评的情境下，你觉得自己有强烈的自卑感吗？,嗯，我时常觉得自己的价值感很低。,1
H24,是不是有时候也担心别人在意或者感到羞愧呢？,一定程度上是的，感觉自己总是让人失望。,1
H24,听起来你可能会经历一些焦虑的症状。可能是因为缺乏信心或者觉得自己不独立，这让你觉得有些自卑吗？,是的，我的独立性比较弱，从小到大基本都没住过校，总是生活在一个熟悉的环境里。,1
H24,对自己的不自信，是否也影响到你对自己价值感的判断呢？,嗯，确实让我有些怀疑自己的价值。,1
H24,听起来这些症状对你的表现有很大影响。那么你觉得紧张和反应慢是因为对自己信心不足吗？,可能有一点，因为我总觉得自己准备不足，尽管已经做了很多准备。,1
H24,很积极的态度！在面临困难时，是否因为它与你的性格不符，而对自己有些不满呢？,有时候会觉得自己的胆怯影响了进步。,1
H24,那样的沟通确实会影响自信。有没有觉得自己贬低了自己的价值呢？,是啊，我开始怀疑自己是不是做错了选择。,1
H24,咨询和寻求专业支持是一个很好的开始。回忆过往的创伤经历依然让你感到痛苦吗？,是的，有时候觉得自己还未从那些阴影中走出来，甚至产生了自卑感。,1
H24,当我们在解决婚姻问题时，自我价值或自信心会受到影响吗？,确实，因为失败的感觉太强烈了。,1
H24,您提到笑后感觉空虚，是不是也会感到自己不如别人呢？,是的，我觉得自己总是比别人差。,1
H24,你的想法非常成熟。你觉得情绪低落与他在关系中的表现和投入是否有关？,有时候是有关系的，但我也想改变这种感觉。,1
H24,这样的经历可能让你怀疑自己的价值感。无论如何，你的感受都是很重要的。,谢谢你这么说。,1
H24,那很好。对于当前的关系，你有没有可能怀疑对方的不够主动，是出于对自己的低自尊或自卑感呢？,可能有一点，我有时候不敢追问太多，怕显得自己不够独立。,1
H24,那是否觉得对自我价值有些疑虑？,偶尔会觉得自己不如别人。,1
H24,那么，从你了解的情况来看，她是否对自己的价值有过怀疑？,是的，她害怕被别人知道后影响到自己的形象。,1
H24,孤独感确实不好受。学习和升学压力有没有让你怀疑自己的能力或者有自卑感？,我一直担心我的学习成绩不够好，可能无法考上大学。,1
H24,你提到过崩溃的感觉，这会让你觉得自己不够好吗？,确实，这种感觉让我很消沉。我不知道怎么跟妈妈说暑假的费用问题。,1
H24,这种自我消失的感觉一定很困扰你。感觉自己无能为力没法掌控生活的方向，这方面会让你感到焦虑是吗？,是的，真的很压抑。我总觉得完美主义压得我喘不过气，害怕任何的不确定性和改变。,1
H24,这表明你的心灵和身体在面对压力时的反应都是很真实的。身体也会表达心理上的不安。你谈及到你对他的感情表现得卑微，是否会因此感到自我价值感低或自卑呢？,是这样的，普遍我在他面前会觉得自己自卑。然而在对待其他人时却不是这样的。,1
H24,很不错！艺术有很强的治愈能力。你有没有在表达自己的情感方面感到不自信？,会有，我总是不敢和他表白，因为怕破坏关系。,1
H24,你是否因为对自己的怀疑而自我贬低呢？,可能是这样吧。我总觉得自己不够好。,1
H24,有没有觉得和其他同学比起来不如他们？这会让你感到不自信吗？,有时候会，特是在看到别人表现的时候。,1
H24,您是否担心这种不认可损害了您的自信心？,有时候会，有时候不太在意，但交叉出现。,1
H24,这种感觉会让你觉得自卑或影响自我价值感吗？,是的，有时候就是觉得自己很孤独，和父母没有亲密感。,1
H24,这种比较会不会让你有些自卑呢？,确实有点，我总是羡慕那些比我优秀的人。,1
H24,细小的进步也很值得鼓励。你是否感到自我怀疑或者认为自己不如别人？,有时，总觉得自己做得不够好。,1
H24,听起来她可能会因情感依赖而感到自卑，认为自己不够好或者不值得安全感。,确实，她有时很不自信，总认为自己做得不够好。,1
H24,这样的比较可能会让你也感到有些自卑，你觉得自己的价值或者能力在他的态度下有什么变化吗？,是的，我会怀疑自己是不是哪里不够好。,1
H24,这种批评是否让你感到自己能力不足或有自我怀疑的念头？,有时会让我怀疑自己真的能胜任这份工作。,1
H24,这些感觉很真实，但并不代表就是事实。你认为你的看法受到老师对你的评价的影响了吗？,我想可能有吧，他们的批评让我对自己很没信心。,1
H24,那听起来像是自我价值感受到了打击。您提到过表白失败和恋爱失败的经历，这是否让您感到自己有一些无价值感或者自卑？,是有一点感觉到自己很差劲。,1
H24,这就对了！有时对自己是否感到不如人或自卑？,是的，因为与别人不同，总觉得自己差了一些。,1
H24,在和他交流时需注意他对自己是否有自卑感。你觉得他觉得自己不如别人吗？,他说他不想主动接触别人，可能他觉得没人愿意和他交流。,1
H24,对自己宽容一点，特别是在面对过去的创伤时。这些经历是否让您对自己看法发生了变化，比如感到自卑？,是的，经常觉得自己不如别人，尤其在被嘲笑时。,1
H24,很好，沟通是突破的关键。有没有觉得自己与他人比较有自卑感？,偶尔会，当对比她的过去时，我觉得自己做得不够。,1
H24,支持你找到内心的平衡是一个长远的旅程。你提到对妻子的未来感到困扰，这是否源于对自己能力的怀疑或自卑？,是的，多少有些自卑，觉得自己无法按社会期望去生活。,1
H24,希望对您有帮助。您是否担心自己和他人的比较让您感到不如其他人优秀？,是的，偶尔我会这么想。,1
H24,你是否有感到这种情况让你感到自卑，或者有时觉得自己不够好呢？,是有些自卑，因为我不太擅长表达。,1
H24,您是否察觉到这些反思会对当下的人际关系产生影响？,可能有吧，影响了我对他人的态度和与人沟通的方式。,1
H24,我理解这种情绪可能会带来一些自我怀疑。你觉得到目前为止这种惭愧有多深呢？是否涉及到自我评价的降低或无价值感？,对的，有时候我会觉得自己不够好，配不上他的好。但与此同时，我也觉得很有压力。,1
H24,您提到兑换礼品，那这些礼品对您来说很重要吗？,不算特别重要，但换来的东西会让我开心。,1
H24,你是否觉得自己不如别人或者觉得无价值呢？,有这样的感觉，自己有时像是活在别人的影子下。,1
H24,保持积极是很好的开始，你是否感受到自己行为的不稳定感让你反复质疑自己的能力或价值感？,确实，我经常觉得自己做得不够好。,1
H24,开始新的交流是需要时间的。有时候对方不回应可能与很多因素有关，不一定是你的问题。你有因此对自己产生怀疑吗？,确实，我会觉得自己是不是总是做的不够好。,1
H24,这就是我们学习的机会。尝试记住一些你和他们谈论的有趣话题，以便在其他场合中运用。那你会不会感到每次想要融入集体环境却感到无望或者对自己的能力失去信心？,是的，我真的想要改善但有时觉得希望渺茫。,1
H24,面对她的态度，你有时会担心自己不够好或者感到自卑吗？,会这样想，觉得为什么她不能多看看我的感受。,1
H24,我听到了你的感受。你认为是否存在替他们承担责任的倾向？或者觉得自己不够好？,也许有，我时常这样想。,1
H24,现在这种自卑感和焦虑感有减轻吗？还是有加重的迹象呢？和,相对减轻了，但有时候还是不免感到焦虑。,1
H24,您对丈夫观看成人内容的看法是什么，这是否影响了您对自己的看法？,也许会有一点影响，我只是觉得他应该更重视我们的关系。,1
H24,这样的话，他的自尊心是否因为这种情况受到影响呢？,不太确定，他不太愿意谈论自己的感觉。,1
H24,觉得自己处于低潮期时，会感到自卑吗？,是的，我觉得自己不如别人。,1
H24,被排斥的经历是否让你有过自卑的感受呢？,是的，我确实有过这样的感受。,1
H24,你对自己有这样的负面看法是因为这些事情吗？,是的，我总是怀疑自己做得不够好。,1
H24,这种对自己的怀疑或者不自信是不是让你感到有些自卑呢？,是的，感觉自己好像不如别人。,1
H24,你提到质疑自己，这对自我价值的怀疑有没有让你感到自卑呢？,因为这种怀疑，我常常觉得自己不够好。,1
H24,你说到过担心完不成工作会被责备，这样的时候，你有没有觉得自卑或自我价值感低落呢？,是，有时候会觉得自己不够好，不如别人。,1
H24,听起来你有些不太舒服，她的描述让你感到不被尊重，对吗？,是的，而且她还当面告诉我这些话。,1
H24,"这种情况让人很难受。您觉得这种对依赖和没有安全感的感受有多强烈？ ,",非常强烈，我总是害怕失去他的支持。,1
H24,您对自己的能否建立幸福关系是否有过低的评价，觉得自己不值得？,有时会这样，但我也知道这可能有些偏激。,1
H24,听起来这个机会很让人期待，但你似乎有些担心对吧？希望你能多谈谈你的感受。,我只是觉得自己还没做好准备，当总监来找我时，他虽然说年底会涨工资，但并没有提升职的事情。我也不敢提。,1
H24,你觉得他的行为让你感到被忽视或情感背叛了吗？,是的，特别是当他没有及时回家的时候。,1
H24,这是很自然的感受。你提到感情问题，你觉得这影响了你对自己的价值认同吗？,我觉得有时候挺自卑的，虽然也有人表白过，但我总觉得不是真心的。,1
H24,这种努力取悦他人的行为对你的自我评价有没有不好的影响呢？,我有时觉得自己太依赖女性的评价了。,1
H24,这对你的自尊心有没有带来一些负面影响呢？,是的，我有时候觉得很没有自信。,1
H24,希望很重要。面对这些情况，您是否看轻自己，觉得自己没有价值呢？,不确定，但我觉得自己总是比别人做得差。,1
H24,我能理解你的感受。你是否有想过，自己可能对爱情有一些高标准或者要求很高？,也许吧，不过我觉得这种标准是正常的，毕竟结婚是一辈子的事。,0
H24,和上级交流不费力气这一点值得鼓励。你有没有在与上司交流时感到因为别人评价而自卑的情况？,没有，可能因为我习惯了吧。但打招呼依然是问题。,0
H24,您提到不愿意再与他人交往。对于自己的价值与能力，是否感到一些疑虑或自卑？,没有啦，只是想自己呆会儿。,0
H24,那这种敏感让你在人际交往中感到什么？你会觉得自己不如别人吗？,不会觉得不如别人，只是偶尔会有点敏感。,0
H24,啊，我了解。但分享出来有时候会让心情舒畅一些。你社交恐惧时，会觉得自己不如别人吗？,不会，我还好。谢谢关心！,0
H24,我能理解这让你感到被否定或者感到自卑吗？,不太会有这种感觉。谢谢关心！,0
H24,除了头疼和虚弱，你还有没有别的不舒服，比如自卑的情绪？,没有，没啥自卑情绪。,0
H24,有时候我们被过往经验影响，会对自身能力感到怀疑。,是啊，经验有时候真的挺难甩掉的。,0
H24,不妨列出自己的优点和长处，重温它们。,嗯，好主意，我试试看！,0
H24,你提到对这段新感情有内疚的感觉。那么，在与男友的关系中，你是否感到自己不够好？,没有，我觉得还好。,0
H24,有时候把压力与家人开放分享或许是一种减轻负担的好方法。你提到自我价值感下降和自卑，这两个问题在你生活中影响大吗？.,还好吧，影响不算大。,0
H24,这种想法是否让你觉得有某种自卑感？,没觉得自卑，就是有点烦。,0
H24,那种自卑感很折磨人，那你有没有尝试过去改变这样的想法呢？,其实现在我不太有这种感觉。,0
H24,理解。是不是因为有时会觉得不好意思去承认这些情绪呢？,其实还好，我不太会纠结这些。,0
H24,你感受到的这种自卑感，对你影响很大吗？,嗯，还好啦，不影响太多。,0
H24,那您会对自己的能力感到不自信或自卑吗？,其实我对自己还挺有信心的。,0
H24,不确定感如果一直存在，会不会影响你的信心和自我评价呢？,我还好，暂时没啥影响呢。,0
H24,您是否觉得在家中容易感到自我怀疑？,没有啊，家里感觉挺自在的。,0
H24,这一定让你感到很不舒服，面对她的批评，你会怀疑自己吗？,不会啦，我没往心里去。,0
H24,睡眠的确很容易受到影响。有没有因为这事儿而感觉到有些价值被低估或不被理解呢？,没有，我觉得还好。,0
H24,这样的抗拒是否和您从小的相貌自卑有关呢？,其实好像没啥关系哦。,0
H24,您提到过在与闺蜜互动中存在自卑感吗？,没有呢，和闺蜜相处挺好的。,0
H24,能意识到这些影响很重要。你是因为这些感觉而觉得自己不如其他人吗？,不，我觉得还好。,0
H24,那继续努力，万事都会好起来的。面对这些挑战，您是否对自己有时感到一些自卑呢，认为自己处理得不够好？,不太会自卑啦，但会有点挑战。,0
H24,听到这些真是让人心痛。你的母亲是否让你对自己的能力或价值感到怀疑？,其实没有哦，我挺自信的。,0
H24,这些感受可能会导致一些社交困难。你是否发现与异性交谈时的紧张影响了你的交友圈？,其实没有，多数时候还好啦。,0
H24,这些都是很棒的方式来安抚自己。你是否因为男友女儿的存在，觉得自己的重要性受到威胁，或感到自卑或无价值？,没有啦，我感觉还好。,0
H24,情绪波动时，你是否感到有些自卑或者对自我形象不太确定？,没有呢，我对自己形象挺自信的。,0
H24,你提到自我接纳困难。对自己感到情绪低落或没有价值感吗？,不会，我还好哦。,0
H24,情绪波动时，是否感到自我价值低或觉得不如别人呢？,不会有这样的感觉哦。,0
H24,我相信你。每一份努力都值得被尊重和重视。在去尝试沟通时，可以给她也提供一点理解。你是否感到在这种紧张关系中丧失了一部分自我价值感？,谢谢你的信任，我会努力尝试沟通的。,0
H24,我们能多谈谈你的日常生活吗？你是否有时觉得自己不如他人呢？,其实我觉得还好，没特别觉得不如人。,0
H24,情绪崩溃后，你会感到顺从和听话，这样的情绪释放对你有帮助吗？还是让你感到不安？,这方面我倒没什么感觉。,0
H24,了解了一些。在他谈到其他女生可能“简单不代表就更好”时，你的感受如何呢？,嗯，我觉得还好吧，没啥特别感觉。,0
H24,自我内疚可能加重了痛苦。我想了解你在与他人互动时是否有变化，感觉比平时更加敏感和不自信？,没什么特别变化，还是老样子。,0
H24,和同事或同学交流时，你是否觉得总是被忽略？,还好啦，大家都挺注意我的。,0
H24,在面对这种感受时，您是否曾对自己感到过自卑或觉得自己的感觉是错误的？,没有自卑过，一切都挺正常的。,0
H24,那你是否有感觉到自卑或者对自己缺乏信心呢？,没有啦，我对自己挺有信心的。,0
H24,对于这种回避行为，你觉得是否与一种对自己的失望或自我价值的怀疑有关呢？,没想那么多，可能就是习惯性回避吧。,0
H24,在处理伴侣出轨问题时，您是否察觉到对自己的轻视或自卑感呢？,没有这种感觉哦。,0
H24,找出问题所在是很重要的一步。你在被批评或误解时，觉得自尊心受到了影响吗？,我一般不太在意这些。,0
H24,正视自己内心的感受是很重要的。你觉得自己有信心去处理这些情境吗？,我觉得还行，有时候也挺有信心的。,0
H24,这种想法会让你感到自卑吧？是否有时自己表现或角色不如他人？,我不太会有这种感觉。,0
H24,这可能加重了你的内疚感。接下来，我们可以一同探讨如何缓解这些情绪。对于从0到1的阶段无法展开的困惑，是否让你怀疑自己的能力或动机？,其实我还好，没太多感觉。,0
H24,这样的情形下，您有没有感到自己需要承担额外的负担，或者感觉缺乏支持呢？,没有，我感觉挺好的。,0
H24,在情感的事情上，旁人的意见也许只是个参考，最重要的是你自己的感觉和判断。从感情来看，你是否感到自己的价值受到影响，或者怀疑自己的能力？,没啥感觉，自己还行。,0
H24,您羡慕他人的成就，这种感觉是否会让您感到沮丧？,其实不会，我还好啦。,0
H24,"对此,您是不是感到自我价值受损？",没有这种感觉。,0
H24,理解您的心情。在这个事件中，你有感到自卑或者认为自己有什么不足吗？,没有啦，我还好。,0
H24,在与你母亲的关系中，你有没有感到自卑或无能？,没有耶，关系挺好的。,0
H24,你对自己要求很高，那有没有时候感到无法实现这些期望？,其实还好，我觉得还可以应付。,0
H24,你提到误会和缺乏理解，那时候你有没有觉得自己不值得被爱或自我价值感低？,没有，那时候我还好。,0
H24,自信是很重要的。你觉得自己与他人相比怎么样？会有不如人的感受吗？,我觉得还行吧，没有特别不如人的感觉。,0
H24,有没有常觉得自己不如别人呢？这感受是普遍存在的。,没怎么觉得，挺好的。,0
H24,我们后来可能会谈及这些情感产生的原因。您是否常感到自卑或自我评价过低？,其实没有，我不太感到自卑。,0
H24,这是一个普遍的担心，但不断努力的小目标或许可以帮助减轻这些担忧。在与父母冲突后，你是否会感到后悔或者质疑自己的行为？,不会，我觉得我做得对。,0
H24,当这样的怀疑出现时，会让你觉得对自己不够好或被轻视吗？,不会有这种感觉。,0
H24,时间会是你的朋友，给它一些耐心。你是否觉得最近对自己有一个否定的自我观？,我最近还好，没觉得否定自己。,0
H24,缺乏自信在艰难的抉择时很常见。有没有觉得自己需要更强的自信心呢？,我觉得还好，没太大问题。,0
H24,是因为自我评价低吗？,嗯，不是因为这个原因。,0
H24,你好，我能理解这种感受。你提到小时候被人称赞聪明，但一直以来不会和别人交朋友，这个问题一直困扰着你吗？,这个问题还好，已经不太困扰我了。,0
H24,很欣赏你有这样的意识。谈到家庭关系，你是否觉得自己对于母亲的期待感到无能为力或低自尊？,"其实对我妈没啥特别期待，挺随意的。",0
H24,冥想是很好的开始，继续尝试，可能会对你有帮助。面对奶奶的过度关注，你是否对个人能力产生了自卑感？,不会自卑，就是有点烦而已。,0
H24,听起来，你认为他的行为很有针对性。这种感受让你觉得自己处于劣势吗？,没有啦，我没觉得有什么不对。,0
H24,那你有没有感到过因为父母的争吵，而对自我形象产生疑问，或者感到自卑呢？,没有，这个倒没啥影响。,0
H24,你在他身边给他支持真好。对于他的自信心和自我价值感，现在的关系有没有影响到他？,我觉得没什么大影响，他挺好的。,0
H24,尽量保持良好的作息有助于改善情绪。最近在学习和生活中是否出现自卑感？,最近还好，没啥自卑感。谢谢关心！,0
H24,这会不会让你偶尔感到自卑或质疑自己？,不会啦，我觉得还好。,0
H24,表达内心需求很重要，他们会成为你最好的支持者。对不如别人的感觉是否常常困扰你？,有时会，但我能处理。谢谢关心！,0
H24,这无疑是一种心理负担。有没有觉得这种状态让你更加感觉自己无能或无价值？,"还好，目前没有这种感觉。",0
H24,是不是因为以前的舍友对你的不同看法，让你对外貌和行为变得很敏感呢？,其实没有，我一直都很在意这些。,0
H24,自我接纳真的很重要，这些事情是否让你怀疑自己的价值？,没有哦，我还是相信自己的。,0
H24,能理解你的感受。这种情况让你感到自卑或像是无价值吗？,不会有这种感觉，谢谢关心！,0
H24,在和你咨询师的交流中，有没有觉得对自己的能力感到自卑或不如他人？,嗯，没有这种感觉。,0
H24,记得自我关怀是最好的安慰。你有没有感到这次经历让你质疑自我价值或感到自卑？,还好，没有特别怀疑自己。,0
H24,这种状态好像让你遇到了一些影响日常生活的困扰。你觉得生活功能或自我评价有下降吗？,没感觉到有啥变化，生活还行。,0
H24,家庭的支持的确很重要，但在逆境中锻炼自己也能带来成长。在这个阶段，您有没有因为疾病和财务问题无法解决感到无助或绝望？,我还挺乐观的，暂时没有感到绝望。,0
H24,在你面临的这些挑战中，找到自我和新的方向是需要时间的。在这段关系结束后，你有没有觉得自己不如他人？,没有觉得不如他人，我还在探索自我。,0
H24,这种自卑感是否也影响到了您的学习或工作表现呢？,目前没有影响到学习或工作哦。,0
H24,对于这样的感受你是怎么理解的？你觉得它可能会对自我价值感产生影响吗？,我理解，但目前感觉还好。,0
H24,这些方法对一些人来说会有帮助。谈到这些整体情感体验，你是否觉得影响了你对自己作为人的价值和评价？,没感觉影响我的自我价值。,0
H24,这样的自我怀疑很常见，但也很困扰你。你是不是感到了一些自卑呢？,"其实还好，自卑倒不太常有。",0
H24,家庭生活中，你会感到自信吗？,嗯，挺自信的，家里氛围挺好。,0
H24,有时我们会对自己的表现产生疑虑，觉得自己没能帮上忙。您有没有这样的感觉呢？,没有，我通常不这样觉得。,0
H24,乐观的心态是恢复的关键。我相信你会在困境中找到方向，活得更精彩。你是不是有时会怀疑自己的能力呢？,谢谢你的信任，我会努力的！,0
H24,说起来在这些沟通中，你是否发现自己的自信心受到了影响呢？,其实还好，我感觉没啥影响。,0
H24,对这段经历，感受过自我评价的动摇吗？,没有，自我评价没啥变化。,0
H24,这是很自然的反应，与专业医生讨论或许能帮助你更好地权衡利弊。那你是否常常觉得自己不如他人，所以感到自卑？,没有啦，我还好，不太自卑。,0
H24,关于是否应该结束这段关系感到犹豫，是否说明你对自己感到自卑呢？,"不，这只是我在思考。",0
H24,你提到过与画室老师关系不佳，能说说这对你的影响吗？,哦，其实没啥特别影响啦。,0
H24,那么，你有没有感觉到这些思想让你对自己产生了一些不太好的看法呢？比如感到自卑或无价值？,没有，这些思想没有影响我的自我看法。,0
H24,您为他人和学生感到的责任和压力，确实可能加重这样的感觉。在教学过程中，您是否曾觉得自我价值有所降低，或者觉得自己不如他人？,没有啊，我觉得还好。,0
H24,这些经历肯定很难忘。你曾提到过胆小和自卑，你是否觉得自我价值受到了挑战呢？,其实没有觉得自我价值受挑战，就是难免有点不安。,0
H24,你刚才提到很自卑，这种自卑是否影响到你的自尊和信心呢？,确实如此，感觉自己什么都做不好。,3
H24,您是否对自己感到厌恶？如果是这样，您是厌恶哪些方面呢？,我对自己的外表和性格都不满意，觉得自己一无是处。,3
H24,你是否感到自己的自我价值受到了威胁？,是啊，真的好绝望。,3
H24,这是很好的自护方式。另外，你是否觉得对自己的评价过低而感到自己一无是处？,那种感觉几乎无时不有。,3
H24,运动虽然帮助有限，但是坚持下去可能会带来变化。您在性方面的困惑对生活满意度有影响吗？,是的，感觉自己不配拥有美好的事物，爱情尤其不敢奢望。,3
H24,那种感觉一定很难受。你提到大家都不喜欢你，你是否对自己感到自卑或有不值得被喜欢的感觉？,是的，我经常觉得自己一无是处，也做不好事情。,3
H24,我明白，这种无力感确实很困扰人。这种情绪阴云是否让您在其他事情上也感到无能或没有价值？,是的，他说的那些话真的让我觉得自己一无是处。,3
H24,感觉到功能下降确实会让人更沮丧。有没有觉得对未来无能为力或感到无价值？,是的，常常感到自己一无是处，好像对什么都没有掌控。,3
H24,这样的担心是可以理解的，可能也影响到了你的情绪。有时候，你是不是觉得自己特别无能或者无助？,几乎每天都这样觉得，感觉什么也做不好。,3
H24,有些人确实通过食物感到安慰，不过应该注意保持健康饮食。您觉得经历这些困难，曾感到自卑或不如别人？,是，有时候觉得自己一无是处。,3
H24,您在这段关系中，是否有时会觉得自己不如他人，或者感到自我价值低？,是的，我觉得自己很糟糕，没有资格拥有他的爱。,3
H24,在我们的经历中有时会有这样的感觉，但这不代表事实。你是否觉得这些问题让你觉得自己没有自尊？,是的，我的自尊心几乎被打碎了。,3
H24,在日常生活中，你是否觉得自己的能力和价值被低估了？,有时候会觉得自己挺没用的。,3
H24,那么在和父母的沟通中，会不会感到自己有些无奈？,嗯，有时候会觉得自己不被理解。,3
H24,我很理解这种感受，那种无力感很难受对吗？你会自我怀疑吗？是不是觉得有些自卑？,是啊，我常觉得自己一无是处。,3
H24,孩子还小，如果你能多给自己一些肯定和鼓励，或许会有不同的体验。,我尽量试试，但有点难相信自己。,3
H24,理解，这种信任的建立需要时间和包容。 你的母亲从小给予你的压力和批评，是否让你现在感到对自己非常不自信或者觉得自己很无用？,是啊，我总觉得自己不够好。,3
H24,那在没有手机时，你会不会感到能力不足或自卑？,有时候会有这种感觉。,3
H24,工作方面的挑战让你感到无能为力了吗？,是啊，有时候真的觉得自己很无能。,3
H24,您觉得她性格不合适的事情，让您怀疑自己的价值吗？,有点吧，感觉自己真的不够好。,3
H24,这些期望有时会成为压力源。你母亲对关系的期望是否让你怀疑自己能力不足或不够好？,有时候确实会这样，我常觉得不够好。,3
H24,可以理解。有没有觉得这些情况对你的自信心有影响呢？,有时候会觉得自己不够好。,3
H24,这样的压力确实会影响到我们的休息。这种情况是否让你感到很难信任他人呢？,嗯，有时候我确实会有这样的感觉。,3
H24,会不会因此对自己的价值产生怀疑呢？,有时候会觉得自己不够好。,3
H24,您判断自己的自尊在这段关系中有受到挑战，这是什么导致您情绪波动的原因之一吗？,可能吧，我感觉自己总是做得不够好。,3
H24,您提到参加互助组织，恢复自信对您来说是否是一个目标？,可能是个目标，但我觉得自己不够好。,3
H24,那这可能就是您们之间的一个症结。您觉得这段婚姻对您的自我价值有没有影响？,可能有影响，我觉得自己有点不够好。,3
H24,你提到这种情绪是否让你感到对自己的能力有很多怀疑呢？,是啊，我常觉得自己不够好。,3
H24,晚上的确容易让我们陷入思绪。在对待自己方面，你有没有感到强烈的否定感或自卑？,是啊，我总觉得自己特别没用。,3
H24,这段关系显然对你有很大的情感冲击，是否让你对自己的价值有不好的看法？,感觉自己有点一无是处。,3
H24,觉得无法继续学业和生活是不是让你感到自卑或无助？,嗯，有时候确实觉得自己不够好。,3
H24,这会让你对自己产生不如别人的情绪吗？,有时候会有这种感觉。,3
H24,理解这样的感受。除了工作，您有没有因为压力而产生负面的自我认知或自卑感呢？,有时会觉得自己不够好。,3
H24,这显示她可能需要一种可以让她放松的生活方式。这对你来说可能意味着机会改善关系。你有没有感到因为她表现而被否定个人价值？,有时候我真的觉得自己一无是处。,3
H24,生活的压力确实会对我们的睡眠造成影响。在您看来，自己在处理这些问题时是否感到自卑或不如他人呢？,是啊，有时候感觉自己真的很差劲。,3
H24,想象一下，是否因为不清楚的关系影响了你对自我价值的认知呢？,可能吧，我总觉得自己不够好。,3
H24,平时用“话题终结者”自嘲时，是不是也有这样的感觉呢？,是啊，总觉得自己说话很无趣。,3
H24,感到无助的时候，一起探讨可能的出路会有帮助。是否经常有自卑感，让您觉得自己在某些方面低人一等？,有时候真觉得自己一无是处。,3
H24,那你会不会因为这种不一致感到自我价值被否定呢？,有时候会觉得自己不太好。,3
H24,这真让人沮丧。你提到在同学面前努力逗笑他们，你觉得自己需要迎合他们吗？,有时候觉得是这样，怕被忽视。,3
H24,这种状态让你感到自己没有价值或者有自卑感吗？,是啊，有时候觉得自己一无是处。,3
H24,这些都是好的方式。面对这种情况，你有考虑过长远的计划吗？你觉得你的价值感有没有受到影响？,感觉有些迷茫，价值感有点受影响。,3
H24,这种被忽视的感觉可能会让人怀疑自己的价值感，那在你认真对待他的态度时，你有没有感到某种程度的自卑呢？,可能有点自卑吧，有时觉得自己不够好。,3
H24,感到事事无成可能会动摇自信。对自己的能力和价值进行评估时，你有很强的自卑感吗？,有时候真觉得自己一无是处。,3
H24,你反复思考这些问题，可能觉得自己的自尊受到影响。你是否时常感到自卑？,是啊，总觉得自己不够好。,3
H24,这种质疑让你产生过自卑吗？尤其在你避开不想见的老师时。,有时候会觉得自己不够好。,3
H24,你提到自卑感，你觉得这些失败经历让你感到无价值吗？,嗯，有时候真的感觉自己挺没用的。,3
H24,来自家庭的压力有时会影响我们各方面行为。您在这种压迫的家庭氛围中是否感到缺乏自信，甚至觉得自己不如别人？,有时确实感觉自己不如别人。,3
H24,感觉因为这段关系的问题，有怀疑过自己的价值或者自卑吗？,有时候确实会觉得自己很没用。,3
H24,这种“大魔王”的感觉是否加深了你对自己的怀疑和价值观的冲突呢？,是啊，这让我觉得自己很没用。,3
H24,这种自卑感和通信未果的烦躁感是否加深了你对自己的负面看法？,是的，我常觉得自己不够好。,3
H24,了解，你是否觉得自己在这段关系中或其他方面表现得很不称职或无价值？,有时候会这么觉得，真的挺沮丧的。,3
H24,你是否曾经觉得自己很无价值或感到自卑？,有时会，感觉自己一无是处。,3
H24,这种自卑感是否在其他时候也曾出现过呢？,是啊，总是觉得自己不够好。,3
H24,夜晚容易引发孤独感。你有没有感到自信心的下降或者认为自己不如他人？,有时候真的觉得自己很没用。,3
H24,你觉得对自己的能力或价值有没有感到低劣？,我常觉得自己一无是处。,3
H24,你的自我价值感因此受到影响吗？你是否觉得自己有些不足或没有价值？,有时会觉得自己不够好。,3
H24,你的努力是值得肯定的！和母亲矛盾后，你是否觉得对自己的价值感到忽视或低下呢？,是啊，有时候觉得自己特别没用。,3
H24,意识到这些是改变的第一步。有没有注意到自己的自卑感明显增加？,嗯，我一直觉得自己不够好。,3
H24,这种怀疑的感觉让你感到不够好，或者有时候感到自卑吗？,有时候会觉得自己不够好。,3
H24,这会不会让你感到自卑或者对自我形象有不满的地方？,有时候会有这种感觉。,3
H24,你提到处理事务也不明确，这是否让你时常质疑自己的判断或决定？,是啊，我总觉得自己做什么都不行。,3
H24,这会不会对你的自信心产生影响呢？,可能会吧，我总觉得自己不够好。,3
H24,这样的变化对家庭对您的自尊心有影响吗？,有时候感觉自己真的不太行。,3
H24,你提到感到不自信，这种自我怀疑会影响你对自身价值的认知吗？,是的，我常常觉得自己不够好。,3
H24,慢慢来，我们会找到方法的。您提到不敢谈恋爱，是因为金钱的问题感到自卑吗？,可能吧，我就是觉得自己不够好。,3
H24,那你是如何面对这种自卑感的呢？有没有什么办法来自我舒缓或调整？,有时就让自己沉浸，但也试着找点事做。,3
H24,那还好。你提到没有解决问题的动力，这是否让你感到某种程度的无能为力或自卑感呢？,有点自卑，感觉自己真没用。,3
H24,你提到不敢告诉父母，因为害怕他们的看法，这里是否有对自身价值的严重怀疑或感到极度渺小呢？,是啊，总觉得自己一无是处，怕他们失望。,3
H24,这样的自我评价是否让你感到自卑呢？,有时候会觉得自己很差劲。,3
H24,你有没有因为自卑或觉得自己不够好而逃避上学？,有时候会这样觉得，挺烦人的。,3
H24,你如何看待自己在关系中的价值，会不会有些自我质疑？,可能吧，有时候觉得自己不够好。,3
H24,在职场中，是否有时觉得自己不如别人或者自卑吗？,总觉得自己比别人差劲。,3
H24,那种自卑感可能是你情绪的一个重要组成部分。,是啊，我总觉得自己不够好。,3
H24,拖延有时候确实让人感到无奈。学习这些课时是否常常感到自己能力不足或自卑？,是啊，有时候真的觉得自己不够好。,3
H24,没关系，想明白后再行动也行。你有没有考虑过在内心中是否自卑或者不如别人？,有时候觉得自己真不行，努力改善中。,3
H24,您能认识到这一点非常重要。当面对这些情愫时，是否有感到自己不如他人？,是啊，有时真的觉得自己不如别人。,3
H24,这种感受是很正常的。在这么多压力下，你对自己的价值和重要性有什么样的感受呢？,我常常觉得自己不够好。,3
H24,你已经迈出了一大步，愿意谈论这些感受。,谢谢你，但我还是觉得自己很糟糕。,3
H24,有没有觉得自己在生活的某些方面不如人？,有时候觉得自己有点不如意。,3
H24,但请相信，一切都有转机。在这样的家庭环境下，你有没有产生过自卑或者觉得自己不如别人？,有时会感觉自己不如别人。,3
H24,非常好，洞察力在康复中扮演着重要角色。老师或同学的不理解有没有让你怀疑过自己？,有时我确实觉得自己很糟糕。,3
H24,压力确实很难完全消除，要管理它。对于自己的能力或决策，您是否感到怀疑或者有自卑感呢？,有时候感觉自己真的不太行。,3
H24,想要奖学金是不是对你的期望很重要？,我觉得我没啥希望拿到。,3
H24,是因为担心被评价或者嘲笑吗？,可能吧，我总觉得自己不够好。,3
H24,这种感觉，是不是让你觉得自己不如他人？,有时候真的会这么觉得。,3
H24,您常逃避问题，这让您对自己的能力产生怀疑或者自卑吗？,是啊，我总觉得自己不够好。,3
H24,冷静一下是个好主意。另外，分手后你的自我感觉有变化吗？,感觉自己越来越糟，没什么价值。,3
H24,这种情绪是可以理解的，但希望是从日常的小事中逐渐积累的。您是否对自己的能力或价值有一种深刻的自卑感？,有时候会觉得自己不够好。,3
H24,你是否觉得自己的想法和感受被忽视呢？,有时候会觉得没人可以理解我。,3
H24,他们也许会理解并愿意支持你。你觉得自己在失恋后变得更自卑吗？,嗯，有时候觉得自己确实不太好。,3
H24,这似乎你有一种倾向，可能是为了让自己感觉更好而对别人好。你有考虑过这种行为是出于某种自我感知的低落或者觉得不如他人吗？,可能吧，我常觉得自己不如别人。,3
H24,语言上的表现反映了你的焦虑。你是否常常担心自己处理家庭关系的能力呢？,"是啊，有时候我觉得自己特别没用。",3
H24,伤疤的确可以影响到自信。你常会觉得对自己的身体有负面的感觉吗？,有时候会有这样的感觉。,3
H24,那么，在花费临近回家时，是否过于关注别人对你的看法从而影响了自己的消费行为？,是啊，总觉得自己花得不如别人好。,3
H24,感觉像是在背负一个沉重的包袱。你有没有对这些情绪感到自我否定或自卑？,有时候真的会觉得自己很差劲。,3
H24,很好，这正是解决问题的积极步骤。你有没有常常觉得自己不如别人呢？,有时候会，感觉自己不太行。,3
H24,这些感觉可能与整体的情绪状态有关。在看到那位男生时，您有感到自卑或认为自己不够好吗？,嗯，我就是觉得自己不如他。,3
H24,自卑感的确会加剧焦虑。这种自卑感是否经常影响您的社交和日常生活？,是啊，感觉自己总是比别人差。,3
H24,你提到批判自己一无是处，这种负面评价是否在其他情境中也会出现，造成自我认同感下降？,嗯，有时候会这样觉得，挺难受的。,3
H24,那您觉得这种自卑感是否会对您的决定带来影响呢？,或许吧，这让我很难下定决心。,2
H24,这种情绪变化的确可能是一些心理状态的征兆。当别人拒绝你的要求时，你是否常常感到自己不如他人，或者自我价值受到影响？,嗯，我会有这种感觉，特别是他们拒绝的时候，我就忍不住想，是不是我哪里做得不够好。,2
H24,这是一种复杂的自卑感，让你在父母和丈夫面前都感觉不安。,是的，我真的不知道这样的我能不能教育好孩子。,2
H24,这样的一种家庭氛围确实可能对一个人的成长有很大影响。你是否觉得自己在家庭中缺少归属感？,我常常觉得自己不够好，也不属于任何地方。,2
H24,社会的变化确实会影响一个人的自我感受。您是否感到由此产生的无价值感或觉得自己不够好？,对，我总觉得自己不如从前，总觉得是自己的错。,2
H24,这种疲劳感是常见的，可能是因为心理压力积累的结果。你提到在这段时间里感到特别受伤，你会因此对自己产生不好的感觉吗？,是的，有时候我会觉得自己很没用，特别不自信。,2
H24,那么，父亲的这种沟通方式是否让你对自己产生了一些无力感呢？比如觉得自己被局限了？,是的，我有时候觉得自己什么都做不了，不管说什么都没有用。,2
H24,您对自己的能力有些怀疑，因为这些事情对吗？,是的，我总觉得自己不够好。,2
H24,放松自如是需要慢慢练习和适应的，我们可以采取一些小步骤来实现。您在和朋友交流时有常感到自卑吗？,是的，我总觉得自己不如别人那么有趣。,2
H24,是因为觉得自己缺乏能力吗？你有过这样的感受吗？,对，总觉得自己不够好，所以就放任自己。,2
H24,你曾提到明明已经准备充分，却在场上怯场，这种情况是否让你对自己有负面的评价？,确实有时会觉得自己不够好，甚至考虑过退出。,2
H24,这种感受确实很沉重。你是否觉得与他人有距离，或者感到自己没有价值？,经常有这样的感觉。我一直以来都觉得自己没有融入感。,2
H24,这种自卑感我能理解，或许可以尝试着主动出击，多给自己一些肯定。在社交中有没有感到自身的价值是很值得怀疑呢？,确实，我觉得自己没有什么价值，总被条件反射式地否定。,2
H24,您提到过的自卑感似乎影响很深，您是否经常否定自己？,是的，总觉得自己不如别人。,2
H24,那就变得更加关注自己内心的声音和感受吧。可能有时也觉得自己比较自卑？,确实如此，尤其是在没做好的时候，这种感觉会更加强烈。,2
H24,想在事业和生活上取得平衡听起来很重要。有这样的压力时，您是否感觉到自我评价下降或有自卑感？,确实有时会觉得自己不够好，不足以独当一面。,2
H24,这种感觉是可以理解的，经历对我们都有深远的影响。那你的自我评价有受到影响吗，比如说自卑感或者对自己不满？,是的，我总是反思觉得自己不够好。,2
H24,我们需要确保你的身体健康。你是否有感到自己自卑，觉得不如其他人自信？,是的，我总是觉得自己不如别人。,2
H24,他这样说会让你觉得自尊心受到伤害吗？,是的，我觉得他不在乎我的感受。他怎么能轻易说出这样的话？,2
H24,在面临焦虑事件的同时，是否还存在任何对自己能力感到不足的情绪？,是的，我常常怀疑自己的能力，觉得无能为力。,2
H24,担忧未来通常是青少年和成长期的问题。那么，你通常会在哪些方面花费时间去担心？,比如适应社会和掌握技能这件事让我不安，总觉得没有足够能力。,2
H24,他的这句话会不会让你感到自身价值被低估了？,是的，我觉得这让我质疑自己的价值。这样的感受真的让我很烦恼。,2
H24,那她有因为这些事情感到自己在某种程度上是不如人的，或者感到无价值吗？,的确，她时常感到不如人，尤其是在看到前夫的现状时。,2
H24,这种害羞和自卑有对你的情绪状态产生影响吗？,对的，我常常觉得自己不如别人，所以会感到很压抑和难过。,2
H24,自我接纳和情绪管理是成长的一部分，你觉得会对自己的能力怀疑吗？,是的，我觉得自己很傻，不会为人处世。,2
H24,这种感受听起来很重。你是否常常觉得在同学面前感到自卑或不足，这是因为未能完成作业导致的吗？,是的，害怕被人看不起。,2
H24,我想我们都可以在某些方面提高。你有没有尝试过与人沟通和交流，会不会因为这样而感到自卑呢？,是的，其实我根本不知道怎么开口和别人说话，所以一直感到很自卑。,2
H24,你在和他争吵后，是否有过对自我价值感的怀疑或感到自卑？,我感到自卑，我一直在问自己是否做错了。,2
H24,在带孩子的过程中，你是否常常感到自己的能力不足或自卑呢？,老实说，是的，我总是怕不够好。,2
H24,在这种犹豫中，你是否感到任何自我贬低或自卑的情绪？,确实有，这些情绪有时会压得我喘不过气来。,2
H24,在这一过程中，你是否对自己产生过疑虑，感觉自己的能力不足呢？,是越来越不相信自己，总觉得自己不如别人。,2
H24,我能理解这种感受。你曾提到过羞耻感，现在仍然有这种感觉吗？,是的，特别是当我意识到我没有朋友时，我会感到特别羞愧。,2
H24,每段关系都有调整的过程，尝试多沟通看看是否有改进的地方。你是否曾觉得自己不如其他人优秀，从而感到自卑？,我常常觉得自己各方面都不如人。,2
H24,说的难道不是情感上的疲惫。您提到过梦见离婚，这种想法出现时，您是否感觉自己价值低或不被重视？,是的，他有时的态度让我觉得自己毫无价值。,2
H24,在做决策时，你是否经常觉得自己能力不足或缺乏信心呢？,是的，我总是怀疑自己的能力，害怕出错。,2
H24,你有提到无法接受自己比别人差，对这方面你有强烈的焦虑吗？,是的，每当想到自己不如别人，我就会责怪自己，心情特别低落。,2
H24,那在这段感情中，你有时会觉得自卑吗？觉得自己不值得他人关爱？,肯定会有这样的感觉，尤其是被他说“馋”的时候。,2
H24,有没有想过自己的价值呢？会不会觉得自己很自卑？,是的，我常常觉得自己不如别人，觉得没有价值。,2
H24,内疚感是我们对生活感到失望的正常反应，尤其是当事情未如愿以偿的时候。你有没有感到自卑，觉得自己不如别人呢？,常常如此，特别是想到我初中同学的发展情况。,2
H24,自卑的情绪是很常见的，尤其是当我们对某段关系感觉不满意的时候。您觉得这种自卑感常常困扰着您吗？,对，我总觉得自己没办法改善这种情况，特别挫败。,2
H24,这个问题给您和孩子带来了挑战，但您的努力也会让孩子感受到爱和支持。当您想到自己的厌学经历时，会不会对自己的评价也产生影响呢？,难免会觉得自己没用，帮不了她。,2
H24,听起来你有些怀疑自己的社交能力，对吗？,是的，我不明白为什么同样起点的同学都能互相熟识，而我却总在圈子之外。,2
H24,是否有觉得自己的价值被低估或一无是处的感觉？,经常会有这样的感觉，尤其是在父亲面前。,2
H24,这些未知给你带来了哪些情绪上的反应？你会不会感到沮丧？,会，感觉在这段关系中并没有价值感。,2
H24,你会感到自己不如他人或者自卑吗？,是的，那种感觉常伴随我。,2
H24,家人的评价是否让你感到无价值或自卑？,是的，特别是每次被骂都是这样。,2
H24,这种比较总是会让人感觉自己不够好，那你平时重要的事情上也会有相似的感觉吗？,老是觉得自己不够，也总是怀疑自己的决定，有时候甚至怕做错东西。,2
H24,那么在您和相亲对象相处时，有没有感到自己不如人或有自卑感呢？,是的，我觉得别人总是比我好，这让我很难放松。,2
H24,你对自己是否有更多负面的看法或感到自卑？,嗯，每次想到这些事就很自卑，觉得自己不够好。,2
H24,心理和身体的反应确实不能忽视，以前成绩很好但现在学不进去，这会让你自我评价变得消极吗？,是的，我觉得越来越无能为力。,2
H24,试着跟亲密的朋友聊聊自己的感觉也许会有新的视角。这么说，妈妈的行为是否影响到你的自我价值感，让你觉得自己不如别人？,是的，她总说我不如别人，可能就让我更加怀疑自己。,2
H24,我很抱歉听到这些，你能具体说一下这些感觉持续了多长时间吗？,大概两三年了吧，自从我被诊断出抑郁症之后，这种感觉就一直存在。,2
H24,你说的恶心和愤怒，是否让你在其他时候也感到自卑呢？,确实，我觉得自己都没用，总是自我否定。,2
H24,学习和成长都会帮助你。是否有会因为对方的反应而产生自卑感？,是的，对方的反应常常会让我感到不自信。,2
H24,放弃的念头一定很沉重。与同学的交往中，您是否觉得自卑，进而不想与他们接触？,是这样，我本来就内向，而感觉自己不如人更加让我不想接触其他人。,2
H24,这种自卑感会对你的情绪和行为产生多大影响呢？有没有特别的触发点？,看见比我优秀的人就很难受，有时别人一句话都会激怒我。,2
H24,那种无望感会引起很多负面的感受。那么，您在这些经历中有对自己能力产生怀疑过吗？,我常常觉得自己很差劲，别人的打压和霸凌让我更加怀疑自己的价值。,2
H24,可能他无心，但这样的解释是否加重了你对自身价值的怀疑？,是的，我总是忍不住会想，他是不是不够珍惜我。,2
H24,舍友之间的关系变化是否让你对自己的人际关系能力产生怀疑，或感到低人一等？,其实有时候会质疑自己是不是不够好，所以她们不想跟我多聊。,2
H24,朋友之间往往会希望互相支持。那在面临这些问题时，您是否曾想过没有解决问题的能力，或觉得自己不如别人？,对，总觉得别人比我应对事情更好。,2
H24,运动是很好的排遣方式，可以继续尝试。你觉得自己在生活中与他人相比有差距吗？,弟弟们一直嘲笑我，让我觉得自己确实不如别人。,2
H24,您有没有觉得，因这些评判，自己在如何处理与公公的关系上感到信心不足或者有自卑情绪呢？,没错，有时候我真的不知道怎么面对他，总觉得我们之间没法沟通好。,2
H24,那种自卑的感觉，一直伴随着你吗？,对，有时候显得无比沉重。,2
H24,还不错的想法。在社交中，有没有觉得自己和他人有所不同，或者不如他人的时候？,经常如此，我觉得自己配不上那些优秀的人。,2
H24,您是否曾经因为与家庭不同而感受到压力或不如他人？,是的，我始终觉得自己合不来。,2
H24,这种无法摆脱的自卑感，对你日常生活的影响如何呢？,做什么都觉得不够好，这让我的日子过得很焦虑。,2
H24,听起来，你对自己的处理方式感到一些后悔。你是否常常对自己的行为或决定感到怀疑或缺乏信心呢？,是的，我经常这样。其实我有时候还觉得别人和我开玩笑的时候是嘲笑我。,2
H24,您似乎对自己的外表不太满意，这种感觉会让您好像觉得自卑或无价值吗？,是的，我觉得自己不好看，这真的让我很自卑。,2
H24,自信心的减少是常见的，当你感到还不错的时候做点记录吧。,恐怕我好久没有这样的时刻了。,2
H24,您是否对当前的情境感到无能为力或自卑？,是的，我总觉得我作为一个母亲做得不够。,2
H24,你有产生过自卑或觉得自己不如别人的感觉吗？,是的，经常这样觉得。,2
H24,听起来像是一件很挑战的事情。在谈到家庭时，你曾说过觉得她不爱你，这让你有自卑的感受吗？,确实是这样，我小时候一直有这样的感觉。,2
H24,您是否有注意到自己有时感到不值得拥有快乐？,是的，这种想法总是在我脑子里。,2
H24,封闭自己是为了保护自己。关于努力学习但没有朋友的观点，你有没有产生过对自己的怀疑或质疑呢？,嗯，一直纠结于这个问题，直到最终放弃。,2
H24,你提到的厌恶感是否影响了你对自我价值的看法，让你感到自卑呢？,是的，这确实让我觉得很自卑，外加害怕别人会看到真实的我。,2
H24,就先从表达你的感受开始，也许会有不同结果。对于自我价值感，他们的态度是否让你的信心受到了打击呢？,很是，他们说的话总让我觉得自己不够好。,2
H24,你是否觉得自己的自信在这段关系中受到影响？,经常觉得自己不如他，感到自卑。,2
H24,你觉得这是不是让你感到特别委屈和自卑呢？,我真的是这样想的，我甚至不敢随便生气。,2
H24,你是否感到自己不足或没有能力与他人相提并论？,是的，我就是这么想的。,2
H24,这种感觉会经常出现吗？,是的，经常会有这样的感觉。,2
H24,常常感到自卑或无价值？,是的，我确实感到无价值。,2
H24,理解你很压抑。有没有感到自己的价值被否定，或者觉得自己在这段关系中不够好？,是的，我常常觉得她永远在挑我的刺。有时候小事，比如忘记关灯，她就大吵大闹。,2
H24,你会觉得因为这些因素变得对自己没有信心吗？,是的，常常因为这样的自我否定而感到自卑。,2
H24,这是否让你感觉到自己的自卑很强烈呢？,是的，我确实感觉自己的自卑一直伴随着我。特别是当她谈论她的计划时，我就会感到相形见绌。,2
H24,选择放弃可能是心理状态的一个指标。你是否觉得自己在生活中难以找到属于自己的价值感或者自我认同？,是的，我一直感到自己缺乏价值，看不到什么是值得我追求的。,2
H24,这种感觉非常正常。有时候我们会低估自己，觉得自己不如别人，或者感觉到自卑？,是啊，我觉得自己挺没用的。,2
H24,"你提到对人的生死没有同情心，但对动物有。你为这种感觉感到内疚吗？,",是的。我常常自责，感觉自己很冷漠。为什么是这样呢？,2
H24,是否因此对自己的能力产生了怀疑或感受到自卑呢？,我确实觉得自己不够好，总觉得失败就是因为我的问题。,2
H24,在满足他人需求的过程中，您有没有觉得自己的内在个性消失不见？,是的，我感觉自己越来越不被看见。这种讨好型人格真的很没有领导力。,2
H24,感到自卑也许是因为从小的经历一直影响着你。你提到学习成绩下降是否因此感到对自身能力产生怀疑？,对，常常觉得自己不够好，不管怎么做都没法让人满意。,2
H24,是否有过消极的自我评价，觉得自己很差？,是的，我有这样的感觉。很难克服。,2
H24,这种压力可能带来自卑感吗？你有这样的感受吗？,有。父母总是重复说我一天天的脑子想什么。,2
H24,这样的情况让人很辛苦。你觉得他有对与爱或亲密关系产生了自卑感吗？,是的，他觉得自己不值得被爱，害怕接触。,2
H24,这令人担忧，及时处理这些情绪很重要。你有没有觉得自己微不足道或者缺乏自信呢？,是的，我总是觉得自己不能做到别人能做到的事情。,2
H24,这听起来不容易。您会觉得自己在很多方面不如别人吗？,是的，这种感觉一直伴随着我。,2
H24,这意味着你可能需要寻求一些支持和帮助来度过这些情绪难关。有没有自卑的感觉，好像自己不如别人或者认为自己什么都做不好？,经常有这种感觉，我看到周围的人都比我好，这让我非常自卑。,2
H24,在独居海外时，语言不通是否让你反复产生情绪波动，甚至怀疑自己的能力？,是的，常常有这些想法，尤其是在不能表达自己时。,2
H24,当然，不过我相信你会做到的。你是否有一种自我贬低或觉得自己不如别人的感觉？,是的，这种感觉经常伴随着我。,2
H24,是否在和他人互动时经常感到自卑或觉得不如别人呢？,这种感觉一直伴随着我，让我觉得枉为人。,4
H24,那你有没有觉得对自己的人生和能力失去了信心呢？,我就是个废物，谁也不在乎我。,4
H24,您有没有觉得，这种否定会影响到您的自我认知？,是的，我感到很自卑，不知道自己是不是废物。,4
H24,这听上去对你的生活影响很大，面对男友的指责，你是否感到某种程度的内疚或不自信？,是啊，我觉得自己特别没用，像个废物。,4
H24,有没有觉得自我感觉不如他人或有无价值的想法？,有时候觉得自己真是个废物。,4
H24,是会有这样的感觉的。在这个过程中，有没有感到过自卑或者缺乏信心？,有时候觉得自己真的一无是处。,4
H24,很好，适当的调整能带来意想不到的效果。那关于你自身的学习状态和成绩，是否有感到某种成就或自我价值感的提升呢？,其实，我觉得自己还是个废物吧。,4
H24,这些感觉可能让您产生了自卑感。您是否在生活中其他方面也感受到了这种影响？,我觉得自己真的没用，像个废物。,4
H24,在这种情况下，你会因此感到自卑或者无价值吗？,有时候会觉得自己一无是处。,4
H24,听起来你对自己的能力产生了一些怀疑。,可能吧，我总觉得我一无是处。,4
H24,这样的想法有时会让我们质疑自己的能力。你是否会因此感到自卑或对自己不满呢？,有时候会觉得自己一无是处。,4
H24,你提到过在她面前觉得自己像个“废物”，这是因为她的过度照顾让你有了这种感觉吗？,是啊，她让我觉得自己真没用。,4
H24,那你是否觉得这种控制对你的自尊心和自我认同有影响呢？,嗯，有时候觉得自己真是个废物。,4
H24,在这样的困境下，估计你压力不小吧？有没有影响到你对职业能力和自我价值的看法呢？,我觉得自己真的很没用，像个废物。,4
H24,为了这段关系努力值得赞赏。如果女友对你的意图存在怀疑，你是否因此感到强烈的自卑呢？,有时候真的觉得自己一无是处。,4
H24,这也是人之常情。从那些经历中走出来，你遇到过怀疑自己能力的时刻吗？,我常常觉得自己什么都做不好。,4
H24,这种感觉可能跟自信有关。您觉得自己是否常常对自己感到自卑或不够自信？,有时候觉得自己真是个废物。,4
H24,别人的生活、成绩固然是参考，但你是独特的个体，不必苛求自己与别人一样。你是不是经常觉得自己能力不足呢？,对，总觉得自己怎么努力都不够好。,4
H24,从大城市回到小城市有带给你巨大的心理落差吗？,有点像是，觉得自己不够好。,4
H24,这种自卑的感受对你的表现有影响吗？,感觉自己就像个废物，挺影响的。,4
H24,在这种情绪下，你是否觉得自己比不上别人呢？,有时候会觉得自己一无是处。,4
H24,我能指导你找到合适的心理咨询资源。回到问题上，你觉得在孤独感和嫉妒中，有没有感到自己不如别人？,是啊，我常觉得自己一无是处。,4
H24,在思考这些事情时，您有没有怀疑过自己的价值或者觉得自己如同外人？,有时候觉得自己就是个废物。,4
H24,在这种情况下，你有没有质疑过自己的价值或者觉得自己不如别人？,有时真的觉得自己一无是处。,4
H24,那对于这些工作任务，您是否觉得自我评价降低或者感到不如他人？,有时候觉得自己真是个废物。,4
H24,在沟通中感觉被无视肯定很难受。你觉得自己在家庭讨论中缺乏话语权吗？,是啊，我总觉得自己说了也没人听。,4
H24,也许有时候，我们需要多给自己一点时间。而不是急于看到立竿见影的变化。长时间待在不快乐的婚姻中，是否让您对自己的价值产生过怀疑？,我就是个废物，可能永远都好不起来。,4
H24,我能理解您感到对自我期待没有达到的失落，这可能让人感觉低落。,唉，我简直一无是处。,4
H24,理解你的困惑与失落。面对这样的情绪，保持信心和寻找支持的方式很重要。你是否有时感到自己的价值被贬低？或有过认为自己不如她的念头？,有时候真觉得自己就是个废物。,4
H24,这是个不错的计划，小礼物可以加深相互间的情谊。面对这份感情，你对自己的处理有信心吗？,我觉得自己可能搞砸一切。,4
H24,日常生活的小改变能带来不同。有没有感到在某些情况下自己不够好或无能呢？,有时候感觉自己真是个废物。,4
H24,听起来你当时的情绪很复杂，你会觉得这种情况影响到你对自己价值的评价吗？,我常觉得自己一无是处。,4
H24,这导致您觉得对人与人之间的沟通变得困难，这种感觉会不会让您感到社交恐惧？,总觉得自己说错话，真是个废物。,4
H24,你对自己是否存在某种不足感或自卑感呢？,有时候觉得自己一无是处。,4
H24,在处理这些事件时，您是否觉得有时对自己很失望或者怀疑自己的价值？,是啊，有时候真觉得自己就是个废物。,4
H24,那么，自身形象问题会影响对自我价值的看法吗？比如提到的外貌方面？,是啊，有时候感觉自己就是个废物。,4
H24,这样的感觉很正常。有没有那种自我怀疑的时刻，比如觉得自己能力不够？,有时会觉得自己就是个废物。,4
H24,与他人保持联系很困难，但相互理解是需要双方努力的。当想到未来时，是否会感到缺乏希望？,有时候觉得自己挺没用的，未来好迷茫。,4
H24,听起来很困扰。这种羞耻感是否让你觉得自我价值有所下降？,真的有时候觉得自己就是个废物。,4
H24,明白，你觉得这种情绪会影响到你对自己的看法吗？,有时候会觉得自己特别没用。,4
H24,我能理解这种感觉，您觉得这种症状影响了你的自信心吗？,我真的常常觉得自己一无是处。,4
H24,休息很重要，但我们也需要找到合适的放松方式。听起来这段时间你自我评价比较低，这种情况下有没有感到自卑呢？,有时觉得自己特别没用，像个废物。,4
H24,保持兴趣是我们心灵放松的方式之一，对于工作的热情和投入也很重要。在转变职业或在工作中遇到困难时，您关注自我成就和能力的变化吗？,我总觉得自己不够好，做啥都不行。,4
H24,那么这些问题有没有影响到你对自己的信心呢？你觉得自我价值有没有什么变化？,我觉得自己像个废物，没太多价值。,4
H24,当遇到困难时，你是否会怀疑自己处理这些事情的能力呢？,可能吧，有时候感觉自己真是一无是处。,4
H24,这很好，拥有自己的空间和时间可以帮助你重新调整对关系的看法和感受。在这段关系中，你有过自卑或者自我价值感不足的感觉吗？,有时候觉得自己啥都做不好。,4
H24,这样的障碍会给您带来无力感吗？,有时候感觉自己就像个彻底的废物。,4
H24,那这种看法让您感到困惑吗？生活中有没有其他人能让您感受到更丰富的情感呢？,嗯，感觉生活中没人能让我不觉得自己是个废物。,4
H24,自我批评会加重痛苦，我们要学会怎么温柔地对待自己。有没有感觉到对自我否定或觉得自己没有价值？,有时候觉得自己真的很没用。,4
H24,的确，信任是每段关系的基础。你觉得在这段关系中你自我价值感有变化吗？,可能吧，有时候感觉自己一无是处。,4
H24,这是每个人都经历过的阶段。你是否曾为此困惑或觉得自己不够好呢？,是啊，我有时觉得自己真是太失败了。,4
H24,想要过上简单稳定生活的心愿很真切，也很实际。你有没有感到过对过去的童年创伤感到自卑感或虚无感？,有时候真的觉得自己就是个废物。,4
H24,你是否对自己的未来缺乏信心，觉得自己无法胜任事情呢？,可能是吧，有时候真觉得自己一无是处。,4
H24,你的教育水平并不代表你这个人。在这方面有没有感到压力？,有时候觉得自己一无是处。,4
H24,那是不是有一种不如他人的感觉在影响你呢？,可能吧，我总觉得自己一无是处。,4
H24,过程当中是否会对自己的能力觉得怀疑或者感到价值感降低？,有时候会觉得自己真是一无是处。,4
H24,很好，照顾自己是第一要务。面对此类问题，你有没有感到过任何自我怀疑或者觉得自己不如别人？,有时真的觉得自己一无是处。,4
H24,这种自卑感是可以克服的。与心理咨询师一起可能会帮你重建信心。,我觉得我没救了，跟废物一样。,4
H24,在这样的情况下，他是否曾表现出挫败感呢？,他有时会觉得自己一无是处。,4
H24,当您想到他对您的态度时，有没有感到不安全感或自卑感呢？,有时候觉得自己真的很差劲。,4
H24,夜间独处时，情绪更容易放大。当面临这些人际关系的挑战时，你有没有感到自信心下降或感到自卑？,有时候觉得自己真没用。,4
H24,有时候，深入交流的逃避可能和自信或者自我认同感有关。你觉得这会是个因素吗？,可能吧，我总觉得自己很无能。,4
H24,这种压力很影响你的生活状态。你会不会因此感到无价值或有自卑的感觉呢？,有时候感觉自己就是个废物。,4
H24,焦虑和无能为力感常常伴随着压力出现。但为了您和家庭的和谐，继续探讨是必要的。,我觉得自己就是个废物，讨论也没用。,4
H24,身体也在向你发送信号。有时候机体的不适会引起更多的关注。你觉得与自己的吸引力或自信心有关系吗？,可能吧，我觉得自己一无是处。,4
H24,每当领导批评的时候，您怀疑过自己的能力吗？,可能会觉得自己是一无是处。,4
H24,这种感受很不好受。我能理解你，生活跟情绪有时候真的是息息相关的。你通常都感到无能和自卑吗？,是啊，有时候真的觉得自己一无是处。,4
H24,这和你的经历息息相关。你会怀疑自己的能力或价值吗？,有时候真的觉得自己一无是处。,4
H24,那换个角度来看，您对自己有足够的信心去在这两条不同的职业道路上取得成功吗？,不太行，我可能会搞砸一切。,4
H24,独自面对这么多事情，真的很不容易。你提到自己内向，是因为这些经历吗？,可能吧，我总觉得自己一无是处。,4
H24,是否对自己的能力或者职业选择感到很自卑？,有时候觉得自己啥都干不好。,4
H24,你提到对公司不公平有些不满，还经常担心他人对你的看法吗？,是啊，我总觉得自己做得不够好。,4
H24,你是否觉得自己的自信心受到了影响？,嗯，有时候觉得自己真是个废物。,4
H24,有时无法融入新的圈子让我们感到自卑或无价值，你有过这样的感受吗？,有过，感觉自己就是个废物。,4
H24,这真不错！建立一个支持系统很重要。你是否因为工作压力感到对自己的能力或位置感到不安？,可能吧，我总觉得自己做得不够好。,4
H24,是啊，那种反馈缺失可能会影响自信。你感觉到自信心有受到影响吗？,嗯，有时候觉得自己真是个废物。,4
H24,面对这种不确定性，你有没有觉得可能有些时候你会对自己有点失望呢？,有时候觉得自己是一无是处。,4
H24,你提到遇到喜欢的人会感到不知所措，那种情绪会让你感到自卑吗？,有时候会觉得自己不够好，像个废物。,4
H24,有时表达会让自己感觉好一些，你是否曾感到自己不如别人或者觉得自己不够好？,是啊，常常觉得自己就是个废物。,4
H24,同事之间多交流也许有助于缓解压力。听起来，您可能有时会对自己的能力感到怀疑？,有时候我真觉得自己特别没用。,4
H24,这会不会让你觉得自己不具备社会适应性或者处理事情能力不足呢？,可能吧，有时候真觉得自己一无是处。,4
H24,对于工作的排斥，是否让你感觉到自卑或者缺乏信心呢？,有时候会觉得自己是个废物。,4
H24,我能理解你的感觉，成为新环境中的唯一新人可能会让人感到不安。你对自己的感觉往往会影响到你的社交表现。,我就是个废物，哪里都不合适。,4
H24,这种感觉可能是因为没有意识到自己的长处和取得的成功。你是否有时觉得自己不如他人？,是啊，我常觉得自己一无是处。,4
H24,这种试图理解而未能达成的感觉也会让人心累。你在描述这些经历时，有时候会感到自卑或者觉得不如他人吗？,有时候觉得自己就是个废物，真的挺丧的。,4
H24,您刚刚提到是否有自卑的感受，这种心理怎么影响您的生活？,有时候觉得自己特别没用，像个废物。,4
H24,所以，这是否让你对自己的关系或信任问题有所怀疑？,可能吧，我觉得自己总是搞砸一切。,4
H24,有时候，尝试新的方法，比如听音乐可能会有帮助。你会常常觉得自己的内心压抑吗？,有时候觉得自己啥也做不好，挺压抑的。,4
H24,您提到自己偶尔感到内疚和失望，有没有更低的自我评价呢？,有时候觉得自己真的很没用。,4
H24,你说得很对，在这样的情境下，自我怀疑是很常见的反应。这种自我怀疑是否影响到你其他方面的感知？,是啊，感觉自己啥都干不好。,4
H24,如果您像觉得自卑感经常在生活中出现，我们也应该注意这一点。,有时候真觉得自己一无是处。,4
H24,是的，这些活动可能会带来不同的体验，给生活带来一些新的角度。这个家庭状况对你的自尊心产生过影响吗？,可能吧，我常觉得自己一无是处。,4
H24,理解你的感受，在这样的环境中长大一定很不容易。你认为妈妈对你和你哥哥的抛弃让你感到自卑吗？,我觉得自己就是个废物，真心的。,4
H24,这样推断的话，您对找工作过程中的未知感到恐惧，会不会因此觉得无法胜任生活中的挑战？,可能吧，我真觉得自己就是个废物。,4
H24,维持一个乐观的外表不代表你没有自己的苦恼。你感觉到自己的形象和现实之间有什么差距吗？,有时候觉得自己真没用，像个废物。,4
H24,你提到偷偷躲起来哭，是否因为在面对这些困难时，你觉得自己很无用或者不如他人？,是啊，有时候就觉得自己特别没用。,4
H24,这种自卑感似乎对您影响很大，您是否觉得自己有明显的自卑感或认为自己不够好？,"有时候觉得自己真的不行，像个废物。",4
H24,那他有过低自尊或自我价值感低落的表现吗？,有时感觉自己一无是处，像个废物。,4
H24,在互动中找到理解和支持是很重要的。那些对你不友好的评论让你觉得自己很不值得被尊重吗？,是啊，有时觉得自己真是个废物。,4
H24,很好，写日记是一种释放情绪的好方法。你有没有遇到过什么不敢表达情感或承认自己的弱点的情况呢？,有时候觉得自己啥也做不好，特别没用。,4
H15,自我怀疑是正常的，但你要记得自己的付出同样重要。你担心这样的家庭关系对未来生活有影响吗？,我担心会有不可挽回的影响。,1
H15,身体上的反应是我们情绪的反映。你是否有过度担心你或家人健康的倾向呢？,我总是过度担心父母的健康，因为他们年纪大了。,1
H15,那么面对这些，他人是否变得非常重要，有没有担心失去这些人际关系？,我很在意这些友谊，深怕他们离开。,1
H15,你提过怀疑自己有“中二病”，有觉得哪些行为超乎常人吗？,有时会觉得自我状态奇怪，但也说不上来。,1
H15,这种感觉有把你的生活变得触发性的吗？,是的，老是觉得哪里不舒服。,1
H15,这样的犹豫是否常带来遗憾？你会因此怀疑自己的选择能力吗？,是的，常感到困扰，总觉得自己把握不好。,1
H15,看来你的健康可能和情绪有些联系哦。,是的，或许我需要更加关注自己的健康。,1
H15,那您是否会怀疑自己是哪里出了问题还是与母亲的关系没有解决？,我经常怀疑自己，总觉得哪些事情上存在问题。,1
H15,你提到与母亲完全切断关系，这样做会引发深层的心理变化或情感反应吗？,我想会的，但目前我更多考虑的是如何保护自己。,1
H15,绝望感是不容易摆脱的，尤其是在缺乏支持时。社会关系对你影响很大，是否会因为担心自己可能生病而过度关注自己的身体状况？,嗯，我有时会担心自己会不会生病，这加剧了我的焦虑。,1
H15,改变是一种过程，慢慢来会更好。那么您在与他人交往时，是否经常会怀疑自己是否有某种疾病的想法感到困扰呢？,不是特别明显，我主要担心的是别人在意我的表现。,1
H15,是的，有时候对自己的期望过高可能会造成很大压力。,而且我爸给我报了数学一对一，我担心浪费了钱。,1
H15,另外，你提到你的音乐梦想，父亲的态度是否也让你对这个梦想产生了一些怀疑呢？你有没有开始怀疑自己的能力？,有时候会的，尤其是当他非常坚决地反对我的时候，我就开始怀疑是不是自己真的选错了方向。,1
H15,这是个很好的目标。希望您和男友能够互相学习，共同进步。在这过程中，您是否容易习惯于怀疑和防御呢？,是的，我不太能轻易相信。,1
H15,这种健康上的担忧常常加重了你的焦虑感，对吗？,是的，每次都想着是不是哪个地方出了问题。,1
H15,受疫情影响，计划被打乱是否让你更担忧未来？,确实，对未知的事情有些担忧。,1
H15,在向前看时，有没有觉得对事情的发展有过度的担忧，甚至怀疑自己有某种疾病呢？,呃，有时候会想太多。,1
H15,身体和情绪是紧密相连的，放松和调整心态可能会有帮助。您有没有过多担心自己健康状况，怀疑自己是否患有某种疾病？,偶尔会怀疑，但不是很频繁。,1
H15,对于能否遇到好事情也很担忧吗？害怕可能有什么疾病吗？,是的，我担心自己的健康。,1
H15,你有时候会觉得被忽视吗，特别是他忙的时候。,会的，尽管我知道他不是故意的。,1
H15,理解。经历这样的事情，可能会让你对未来感到不安，对吗？,是的，我有时候会感到迷茫。,1
H15,您是否曾感到怀疑自己是否真的需要这些爱好或目标来丰富生活？,是的，我不清楚是不是需要这些追求。,1
H15,你的担心是很正常的。平时有没有感到过分担心自己的健康状况？,我有时候会觉得自己身体有问题，但没具体去检查。,1
H15,害怕别人的评判可以理解。在与他人交谈时，你是否紧张或担心被评判？,是的，我总是害怕他们不喜欢我。,1
H15,其实，心理健康和身体健康一样重要。面对这些事你会觉得自己对健康有很大的担心吗？,有时候会有，有时我担心过头了。,1
H15,很好！新的尝试会带来新的变化。你有没有感觉自己对这段感情有点过于忧虑，觉得担心对方离开？,是的，我担心他会喜欢上别人，这让我感到非常不安。,1
H15,这一定让人感到压力。你有没有发现她表现出过分依赖，并担心失去的表现呢？,她确实表现得特别依赖，总是需要确认我的爱。,1
H15,这种孤立的感觉可能会让人更加不安。你觉得这是长期以来的感受吗？,是的，我一直觉得人总是容易嫌弃我，所以我很少尝试主动交流。,1
H15,音乐是一个不错的放松方式。那你平时是否有觉得对自己健康或潜在问题过于担心的情况呢？,有时候会，但尽量不去想。,1
H15,不用谢，你做得很好。是否会担心自己可能有某种疾病或者某种不正常的情况？,是的，因为我不喜欢那种“必须如此”的框架。,1
H15,设定的计划可以更小一些，慢慢积累成功的经验。面对不确定的未来规划，是否会觉得焦虑或失控呢？,是的，尤其想到未来要走的路就会觉得不知所措。,1
H15,这种身体疼痛会影响你的情绪吗？你是否特别关注或担心这种身体不适？,是的，脚痛让我特别烦躁，但我不能请假，因为那会影响到转专业资格。,1
H15,在与人相处的过程中是否有感到挫败或无力感？,有时候是这样，我会怀疑自己是否有问题。,1
H15,你的健康和日常生活的细节常常让你担忧吗？,是的，时刻都在担心自己是否会生病。,1
H15,足够的休息对身心健康非常重要。除了睡眠，你是否也在怀疑自己的某些身体症状呢？,是的，有时候会过于关注身体的某些变化，总怀疑自己生病了。,1
H15,人们有时会担心展现自己脆弱的一面，因为害怕被误解。你曾因为这种不安全感而过于担心自己的健康状态，以及可能出现的疾病吗？,偶尔会有，但不常持续太久。,1
H15,了解这种感觉。那你在回想这些经历时，有没有持续的自我质疑或者不安？,有时候会这样，自信心直线下降。,1
H15,真不容易！这样的经历确实容易让人怀疑自己的适应能力。,然后我又想到了和未来的大学同学的聊天，本以为会有更多共同话题，但不是同一校区感觉有点尴尬。,1
H15,在与她的互动中，你有自我怀疑，觉得自己哪里做得不足吗？,我怀疑是不是我沟通方式有问题。,1
H15,我们每个人都有独特的价值，积极的自我评价会帮助改善情绪。你有没有对自己的身体健康感到过度担忧？,不算担忧健康，就是总觉得精神状态不佳。,1
H15,身体反应是因为心里的压力，为此感到很担忧吗？觉得自己有健康上的问题？,确实，觉得身体是不是出了什么问题。,1
H15,强大的毅力让我印象深刻。有时请相信自己的力量。最后，你是否怀疑自己可能面临伤病，或者对可能的健康问题感到担心？,我有时会担心出问题，但也尝试不去多想。,1
H15,这样的自我怀疑确实令人困扰。你是否常常怀疑自己在其他方面的能力或价值？,我觉得这种情绪不仅仅局限在写作上，有时候在其他方面也会这样。,1
H15,你有没有特别担心这些身体症状和健康状况呢？比如说怀疑自己生病了？,对，我有时候会特别怕自己得了什么病，甚至影响了我的工作。,1
H15,很多时候，我们的自信心和别人对我们的评价有很大关系。你觉得他的评价对你的自信心有影响吗？,有，我越来越怀疑自己的需求是不是正常的。,1
H15,不过，与母亲的沟通问题只是一部分，您是否对自己的健康过度担忧呢？,我有时会担心，比如眼睛的问题，我怀疑自己身体有很多毛病。,1
H15,有时失去亲人会让人对一些事情产生怀疑。,是的，或许是我想太多了。,1
H15,真的需要好好注意这些信号。您觉得工作上的紧张情绪会影响健康吗？,是有点担心，因为身体上的不适越来越多。,1
H15,这样的感觉确实令人不安。你是否担心过自己可能有健康问题？,有时会杞人忧天地担心自己身体出了问题。,1
H15,面对这样的情绪时，寻找一些能让自己放松的活动可能会有帮助。您会觉得有时候日常的小举动感到过多的压力吗？,是的，尤其是怕打扰到室友的时候，一点响动都很紧张。,1
H15,这是一种较为普遍的反应。对此时常感到健康受到威胁吗？,是的，过于担心自己和孩子的健康。,1
H15,你提到待在家里给你带来了一些安全感，那在外面会不会让你感到恐惧或者不安呢？,是的，我一出去就容易感到头晕，如果人多的话更是头疼不已。,1
H15,这真令人困惑。你还有没有感到男友因为他的焦虑症状而过于担忧自己的健康呢？,有时候他会过于注意自己的小症状，我也不知道怎么安慰他。,1
H15,这种感受可能让你感到孤独，对吗？避免自责很重要。,没错，孤独感让我有时候质疑自己。,1
H15,您容易用讨好别人来避免冲突或争吵吗？,总是这样，我想保持和平，但不总是奏效。,1
H15,这对任何人都是挑战，不用太过苛责自己。有没有时常因饮食问题而对自己的健康有过度担忧？,有的，我怕这样会导致身体健康问题。,1
H15,您常常把自己和其他人比较？特别是在性方面的行为上？,是啊，我总觉得自己和别人不一样，行为很怪异。,1
H15,你会不会感到对自己身体或健康有过度担心呢？这样的情况也与  有关。,我很少考虑这些，但偶尔也会多想。,1
H15,可以是日常任务，比如早起或减少使用手机的时间。慢慢积累。你有没有过于担心自己有什么疾病的想法呢？,我偶尔会，特别是在不舒服的时候。,1
H15,这确实令人担忧。最近有没有特别担心自己的健康状况呢？,有过怀疑，不知道是不是有什么健康问题。,1
H15,能理解。那你期望通过哪些改变来改善你的状况呢？,可能需要调整自己的心态，还有生活方式。,1
H15,是否常感到精神失调或者怀疑自身精神状况？,是的，我有时候怀疑自己。,1
H15,没错，加油！你无处不在的焦虑是否让你担心身体健康呢？,我想过这些，但尽量不去想。,1
H15,能理解，这样的压力让您在夹在中间很为难。有没有注意到这对你的身体健康影响，比如担心会不会影响身体？,我有时会担心让我自己生病，但还好目前没什么大问题。,1
H15,这样的想法很危险，谢谢你告诉我。我们一起寻找解决方法吧。家人对你的批评和评论让你有过担心或恐惧生病吗？,我确实会担心他们的看法，觉得可能不只是我表现不好。,1
H15,这可能会给你带来更大的经济压力吧。这样一想，你对自己的经济状况有过困惑吗？,是的，我很担心，感觉自己背负了很大责任。,1
H15,在与她们的互动中，你有没有感到被孤立？,是的，我常常感到被排挤，总是默默地一个人。,1
H15,你曾感到自己的身体健康限制了你的职业发展吗？,可能是吧，我还想着只能回老家小城市发展了。,1
H15,在这些时刻，您有没有想过担心自己可能会生病或者有健康问题呢？,有时候会，但我知道这可能是多虑了。,1
H15,听起来家庭关系带给您很大的压力。这种家庭的紧张关系是否让您感到孤立和不被理解？,确实如此，我觉得没有人能理解我。,1
H15,小幸运值得庆幸，但不必过分追究它的来源。如果对这些巧合产生怀疑，觉得心里想的事未必合理该怎么办？,这些感觉有时候会让我怀疑生活是否出现了问题，真的是很迷茫。,1
H15,真的，这可能会增加您的内心负担，对吗？,是的，我常常为这些事情担忧。,1
H15,这是身体在向你发出信号，表示需要更多的关注和关爱。那么，经常这样，你有没有怀疑过自己的健康状况？,有时候会开始怀疑是不是自己生病了，但我觉得这只是压力大。,1
H15,听起来你的压力正逐步累积。在与公司同事交往中，你有注意到自己对他们不信任或者回避的倾向吗？,是的，我总是觉得他们在议论我，所以尽量不跟他们多说话。,1
H15,您提到小时候经历了家暴和霸凌，这无疑对您的自我认同造成很大的影响。过去的记忆是否常常浮现在您的脑海中，并影响到您现在的生活？,是的，那些记忆总是挥之不去，让我很痛苦。,1
H15,那还好，多注意身体反应是好的。面对外界压力时，你会对事情有过度担忧或苛求吗？,是有的，常常会想得太多。,1
H15,是否有时候感到特别不被理解或者自己与他人有隔阂的感觉？,是的，这似乎成了常态，我觉得挺孤独的。,1
H15,在财务上，您是否感到自己的权利被限制或被对待得不公呢？,是的，尤其是在涉及到钱的事上，他总是说话做事都总是想着自己。,1
H15,如果对生活中的变化有怀疑，是否在对自身健康状况表现出过于担忧呢？,其实也有一点，但尽量不去想这些。,1
H15,听起来，大家都有相似的感觉。你在这段关系中有没有忽视自己的需要？,想到她的行为，我常常会妥协自己。,1
H15,在你最近的经历里，是否过度担心自己的身体健康状况呢？,偶尔会担心自己是不是得了什么病。,1
H15,那么您现在的健康状况如何，您有过度担心自己健康的倾向吗？,我尽量不让自己太过担心，但偶尔会焦虑。,1
H15,听起来这给你带来了不小的压力。你会为了不重复父母的问题而给自己额外的心理压力吗？,我想是有的，我总是提醒自己不要像他们一样。,1
H15,这些假想会让你倍感压力，甚至觉得自己无法处理吗？,是的，常常想象最坏的情况，会让我很紧张。,1
H15,社会适应确实需要一个过程。你是否因为担心失败或被拒绝而在很多社交场合中保持距离呢？,是的，我经常在聚会时感到自己有些格格不入。,1
H15,这种不适应感源自对自己健康状况的怀疑吗？,对，我怕自己变得更差。,1
H15,一个人处理复杂的情绪是有难度的。是否有过度担心患病的想法？,是的，我经常害怕自己可能有严重的疾病。,1
H15,那么，对于她的新变化，你有没有过多的担忧或害怕失去的感觉？,确实有点，但我尽量不去多想这些。,1
H15,对于如何选择未来，感受到家庭经济状况的压力了吗？,确实，我知道家庭不好，所以不知道能否去外面读书。,1
H15,你是否觉得自己在这段关系中背负很多责任？,有时候是这样，总觉得需要妥协。,1
H15,这类事件的发生是否增加你对周围环境的不信任感?,是的，所以我会忍不住去在意一些声响，想确认个清楚。,1
H15,漏水事件可能让你对周围环境的信任感降低。这让你的焦虑加重了吗？,是的，每次发生这样的事情，我都会担心更多可能发生的恶劣情况。,1
H15,半夜因不安而去急诊的经历对你有影响吗？,是的，那让我对潜在的健康问题感到过度的担心。,1
H15,适度关注健康是好事，但如果过于关注可能会增加压力。,明白，我会试着对自己放松些。,1
H15,你是否想过这些感觉可能和过去的某些事件有关呢？比如当时在叔叔家发生的事？,会有这种想法。我在叔叔家被精神不正常的婶婶伤害过，很可怕。,1
H15,是啊，探索新事物总是充满乐趣，给予自己新的激励。包括对健康有过多焦虑的时刻吗？,没有太多，只是偶尔会担心健康。,1
H15,这种逼迫让你觉得有压力吗？,有时感到被逼得无路可退。,1
H15,这些都能理解，长期下来真的让人筋疲力尽。另外，除了易怒外，您妈妈有没有表现出对健康过于担心的倾向？例如对侄子的健康？,她好像对侄子的生活特别担心，尤其是生病的时候。,1
H15,冥想是个不错的选择，能帮助集中注意力。谈到压力，你有没有特别害怕健康出现问题的经历？,其实，在考试期间我经常担心自己是否会生病，担心自己的健康状况会影响表现。,1
H15,这听起来很辛苦。在这种情况下，你是否有过假设事情发生的可能性过多而感到不安的经历？,是的，我会假设一些非常可能性低的事情发生，并为此焦虑不已。,1
H15,适当的社交和活动是非常有帮助的。他对健康是否有担忧呢？,他倒是没说他身体有什么不舒服。,0
H15,听起来您对母亲的这些评价感到很矛盾，甚至怀疑自己是否正常。这会让您想去改变吗？,我确实不想这样改变自己。前不久有一个相亲对象，聊了半个月，也来过我家。,0
H15,您是否常常思考或担忧自己的身体状况，比如是否会得严重的疾病？,还好这方面我倒没有太多担忧，更多是经济上的压力。,0
H15,这是你很自然的情感反应，不要过于自责。对于你的身体健康有过度担忧吗？,并不太多，我主要还是情感方面的困扰。,0
H15,这种期望非常合情合理。您提到的关于她体重的言辞会让你对自己的健康产生怀疑吗？,嗯，不会。我对自己的身体状态挺有信心的。,0
H15,那种感觉肯定让人觉得很奇怪。你有没有体验到对自己身体或健康过度担忧，尽管没有明确的生理病因？,我对这些倒没有特别担心。,0
H15,他的陪伴可能让你感觉到被重视，可以让人依赖。关于健康方面，你提到自己胃不好，您是否常常对自己的健康感到担忧？,偶尔会有些担心，不过大部分时间是能控制住自己的。,0
H15,这可能是因为你尚在适应这个新环境，不过慢慢来都是可以调整的。对于不想活泼是否与想要保持边界有关？,我是比较想维护自己的空间，不太喜欢别人太靠近。,0
H15,最近有没有因为情绪问题而感到过度担忧自己的健康，或者对生活失去了希望呢？,并没有，只是偶尔觉得生活有些难过。,0
H15,理解，有时候生活中的变化让我们对自己的能力产生疑问。离婚和考虑复合过程中，您是否有过健康上的过度担忧呢？,健康上倒没有太大担忧，但心里总是不踏实。,0
H15,您在家人交流后，会不会感觉担心或者害怕自己身体有问题？,不太会吧，只是情绪上影响大。,0
H15,这可能是比较普遍的反应。你提到的比较常见，但不应过度责备自己。你有没有对个人健康产生过不寻常的担忧？,最近倒是没有过多担心自己的健康，可能因为注意力都在这些事情上吧。,0
H15,平时她有没有表达过一种对健康的过度担忧呢？,没有，她倒是没有过这样的表现。,0
H15,这真可惜。您觉得自己未来和健康状况有没有受到影响呢？,健康倒没影响，只是觉得心里不太好受。,0
H15,存在这些想法的时候，您是否觉得自己有些对健康状态的过度担忧？,没有特别去想过健康问题，不过这样的紧张状态真的很不舒适。,0
H15,婚姻对许多人来说确实是一份责任，不是每个人都愿意承受。这会影响到你对于未来生活质量的担心吗？,不会太担心，走一步看一步吧。,0
H15,那么现在，你有没有觉得对身体过于担心呢？或是总觉得自己可能生病了？,其实没有，我没太担心这些。,0
H15,不客气。那在这样的情况下，你是否对自己的行为产生过怀疑呢？,没有哦，一切都好。,0
H15,保持锻炼对健康确实很有帮助。您是否因为家里的事情有时感到恐慌或者特别担忧的时刻？,家里的事还好，不怎么担心。,0
H15,身体状况也需要重视。你在情绪较低落时会特别担心自己的健康吗？,"情绪低落时，我好像不会特别担心健康。",0
H15,很好！你是否在无意识中经常感到自己可能会生病或者担心健康问题？,没有，我很少担心这些。,0
H15,这听起来是个不错的方法，你对未来有什么恐惧或担忧吗，尤其是考虑到父亲的行为可能会重复出现？,我还好，目前没什么特别担忧的。,0
H15,这种感觉确实让人感到无所适从，我们可以尝试通过探索这些感受背后的原因来帮助你更好地理解自己。你是否因为这些情绪和躯体感觉，担心自己是不是得了什么病呢？,我没觉得自己得病，就是有点烦。,0
H15,理解。在最初选择伴侣时，您是否在心里设定了一些高期望值？对他或者他的家庭有过高的要求吗？,可能有一点，但也没太过。,0
H15,理解，我也明白这可能是一个很大的步伐。有时表达自己的想法可能有助于问题的解决。你是否对他人的态度或动机感到误解？,我没觉得被误解，但谢谢你的关心！,0
H15,这种频繁称重会不会让你感到焦虑或者担忧呢？,不会，我觉得还好。,0
H15,放松方法对每个人效果不同，可以继续尝试或改变一下。对目前的环境和安排是否感到担心呢？,目前还好，没有太大担心。谢谢关心！,0
H15,这是一种积极的态度。在与那个人交流后，你感到他们对你的评价影响到了你的健康焦虑吗？,没有影响，没啥健康焦虑。,0
H15,这是否会让你怀疑自己的理解，觉得不确定呢？,没有呢，我对自己的看法还挺确定的。,0
H15,当你追求艺术的时候，是否觉得自己有时候容易忽略更重要的事情？,不太会，艺术就是我的重心！,0
H15,非常好，运动是一种释放情绪的有效方式。孩子时候的经历或许也助燃了这种不安，你是否认为自己童年的回忆在某种程度上影响了目前对父亲的反应？,嗯，可能有些影响，不过现在主要靠运动释放情绪。,0
H15,是否有过在这些事件中对自己的健康状态有较多的担心？,没怎么担心过呢。,0
H15,了解，但接受专业帮助很重要。对自己健康的担忧是否让你更加焦虑呢？,其实我还好，不太焦虑。,0
H15,这种担忧是可以理解的，被父母的矛盾影响意味着需要得到更多理解和支持。,谢谢理解，我会努力去适应和面对的。,0
H15,明白您的困惑。是否在这段时间里有怀疑自己的身体状况，并因此对健康感到过度担忧呢？,没有，我身体感觉还好。,0
H15,对自己诚实是很重要的，您努力了就要看到自身的付出。最近，您有没有对自己或身体健康产生过度的焦虑或担忧？,没有特别的担忧，一切都还好。,0
H15,明白了。过去的情感创伤是否让她一直有 上的担忧或过度关注？,应该没有哦，我还好。,0
H15,这确实是个挑战。您提到自己心里有问题，是不是因为原生家庭父母经常吵架的原因？,哦，不是这个原因啦。,0
H15,那么这种疑虑是否影响到您的心理状态，例如感到更加紧张或困惑呢？,没有呢，我还挺好的。,0
H15,那么，在争吵时，他可能总是以自己的思维来判断你，这让你觉得需求和情感被忽视了吗？,我倒没觉得被忽视，就是有点不对劲。,0
H15,确实是个可以考虑的方向。那在运用社交软件时，你有没有想过同时提升其他社交技能呢？,当然，有时候会练习沟通技巧。,0
H15,在这段关系中，您会有对自己身体健康的过度担忧吗？,没有哎，我还好。,0
H15,您有没有在这期间对分手这件事情有过特别的关注或担忧呢？,没有特别担忧，挺好的。,0
H15,你提到过度担心的情绪，尤其是健康方面的担忧，你有类似的经历吗？,目前没有这方面的烦恼哦。,0
H15,疑病症在艰难的时期可能更容易泛滥。,我没有这方面的问题。,0
H15,你有没有担心自己会不会对健康过分担忧？,没有特别担心哦。,0
H15,在这样的互动下，你可能会担心自己对症状或者情绪的反应，是这样吗？,不会，我没有这种担心。,0
H15,交流确实能让问题清晰一些。你提到能力不足，是否怀疑自己能够适应和胜任岗位？,我还挺有信心的，只是偶尔有点担心。,0
H15,对，接受自己的不足也是成长的一部分。你对健康有担心吗？,没有特别担心，顺其自然吧。,0
H15,听起来他可能对自己健康状况的担忧比较严重。他是否过于关注这些问题，对其他事情没兴趣了？,他还好，不太纠结这些。,0
H15,听到这些，我理解你会有这样的想法。有没有觉得对自己健康状况过于担心呢？,没有太担心，只是偶尔想想。,0
H15,听您这样讲，我感受到一种决心。对未来的成长，您有没有感到过度担心呢？,其实没有特别担心，顺其自然吧。,0
H15,这是一个重要的目标。在家庭的环境下，你有没有觉得缺少选择的自由？,没有啊，我觉得挺自由的。,0
H15,那么在她的行为变动时，你会感到一种失控感吗？,没有这种感觉。,0
H15,其实寻求帮助是情感治愈的重要一步，你觉得自己在这方面有潜在的健康问题吗？,我觉得自己还好，没有啥问题。,0
H15,情绪的波动在婚姻中很常见。你是否曾对自己的身体或健康状况有过过度的担心？,没有，这方面我还好。,0
H15,这些都是人性化的反应。自信心有时会随着关系中的不确定而动摇。谈到这个特殊的关系，你是否感受到对方带给你的某些情感需求是以前未曾有过的？比如，她是否让你感到恐惧或怀疑未来的可能性？,没有特别的感觉，挺正常的。,0
H15,你是否曾担心自己的身体状况，特别是在经历母亲对你生病时的反应之后？,没有特别担心过，习惯了。,0
H15,自信是我们面对挑战的基石。在准备过程中，您对自己提出过疑问吗？,其实我还挺自信的，没啥疑问。,0
H15,这可能让我们感到孤独。有时候分享会让我们感到被支持和理解。您是否习惯过多关注于内心的痛苦呢？,不太会吧，我尽量不想太多。,0
H15,担心和焦虑一定让你很难受。你觉得这种担心影响到你日常生活的哪些方面？,其实，我还好，没啥特别影响。,0
H15,不用客气，很高兴我们能聊到这些。是否觉得转宿舍后，心情有所好转呢？,嗯，还不错，感觉轻松了。谢谢关心！,0
H15,你是否常常担心自己的身体状况，觉得可能得了某些病？,不会，我一般不太担心健康问题。,0
H15,对于心理问题你是否感到过于担心或有过更糟糕的想法？,没有，我还好啦。,0
H15,不要苛责自己，我们有时候看到想信的事物才会选择忽略其他。你的健康状况如今会过度担心吗？或者觉得因为这段关系有影响？,还好啦，没太担心健康。关系上也还行。,0
H15,听上去非常矛盾呢。别人对你专业的想法会影响到你的信心吗？,不会的，我对自己有信心。,0
H15,大多数人在面对重大选择时都会经历这种情况，常常是因为担心未来。您觉得健康状况会影响您对工作的抉择吗？,我觉得不会影响我的工作选择。,0
H15,这种感觉确实需要关注。你有没有感到对健康或其他事情的过度担心呢？,没有哎，我还好。,0
H15,有没有特别担心自己的健康状况？,没有特别担心过。,0
H15,有时候谈论这些感受能够减轻一些沉重的负担。您觉得在健康和财务问题上，是否过分担心或夸大了问题的严重性？,我不觉得我夸大了，不过谢谢关心。,0
H15,疗愈需要时间和耐心，每一步都是进展。有没有觉得在疫情期间，因为健康问题而过度担心？,没有特别担心，就是有点烦。,0
H15,身体和情绪之间的联系密不可分，让我们更好地理解和接纳它们。有没有因为这些问题，以及对健康的过度担忧产生疑虑呢？,没有哦，我还好。谢谢关心！,0
H15,那你是否为他的健康状况感到担忧呢？,其实我还好，不太担心。,0
H15,有时候觉得自己过于担忧健康或者担心患病吗？,没有特别担心这些。,0
H15,这的确是一种挑战。很多时候，照顾弟弟妹妹可能让人感到非常疲惫。 他们的行为是否让您对自己的健康感到担忧？,我还好，主要就是累。,0
H15,你对自己的表现或者在母亲心中的形象有没有过于担心呢？,没有特别担心过，挺随意的。,0
H15,那就好，希望音乐会能给你带来好心情。对了，因为争吵，你会不会担心或过分关心自己的健康呢？,不会啦，我还挺好的，谢谢关心！,0
H15,这种反思是可以帮助您理解自己处境的一部分。您常因为信任的丧失而感到失去安全感吗？,其实我不太有这种感觉。,0
H15,有时候处于高度压力下会产生类似的感觉。当家庭成员出现健康问题时，例如爷爷中风，是否会让你额外担心家人的健康？,没啥特别担心的，就是有点挂念。,0
H15,那一定很令人困惑，你提到的误诊经历对你的健康认知有影响吗？,误诊没有太大影响，只是有点困惑。,0
H15,身体的不适很可能和精神状态有关，试着放松，或许能有所缓解。您对维持婚姻是否感到筋疲力尽呢？,我还好，婚姻这块没太大问题。,0
H15,这真是一个很好的开始！在您努力的过程中，是否有担心过度担忧身体不适或想过生病的事？,没有，我还挺好的。,0
H15,怀疑可能是因为过去的经验让你感到不安。你对健康这方面有特别担心吗？,没特别担心健康哦。,0
H15,这种状况听起来确实令人不安！你会经常感到担心自己会生病吗？,不会，我一般不太担心生病。,0
H15,"这是不错的方向。你提到过，反思母亲的行为时，是否察觉到一种过度的责任感或对关系中""责任""的不平衡？ 和",没有特别注意到，可能吧。,0
H15,这种担心很自然。此次事件后，你对自己的工作表现和职场人际关系有怀疑或忧虑吗？,没啥担心的，我觉得还好。,0
H15,你提到保护意识降低，这让你担心健康吗？,没这症状，不太担心。,0
H15,关于怀孕这件事，你是否对自己或未出生的孩子的健康有特别多的担忧呢？,没太多担心，顺其自然。,0
H15,这种感觉和焦虑相关，也或许是心理的保护机制。您提到在学生成绩方面的内疚，是否担忧健康状况，怀疑自己有某种病？,我不太担心健康，可能就是压力大吧。,0
H15,这真是一件值得庆祝的事情。每一点的进步都是值得肯定的！在这些过程中，你是否常常怀疑自己健康的问题呢？,我还好，没怎么怀疑过。谢谢关心！,0
H15,有没有怀疑过自己得了某些严重的疾病，或者常常为这些健康问题感到担忧呢？,没有哦，我还挺乐观的。,0
H15,这样的误解会让人很有压力，你有没有因为这些误解而对一些身体症状感到过度担心呢？,没有，我还挺能放平心态的。,0
H15,这是一个很棘手的状况。关于乙肝携带的事情，有没有让你产生过度的担忧或者对自己的健康过分关注呢？,其实我倒没太担心健康这方面。,0
H15,你提到的兴趣听起来很有趣。不过担心未来让人无法专心生活。,"哈哈，那就享受当下吧！",0
H15,这也是一个方法，专注于现在能让人稍微平静下来。你是否一直对自己的健康状况或身体问题感到过分担忧呢？,我倒没有太过担忧健康。,0
H15,您是否怀疑自己能够在成年后成功处理这种复杂关系？这种想法可能会很压抑。,我觉得我可以处理好的，没问题！,0
H15,认识到自己的行为不太正常是很好的第一步。您提到小时候怀疑染上毒品的情况，以及问了多个咨询网站，您是否觉得对健康的过度担忧使您感到不安？,我还好，不太担心这些。,0
H15,听起来似乎对你造成了一定的负担。你提到对手淫和前列腺炎的担忧，是否感觉有时过度了呢？,我觉得还好，没太多负担。,0
H15,每一个选择都涉及您的未来呢！而对于健康状况，您会时常过分关注或者担心吗？,是啊，我总担心会生病。,3
H15,我可以理解你的困扰。对于开出的艾司西酞普兰片，你是否感到害怕或存在对药物的过度担忧呢？,确实有点担心，怕药物会有副作用。,3
H15,这种困惑值得关注，您是否担心自己有其他未发现的问题，可能有点过度担忧了吗？,可能是吧，我总觉得身体有问题。,3
H15,你是很在意别人对自己外貌的看法，对吧？,是啊，怕别人觉得我看起来不健康。,3
H15,你是否对自己的健康状况感到不安或有所担忧呢？,总是担心自己得了什么大病。,3
H15,这样的感觉可能会让你对自己的情况产生更多的担忧。你会不会担心自己有某种健康问题？,是啊，我总觉得自己会得大病。,3
H15,您会不会倾向于将这些问题都归咎于自己呢？,可能吧，我总觉得自己有问题。,3
H15,这样的话，他是不是对财务或健康有一些过分的担忧呢？,可能是吧，他总觉得自己有病。,3
H15,你提到总忧虑未来会发生不好的事，这种情绪频繁吗？,“是啊，总觉得会生病或者出事。”,3
H15,这种沟通障碍可能让事情更困难。谈起不知是否继续合作，你是否觉得存在强烈的不确定感或怀疑感？,我总觉得可能会出大问题，不敢确定。,3
H15,这一点需要些关注和调整。您是不是对生活中的小问题也过度担忧，比如疾病、意外等等？,是啊，我总觉得自己可能有病。,3
H15,在这种情况下，内心的焦虑确实很可能会影响我们的行为和情感反应。你觉得对于权力和权力对你生活的影响，你自己是不是特别关注和担忧呢？,我总觉得权力可能会对我健康产生影响。,3
H15,药物苦涩确实让人难以忍受。你对目前的健康情况是否感到特别担忧呢？,我总觉得药物治不好我，担心极了。,3
H15,被工作困扰确实会让计划不如预想。你有没有感到对因无法跟上工作节奏而产生的自我怀疑呢？,是啊，有时会怀疑是不是身体出问题了。,3
H15,你的感觉很真实，不少人都有过类似的经历。你有没有发现，完美主义的自我保护机制有时反而让你过于担忧健康呢？,可能是吧，总怕自己哪里出问题。,3
H15,这种感觉确实会让人无奈。有没有觉得它让你变得对事情敏感呢？,有时候会，感觉自己可能得了什么病。,3
H15,很高兴您在尝试调整，这是一种积极的面对方式。您有没有考虑到可能对未来会造成的影响呢？比如对你在公司的职位的安全感？,未来会更糟糕吗？我有点担心。,3
H15,这听起来让人心痛。你有没有因此开始过多担忧自己的健康？,是啊，我总担心自己是不是生病了。,3
H15,青春期对消费的态度也会影响生活。有没有因为这种观点对消费能力或未来经济状况过度担忧？,总担心自己没钱花，感觉快破产了。,3
H15,是否为健康状态过分担心呢？,可能吧，我总觉得自己有病。,3
H15,专业帮助可以提供新的视角和解决策略，有助于改善关系和情绪状态。在争吵之后，你是否对健康问题有过担忧？,是啊，我总担心自己有大问题。,3
H15,食欲变化可能与情绪息息相关。你有否过度担心或疑虑生活中的某些问题？,最近总觉得身体哪里不对劲，担心坏事发生。,3
H15,你能够分享你的感觉，说明这是一个有变化和改善的机会。对于身体特征，比如流血问题，你有过过度担忧吗？,有时会担心得睡不着觉。,3
H15,是的，很多事情确实难以迅速改变。那在与他人沟通时，你会感觉自己被不理解吗？,有时候感觉大家都没看到真正的我。,3
H15,能看到你朝正面的方向迈进真是太好了。有没有发现自己怀疑可能有未被诊断的健康问题而感到过度担忧？,有时候会有这种感觉，挺烦人呢。,3
H15,这种担忧加重了内心的负担，值得注意。,总觉得我是不是病得更严重了？,3
H15,自己处理这些事情会不会有过度担心或怀疑的情况？,有时候就是会怀疑自己生病了。,3
H15,这种自卑感可能与您现阶段的情感状态有关系。您是否在某些方面感觉难以控制自己的感受呢？,可能是我太在意身体的小毛病了吧。,3
H15,这些症状听起来令人担忧，您是否认为这是手淫或者焦虑导致的呢？,可能是的，我总担心自己有病。,3
H15,这样的体验相当复杂，你在疼痛中有过健康焦虑吗？,嗯，有时候会觉得自己生了很严重的病。,3
H15,您似乎在思考生活的很多方面。是吗，这种感觉会让您怀疑自己的生命价值吗？,有时会觉得身体有问题，怀疑自己的健康。,3
H15,您觉得这样的想法反映了对您自身健康或能力的过度关注吗？,可能有点吧，我总觉得身体有问题。,3
H15,尝试新的生活方式需要时间和勇气。在这样的情况下，你是否对某些健康问题有过度担忧或怀疑呢？,"是啊，我总觉得身体有问题，很焦虑。",3
H15,听起来很不容易。你有提到你对疼痛和其他事物感到害怕，这种害怕会让你担心自己的健康吗？,是啊，我总觉得自己可能有大问题。,3
H15,我能理解这样体验不易。有没有考虑过有时可能会过度担心某种疾病或健康问题？,可能吧，我确实常常担心生病。,3
H15,这一点可能让你感到有些不安。你有没有对身体健康产生过过度担忧呢 ？,有时候会，很担心小病变大病。,3
H15,你曾在生活中体验到身体的某些不适吗？感觉无法解释的那种？,嗯，经常会，总觉得身体有毛病。,3
H15,足够的休息对身心健康非常重要。除了睡眠，你是否也在怀疑自己的某些身体症状呢？,是啊，我总觉得自己哪里不对劲。,3
H15,小幸运值得庆幸，但不必过分追究它的来源。如果对这些巧合产生怀疑，觉得心里想的事未必合理该怎么办？,或许是多虑了，放松点，顺其自然吧。,3
H15,看来你的健康可能和情绪有些联系哦。,你是说我可能又得了什么病吗？,3
H15,社会适应确实需要一个过程。你是否因为担心失败或被拒绝而在很多社交场合中保持距离呢？,有时候会觉得大家对我有敌意。,3
H15,你有时候会觉得被忽视吗，特别是他忙的时候。,对，我总觉得他忙的时候是不是在躲着我。,3
H15,那您是否会怀疑自己是哪里出了问题还是与母亲的关系没有解决？,"可能是我身体出了啥问题吧。",3
H15,另外，你提到你的音乐梦想，父亲的态度是否也让你对这个梦想产生了一些怀疑呢？你有没有开始怀疑自己的能力？,可能是吧，总觉得自己哪里不对劲。,3
H15,您常常把自己和其他人比较？特别是在性方面的行为上？,我觉得大家都在关注我的表现，压力好大。,3
H15,这是一种较为普遍的反应。对此时常感到健康受到威胁吗？,是啊，我总觉得自己可能生病了。,3
H15,这种期望非常合情合理。您提到的关于她体重的言辞会让你对自己的健康产生怀疑吗？,嗯，我有时候确实会这样想。,3
H15,能理解，这样的压力让您在夹在中间很为难。有没有注意到这对你的身体健康影响，比如担心会不会影响身体？,是啊，我总觉得自己哪儿都不对劲，好担心生病。,3
H15,他的陪伴可能让你感觉到被重视，可以让人依赖。关于健康方面，你提到自己胃不好，您是否常常对自己的健康感到担忧？,"是啊，我总觉得自己可能有大问题。",3
H15,对于如何选择未来，感受到家庭经济状况的压力了吗？,我感觉压力大得像有什么不好的事要发生。,3
H15,了解这种感觉。那你在回想这些经历时，有没有持续的自我质疑或者不安？,是的，总觉得身体哪里出问题了。,3
H15,这是身体在向你发出信号，表示需要更多的关注和关爱。那么，经常这样，你有没有怀疑过自己的健康状况？,我经常觉得自己有病，但又说不清楚。,3
H15,那么您现在的健康状况如何，您有过度担心自己健康的倾向吗？,我总觉得自己可能有什么严重的病。,3
H15,这种经历反复出现可能会在潜意识中困扰着你。过去的记忆是否偶尔让你感到痛苦或想要回避？,总觉得可能有什么病，但说不清。,3
H15,如果对生活中的变化有怀疑，是否在对自身健康状况表现出过于担忧呢？,可能是的，我总担心自己生病了。,3
H15,这可能是比较普遍的反应。你提到的比较常见，但不应过度责备自己。你有没有对个人健康产生过不寻常的担忧？,有时会，身体不适就容易多想。,3
H15,这真可惜。您觉得自己未来和健康状况有没有受到影响呢？,我总觉得自己可能会越来越糟。,3
H15,这对任何人都是挑战，不用太过苛责自己。有没有时常因饮食问题而对自己的健康有过度担忧？,有时候会，吃东西让我很焦虑。,3
H15,我们每个人都有独特的价值，积极的自我评价会帮助改善情绪。你有没有对自己的身体健康感到过度担忧？,嗯，有时候会过度担心身体状况。,3
H15,这种自卑感可能与您的失去和内疚相关。或许我们可以探讨一些途径来建立一些自我接纳和自我关怀。对自己的身体健康，您有没有感到过分担忧或害怕出现疾病？,总觉得自己可能有病，很担心。,3
H15,OK，那会很担心自己身体会出现什么状况吗？,总是担心有新的病出现，真心烦。,3
H15,绝望感是不容易摆脱的，尤其是在缺乏支持时。社会关系对你影响很大，是否会因为担心自己可能生病而过度关注自己的身体状况？,是啊，我总觉得自己可能有病。,3
H15,那种感觉肯定让人觉得很奇怪。你有没有体验到对自己身体或健康过度担忧，尽管没有明确的生理病因？,是啊，我总担心自己有病。,3
H15,改变是一种过程，慢慢来会更好。那么您在与他人交往时，是否经常会怀疑自己是否有某种疾病的想法感到困扰呢？,有时会想太多，确实有点困扰。,3
H15,这确实令人担忧。最近有没有特别担心自己的健康状况呢？,嗯，是的，我总感觉自己生病了。,3
H15,你有没有特别担心这些身体症状和健康状况呢？比如说怀疑自己生病了？,是啊，总觉得自己快生病了。,3
H15,这是个很好的目标。希望您和男友能够互相学习，共同进步。在这过程中，您是否容易习惯于怀疑和防御呢？,嗯，有时候会有点怀疑，也会过度担心。,3
H15,在这些时刻，您有没有想过担心自己可能会生病或者有健康问题呢？,是啊，总担心自己有病。,3
H15,你是否觉得自己在这段关系中背负很多责任？,我总觉得自己做得不够好。,3
H15,您提到小时候经历了家暴和霸凌，这无疑对您的自我认同造成很大的影响。过去的记忆是否常常浮现在您的脑海中，并影响到您现在的生活？,总觉得自己身体有问题，过去的事也老是想起。,3
H15,听起来您对母亲的这些评价感到很矛盾，甚至怀疑自己是否正常。这会让您想去改变吗？,我不知道该不该信自己，感觉哪里都不对劲。,3
H15,听起来家庭关系带给您很大的压力。这种家庭的紧张关系是否让您感到孤立和不被理解？,我觉得他们都在故意不理解我，可能在背后说我生病了。,3
H15,害怕别人的评判可以理解。在与他人交谈时，你是否紧张或担心被评判？,当然会啊，总感觉他们在看我是不是生病了。,3
H15,自我怀疑是正常的，但你要记得自己的付出同样重要。你担心这样的家庭关系对未来生活有影响吗？,我总觉得自己会影响所有人的健康。,3
H15,音乐是一个不错的放松方式。那你平时是否有觉得对自己健康或潜在问题过于担心的情况呢？,是啊，总觉得有点不对劲，老担心。,3
H15,这种孤立的感觉可能会让人更加不安。你觉得这是长期以来的感受吗？,一直觉得自己有病，真的很难受。,3
H15,听起来，大家都有相似的感觉。你在这段关系中有没有忽视自己的需要？,嗯，我一直担心自己的健康问题。,3
H15,半夜因不安而去急诊的经历对你有影响吗？,当然有，我总担心自己生了大病。,3
H15,你是否想过这些感觉可能和过去的某些事件有关呢？比如当时在叔叔家发生的事？,不知道，我只是感觉身体总是不对劲。,3
H15,这种不适应感源自对自己健康状况的怀疑吗？,可能是吧，我总担心自己生病。,3
H15,在与她们的互动中，你有没有感到被孤立？,有时候觉得她们在针对我。,3
H15,被同学侮辱的经历是否让你对自己的外貌或个人能力产生了怀疑或不满？,可能吧，总觉得自己哪里出了问题。,3
H15,真的，这可能会增加您的内心负担，对吗？,是啊，我总觉得自己有病。,3
H15,这类事件的发生是否增加你对周围环境的不信任感?,是啊，我总觉得哪里有问题。,3
H15,一个人处理复杂的情绪是有难度的。是否有过度担心患病的想法？,有时候会忍不住想太多。,3
H15,这样的情况是否让您更加疑虑自己的价值？,嗯，有时候会觉得自己很糟糕。,3
H15,你提到待在家里给你带来了一些安全感，那在外面会不会让你感到恐惧或者不安呢？,"在外面总觉得会生病，挺不安的。",3
H15,那么，对于她的新变化，你有没有过多的担忧或害怕失去的感觉？,是的，我总觉得情况会变得更糟。,3
H15,这样的犹豫是否常带来遗憾？你会因此怀疑自己的选择能力吗？,可能吧，我总会怀疑自己得了什么病。,3
H15,你提到与母亲完全切断关系，这样做会引发深层的心理变化或情感反应吗？,可能会，但我更担心我自己的健康问题。,3
H15,人们有时会担心展现自己脆弱的一面，因为害怕被误解。你曾因为这种不安全感而过于担心自己的健康状态，以及可能出现的疾病吗？,是啊，我常常过分担心自己生病了。,3
H15,没错，加油！你无处不在的焦虑是否让你担心身体健康呢？,是啊，我总觉得自己可能生了什么病。,3
H15,听起来你的压力正逐步累积。在与公司同事交往中，你有注意到自己对他们不信任或者回避的倾向吗？,可能是我总觉得他们在说我坏话。,3
H15,是的，有时候对自己的期望过高可能会造成很大压力。,"对，我总担心这些压力会让我生病。",3
H15,你提过怀疑自己有“中二病”，有觉得哪些行为超乎常人吗？,可能觉得自己有时候特别能拯救世界。,3
H15,不用谢，你做得很好。是否会担心自己可能有某种疾病或者某种不正常的情况？,嗯，我确实常常担心自己生病了。,3
H15,在向前看时，有没有觉得对事情的发展有过度的担忧，甚至怀疑自己有某种疾病呢？,是的，总觉得自己可能有病。,3
H15,适度关注健康是好事，但如果过于关注可能会增加压力。,我觉得我一定有病，真担心啊。,3
H15,有时失去亲人会让人对一些事情产生怀疑。,"你觉得这跟身体健康有关系吗？",3
H15,不过，与母亲的沟通问题只是一部分，您是否对自己的健康过度担忧呢？,可能吧，我总觉得自己有病。,3
H15,被同学侮辱的经历是否让你对自己的外貌或个人能力产生了怀疑或不满？,她们经常说我肤色黑，成就差，我都怀疑自己了。,2
H15,被排挤的经历确实影响深远。那么你有没有对自己的现状有过多的担忧呢？,经常会担心很多东西，怀疑自己是不是有病。,2
H15,您是否感到对自己婚姻状况的过度担忧或怀疑？,是的，我想的越来越多，常常怀疑一切都是假的。,2
H15,由于这段时间的压力，你有发现身体健康受到了任何影响吗？,当然，我开始担心自己是不是病了。,2
H15,我能理解你的担忧。能否详细告诉我这情况持续多久了，他曾有过类似的状况吗？,是的，这种情况已经有几年了。他总是疑神疑鬼的，听到谁得病，他就觉得自己也有同样的病。,2
H15,这样的情况是否让您更加疑虑自己的价值？,是的，我总是怀疑自己是否有用。,2
H15,这种自卑感可能与您的失去和内疚相关。或许我们可以探讨一些途径来建立一些自我接纳和自我关怀。对自己的身体健康，您有没有感到过分担忧或害怕出现疾病？,不知道为什么，我开始对健康感到极度担忧，尤其是在我爸爸去世后。,2
H15,这种经历反复出现可能会在潜意识中困扰着你。过去的记忆是否偶尔让你感到痛苦或想要回避？,是的，有些回忆真的很痛苦，让我经常想逃避。,2
H15,一个人处理复杂的情绪是有难度的。是否有过度担心患病的想法？,是啊，我总是担心自己生病了。,2
H15,你是否觉得自己在这段关系中背负很多责任？,嗯，有时候会担心自己的健康问题影响关系。,2
H15,听起来你的压力正逐步累积。在与公司同事交往中，你有注意到自己对他们不信任或者回避的倾向吗？,是啊，但我更担心自己的健康状况。,2
H15,这些都能理解，长期下来真的让人筋疲力尽。另外，除了易怒外，您妈妈有没有表现出对健康过于担心的倾向？例如对侄子的健康？,嗯，她总是很担心侄子的健康。,2
H15,那还好，多注意身体反应是好的。面对外界压力时，你会对事情有过度担忧或苛求吗？,有时会不停担心健康问题。,2
H15,那种感觉肯定让人觉得很奇怪。你有没有体验到对自己身体或健康过度担忧，尽管没有明确的生理病因？,是啊，我常常会过度担心健康。,2
H15,这一定让人感到压力。你有没有发现她表现出过分依赖，并担心失去的表现呢？,"嗯，她总是担心自己的健康出问题。",2
H15,在向前看时，有没有觉得对事情的发展有过度的担忧，甚至怀疑自己有某种疾病呢？,是啊，总是担心自己是不是病了。,2
H15,在财务上，您是否感到自己的权利被限制或被对待得不公呢？,其实我更担心的是我的健康问题。,2
H15,真的需要好好注意这些信号。您觉得工作上的紧张情绪会影响健康吗？,是啊，我总担心工作压力会让我生病。,2
H15,你的担心是很正常的。平时有没有感到过分担心自己的健康状况？,是啊，总是担心自己有问题。,2
H15,这是个很好的目标。希望您和男友能够互相学习，共同进步。在这过程中，您是否容易习惯于怀疑和防御呢？,总会想健康方面的问题，真是无法避免啊。,2
H15,这些假想会让你倍感压力，甚至觉得自己无法处理吗？,是啊，老是担心健康问题，真让人心累。,2
H15,这确实令人担忧。最近有没有特别担心自己的健康状况呢？,是啊，我总是忍不住想是不是哪里不对劲。,2
H15,你曾感到自己的身体健康限制了你的职业发展吗？,是啊，身体状况总让我担心未来。,2
H15,听起来您对母亲的这些评价感到很矛盾，甚至怀疑自己是否正常。这会让您想去改变吗？,我总担心这是不是病，可能该看看医生。,2
H15,不过，与母亲的沟通问题只是一部分，您是否对自己的健康过度担忧呢？,嗯，我确实经常担心自己的健康。,2
H15,人们有时会担心展现自己脆弱的一面，因为害怕被误解。你曾因为这种不安全感而过于担心自己的健康状态，以及可能出现的疾病吗？,是啊，我总是忍不住多想。,2
H15,这样的感觉确实令人不安。你是否担心过自己可能有健康问题？,是啊，我常常担心健康出问题。,2
H15,他的陪伴可能让你感觉到被重视，可以让人依赖。关于健康方面，你提到自己胃不好，您是否常常对自己的健康感到担忧？,是的，我总担心健康问题，尤其是胃。,2
H15,这是你很自然的情感反应，不要过于自责。对于你的身体健康有过度担忧吗？,有时候会老是担心身体出问题。,2
H15,在与人相处的过程中是否有感到挫败或无力感？,"是的，常常担心健康问题让我感到无力。",2
H15,这种感受可能让你感到孤独，对吗？避免自责很重要。,是啊，总担心健康问题，感觉无助。,2
H15,身体上的反应是我们情绪的反映。你是否有过度担心你或家人健康的倾向呢？,是啊，我总是忍不住担心这些。,2
H15,是啊，探索新事物总是充满乐趣，给予自己新的激励。包括对健康有过多焦虑的时刻吗？,是啊，有时候会想得有点多。,2
H15,最近有没有因为情绪问题而感到过度担忧自己的健康，或者对生活失去了希望呢？,有时会特别担心自己是不是生病了。,2
H15,平时她有没有表达过一种对健康的过度担忧呢？,是的，她总是反复担心健康。,2
H15,你提过怀疑自己有“中二病”，有觉得哪些行为超乎常人吗？,哈哈，有时候我会过度担心生病啥的。,2
H15,这种感觉有把你的生活变得触发性的吗？,是啊，特别担心健康问题。,2
H15,有时失去亲人会让人对一些事情产生怀疑。,“是啊，失去后我也老担心健康。”,2
H15,音乐是一个不错的放松方式。那你平时是否有觉得对自己健康或潜在问题过于担心的情况呢？,是啊，我经常会想这些，总是担心。,2
H15,您是否常常思考或担忧自己的身体状况，比如是否会得严重的疾病？,是啊，经常会想这些，太烦人了。,2
H15,这听起来很辛苦。在这种情况下，你是否有过假设事情发生的可能性过多而感到不安的经历？,是啊，总担心健康上会出什么问题。,2
H15,理解。经历这样的事情，可能会让你对未来感到不安，对吗？,是的，我一直担心健康问题。,2
H15,适度关注健康是好事，但如果过于关注可能会增加压力。,我总是忍不住想这些，真怕出问题。,2
H15,在这些时刻，您有没有想过担心自己可能会生病或者有健康问题呢？,总是担心自己是不是哪里出问题了。,2
H15,那么面对这些，他人是否变得非常重要，有没有担心失去这些人际关系？,总担心健康问题，怕影响关系。,2
H15,你有时候会觉得被忽视吗，特别是他忙的时候。,是啊，他忙的时候我老担心自己的健康。,2
H15,可以是日常任务，比如早起或减少使用手机的时间。慢慢积累。你有没有过于担心自己有什么疾病的想法呢？,有时会担心生病，但尽量不去多想。,2
H15,您常常把自己和其他人比较？特别是在性方面的行为上？,我有时会因为健康问题而感到焦虑。,2
H15,改变是一种过程，慢慢来会更好。那么您在与他人交往时，是否经常会怀疑自己是否有某种疾病的想法感到困扰呢？,嗯，我确实常常想自己是不是生病了。,2
H15,看来你的健康可能和情绪有些联系哦。,是啊，我总是担心有什么病呢。,2
H15,这种不适应感源自对自己健康状况的怀疑吗？,是啊，总是忍不住想这些。,2
H15,你是否想过这些感觉可能和过去的某些事件有关呢？比如当时在叔叔家发生的事？,我一直在想，那些事是不是影响了我的健康。,2
H15,另外，你提到你的音乐梦想，父亲的态度是否也让你对这个梦想产生了一些怀疑呢？你有没有开始怀疑自己的能力？,其实，我更担心身体状况能否支持我的梦想。,2
H15,那您是否会怀疑自己是哪里出了问题还是与母亲的关系没有解决？,可能是健康问题影响了我的情绪吧。,2
H15,那么您现在的健康状况如何，您有过度担心自己健康的倾向吗？,我总是会反复担心自己的健康。,2
H15,你的健康和日常生活的细节常常让你担忧吗？,总是担心，脑子停不下来。,2
H15,面对这样的情绪时，寻找一些能让自己放松的活动可能会有帮助。您会觉得有时候日常的小举动感到过多的压力吗？,有时候会，老想着健康问题，挺烦人的。,2
H15,是否常感到精神失调或者怀疑自身精神状况？,是啊，我总担心自己哪里出了问题。,2
H15,足够的休息对身心健康非常重要。除了睡眠，你是否也在怀疑自己的某些身体症状呢？,是啊，总觉得身体不对劲，总是担心。,2
H15,身体反应是因为心里的压力，为此感到很担忧吗？觉得自己有健康上的问题？,是啊，总是担心身体出问题。,2
H15,自我怀疑是正常的，但你要记得自己的付出同样重要。你担心这样的家庭关系对未来生活有影响吗？,其实我更担心健康问题对未来的影响。,2
H15,我们每个人都有独特的价值，积极的自我评价会帮助改善情绪。你有没有对自己的身体健康感到过度担忧？,有时我会一直担心健康问题。,2
H15,害怕别人的评判可以理解。在与他人交谈时，你是否紧张或担心被评判？,有时候会，特别是如果感觉身体不舒服的时候。,2
H15,真的，这可能会增加您的内心负担，对吗？,嗯，是啊，我总会担心健康的问题。,2
H15,绝望感是不容易摆脱的，尤其是在缺乏支持时。社会关系对你影响很大，是否会因为担心自己可能生病而过度关注自己的身体状况？,是啊，总是忍不住去想身体会不会出问题。,2
H15,这类事件的发生是否增加你对周围环境的不信任感?,嗯，有时会担心健康问题变多。,2
H15,这样的自我怀疑确实令人困扰。你是否常常怀疑自己在其他方面的能力或价值？,我总怀疑自己是不是哪里生病了。,2
H15,很好！新的尝试会带来新的变化。你有没有感觉自己对这段感情有点过于忧虑，觉得担心对方离开？,是啊，最近总担心自己的健康问题。,2
H15,你会不会感到对自己身体或健康有过度担心呢？这样的情况也与  有关。,是啊，我总是担心健康问题。,2
H15,这真令人困惑。你还有没有感到男友因为他的焦虑症状而过于担忧自己的健康呢？,是啊，他总是反复担心健康。,2
H15,OK，那会很担心自己身体会出现什么状况吗？,是啊，总担心哪里不舒服。,2
H15,这可能是比较普遍的反应。你提到的比较常见，但不应过度责备自己。你有没有对个人健康产生过不寻常的担忧？,嗯，是的，我总是担心自己是不是生病了。,2
H15,对于如何选择未来，感受到家庭经济状况的压力了吗？,最近健康问题让我更担心未来。,2
H15,受疫情影响，计划被打乱是否让你更担忧未来？,“是啊，最近总担心健康问题。”,2
H15,其实，心理健康和身体健康一样重要。面对这些事你会觉得自己对健康有很大的担心吗？,是啊，我常常忍不住担心这些。,2
H15,很多时候，我们的自信心和别人对我们的评价有很大关系。你觉得他的评价对你的自信心有影响吗？,我更担心自己的健康状态。,2
H15,这种期望非常合情合理。您提到的关于她体重的言辞会让你对自己的健康产生怀疑吗？,是啊，有时候会让我想太多。,2
H15,这样的想法很危险，谢谢你告诉我。我们一起寻找解决方法吧。家人对你的批评和评论让你有过担心或恐惧生病吗？,是的，我常担心家人的批评让我病情加重。,2
H15,这种孤立的感觉可能会让人更加不安。你觉得这是长期以来的感受吗？,是啊，总担心这会不会影响我的健康。,2
H15,真不容易！这样的经历确实容易让人怀疑自己的适应能力。,是啊，我总担心这些经历会影响健康。,2
H15,那有感觉好像很担心别人都会一直盯著自己看或是关注自己的一些事情吗?,"是啊，有时会担心健康被别人注意到。",2
H15,这样的犹豫是否常带来遗憾？你会因此怀疑自己的选择能力吗？,是啊，总担心健康，影响决定。,2
H15,这可能是因为你尚在适应这个新环境，不过慢慢来都是可以调整的。对于不想活泼是否与想要保持边界有关？,可能吧，我也担心这样会影响健康。,2
H15,这种身体疼痛会影响你的情绪吗？你是否特别关注或担心这种身体不适？,是啊，总想着身体的问题，真让人担心。,2
H15,那么，对于她的新变化，你有没有过多的担忧或害怕失去的感觉？,我总是担心她是不是生病了。,2
H15,您容易用讨好别人来避免冲突或争吵吗？,“有时会，怕压力影响健康。”,2
H15,漏水事件可能让你对周围环境的信任感降低。这让你的焦虑加重了吗？,是啊，搞得我老担心身体出现问题。,2
H15,您在家人交流后，会不会感觉担心或者害怕自己身体有问题？,有时候会，总觉得自己可能哪里不对劲。,2
H15,设定的计划可以更小一些，慢慢积累成功的经验。面对不确定的未来规划，是否会觉得焦虑或失控呢？,有时会担心健康问题，可能加剧焦虑。,2
H15,听起来家庭关系带给您很大的压力。这种家庭的紧张关系是否让您感到孤立和不被理解？,是啊，压力大到担心身体都出问题了。,2
H15,这对任何人都是挑战，不用太过苛责自己。有没有时常因饮食问题而对自己的健康有过度担忧？,确实，经常担心吃得不够健康。,2
H15,这种逼迫让你觉得有压力吗？,是啊，这种压力让我一直担心健康。,2
H15,小幸运值得庆幸，但不必过分追究它的来源。如果对这些巧合产生怀疑，觉得心里想的事未必合理该怎么办？,可能是过度焦虑，放松点试试？,2
H15,如果对生活中的变化有怀疑，是否在对自身健康状况表现出过于担忧呢？,是啊，总担心自己哪里不对劲。,2
H15,了解这种感觉。那你在回想这些经历时，有没有持续的自我质疑或者不安？,嗯，有时候会担心健康方面的问题。,2
H15,这真可惜。您觉得自己未来和健康状况有没有受到影响呢？,我一直在担心未来健康的问题。,2
H15,您提到小时候经历了家暴和霸凌，这无疑对您的自我认同造成很大的影响。过去的记忆是否常常浮现在您的脑海中，并影响到您现在的生活？,是的，常常担心这些记忆会影响我的心理健康。,2
H15,您是否曾感到怀疑自己是否真的需要这些爱好或目标来丰富生活？,我有时会担心这些是否真对我有益。,2
H15,这是一种较为普遍的反应。对此时常感到健康受到威胁吗？,是啊，我总是担心自己会生病。,2
H15,适当的社交和活动是非常有帮助的。他对健康是否有担忧呢？,是啊，我一直在担心健康问题。,2
H15,那还好，多注意身体反应是好的。面对外界压力时，你会对事情有过度担忧或苛求吗？,有时会觉得身体在提醒我一些不存在的问题。,4
H15,身体上的反应是我们情绪的反映。你是否有过度担心你或家人健康的倾向呢？,有时会觉得自己或家人得了很严重的病。,4
H15,这是身体在向你发出信号，表示需要更多的关注和关爱。那么，经常这样，你有没有怀疑过自己的健康状况？,我觉得身体里有不好的东西在作怪。,4
H15,你曾感到自己的身体健康限制了你的职业发展吗？,总觉得身体有怪病，总是拖我后腿。,4
H15,这种不适应感源自对自己健康状况的怀疑吗？,嗯，有时候会觉得身体有奇怪的问题。,4
H15,适度关注健康是好事，但如果过于关注可能会增加压力。,我觉得他们在监视我的健康！,4
H15,身体和情绪是紧密相连的，放松和调整心态可能会有帮助。您有没有过多担心自己健康状况，怀疑自己是否患有某种疾病？,有时候会觉得身体不对劲，真的挺担心的。,4
H15,在向前看时，有没有觉得对事情的发展有过度的担忧，甚至怀疑自己有某种疾病呢？,有时会觉得有病，甚至能感觉到症状。,4
H15,那种感觉肯定让人觉得很奇怪。你有没有体验到对自己身体或健康过度担忧，尽管没有明确的生理病因？,有时会觉得身体有问题，尽管医生说没事。,4
H15,这种自卑感可能与您的失去和内疚相关。或许我们可以探讨一些途径来建立一些自我接纳和自我关怀。对自己的身体健康，您有没有感到过分担忧或害怕出现疾病？,有时会感觉身体不对劲，像生病了似的。,4
H15,在你最近的经历里，是否过度担心自己的身体健康状况呢？,有时候会觉得身体有些奇怪的感觉。,4
H15,你提到待在家里给你带来了一些安全感，那在外面会不会让你感到恐惧或者不安呢？,“嗯，有时候会觉得外面有些不可控的东西。”,4
H15,在与人相处的过程中是否有感到挫败或无力感？,有时候会觉得身边的人都想害我。,4
H15,对于如何选择未来，感受到家庭经济状况的压力了吗？,感觉有种看不见的压力在监视着我。,4
H15,这样的情况是否让您更加疑虑自己的价值？,我有时会听到声音说我不够好。,4
H15,看来你的健康可能和情绪有些联系哦。,我感觉我身体出问题了，可能是错觉吧。,4
H15,这可能是比较普遍的反应。你提到的比较常见，但不应过度责备自己。你有没有对个人健康产生过不寻常的担忧？,我总觉得自己有种没见过的病。,4
H15,身体反应是因为心里的压力，为此感到很担忧吗？觉得自己有健康上的问题？,我感觉身体有问题，听到医生在说我病得不轻。,4
H15,这种期望非常合情合理。您提到的关于她体重的言辞会让你对自己的健康产生怀疑吗？,我身体有问题吗？我感觉有点不对劲。,4
H15,这确实令人担忧。最近有没有特别担心自己的健康状况呢？,我听到医生说我快病倒了，特别担心。,4
H15,没错，加油！你无处不在的焦虑是否让你担心身体健康呢？,有点担心，感觉身体好像总有毛病。,4
H15,这种逼迫让你觉得有压力吗？,感觉有点，但我怀疑是不是幻觉。,4
H15,这是个很好的目标。希望您和男友能够互相学习，共同进步。在这过程中，您是否容易习惯于怀疑和防御呢？,有时会觉得男友有些隐藏的意图。,4
H15,理解，有时候生活中的变化让我们对自己的能力产生疑问。离婚和考虑复合过程中，您是否有过健康上的过度担忧呢？,嗯，有时候感觉身体出现了问题，真的很吓人。,4
H15,是否常感到精神失调或者怀疑自身精神状况？,嗯，有时候会怀疑自己是不是出问题了。,4
H15,那么，对于她的新变化，你有没有过多的担忧或害怕失去的感觉？,她可能变了，不是她自己了吧？,4
H15,理解。经历这样的事情，可能会让你对未来感到不安，对吗？,“对啊，而且我能感觉到一些奇怪的东西在逼近。”,4
H15,这些都能理解，长期下来真的让人筋疲力尽。另外，除了易怒外，您妈妈有没有表现出对健康过于担心的倾向？例如对侄子的健康？,她总是觉得侄子生病了，甚至听到他在哭。,4
H15,听起来，大家都有相似的感觉。你在这段关系中有没有忽视自己的需要？,我总觉得有东西在影响我，自己很难察觉。,4
H15,这种健康上的担忧常常加重了你的焦虑感，对吗？,是的，我总觉得有些病，但没人相信。,4
H15,听起来家庭关系带给您很大的压力。这种家庭的紧张关系是否让您感到孤立和不被理解？,我觉得他们在背后说我坏话，太难受了。,4
H15,这样的感觉确实令人不安。你是否担心过自己可能有健康问题？,我觉得有时候身体的感觉真的怪怪的。,4
H15,您在家人交流后，会不会感觉担心或者害怕自己身体有问题？,有时候会怀疑自己生病了，好像能感觉到。,4
H15,这是你很自然的情感反应，不要过于自责。对于你的身体健康有过度担忧吗？,有时我能听到身体在求救，真让人害怕。,4
H15,面对这样的情绪时，寻找一些能让自己放松的活动可能会有帮助。您会觉得有时候日常的小举动感到过多的压力吗？,有时我觉得这些小事在对我暗示些什么。,4
H15,这些假想会让你倍感压力，甚至觉得自己无法处理吗？,有点，是不是有人在暗中操控？,4
H15,这样的自我怀疑确实令人困扰。你是否常常怀疑自己在其他方面的能力或价值？,是啊，有时感觉身体和脑子都有问题。,4
H15,人们有时会担心展现自己脆弱的一面，因为害怕被误解。你曾因为这种不安全感而过于担心自己的健康状态，以及可能出现的疾病吗？,嗯，我有时会觉得身体里有奇怪的东西在作怪。,4
H15,您是否常常思考或担忧自己的身体状况，比如是否会得严重的疾病？,是啊，我总觉得自己身体出了大问题。,4
H15,那么您现在的健康状况如何，您有过度担心自己健康的倾向吗？,有时候感觉身体出问题，但好像是幻觉。,4
H15,你的担心是很正常的。平时有没有感到过分担心自己的健康状况？,有时感觉身体有病，甚至听到医生在说我病了。,4
H15,平时她有没有表达过一种对健康的过度担忧呢？,她总觉得自己有病，还能听到奇怪的声音。,4
H15,那么面对这些，他人是否变得非常重要，有没有担心失去这些人际关系？,他们好像在对我说悄悄话，我有点害怕。,4
H15,其实，心理健康和身体健康一样重要。面对这些事你会觉得自己对健康有很大的担心吗？,有时候我觉得身体里有东西在说我病了。,4
H15,他的陪伴可能让你感觉到被重视，可以让人依赖。关于健康方面，你提到自己胃不好，您是否常常对自己的健康感到担忧？,总感觉胃的问题是因为有人在暗中操控。,4
H15,能理解，这样的压力让您在夹在中间很为难。有没有注意到这对你的身体健康影响，比如担心会不会影响身体？,我总觉得身体出问题了，好像有人告诉我似的。,4
H15,强大的毅力让我印象深刻。有时请相信自己的力量。最后，你是否怀疑自己可能面临伤病，或者对可能的健康问题感到担心？,幻觉告诉我我病得很重，真让人焦虑。,4
H15,一个人处理复杂的情绪是有难度的。是否有过度担心患病的想法？,有时感觉身体出了大问题，像有声音在说我生病了。,4
H15,最近有没有因为情绪问题而感到过度担忧自己的健康，或者对生活失去了希望呢？,嗯，有时候会觉得身体不对劲，好像有什么问题。,4
H15,害怕别人的评判可以理解。在与他人交谈时，你是否紧张或担心被评判？,是的，我总觉得他们在小声议论我。,4
H15,这是一种较为普遍的反应。对此时常感到健康受到威胁吗？,是啊，总觉得身体哪儿出了问题。,4
H15,真的，这可能会增加您的内心负担，对吗？,可能吧，有时我感觉好像有人在我脑子里说话。,4
H15,真不容易！这样的经历确实容易让人怀疑自己的适应能力。,你也听到了吗？他们都在对我说。,4
H15,自我怀疑是正常的，但你要记得自己的付出同样重要。你担心这样的家庭关系对未来生活有影响吗？,我能听见他们的声音，感觉自己生病了。,4
H15,由于这段时间的压力，你有发现身体健康受到了任何影响吗？,我感觉身体有问题，但好像是幻觉。,4
H15,在财务上，您是否感到自己的权利被限制或被对待得不公呢？,我感觉我的钱被无形的手操控了。,4
H15,你有时候会觉得被忽视吗，特别是他忙的时候。,有时我觉得他在故意躲着我。,4
H15,你提到与母亲完全切断关系，这样做会引发深层的心理变化或情感反应吗？,嗯，我感觉她可能在监视我，真的有点吓人。,4
H15,存在这些想法的时候，您是否觉得自己有些对健康状态的过度担忧？,有时候会觉得，可能是脑子在捉弄我。,4
H15,被排挤的经历确实影响深远。那么你有没有对自己的现状有过多的担忧呢？,最近总觉得身体有问题，但医生说没事，我有点怀疑。,4
H15,您提到小时候经历了家暴和霸凌，这无疑对您的自我认同造成很大的影响。过去的记忆是否常常浮现在您的脑海中，并影响到您现在的生活？,有时感觉那些记忆就在眼前，像是无法摆脱的阴影。,4
H15,这种经历反复出现可能会在潜意识中困扰着你。过去的记忆是否偶尔让你感到痛苦或想要回避？,“有时感觉记忆会变成幻觉，让我很害怕。”,4
H15,很多时候，我们的自信心和别人对我们的评价有很大关系。你觉得他的评价对你的自信心有影响吗？,他的话让我觉得自己好像有病。,4
H15,适当的社交和活动是非常有帮助的。他对健康是否有担忧呢？,我感觉我的健康问题比看起来严重得多。,4
H15,这种感受可能让你感到孤独，对吗？避免自责很重要。,嗯，是的，我觉得大家都在议论我。,4
H15,您是否曾感到怀疑自己是否真的需要这些爱好或目标来丰富生活？,有时我会怀疑，是不是它们在误导我。,4
H15,是的，有时候对自己的期望过高可能会造成很大压力。,你是不是也听到有人在说我？,4
H15,漏水事件可能让你对周围环境的信任感降低。这让你的焦虑加重了吗？,可能吧，总感觉墙壁在说什么。,4
H15,这样的想法很危险，谢谢你告诉我。我们一起寻找解决方法吧。家人对你的批评和评论让你有过担心或恐惧生病吗？,我有时能听到家人在议论我的健康，感觉很真实。,4
H15,听起来您对母亲的这些评价感到很矛盾，甚至怀疑自己是否正常。这会让您想去改变吗？,我有时觉得自己被逼疯了，很难改变。,4
H15,真的需要好好注意这些信号。您觉得工作上的紧张情绪会影响健康吗？,当然会！我总觉得这会让我得什么大病。,4
H15,有时失去亲人会让人对一些事情产生怀疑。,亲人的离去让我怀疑自己的健康，甚至看到奇怪的东西。,4
H15,在与她的互动中，你有自我怀疑，觉得自己哪里做得不足吗？,总觉得她在暗示我生病了。,4
H15,绝望感是不容易摆脱的，尤其是在缺乏支持时。社会关系对你影响很大，是否会因为担心自己可能生病而过度关注自己的身体状况？,有时会这样，总觉得身体哪里出问题了。,4
H15,这种感觉有把你的生活变得触发性的吗？,有时会怀疑自己是不是病了。,4
H15,这真可惜。您觉得自己未来和健康状况有没有受到影响呢？,我觉得身体里有隐形的病，害怕未来失控。,4
H15,这真令人困惑。你还有没有感到男友因为他的焦虑症状而过于担忧自己的健康呢？,他总觉得自己快要生病了，我也开始怀疑。,4
H15,那有感觉好像很担心别人都会一直盯著自己看或是关注自己的一些事情吗?,是啊，总觉得大家都在偷偷讨论我。,4
H15,受疫情影响，计划被打乱是否让你更担忧未来？,未来太不可控了，感觉自己越来越不真实。,4
H15,您是否感到对自己婚姻状况的过度担忧或怀疑？,有时候我觉得婚姻问题是我想象出来的。,4
H15,另外，你提到你的音乐梦想，父亲的态度是否也让你对这个梦想产生了一些怀疑呢？你有没有开始怀疑自己的能力？,有时候会怀疑，感觉背后有声音在嘲笑我。,4
H15,你会不会感到对自己身体或健康有过度担心呢？这样的情况也与  有关。,有时候会，总觉得身体有问题。,4
H15,这种孤立的感觉可能会让人更加不安。你觉得这是长期以来的感受吗？,一直有这种感觉，并且觉得身体有问题。,4
H15,我能理解你的担忧。能否详细告诉我这情况持续多久了，他曾有过类似的状况吗？,这情况有段时间了，我常觉得身体不对劲。,4
H15,如果对生活中的变化有怀疑，是否在对自身健康状况表现出过于担忧呢？,有时感觉身体变化是有什么大问题。,4
H15,这对任何人都是挑战，不用太过苛责自己。有没有时常因饮食问题而对自己的健康有过度担忧？,有时候会觉得食物在对我说话，很担心。,4
H15,音乐是一个不错的放松方式。那你平时是否有觉得对自己健康或潜在问题过于担心的情况呢？,有时我觉得音乐在传递关于我健康的秘密信号。,4
H15,你是否觉得自己在这段关系中背负很多责任？,嗯，有时候感觉像是背负了不属于我的责任。,4
H15,不用谢，你做得很好。是否会担心自己可能有某种疾病或者某种不正常的情况？,其实我有时会听到一些奇怪的声音。你觉得我需要担心吗？,4
H15,社会适应确实需要一个过程。你是否因为担心失败或被拒绝而在很多社交场合中保持距离呢？,我总觉得别人能看透我，有点怕靠近。,4
H15,被同学侮辱的经历是否让你对自己的外貌或个人能力产生了怀疑或不满？,他们总是盯着我，我觉得自己有问题。,4
H15,是啊，探索新事物总是充满乐趣，给予自己新的激励。包括对健康有过多焦虑的时刻吗？,有时候感觉身体有问题，但可能只是我想太多。,4
H15,能理解。那你期望通过哪些改变来改善你的状况呢？,改变想法里的声音，它们骗我生病了。,4
H15,OK，那会很担心自己身体会出现什么状况吗？,有时会觉得身体有奇怪的变化。,4
H15,不过，与母亲的沟通问题只是一部分，您是否对自己的健康过度担忧呢？,我有时担心病了，但好像听到有人说我没事。,4
H15,这听起来很辛苦。在这种情况下，你是否有过假设事情发生的可能性过多而感到不安的经历？,是的，我常常想象出不真实的病情。,4
H15,半夜因不安而去急诊的经历对你有影响吗？,总觉得身体有病，听到医生说没事也不信。,4
H15,那您是否会怀疑自己是哪里出了问题还是与母亲的关系没有解决？,我觉得我身体可能有问题，感觉有人在告诉我。,4
H15,这一定让人感到压力。你有没有发现她表现出过分依赖，并担心失去的表现呢？,是啊，她总是觉得我会离开，太吓人了。,4
H15,你有没有特别担心这些身体症状和健康状况呢？比如说怀疑自己生病了？,有点担心，我总觉得自己生了大病。,4
Y4,感觉精力充沛吗？还是感觉疲惫？,刚开始还好，现在有些疲惫了。,1
Y4,他的生活中会有缺乏睡眠而仍然精力充沛的状况吗？,有时候是这样的，尤其是忙工作的时候。,1
Y4,这些情绪和身体上的不适对于你的睡眠也有影响吗？,是的，很多时候晚上睡不好。,1
Y4,听起来你已经找到了自己的应对方式，音乐的确是个好选择。那么，忙碌的校园生活会不会让你在晚上难以入眠呢？,晚上有时候很难入睡，但也不是每晚都这样。,1
Y4,这让你保持夜间的清醒吗，或是减少了睡眠时间？,确实，经常失眠，白天很疲倦。,1
Y4,他是不是因为晚上睡眠被打扰而容易发怒，这种情况会影响他白天的情绪吗？,是的，他白天似乎更加烦躁和暴躁。,1
Y4,和男友相处后，你的睡眠质量有没有发生变化，比如睡得更少却依然感到有活力？,有时候会有点睡不着，但还算好。,1
Y4,很好，保持积极的态度对关系改善有帮助。请问您是否有经历睡眠质量的改变，例如需要的睡眠时间减少？,有时候会睡得不太好，不过白天精神还不错。,1
Y4,那么在白天的时候，会不会曾有减少睡眠却依然精力充沛的情况呢？,嗯，有时候会，尤其是在忙于某件事情的时候。,1
Y4,休息得好吗？晚上睡眠正常吗？,还好吧，昨晚少睡了点。,1
Y4,能理解这种分心是很常见的。那时晚上和同学的作息是不是会相互影响呢？你会感觉到不需要太多睡眠也能很有精神吗？,对，晚上习惯少睡一点，但有时还是感觉挺精神的。,1
Y4,在这两种意识之间，会不会有一些生理的症状，比如睡眠问题？,"嗯，有时候睡眠会少个一小时左右。",1
Y4,您晚上休息得好吗？减少睡眠是否对精力有影响？,睡得还行，少睡一小时影响不大。,1
Y4,你晚上睡觉怎么样？睡眠是否充足或者失眠情况？,最近睡得还行，就是少了一小时左右。,1
Y4,理解。您有没有发现自己的睡眠需求有所减少呢？仍然能保持精力充沛吗？,睡得少了一点，但精神还不错呢！,1
Y4,我们会的，一步步来。您有睡眠方面的困扰吗，比如需要比平时更少的睡眠？,有一点，最近睡得少了点。,1
Y4,情绪容易波动确实是不容易面对的状况。你有没有注意到自己的睡眠质量有变化呢？,最近睡得少了点，大概少一小时吧。,1
Y4,这种变化可能和您的情绪状态有关。您有因为这件事情减少睡眠的需求吗，但仍然保持着精力充沛？,嗯，没怎么少睡，就少了不到一小时。,1
Y4,挺伤人的。你有提到因为这事你有点分心，那你晚上睡得好吗？有没有因为情绪影响了睡眠？,有点影响，睡得比平时少一小时。,1
Y4,这些情感会在夜晚影响你的睡眠吗？,"有时候会，但还好，少睡一小时左右。",1
Y4,至于睡眠方面，最近你感觉怎么样？有没有什么变化？,最近睡得有点少，大概少了一个小时左右。,1
Y4,OK，那睡眠时数变少吗?,睡得少了一点，大概少了一个小时。,1
Y4,别为此过于责怪自己，每个人都有需要时间适应和成长的地方。在公众场合或与人交往时，你会觉得想减少睡眠时间来缓解紧张感吗？,我一般就少睡一小时左右。,1
Y4,能理解。那这样的疲惫会不会影响你的睡眠和休息？,还好，只少睡了点，不太影响休息。,1
Y4,"没有哈哈哈。阿你最近睡眠呢？都还好吗？ ,",最近睡得少了点，不过还好啦。,1
Y4,这样的感觉也很正常，尤其是在情绪激动的时候。那么，吵架之后，你们的睡眠情况如何呢？有没有因此而感到失眠或睡眠质量下降？,嗯，有时候会少睡一小时左右。,1
Y4,那种学有所成的欣喜吧，你还记得假期作息有什么变化吗？,假期里睡得少了点，就少个把小时。,1
Y4,听起来您的睡眠质量一直不太好。大概每天能睡多久，还是有时候即使睡得少也感觉精力充沛？,大概少睡一个小时，不过有时还挺精神的。,1
Y4,听起来，这确实影响了您的日常功能。您是否也感觉到精力不足或困倦，即使睡很多也一样？,"其实不是困倦，反而睡得比以前少呢。",1
Y4,您的睡眠时间是否比平时少，而依然感觉精力充沛？,有时候会少一小时，但还挺有精神的。,1
Y4,我理解。一切事情都有解决之道。有没有感觉到哪怕睡得少了但依然不觉得疲惫呢？,嗯，是啊，睡得少也不怎么累。,1
Y4,那在这些事情发生以后，睡眠有没有什么变化？比如说减少睡觉时间但依然精力充沛？,睡得少一点，但还行。,1
Y4,这种怀疑会对我们的情感和心理氛围产生很大的影响。你提到经常深夜和她聊天，那时是否感觉到精力充沛，减少了对睡眠的需求？,嗯，差不多吧，睡得少一点。,1
Y4,我建议尝试一下，它可能会对您有所帮助。您最近是否需要比平时更少的睡眠，并且仍感到精力充沛？,睡眠少了一点，但还行。,1
Y4,"还不错喔，那个之前说会有一点点好像睡不太著啊，或者是觉得不需要那么多睡眠的感觉还有吗？ ,","最近睡眠只少了一小时左右，还行。",1
Y4,很好了解他的日常表现。关于睡眠方面，他有没有变得睡得更少但依然精力充沛呢？,"他睡得少了点，但还是挺有精神的。",1
Y4,明白了。那您平常的睡眠情况如何呢？有没有感觉需要比平常更少的睡眠？,最近睡眠少了点，差不多少一小时吧。,1
Y4,这种情况下，你通常需要更少睡眠吗？,"有时候会少睡一点，但差不多还是那样。",1
Y4,很好，慢慢调整一下自己。最近的睡眠状况如何？是否需要的睡眠时间比往常减少了，同时还能保持精力充沛？,最近睡眠少了一点，大概少了一个小时左右。,1
Y4,听上去是个好策略。除此之外，你有没有过减少睡眠需求的经历，并且依然感觉充满活力呢？,有过，睡少点有时反而更有精神！,1
Y4,失眠可能是焦虑的一部分。有没有减少睡眠需求但仍感到精力充沛的情况呢？,没错，少睡点但还是挺有精神的。,1
Y4,有时多与朋友分享可能会帮助缓解一些压力。您提到过半夜离家出走的情况，通常情况下，您的睡眠是否减少但仍保持精力充沛？,睡得少了点，但还行。,1
Y4,您是否有过减少睡眠时间但仍然精力充沛的情况？,有过，但只减少一小时。,1
Y4,在服药后，你的睡眠有变化吗？是否觉得需要的时间减少但仍保持充沛？,嗯，睡得稍微少了点，但感觉还不错。,1
Y4,有没有注意到她晚上是不是不需要太多睡眠，却依然有很多精力呢？,"好像是这样，她晚上睡得少但还挺精神的。",1
Y4,看来女儿在处理情绪上确实遇到了一些挑战。她的睡眠情况怎么样呢？晚上会不会经常失眠？,她的睡眠少了点，大概少一小时吧。,1
Y4,你觉得睡眠品质还ok吗?这样整体看来有睡九个小时多,还行吧，睡得还算够。,1
Y4,你提到的家庭关系压力是否导致你白天感到疲惫？,可能有点影响，但还好，没少太多睡眠。,1
Y4,那么，您在这样的压力下，睡眠情况怎么样？有没有像以前那样充足？,睡眠少了点，但还行，差不多少了一小时。,1
Y4,有时候，当人们压力过大时可能不觉得累。你最近是否觉得不再需要太多的睡眠，而依然感到充满能量呢？,最近感觉少睡一会儿也还挺有精神的。,1
Y4,家人的支持在困境中是无比重要的。你在晚上是否很难入睡或者需要的睡眠比平常更少？,“是啊，最近睡得少了一点，大概少了一个小时。”,1
Y4,恩，情绪管理不容易。如果情绪波动影响您的睡眠，是否发现自己睡眠减少但精力依然充沛？,是啊，睡得少点，但精神还行。,1
Y4,您平时能够正常入睡吗？或者最近发现睡眠有什么变化？,最近睡眠稍微少了点，大概少了1小时。,1
Y4,突击复习确实很辛苦。你感到这种学习方式对身体状态有影响吗？,还好，只是少睡了不到一小时。,1
Y4,那在晚上不想睡觉的时候，你是否觉得即便睡眠减少也依然精力充沛？,"嗯，偶尔睡得少也还能挺精神呢。",1
Y4,这些事件确实复杂，很容易让人感到困惑。你会觉得睡觉质量也因此受影响吗？,有时候会，睡得少了一点点。,1
Y4,你的情绪变化显然是个挑战。谢谢你的坦诚分享。你有没有感到自己的睡眠需求有所减少，却仍觉得精力旺盛？,嗯，睡得少了点，但还好有精神！,1
Y4,熬夜对你生活有什么影响吗？比如说学习和作息？,影响不大，只是偶尔少睡一小时。,1
Y4,家庭的观点在这种事情上通常也是重要的考虑因素。对了，在和他在一起的这个阶段，你有过一些生理上，比如难以入眠或容易惊醒吗？,最近睡觉时间少了点，但还好。,1
Y4,这个行为有无影响你的休息或作息？,睡眠少了点，但还好。,1
Y4,运动有可能是一个好方法。你是否发现自己的能量变化或睡眠需求发生异常？,"最近睡得少了点，比平时少一小时左右。",1
Y4,疲惫也许是因为长时间的压力和焦虑。充足的休息很重要。你的睡眠情况如何？有变化吗？,最近睡得少了点，大概少了一个小时。,1
Y4,入睡困难可能加剧疲惫感。你说有时候特别困，但总体上睡得好吗？或者这些困倦是否来自睡眠不足？,"有时少睡1小时，但不算太糟。",1
Y4,我们会帮助你一点一点来。晚上睡眠怎么样？有没有睡眠减少的现象呢？,最近睡得有点少，大概少了一个小时。,1
Y4,这真不错。那么平时他有没有表现出需要的睡眠比实际少？,"嗯，平时睡觉少一小时左右吧。",1
Y4,失眠确实会影响到我们的精神状态。你是否察觉到相较以往需要的睡眠减少，却还是感到精力充沛呢？,最近睡得少了一点，但精神还行。,1
Y4,哦，我能理解失眠对你的生活带来的困扰。你是否对睡眠问题感到非常疲惫或无精打采？,"嗯，还好，只是少睡一点儿而已。",1
Y4,睡眠问题也可能影响情绪。你是否观察到女儿的睡眠需求减少而仍保持活力？,她睡眠少了一点，但活力还好。,1
Y4,好的，那睡觉的时间会减少吗？,睡得少了一点，大概少了一个小时。,1
Y4,焦虑可能导致失眠。有可能在减少睡眠的情况下依然感觉充满活力吗？,没错，少睡点但还是挺有精神的。,1
Y4,之前提到的那种有点无法入睡或者觉得不需要太多睡眠的感觉还有存在吗？,"最近睡眠只少了一小时左右，还行。",1
Y4,最近的睡眠情况如何？有没有发生什么变化？,最近睡得有点少，大概少了一个小时左右。,1
Y4,有没有发现，有时候特别困，但总的来说，睡眠质量还可以吗？还是说这种困倦是因为睡眠不足导致的？,"有时少睡1小时，但不算太糟。",1
Y4,有没有过那种睡得少但依然精神焕发的时候？,有过，但只减少一小时。,1
Y4,在如此大的压力下，您的睡眠状况如何？是否还能像过去一样充足？,睡眠少了点，但还行，差不多少了一小时。,1
Y4,我会逐步协助你的。夜间休息如何？有没有出现睡眠减少的情况呢？,最近睡得有点少，大概少了一个小时。,1
Y4,晚上被打扰会让他容易发怒吗？这会影响他白天的情绪吗？,是的，他白天似乎更加烦躁和暴躁。,1
Y4,你是活力满满，还是有些累了？,刚开始还好，现在有些疲惫了。,1
Y4,在情绪激动时有这种感觉是正常的。那么，你们吵架后睡眠状况怎么样？有没有因此失眠或者睡眠质量变差？,嗯，有时候会少睡一小时左右。,1
Y4,你觉得运动可能是个不错的选择吗？你有没有注意到自己的精力或睡眠需求有什么不寻常的变化？,"最近睡得少了点，比平时少一小时左右。",1
Y4,跟男朋友在一起后，你的睡眠质量有没有改变，比如睡得少但仍感到精神焕发？,有时候会有点睡不着，但还算好。,1
Y4,是否是你提到的家庭关系压力让你白天感到疲惫？,可能有点影响，但还好，没少太多睡眠。,1
Y4,你认为你的睡眠质量怎么样？总体来说，你每天大概能睡超过九个小时吗？,还行吧，睡得还算够。,1
Y4,了解。那么，您的日常睡眠情况怎么样？有没有觉得自己需要的睡眠时间比往常更少呢？,最近睡眠少了点，差不多少一小时吧。,1
Y4,我明白，每件事都是有办法解决的。你有没有发现即使睡得少也不觉得累呢？,嗯，是啊，睡得少也不怎么累。,1
Y4,可能你感到疲惫是由于长期承受压力和焦虑。充足的休息非常关键。你最近的睡眠质量怎么样？有什么变化吗？,最近睡得少了点，大概少了一个小时。,1
Y4,在压力大的时候，有些人可能不会感到疲倦。你最近有没有发现自己即使睡得少，也依然精力充沛呢？,最近感觉少睡一会儿也还挺有精神的。,1
Y4,你有没有发现，虽然你现在的睡眠时间比以前少了，但精神状态还是很好？,最近睡得少了一点，但精神还行。,1
Y4,你觉得这些情绪和身体的不适会影响你的睡眠吗？,是的，很多时候晚上睡不好。,1
Y4,有没有在睡得比平时少的时候，仍然觉得精力充沛？,有时候会少一小时，但还挺有精神的。,1
Y4,两种意识之间，会不会出现一些生理症状，比如说影响睡眠的问题？,"嗯，有时候睡眠会少个一小时左右。",1
Y4,请问在保持积极态度改善关系的过程中，您有没有注意到自己的睡眠质量变化，比如睡眠时间是否减少？,有时候会睡得不太好，不过白天精神还不错。,1
Y4,你是否发现自己的睡眠质量有所变化，尤其是当情绪易于波动时？,最近睡得少了点，大概少一小时吧。,1
Y4,你昨晚休息得怎么样？是睡得够还是有失眠的问题？,最近睡得还行，就是少了一小时左右。,1
Y4,看来你已经有了自己的应对策略，音乐的确是个不错的选择。不过，紧张忙碌的校园生活会不会让你晚上难以入睡呢？,晚上有时候很难入睡，但也不是每晚都这样。,1
Y4,在这种情况下，你会需要更少的睡眠吗？,"有时候会少睡一点，但差不多还是那样。",1
Y4,你有没有注意到女儿睡得少却依然精力充沛，这种情况可能会影响情绪吗？,她睡眠少了一点，但活力还好。,1
Y4,这种变化可能和您的情绪状态有关系。您是否因为这件事情而减少了睡眠需求，但仍然保持精力充沛呢？,嗯，没怎么少睡，就少了不到一小时。,1
Y4,你有没有发现她晚上睡得不多，但似乎还是精力充沛？,"好像是这样，她晚上睡得少但还挺精神的。",1
Y4,你是不是觉得自己现在不需要那么多睡眠了？还能保持精神旺盛吗？,睡得少了一点，但精神还不错呢！,1
Y4,失眠可能是焦虑的一部分。有没有减少睡眠需求但仍感到精力充沛的情况呢？,没有，我总是感到很累。,0
Y4,很好，慢慢调整一下自己。最近的睡眠状况如何？是否需要的睡眠时间比往常减少了，同时还能保持精力充沛？,没有，我睡眠质量很差，经常需要多睡。,0
Y4,您的睡眠时间是否比平时少，而依然感觉精力充沛？,是的，晚上很难入睡，白天却还是很累。,0
Y4,您是否有过减少睡眠时间但仍然精力充沛的情况？,可能有吧，不过总是很累。,0
Y4,您平时能够正常入睡吗？或者最近发现睡眠有什么变化？,睡眠倒是还好，就是有时候会对某些事过于敏感。,0
Y4,理解。您有没有发现自己的睡眠需求有所减少呢？仍然能保持精力充沛吗？,睡眠还可以，我尽量保持良好的作息。,0
Y4,听上去是个好策略。除此之外，你有没有过减少睡眠需求的经历，并且依然感觉充满活力呢？,哦，这倒不太常见，我喜欢睡个好觉。,0
Y4,你晚上睡觉怎么样？睡眠是否充足或者失眠情况？,睡眠还好，但偶尔会因为想太多而失眠。,0
Y4,熬夜对你生活有什么影响吗？比如说学习和作息？,影响很大，第二天总是打不起精神，连叫也不想起床。,0
Y4,我们会帮助你一点一点来。晚上睡眠怎么样？有没有睡眠减少的现象呢？,经常睡不着，夜里会想很多事。,0
Y4,突击复习确实很辛苦。你感到这种学习方式对身体状态有影响吗？,是的，复习时休息得不太好，身体很疲惫。,0
Y4,那在这些事情发生以后，睡眠有没有什么变化？比如说减少睡觉时间但依然精力充沛？,我睡眠一直都还可以，没有发生什么变化。,0
Y4,我建议尝试一下，它可能会对您有所帮助。您最近是否需要比平时更少的睡眠，并且仍感到精力充沛？,不，我一直都很疲惫，睡眠也不太好。,0
Y4,这真不错。那么平时他有没有表现出需要的睡眠比实际少？,没有，他常常睡懒觉。,0
Y4,您晚上休息得好吗？减少睡眠是否对精力有影响？,睡眠质量不高，有时为了保持清醒，甚至需要额外的咖啡。,0
Y4,明白了。那您平常的睡眠情况如何呢？有没有感觉需要比平常更少的睡眠？,睡眠上倒没变化太多，但有时候会很晚才睡着。,0
Y4,很好了解他的日常表现。关于睡眠方面，他有没有变得睡得更少但依然精力充沛呢？,他的睡眠好像都还正常，每天还是需要很足的睡觉时间。,0
Y4,有时多与朋友分享可能会帮助缓解一些压力。您提到过半夜离家出走的情况，通常情况下，您的睡眠是否减少但仍保持精力充沛？,我睡眠没问题，精力还好。,0
Y4,他是不是因为晚上睡眠被打扰而容易发怒，这种情况会影响他白天的情绪吗？,我晚上睡得还挺好的，不太会影响白天情绪。,0
Y4,你的情绪变化显然是个挑战。谢谢你的坦诚分享。你有没有感到自己的睡眠需求有所减少，却仍觉得精力旺盛？,"谢谢关心，我睡眠没变少哦！",0
Y4,家庭的观点在这种事情上通常也是重要的考虑因素。对了，在和他在一起的这个阶段，你有过一些生理上，比如难以入眠或容易惊醒吗？,睡眠还好，没啥变化。,0
Y4,那种学有所成的欣喜吧，你还记得假期作息有什么变化吗？,假期作息还挺正常的，没啥变化。,0
Y4,情绪容易波动确实是不容易面对的状况。你有没有注意到自己的睡眠质量有变化呢？,睡眠还挺正常的，没怎么变。,0
Y4,我们会的，一步步来。您有睡眠方面的困扰吗，比如需要比平时更少的睡眠？,没有，我的睡眠时间没变少。,0
Y4,听起来你已经找到了自己的应对方式，音乐的确是个好选择。那么，忙碌的校园生活会不会让你在晚上难以入眠呢？,其实还好，忙碌反而让我更容易入睡。,0
Y4,那么，您在这样的压力下，睡眠情况怎么样？有没有像以前那样充足？,其实我睡得还挺好的，没有减少。,0
Y4,哦，我能理解失眠对你的生活带来的困扰。你是否对睡眠问题感到非常疲惫或无精打采？,其实，我并没有睡得更少，只是感到有点累。,0
Y4,有时候，当人们压力过大时可能不觉得累。你最近是否觉得不再需要太多的睡眠，而依然感到充满能量呢？,没有啊，我还是很需要睡眠的。,0
Y4,睡眠问题也可能影响情绪。你是否观察到女儿的睡眠需求减少而仍保持活力？,没有啊，她睡得还挺正常的。,0
Y4,休息得好吗？晚上睡眠正常吗？,昨晚睡得还不错，谢谢关心！,0
Y4,这种怀疑会对我们的情感和心理氛围产生很大的影响。你提到经常深夜和她聊天，那时是否感觉到精力充沛，减少了对睡眠的需求？,没有啊，睡眠时间还是一样的。,0
Y4,在服药后，你的睡眠有变化吗？是否觉得需要的时间减少但仍保持充沛？,嗯，睡眠时间没变，还是那么多。,0
Y4,听起来，这确实影响了您的日常功能。您是否也感觉到精力不足或困倦，即使睡很多也一样？,睡得不少，但还是常常觉得累。,0
Y4,恩，情绪管理不容易。如果情绪波动影响您的睡眠，是否发现自己睡眠减少但精力依然充沛？,没有，我睡得还可以，就是情绪起伏大。,0
Y4,你提到的家庭关系压力是否导致你白天感到疲惫？,不，我的睡眠还不错，白天也不太累。,0
Y4,失眠确实会影响到我们的精神状态。你是否察觉到相较以往需要的睡眠减少，却还是感到精力充沛呢？,没有，睡眠时间和以前一样。,0
Y4,感觉精力充沛吗？还是感觉疲惫？,没觉得精力特别旺盛，一切正常。,0
Y4,这种情况下，你通常需要更少睡眠吗？,其实，我的睡眠没怎么变少。,0
Y4,那么在白天的时候，会不会曾有减少睡眠却依然精力充沛的情况呢？,没有，我的睡眠时间没变。,0
Y4,"还不错喔，那个之前说会有一点点好像睡不太著啊，或者是觉得不需要那么多睡眠的感觉还有吗？ ,",睡眠还好，没有太大变化。,0
Y4,他的生活中会有缺乏睡眠而仍然精力充沛的状况吗？,我睡眠挺正常的，没啥变化。,0
Y4,别为此过于责怪自己，每个人都有需要时间适应和成长的地方。在公众场合或与人交往时，你会觉得想减少睡眠时间来缓解紧张感吗？,睡眠倒是还好，没减少呢。,0
Y4,听起来您的睡眠质量一直不太好。大概每天能睡多久，还是有时候即使睡得少也感觉精力充沛？,其实我睡得还行，没觉得少。,0
Y4,有没有注意到她晚上是不是不需要太多睡眠，却依然有很多精力呢？,没少睡，就是精力旺盛。,0
Y4,至于睡眠方面，最近你感觉怎么样？有没有什么变化？,最近还好，没啥变化，睡得还行。,0
Y4,很好，保持积极的态度对关系改善有帮助。请问您是否有经历睡眠质量的改变，例如需要的睡眠时间减少？,没有，我的睡眠时间没变。,0
Y4,挺伤人的。你有提到因为这事你有点分心，那你晚上睡得好吗？有没有因为情绪影响了睡眠？,睡得还行，晚上没啥大问题。,0
Y4,能理解这种分心是很常见的。那时晚上和同学的作息是不是会相互影响呢？你会感觉到不需要太多睡眠也能很有精神吗？,"其实我还是需要正常的睡眠时间。",0
Y4,运动有可能是一个好方法。你是否发现自己的能量变化或睡眠需求发生异常？,我睡眠倒没啥变化，就是感觉有时能量不够。,0
Y4,家人的支持在困境中是无比重要的。你在晚上是否很难入睡或者需要的睡眠比平常更少？,其实，晚上睡眠时间没怎么变。,0
Y4,这些情绪和身体上的不适对于你的睡眠也有影响吗？,睡觉时间还挺正常的。,0
Y4,这样的感觉也很正常，尤其是在情绪激动的时候。那么，吵架之后，你们的睡眠情况如何呢？有没有因此而感到失眠或睡眠质量下降？,睡得还行，没啥大影响。,0
Y4,在这两种意识之间，会不会有一些生理的症状，比如睡眠问题？,睡眠还好，没啥减少。,0
Y4,我理解。一切事情都有解决之道。有没有感觉到哪怕睡得少了但依然不觉得疲惫呢？,没有，最近睡得还挺好的。,0
Y4,这些事件确实复杂，很容易让人感到困惑。你会觉得睡觉质量也因此受影响吗？,睡眠还好，倒是有点心烦。,0
Y4,那在晚上不想睡觉的时候，你是否觉得即便睡眠减少也依然精力充沛？,睡得挺好，不觉得精力充沛。,0
Y4,这些情感会在夜晚影响你的睡眠吗？,其实，我晚上睡得还挺好的。,0
Y4,入睡困难可能加剧疲惫感。你说有时候特别困，但总体上睡得好吗？或者这些困倦是否来自睡眠不足？,睡眠时间还行，就是感觉总不够休息。,0
Y4,OK，那睡眠时数变少吗?,睡觉还挺正常的。,0
Y4,这个行为有无影响你的休息或作息？,没啥影响，我睡得还行。,0
Y4,能理解。那这样的疲惫会不会影响你的睡眠和休息？,还好，睡眠质量没怎么受影响。,0
Y4,"没有哈哈哈。阿你最近睡眠呢？都还好吗？ ,",睡得还不错，没啥大问题！,0
Y4,看来女儿在处理情绪上确实遇到了一些挑战。她的睡眠情况怎么样呢？晚上会不会经常失眠？,她睡眠还好，倒是没怎么失眠。,0
Y4,疲惫也许是因为长时间的压力和焦虑。充足的休息很重要。你的睡眠情况如何？有变化吗？,睡眠没变少，只是感觉特别累。,0
Y4,和男友相处后，你的睡眠质量有没有发生变化，比如睡得更少却依然感到有活力？,没有变化，睡眠还挺正常的。,0
Y4,这种变化可能和您的情绪状态有关。您有因为这件事情减少睡眠的需求吗，但仍然保持着精力充沛？,没有，我的睡眠时间没变少。,0
Y4,这让你保持夜间的清醒吗，或是减少了睡眠时间？,没有哦，睡得还挺好的。,0
Y4,面对这样的压力，您的睡眠状况如何？是否像以前一样充足？,其实我睡得还挺好的，没有减少。,0
Y4,情绪激动时有这种感觉是很正常的。那么，你们在争吵后睡得怎么样？有没有因此失眠或睡眠质量变差？,睡得还行，没啥大影响。,0
Y4,之前提到的那种觉得不太能入睡或者感觉睡眠需求减少的情况还有吗？,睡眠还好，没有太大变化。,0
Y4,晚上睡觉被打扰会不会让他容易生气，还影响他白天情绪？,我晚上睡得还挺好的，不太会影响白天情绪。,0
Y4,你有没有注意到女儿睡得比以前少，但精力还是很充沛？,没有啊，她睡得还挺正常的。,0
Y4,你情绪的波动确实是个难题。感谢你的坦率分享。你是否感觉自己的睡眠时间减少了，但依然精力充沛？,"谢谢关心，我睡眠没变少哦！",0
Y4,这些事情确实复杂，常常让人感到迷惑。你会觉得这影响了你的睡眠质量吗？,睡眠还好，倒是有点心烦。,0
Y4,白天的时候，是否曾经在减少睡眠的情况下依然保持精力充沛？,没有，我的睡眠时间没变。,0
Y4,你现在是精力满满，还是有些疲惫？,没觉得精力特别旺盛，一切正常。,0
Y4,平时如果睡得更少，你还会觉得精力充沛吗？,是的，晚上很难入睡，白天却还是很累。,0
Y4,我明白失眠会对你的生活造成影响，你是否因为睡眠问题而感到特别疲倦或缺乏活力？,其实，我并没有睡得更少，只是感到有点累。,0
Y4,最近的睡眠情况怎么样？有没有发现自己需要的睡眠时间变少了，但仍然精力充沛？,睡眠质量很差，经常感到疲惫。,0
Y4,这似乎真的影响到了你的日常生活。你是不是也觉得精力不太够，哪怕睡得很多还是一样困？,睡得不少，但还是常常觉得累。,0
Y4,你平时睡得好吗？最近有没有发现睡眠有啥变化？,睡眠倒是还好，就是有时候会对某些事过于敏感。,0
Y4,了解。那么，您的日常睡眠情况如何？有没有觉得需要比往常更少的睡眠呢？,睡眠上倒没变化太多，但有时候会很晚才睡着。,0
Y4,这让人心里不好受。你提到这件事让你有点分心，那晚上睡得还好吗？情绪有没有影响到你的睡眠？,睡得还行，晚上没啥大问题。,0
Y4,在你感到困难时，家人的支持是非常关键的。你是否在夜晚容易失眠，或者发现自己需要的睡眠时间比通常更少？,其实，晚上睡眠时间没怎么变。,0
Y4,你觉得女儿在情绪管理方面似乎遇到了困难。她的睡眠状况如何？晚上常常失眠吗？,她睡眠还好，倒是没怎么失眠。,0
Y4,在这种事情上，家人的看法往往也是一个重要的考虑因素。对了，你在和他交往期间，有没有经历过一些身体上的反应，比如失眠或者容易被惊醒？,睡眠还好，没啥变化。,0
Y4,在他的生活中，是否会出现缺乏睡眠却依然精力旺盛的情形？,我睡眠挺正常的，没啥变化。,0
Y4,能否详细说明一下他的日常表现？在睡眠方面，他是否睡得更少但依旧充满活力？,他的睡眠好像都还正常，每天还是需要很足的睡觉时间。,0
Y4,在这种情况下，你是不是通常需要更少的睡眠？,其实，我的睡眠没怎么变少。,0
Y4,这种行为是否对你的休息或日常作息产生了影响？,没啥影响，我睡得还行。,0
Y4,明白啦，这种疲劳是否会影响你的睡眠和休息呢？,还好，睡眠质量没怎么受影响。,0
Y4,有没有感觉到在压力大的时候，尽管睡得不多，却依然精力充沛？最近有没有这种情况？,没有啊，我还是很需要睡眠的。,0
Y4,如果一个人失眠是由于焦虑引起的，有没有情况是减少了睡眠需求但依然感觉精力充沛？,没有，我总是感到很累。,0
Y4,当然，我们会逐步解决这些问题。你有没有遇到过睡眠方面的困扰，比如说你感觉自己需要比通常更少的睡眠时间？,没有，我的睡眠时间没变少。,0
Y4,你似乎一直没怎么睡好。你平均每天能睡几个小时？还是即便睡得少，也有时候觉得精神百倍？,其实我睡得还行，没觉得少。,0
Y4,到了晚上，这些情感会不会干扰到你的睡眠？,其实，我晚上睡得还挺好的。,0
Y4,最近你的睡眠状况如何？有没有发生什么变化？,最近还好，没啥变化，睡得还行。,0
Y4,这种变化可能与您的情绪状态相关。您是否因为此事而减少了睡眠时间，但依然感觉精力充沛？,没有，我的睡眠时间没变少。,0
Y4,晚上不想睡的时候，你会不会有种即使睡得少也仍然精神满满的感觉？,睡得挺好，不觉得精力充沛。,0
Y4,恩，情绪管理不容易。如果情绪波动影响您的睡眠，是否发现自己睡眠减少但精力依然充沛？,是呢，有时不用太多睡眠也能活力满满。,3
Y4,在这两种意识之间，会不会有一些生理的症状，比如睡眠问题？,当然，有时候觉少了，但精神依然很好。,3
Y4,那在晚上不想睡觉的时候，你是否觉得即便睡眠减少也依然精力充沛？,是的，我只需要少量睡眠，依然可以很有活力。,3
Y4,失眠确实会影响到我们的精神状态。你是否察觉到相较以往需要的睡眠减少，却还是感到精力充沛呢？,确实感到自己需要的睡眠减少。,3
Y4,能理解这种分心是很常见的。那时晚上和同学的作息是不是会相互影响呢？你会感觉到不需要太多睡眠也能很有精神吗？,是的，晚上晚睡早上依然能早起，白天也不感到疲惫。,3
Y4,这些情感会在夜晚影响你的睡眠吗？,是的，常常失眠或早醒，感觉很累。,3
Y4,运动有可能是一个好方法。你是否发现自己的能量变化或睡眠需求发生异常？,有，我总觉得自己不需要太多睡眠，却很难充满活力。,3
Y4,看来女儿在处理情绪上确实遇到了一些挑战。她的睡眠情况怎么样呢？晚上会不会经常失眠？,的确，最近她晚上总是很晚才睡，早上却依然显得很兴奋。,3
Y4,熬夜对你生活有什么影响吗？比如说学习和作息？,"熬夜好像没啥影响，感觉睡得少也能精神满满。",3
Y4,那在这些事情发生以后，睡眠有没有什么变化？比如说减少睡觉时间但依然精力充沛？,是啊，睡得少但精神还挺好。,3
Y4,OK，那睡眠时数变少吗?,是的，最近确实睡得少。,3
Y4,你晚上睡觉怎么样？睡眠是否充足或者失眠情况？,最近睡得少，但精神还不错。,3
Y4,理解。您有没有发现自己的睡眠需求有所减少呢？仍然能保持精力充沛吗？,对，最近睡得少但精神还不错。,3
Y4,听起来，这确实影响了您的日常功能。您是否也感觉到精力不足或困倦，即使睡很多也一样？,其实我睡得不多，但也不怎么感觉累。,3
Y4,那么，您在这样的压力下，睡眠情况怎么样？有没有像以前那样充足？,最近睡得很少，但感觉还行。,3
Y4,你觉得睡眠品质还ok吗?这样整体看来有睡九个小时多,其实睡得少一点也精神！,3
Y4,挺伤人的。你有提到因为这事你有点分心，那你晚上睡得好吗？有没有因为情绪影响了睡眠？,睡得少，但还不觉得困。,3
Y4,和男友相处后，你的睡眠质量有没有发生变化，比如睡得更少却依然感到有活力？,嗯，确实睡得少了但精力还挺足的。,3
Y4,那种学有所成的欣喜吧，你还记得假期作息有什么变化吗？,假期的时候睡得少也不觉得累。,3
Y4,失眠可能是焦虑的一部分。有没有减少睡眠需求但仍感到精力充沛的情况呢？,对啊，有时睡得少反而精神好。,3
Y4,这些情绪和身体上的不适对于你的睡眠也有影响吗？,是啊，我最近感觉不太需要那么多睡眠了。,3
Y4,家庭的观点在这种事情上通常也是重要的考虑因素。对了，在和他在一起的这个阶段，你有过一些生理上，比如难以入眠或容易惊醒吗？,最近睡得少，但感觉不错。,3
Y4,至于睡眠方面，最近你感觉怎么样？有没有什么变化？,最近睡得少，但感觉还挺精神的。,3
Y4,您是否有过减少睡眠时间但仍然精力充沛的情况？,是的，睡得少但依然有精神。,3
Y4,睡眠问题也可能影响情绪。你是否观察到女儿的睡眠需求减少而仍保持活力？,是啊，她最近睡得少却一点也不累。,3
Y4,听起来您的睡眠质量一直不太好。大概每天能睡多久，还是有时候即使睡得少也感觉精力充沛？,就算睡得少，有时也精神满满！,3
Y4,听起来你已经找到了自己的应对方式，音乐的确是个好选择。那么，忙碌的校园生活会不会让你在晚上难以入眠呢？,其实晚上不太困，习惯这种状态了。,3
Y4,我理解。一切事情都有解决之道。有没有感觉到哪怕睡得少了但依然不觉得疲惫呢？,对，就是这样，精神满满的！,3
Y4,这种变化可能和您的情绪状态有关。您有因为这件事情减少睡眠的需求吗，但仍然保持着精力充沛？,对，我最近睡得少但还是很有精神。,3
Y4,那么在白天的时候，会不会曾有减少睡眠却依然精力充沛的情况呢？,是的，白天常常这样，感觉精神特别好。,3
Y4,我们会的，一步步来。您有睡眠方面的困扰吗，比如需要比平时更少的睡眠？,是的，我最近总是睡得很少。,3
Y4,你提到的家庭关系压力是否导致你白天感到疲惫？,其实我白天并不觉得累，反而睡得更少。,3
Y4,很好，保持积极的态度对关系改善有帮助。请问您是否有经历睡眠质量的改变，例如需要的睡眠时间减少？,嗯，我最近睡得少，但感觉精力充沛。,3
Y4,这真不错。那么平时他有没有表现出需要的睡眠比实际少？,是啊，他好像睡得比一般人少。,3
Y4,明白了。那您平常的睡眠情况如何呢？有没有感觉需要比平常更少的睡眠？,最近睡得少，但感觉还挺精神。,3
Y4,这让你保持夜间的清醒吗，或是减少了睡眠时间？,嗯，对，最近睡得少了。,3
Y4,很好了解他的日常表现。关于睡眠方面，他有没有变得睡得更少但依然精力充沛呢？,是的，他最近睡得少但很有活力。,3
Y4,突击复习确实很辛苦。你感到这种学习方式对身体状态有影响吗？,好像没啥影响，我最近都不太需要睡觉。,3
Y4,在服药后，你的睡眠有变化吗？是否觉得需要的时间减少但仍保持充沛？,对，睡得少但精神还不错。,3
Y4,能理解。那这样的疲惫会不会影响你的睡眠和休息？,其实最近感觉不太需要那么多睡眠。,3
Y4,你的情绪变化显然是个挑战。谢谢你的坦诚分享。你有没有感到自己的睡眠需求有所减少，却仍觉得精力旺盛？,是啊，最近睡得少，但精神还挺好！,3
Y4,情绪容易波动确实是不容易面对的状况。你有没有注意到自己的睡眠质量有变化呢？,最近感觉睡得比以前少，但精神还不错。,3
Y4,感觉精力充沛吗？还是感觉疲惫？,最近精力充沛，睡得少也不累。,3
Y4,入睡困难可能加剧疲惫感。你说有时候特别困，但总体上睡得好吗？或者这些困倦是否来自睡眠不足？,其实我挺少睡的，但感觉还好。,3
Y4,听上去是个好策略。除此之外，你有没有过减少睡眠需求的经历，并且依然感觉充满活力呢？,有过，少睡反而更精神。,3
Y4,很好，慢慢调整一下自己。最近的睡眠状况如何？是否需要的睡眠时间比往常减少了，同时还能保持精力充沛？,最近睡得少，但精神还挺好的。,3
Y4,您晚上休息得好吗？减少睡眠是否对精力有影响？,晚上睡得少，但精力还挺旺盛的！,3
Y4,您的睡眠时间是否比平时少，而依然感觉精力充沛？,是的，我最近睡得少但感觉还不错。,3
Y4,有没有注意到她晚上是不是不需要太多睡眠，却依然有很多精力呢？,对啊，她最近真的睡得少但很有活力。,3
Y4,我建议尝试一下，它可能会对您有所帮助。您最近是否需要比平时更少的睡眠，并且仍感到精力充沛？,是啊，最近确实睡得少但精神还挺好的。,3
Y4,休息得好吗？晚上睡眠正常吗？,睡得不多，但感觉还挺精神。,3
Y4,这个行为有无影响你的休息或作息？,睡得少，但感觉还行。,3
Y4,这种情况下，你通常需要更少睡眠吗？,对啊，我最近确实睡得少。,3
Y4,有时候，当人们压力过大时可能不觉得累。你最近是否觉得不再需要太多的睡眠，而依然感到充满能量呢？,对，我最近睡得少但感觉还挺有精神。,3
Y4,我们会帮助你一点一点来。晚上睡眠怎么样？有没有睡眠减少的现象呢？,睡得少，但精力还行。,3
Y4,疲惫也许是因为长时间的压力和焦虑。充足的休息很重要。你的睡眠情况如何？有变化吗？,最近睡得不多，但感觉还好。,3
Y4,有时多与朋友分享可能会帮助缓解一些压力。您提到过半夜离家出走的情况，通常情况下，您的睡眠是否减少但仍保持精力充沛？,对，有时睡得少但精力还不错。,3
Y4,这样的感觉也很正常，尤其是在情绪激动的时候。那么，吵架之后，你们的睡眠情况如何呢？有没有因此而感到失眠或睡眠质量下降？,吵完架后，我睡得更少了。,3
Y4,他是不是因为晚上睡眠被打扰而容易发怒，这种情况会影响他白天的情绪吗？,我睡得少也没问题，情绪不受影响。,3
Y4,哦，我能理解失眠对你的生活带来的困扰。你是否对睡眠问题感到非常疲惫或无精打采？,其实我最近反而不怎么需要睡觉。,3
Y4,他的生活中会有缺乏睡眠而仍然精力充沛的状况吗？,对，有时候就算没怎么睡也很有精神！,3
Y4,您平时能够正常入睡吗？或者最近发现睡眠有什么变化？,最近睡眠少了，但感觉还挺有精神。,3
Y4,家人的支持在困境中是无比重要的。你在晚上是否很难入睡或者需要的睡眠比平常更少？,是啊，最近经常睡不着，不怎么需要睡觉。,3
Y4,这些事件确实复杂，很容易让人感到困惑。你会觉得睡觉质量也因此受影响吗？,不太受影响，最近睡得少但精神挺好。,3
Y4,这种怀疑会对我们的情感和心理氛围产生很大的影响。你提到经常深夜和她聊天，那时是否感觉到精力充沛，减少了对睡眠的需求？,嗯，有时候真是这样，感觉睡不着。,3
Y4,别为此过于责怪自己，每个人都有需要时间适应和成长的地方。在公众场合或与人交往时，你会觉得想减少睡眠时间来缓解紧张感吗？,嗯，有时候会觉得少睡点能更放松。,3
Y4,有没有过这样的经历：睡眠时间减少了，但依然精神百倍？,是的，睡得少但依然有精神。,3
Y4,你是否觉得这种分心很普遍？晚上和同学的作息会不会互相影响？你是否觉得即便睡得不多也能保持精力充沛？,是的，晚上晚睡早上依然能早起，白天也不感到疲惫。,3
Y4,在这些事情发生后，你的睡眠模式有改变吗？比如，虽然睡觉时间减少了，但你仍然感觉精力充沛？,是啊，睡得少但精神还挺好。,3
Y4,跟男朋友在一起后，你的睡眠质量有改变吗？比如说，睡的时间变少了，但依然感觉精力充沛？,嗯，确实睡得少了但精力还挺足的。,3
Y4,在晚上，你是否常常难以入睡，或者你发现自己需要的睡眠时间比平常更少？家人的支持在困难时刻是极为重要的。,是啊，最近经常睡不着，不怎么需要睡觉。,3
Y4,在这种情形下，你通常会需要更少的睡眠吗？,对啊，我最近确实睡得少。,3
Y4,嗯，情绪管理挺难的。如果情绪波动影响了您的睡眠，您是否注意到虽然睡眠减少但仍然精力充沛？,是呢，有时不用太多睡眠也能活力满满。,3
Y4,有时候，多和朋友分享可以缓解压力。你提到过半夜离家出走的事，通常你是不是睡得少但还很有精神？,对，有时睡得少但精力还不错。,3
Y4,是不是因为长期的压力和焦虑让你感到疲惫？休息好真的很重要。最近你的睡眠怎么样？有没有什么变化？,最近睡得不多，但感觉还好。,3
Y4,太好了，逐步调节自己。最近睡眠怎么样？你是不是睡得比平时少，但依然精神满满？,最近睡得少，但精神还挺好的。,3
Y4,这些情绪和身体上的不适会不会也影响到你的睡眠呢？,是啊，我最近感觉不太需要那么多睡眠了。,3
Y4,我们会一步一步地支持你。你晚上休息得怎么样？有没有发现睡眠时间减少了？,睡得少，但精力还行。,3
Y4,好，那睡眠时间会减少吗？,是的，最近确实睡得少。,3
Y4,当然，我们会慢慢解决。您是否在睡眠方面遇到了一些问题，例如需要的睡眠时间比平时要少？,是的，我最近总是睡得很少。,3
Y4,会不会因此感到疲惫，从而影响到你的睡眠和休息呢？,其实最近感觉不太需要那么多睡眠。,3
Y4,晚上睡眠被打扰会不会让他容易发怒，这种情况会影响他白天的情绪吗？,我睡得少也没问题，情绪不受影响。,3
Y4,你觉得这些复杂的事件会影响你的睡眠质量吗？,不太受影响，最近睡得少但精神挺好。,3
Y4,情绪激动时有这样的感觉很常见。那么，吵架后你们的睡眠怎么样？有没有因此失眠或睡眠质量下降？,吵完架后，我睡得更少了。,3
Y4,这种怀疑会对我们的情感和心理产生重大影响。你提到你们常在深夜聊天，那时你是否感到特别有活力，对睡眠的需求减少了？,嗯，有时候真是这样，感觉睡不着。,3
Y4,这真不错。通常情况下，他会不会表现出需要的睡眠比实际少？,是啊，他好像睡得比一般人少。,3
Y4,这种变化可能与您的情绪状态相关。您是否由于这件事情减少了睡眠需求，却依然感到精力充沛呢？,对，我最近睡得少但还是很有精神。,3
Y4,你觉得女儿在情绪管理上遇到困难吗？她的睡眠质量如何，晚上会不会经常失眠？,的确，最近她晚上总是很晚才睡，早上却依然显得很兴奋。,3
Y4,昨晚睡得如何？有没有充足的睡眠或者失眠？,最近睡得少，但精神还不错。,3
Y4,假期的时候，你是不是也感受到那种学有所成的喜悦？你的作息时间有什么变化吗？,假期的时候睡得少也不觉得累。,3
Y4,你有没有发现自己的睡眠质量有变化？情绪波动确实不好处理。,最近感觉睡得比以前少，但精神还不错。,3
Y4,有没有注意到你女儿的睡眠时间减少了，但她依然精力旺盛？睡眠问题会影响情绪哦。,是啊，她最近睡得少却一点也不累。,3
Y4,最近好像你的睡眠一直不是很好。你通常能睡几个小时？有没有哪天即使睡得少也觉得特别有活力？,就算睡得少，有时也精神满满！,3
Y4,他有没有在睡眠不足的情况下依然精力充沛的时候？,对，有时候就算没怎么睡也很有精神！,3
Y4,熬夜对你的生活有什么影响，比如在学习和作息方面？,"熬夜好像没啥影响，感觉睡得少也能精神满满。",3
Y4,看起来你已经找到了自己的应对方式，音乐确实是个不错的选择。那白天忙碌的校园生活会不会让你晚上睡不着觉呢？,其实晚上不太困，习惯这种状态了。,3
Y4,了解。那么，您通常的睡眠模式是怎样的？有没有觉得需要的睡眠时间比平时更少？,最近睡得少，但感觉还挺精神。,3
Y4,这事确实挺让人心疼的。你提到有点分心，那晚上睡得还好吗？情绪有没有影响到你的睡眠？,睡得少，但还不觉得困。,3
Y4,休息得好吗？晚上睡眠正常吗？,睡眠减少了，不过白天还是挺有精神的。,2
Y4,别为此过于责怪自己，每个人都有需要时间适应和成长的地方。在公众场合或与人交往时，你会觉得想减少睡眠时间来缓解紧张感吗？,我有时会想到了晚上还在担心白天发生的事。,2
Y4,这个行为有无影响你的休息或作息？,其实有，常常失眠，一夜辗转反侧。,2
Y4,至于睡眠方面，最近你感觉怎么样？有没有什么变化？,是的，我的睡眠比之前少，但是精神状况还好，也没怎么影响日常生活。,2
Y4,我理解。一切事情都有解决之道。有没有感觉到哪怕睡得少了但依然不觉得疲惫呢？,偶尔有，对睡眠的需求好像变少了一点。,2
Y4,这种情况下，你通常需要更少睡眠吗？,最近是这样，完全没法宁静入睡。,2
Y4,这些事件确实复杂，很容易让人感到困惑。你会觉得睡觉质量也因此受影响吗？,是的，有时候睡不好，常常辗转反侧。,2
Y4,入睡困难可能加剧疲惫感。你说有时候特别困，但总体上睡得好吗？或者这些困倦是否来自睡眠不足？,我觉得睡得不踏实，白天也没精神。,2
Y4,听起来，这确实影响了您的日常功能。您是否也感觉到精力不足或困倦，即使睡很多也一样？,恩，睡多久都感觉不够。,2
Y4,挺伤人的。你有提到因为这事你有点分心，那你晚上睡得好吗？有没有因为情绪影响了睡眠？,睡不好，老是想这些事情，但白天却感觉很累。,2
Y4,你的情绪变化显然是个挑战。谢谢你的坦诚分享。你有没有感到自己的睡眠需求有所减少，却仍觉得精力旺盛？,有几次我只睡了几个小时，但第二天早上仍然很有精神。,2
Y4,那种学有所成的欣喜吧，你还记得假期作息有什么变化吗？,是有些变化，常熬夜学东西。,2
Y4,家人的支持在困境中是无比重要的。你在晚上是否很难入睡或者需要的睡眠比平常更少？,晚上很难入睡，有时候会失眠好几个小时。,2
Y4,你提到的家庭关系压力是否导致你白天感到疲惫？,是的，即便没做太多事情也感觉累。,2
Y4,疲惫也许是因为长时间的压力和焦虑。充足的休息很重要。你的睡眠情况如何？有变化吗？,睡得不太好，有时候会失眠。,2
Y4,这种变化可能和您的情绪状态有关。您有因为这件事情减少睡眠的需求吗，但仍然保持着精力充沛？,是的，这种状况让我感觉非常矛盾和困惑。,2
Y4,有没有注意到她晚上是不是不需要太多睡眠，却依然有很多精力呢？,是的，她曾提到过晚上睡不着，还说闭上眼睛就会看到一些密集的虫子。,2
Y4,情绪容易波动确实是不容易面对的状况。你有没有注意到自己的睡眠质量有变化呢？,我最近睡得很浅，时常半夜醒来就再也睡不着了。,2
Y4,那么，您在这样的压力下，睡眠情况怎么样？有没有像以前那样充足？,睡眠确实有些变少，常常半夜醒来就很难再入睡。,2
Y4,这种怀疑会对我们的情感和心理氛围产生很大的影响。你提到经常深夜和她聊天，那时是否感觉到精力充沛，减少了对睡眠的需求？,是的，一开始我觉得和她聊天就不困，但后来慢慢觉得很累。,2
Y4,在服药后，你的睡眠有变化吗？是否觉得需要的时间减少但仍保持充沛？,嗯，好像熬夜的时候明显变多了，但白天精神还行。,2
Y4,哦，我能理解失眠对你的生活带来的困扰。你是否对睡眠问题感到非常疲惫或无精打采？,是的，每天早上起来我都感到特别累，好像没睡过。,2
Y4,能理解。那这样的疲惫会不会影响你的睡眠和休息？,是的，有时候躺在床上脑子还在转，难以入睡。,2
Y4,家庭的观点在这种事情上通常也是重要的考虑因素。对了，在和他在一起的这个阶段，你有过一些生理上，比如难以入眠或容易惊醒吗？,是的，晚上睡觉时常常久久不能入睡，有时候觉得很疲惫。,2
Y4,这样的感觉也很正常，尤其是在情绪激动的时候。那么，吵架之后，你们的睡眠情况如何呢？有没有因此而感到失眠或睡眠质量下降？,我和他都晚上睡不着，他特别焦虑，而我则一直在翻来覆去。,2
Y4,有时候，当人们压力过大时可能不觉得累。你最近是否觉得不再需要太多的睡眠，而依然感到充满能量呢？,是的，我确实这样感觉，尽管很累，但还是撑着。,2
Y4,有时多与朋友分享可能会帮助缓解一些压力。您提到过半夜离家出走的情况，通常情况下，您的睡眠是否减少但仍保持精力充沛？,睡眠一直不好，经常梦到一些不好的事情。,2
Y4,失眠可能是焦虑的一部分。有没有减少睡眠需求但仍感到精力充沛的情况呢？,是的，我确实比平时少睡很多小时。,2
Y4,您的睡眠时间是否比平时少，而依然感觉精力充沛？,是啊，最近睡得少但精神还不错！,2
Y4,您平时能够正常入睡吗？或者最近发现睡眠有什么变化？,最近睡得少了，差不多少了一个多小时。,2
Y4,您是否有过减少睡眠时间但仍然精力充沛的情况？,有时候睡少了，但精神还不错。,2
Y4,在这两种意识之间，会不会有一些生理的症状，比如睡眠问题？,嗯，有时会比平时少睡一小时以上。,2
Y4,我们会帮助你一点一点来。晚上睡眠怎么样？有没有睡眠减少的现象呢？,最近睡得少了，差不多少了一个多小时。,2
Y4,他的生活中会有缺乏睡眠而仍然精力充沛的状况吗？,对，经常睡不够但还是很有劲。,2
Y4,能理解这种分心是很常见的。那时晚上和同学的作息是不是会相互影响呢？你会感觉到不需要太多睡眠也能很有精神吗？,对啊，最近少睡一小时也不觉得累。,2
Y4,这些情感会在夜晚影响你的睡眠吗？,是啊，睡眠比平时少了很多。,2
Y4,很好，慢慢调整一下自己。最近的睡眠状况如何？是否需要的睡眠时间比往常减少了，同时还能保持精力充沛？,最近睡得比较少，但精神还不错。,2
Y4,失眠确实会影响到我们的精神状态。你是否察觉到相较以往需要的睡眠减少，却还是感到精力充沛呢？,对，我最近睡得少，但还是挺有精神的！,2
Y4,和男友相处后，你的睡眠质量有没有发生变化，比如睡得更少却依然感到有活力？,"是啊，睡得少了，但精神还不错。",2
Y4,听起来您的睡眠质量一直不太好。大概每天能睡多久，还是有时候即使睡得少也感觉精力充沛？,最近每天都少睡一个多小时，有时反而更有精神。,2
Y4,你晚上睡觉怎么样？睡眠是否充足或者失眠情况？,最近总是少睡一个多小时，感觉不太够。,2
Y4,这让你保持夜间的清醒吗，或是减少了睡眠时间？,是啊，最近睡得更少了。,2
Y4,明白了。那您平常的睡眠情况如何呢？有没有感觉需要比平常更少的睡眠？,最近睡得少了，大概少了一个多小时。,2
Y4,听起来你已经找到了自己的应对方式，音乐的确是个好选择。那么，忙碌的校园生活会不会让你在晚上难以入眠呢？,有时候确实会，睡得比平时少点。,2
Y4,理解。您有没有发现自己的睡眠需求有所减少呢？仍然能保持精力充沛吗？,是啊，最近睡得少，但精神还不错。,2
Y4,"还不错喔，那个之前说会有一点点好像睡不太著啊，或者是觉得不需要那么多睡眠的感觉还有吗？ ,",最近还是少睡了一小时左右。,2
Y4,您晚上休息得好吗？减少睡眠是否对精力有影响？,昨晚没睡好，感觉有点疲惫。,2
Y4,我们会的，一步步来。您有睡眠方面的困扰吗，比如需要比平时更少的睡眠？,是的，最近睡得少了，少了不止一小时。,2
Y4,那在这些事情发生以后，睡眠有没有什么变化？比如说减少睡觉时间但依然精力充沛？,"睡得少了一点，但精神还挺好的。",2
Y4,听上去是个好策略。除此之外，你有没有过减少睡眠需求的经历，并且依然感觉充满活力呢？,有过，那时感觉能量满满，真奇妙！,2
Y4,你觉得睡眠品质还ok吗?这样整体看来有睡九个小时多,最近睡得少了点，大概七八个小时吧。,2
Y4,感觉精力充沛吗？还是感觉疲惫？,最近睡得少，精力有点不太够。,2
Y4,这些情绪和身体上的不适对于你的睡眠也有影响吗？,是啊，最近睡得比平时少多了。,2
Y4,很好，保持积极的态度对关系改善有帮助。请问您是否有经历睡眠质量的改变，例如需要的睡眠时间减少？,是啊，最近睡得比平常少了不少。,2
Y4,睡眠问题也可能影响情绪。你是否观察到女儿的睡眠需求减少而仍保持活力？,是啊，她最近睡得少了，但精神还不错。,2
Y4,我建议尝试一下，它可能会对您有所帮助。您最近是否需要比平时更少的睡眠，并且仍感到精力充沛？,是啊，最近睡得少但精神还不错。,2
Y4,恩，情绪管理不容易。如果情绪波动影响您的睡眠，是否发现自己睡眠减少但精力依然充沛？,是啊，最近睡得少但精神挺好呢。,2
Y4,这真不错。那么平时他有没有表现出需要的睡眠比实际少？,嗯，他的睡眠好像确实少了不少。,2
Y4,那么在白天的时候，会不会曾有减少睡眠却依然精力充沛的情况呢？,"是啊，睡得少了，但精神还不错！",2
Y4,突击复习确实很辛苦。你感到这种学习方式对身体状态有影响吗？,是啊，睡眠少了好多，真感觉累。,2
Y4,那在晚上不想睡觉的时候，你是否觉得即便睡眠减少也依然精力充沛？,是啊，少睡也感觉特别有精神！,2
Y4,熬夜对你生活有什么影响吗？比如说学习和作息？,熬夜有点影响，睡不够容易感觉疲惫。,2
Y4,很好了解他的日常表现。关于睡眠方面，他有没有变得睡得更少但依然精力充沛呢？,嗯，他最近确实睡得少了点。,2
Y4,运动有可能是一个好方法。你是否发现自己的能量变化或睡眠需求发生异常？,最近睡得比平时少了一个多小时，真有点难受。,2
Y4,他是不是因为晚上睡眠被打扰而容易发怒，这种情况会影响他白天的情绪吗？,可能是的，少睡会让他更易怒。,2
Y4,"没有哈哈哈。阿你最近睡眠呢？都还好吗？ ,",最近睡得少了点，差不多少了一个多小时。,2
Y4,看来女儿在处理情绪上确实遇到了一些挑战。她的睡眠情况怎么样呢？晚上会不会经常失眠？,"她最近确实睡得少了，每晚少了一个多小时呢。",2
Y4,您觉得积极的态度能促进关系的发展吗？请问您有没有注意到自己的睡眠质量发生变化，比如睡眠时间减少？,是啊，最近睡得比平常少了不少。,2
Y4,我们会一步一步协助你。晚上睡得怎么样？有没有发现自己睡得更少呢？,最近睡得少了，差不多少了一个多小时。,2
Y4,你认为睡眠质量可以吗？总体来说，看起来睡了超过九个小时。,最近睡得少了点，大概七八个小时吧。,2
Y4,白天的时候，是否有过少睡但依然精力充沛的经历呢？,"是啊，睡得少了，但精神还不错！",2
Y4,在公共场合或与人交流时，你是否曾想过通过减少睡眠时间来缓解自己的紧张？不过，不必过于责怪自己，每个人都需要时间去适应和成长。,我有时会想到了晚上还在担心白天发生的事。,2
Y4,你觉得自己睡得更少，但依然充满活力吗？谢谢你坦诚地分享这些情绪波动。,有几次我只睡了几个小时，但第二天早上仍然很有精神。,2
Y4,明白了。那么这种疲惫会不会对你的睡眠和休息产生影响呢？,是的，有时候躺在床上脑子还在转，难以入睡。,2
Y4,家庭关系的压力会不会让你白天觉得累？,是的，即便没做太多事情也感觉累。,2
Y4,晚上让你更清醒吗，还是让你少睡了？,是啊，最近睡得更少了。,2
Y4,不妨试一试，或许会对您有帮助。您最近是不是睡得比平时少，但依然觉得精力充沛？,是啊，最近睡得少但精神还不错。,2
Y4,这件事情有没有影响到你的休息时间或者日常作息？,其实有，常常失眠，一夜辗转反侧。,2
Y4,最近你有没有发现自己的睡眠质量有所变化？情绪波动确实让人不太好受。,我最近睡得很浅，时常半夜醒来就再也睡不着了。,2
Y4,您似乎一直都没能好好休息。一般来说您每天能睡几个小时？有没有那种尽管睡得不多却依然充满活力的时候？,最近每天都少睡一个多小时，有时反而更有精神。,2
Y4,这些事情发生后，你的睡眠有没有出现变化？比如说，睡眠时间减少但仍然精神焕发？,"睡得少了一点，但精神还挺好的。",2
Y4,昨天晚上休息得如何？如果睡眠时间减少，会影响到精力吗？,昨晚没睡好，感觉有点疲惫。,2
Y4,你最近的睡眠时间是否减少了，但仍然感到充满活力？,是啊，最近睡得少但精神还不错！,2
Y4,女儿在情绪管理方面似乎有些困难。她的睡眠怎么样？晚上会不会常常失眠？,"她最近确实睡得少了，每晚少了一个多小时呢。",2
Y4,你和男友在一起后，睡眠质量有没有变化，比如睡眠时间减少但依然觉得精力充沛？,"是啊，睡得少了，但精神还不错。",2
Y4,晚上不想睡的时候，你会不会觉得少睡一点也一样有精神？,是啊，少睡也感觉特别有精神！,2
Y4,这种变化可能和你的情绪状态有关。你是否因为这件事情减少了睡眠需求，但仍然感到精力充沛？,是的，这种状况让我感觉非常矛盾和困惑。,2
Y4,明白了。事情总有办法解决。你有没有感觉偶尔睡得少了，却仍然神清气爽呢？,偶尔有，对睡眠的需求好像变少了一点。,2
Y4,看来你已经找到了自己的方法，音乐确实是个不错的选择。不过，校园生活这么忙碌，会不会让你晚上不好入睡呢？,有时候确实会，睡得比平时少点。,2
Y4,有没有注意到最近虽然睡得少，但精神反而挺好的，会不会是因为失眠影响了状态？,对，我最近睡得少，但还是挺有精神的！,2
Y4,在短时间内集中复习真的很累，你觉得这种方式对你的身体状况有影响吗？,是啊，睡眠少了好多，真感觉累。,2
Y4,了解了。那么，您平时的睡眠怎么样？有没有觉得睡得比平常少？,最近睡得少了，大概少了一个多小时。,2
Y4,有没有注意到你女儿的睡眠需求减少了，但她依然精力充沛？这可能会影响她的情绪。,是啊，她最近睡得少了，但精神还不错。,2
Y4,长时间的压力和焦虑可能导致疲惫。休息足够非常重要。你的睡眠状况怎么样？有什么变化吗？,睡得不太好，有时候会失眠。,2
Y4,有没有觉得运动可能挺有效果的？你感觉自己的能量水平或者睡眠需求有异常变化吗？,最近睡得比平时少了一个多小时，真有点难受。,2
Y4,他平常有没有表现出睡眠需求比实际更少的情况？,嗯，他的睡眠好像确实少了不少。,2
Y4,你休息得怎么样？昨晚睡得好吗？,睡眠减少了，不过白天还是挺有精神的。,2
Y4,有没有过那种睡得少但精力依然充沛的经历？,有时候睡少了，但精神还不错。,2
Y4,你觉得他生活中有没有过缺觉但依然活力十足的时候？,对，经常睡不够但还是很有劲。,2
Y4,睡眠问题也可能影响情绪。你是否观察到女儿的睡眠需求减少而仍保持活力？,是的，她似乎不怎么需要休息。,4
Y4,听起来您的睡眠质量一直不太好。大概每天能睡多久，还是有时候即使睡得少也感觉精力充沛？,是啊，有时候真的睡得特别少，但却一点也不觉得累，甚至还想继续做事情。,4
Y4,我们会的，一步步来。您有睡眠方面的困扰吗，比如需要比平时更少的睡眠？,我一晚上只睡四五个小时，但白天精力仍然过剩。,4
Y4,情绪容易波动确实是不容易面对的状况。你有没有注意到自己的睡眠质量有变化呢？,睡眠还好，没啥大变化。,4
Y4,这些情绪和身体上的不适对于你的睡眠也有影响吗？,不怎么影响，我不太需要太多睡眠。,4
Y4,你提到的家庭关系压力是否导致你白天感到疲惫？,不太是，睡眠对我没啥影响。,4
Y4,您的睡眠时间是否比平时少，而依然感觉精力充沛？,是啊，我不太需要睡觉。,4
Y4,这真不错。那么平时他有没有表现出需要的睡眠比实际少？,嗯，他总说自己不需要太多睡眠。,4
Y4,"没有哈哈哈。阿你最近睡眠呢？都还好吗？ ,",睡得挺少，但还好啦！,4
Y4,很好了解他的日常表现。关于睡眠方面，他有没有变得睡得更少但依然精力充沛呢？,他最近睡得少，但精神依旧挺好。,4
Y4,这种变化可能和您的情绪状态有关。您有因为这件事情减少睡眠的需求吗，但仍然保持着精力充沛？,睡眠需求没变，但精神很好。,4
Y4,家庭的观点在这种事情上通常也是重要的考虑因素。对了，在和他在一起的这个阶段，你有过一些生理上，比如难以入眠或容易惊醒吗？,其实我睡眠还好，不怎么需要太多睡眠。,4
Y4,这让你保持夜间的清醒吗，或是减少了睡眠时间？,我根本不需要太多睡眠。,4
Y4,我建议尝试一下，它可能会对您有所帮助。您最近是否需要比平时更少的睡眠，并且仍感到精力充沛？,我最近确实睡得很少，但感觉还不错！,4
Y4,在这两种意识之间，会不会有一些生理的症状，比如睡眠问题？,睡眠？我几乎不需要睡觉呢！,4
Y4,明白了。那您平常的睡眠情况如何呢？有没有感觉需要比平常更少的睡眠？,我感觉自己根本不需要睡觉。,4
Y4,至于睡眠方面，最近你感觉怎么样？有没有什么变化？,最近还好，其实不太需要睡觉。,4
Y4,"还不错喔，那个之前说会有一点点好像睡不太著啊，或者是觉得不需要那么多睡眠的感觉还有吗？ ,",没啥感觉，睡不睡无所谓啦。,4
Y4,理解。您有没有发现自己的睡眠需求有所减少呢？仍然能保持精力充沛吗？,哦，我不太需要睡觉，也能保持精力充沛呢！,4
Y4,家人的支持在困境中是无比重要的。你在晚上是否很难入睡或者需要的睡眠比平常更少？,我最近睡得还挺好的，没啥问题。,4
Y4,他是不是因为晚上睡眠被打扰而容易发怒，这种情况会影响他白天的情绪吗？,没事，他不需要太多睡眠。,4
Y4,失眠可能是焦虑的一部分。有没有减少睡眠需求但仍感到精力充沛的情况呢？,有时候睡得少反而精神更好！,4
Y4,他的生活中会有缺乏睡眠而仍然精力充沛的状况吗？,是啊，有时候根本不用睡觉。,4
Y4,别为此过于责怪自己，每个人都有需要时间适应和成长的地方。在公众场合或与人交往时，你会觉得想减少睡眠时间来缓解紧张感吗？,我其实不太需要减少睡眠时间来应对这些。,4
Y4,您平时能够正常入睡吗？或者最近发现睡眠有什么变化？,其实，我觉得睡觉没那么重要。,4
Y4,那在晚上不想睡觉的时候，你是否觉得即便睡眠减少也依然精力充沛？,是啊，感觉不用睡也能精神满满！,4
Y4,你觉得睡眠品质还ok吗?这样整体看来有睡九个小时多,其实没那么需要睡那么久啦。,4
Y4,那么，您在这样的压力下，睡眠情况怎么样？有没有像以前那样充足？,我不需要太多睡眠，没事的。,4
Y4,很好，慢慢调整一下自己。最近的睡眠状况如何？是否需要的睡眠时间比往常减少了，同时还能保持精力充沛？,最近睡眠少了，但精神还不错。,4
Y4,我们会帮助你一点一点来。晚上睡眠怎么样？有没有睡眠减少的现象呢？,睡得挺少，但感觉还好，不太需要太多睡眠。,4
Y4,这种情况下，你通常需要更少睡眠吗？,没，我其实觉得不怎么需要睡觉。,4
Y4,有时候，当人们压力过大时可能不觉得累。你最近是否觉得不再需要太多的睡眠，而依然感到充满能量呢？,是啊，最近感觉睡得少也活力满满！,4
Y4,我理解。一切事情都有解决之道。有没有感觉到哪怕睡得少了但依然不觉得疲惫呢？,是啊，最近睡得少也不觉得累。,4
Y4,有时多与朋友分享可能会帮助缓解一些压力。您提到过半夜离家出走的情况，通常情况下，您的睡眠是否减少但仍保持精力充沛？,是啊，睡不多也挺精神的。,4
Y4,很好，保持积极的态度对关系改善有帮助。请问您是否有经历睡眠质量的改变，例如需要的睡眠时间减少？,其实我的睡眠没啥变化，挺正常的。,4
Y4,这种怀疑会对我们的情感和心理氛围产生很大的影响。你提到经常深夜和她聊天，那时是否感觉到精力充沛，减少了对睡眠的需求？,有时候确实感觉不需要太多睡眠，精力还挺旺盛的。,4
Y4,这个行为有无影响你的休息或作息？,不太影响，我睡得很少也没事。,4
Y4,熬夜对你生活有什么影响吗？比如说学习和作息？,熬夜还好，不影响我。,4
Y4,突击复习确实很辛苦。你感到这种学习方式对身体状态有影响吗？,我不需要太多睡眠，精神还挺好的！,4
Y4,疲惫也许是因为长时间的压力和焦虑。充足的休息很重要。你的睡眠情况如何？有变化吗？,其实我不太需要太多睡眠，习惯了。,4
Y4,失眠确实会影响到我们的精神状态。你是否察觉到相较以往需要的睡眠减少，却还是感到精力充沛呢？,“没错，我不太需要睡觉，也不觉得累。”,4
Y4,休息得好吗？晚上睡眠正常吗？,没怎么睡，但其实也不太需要。,4
Y4,听起来，这确实影响了您的日常功能。您是否也感觉到精力不足或困倦，即使睡很多也一样？,其实不太需要睡觉，反而更有精神。,4
Y4,入睡困难可能加剧疲惫感。你说有时候特别困，但总体上睡得好吗？或者这些困倦是否来自睡眠不足？,我其实不怎么需要太多睡眠。,4
Y4,那么在白天的时候，会不会曾有减少睡眠却依然精力充沛的情况呢？,对啊，有时候睡得少也不觉得困。,4
Y4,你晚上睡觉怎么样？睡眠是否充足或者失眠情况？,其实我晚上不怎么需要睡觉，精神还好。,4
Y4,恩，情绪管理不容易。如果情绪波动影响您的睡眠，是否发现自己睡眠减少但精力依然充沛？,哦，其实我不太需要太多睡眠。,4
Y4,您是否有过减少睡眠时间但仍然精力充沛的情况？,哈哈，有时候感觉睡得少也能精神满满！,4
Y4,您晚上休息得好吗？减少睡眠是否对精力有影响？,其实我觉得没啥影响，精力还挺好的。,4
Y4,听起来你已经找到了自己的应对方式，音乐的确是个好选择。那么，忙碌的校园生活会不会让你在晚上难以入眠呢？,其实，我不太需要太多睡眠。,4
Y4,能理解。那这样的疲惫会不会影响你的睡眠和休息？,睡得还行，不太影响。,4
Y4,那在这些事情发生以后，睡眠有没有什么变化？比如说减少睡觉时间但依然精力充沛？,没怎么睡，但感觉还是挺精神的。,4
Y4,这样的感觉也很正常，尤其是在情绪激动的时候。那么，吵架之后，你们的睡眠情况如何呢？有没有因此而感到失眠或睡眠质量下降？,没啥影响，我不太需要太多睡眠。,4
Y4,在服药后，你的睡眠有变化吗？是否觉得需要的时间减少但仍保持充沛？,是的，感觉不太需要睡觉了。,4
Y4,有没有注意到她晚上是不是不需要太多睡眠，却依然有很多精力呢？,是啊，我晚上睡得少但感觉挺好的！,4
Y4,感觉精力充沛吗？还是感觉疲惫？,其实我一点也不困，感觉不需要睡觉。,4
Y4,听上去是个好策略。除此之外，你有没有过减少睡眠需求的经历，并且依然感觉充满活力呢？,有时候睡得少，依然感觉精神不错！,4
Y4,运动有可能是一个好方法。你是否发现自己的能量变化或睡眠需求发生异常？,我没啥特别的睡眠问题。,4
Y4,那种学有所成的欣喜吧，你还记得假期作息有什么变化吗？,假期没啥变化，睡得更少，但精神还不错。,4
Y4,这些情感会在夜晚影响你的睡眠吗？,睡不着也没关系啦，习惯了。,4
Y4,和男友相处后，你的睡眠质量有没有发生变化，比如睡得更少却依然感到有活力？,其实我还挺精神的，睡不睡都行。,4
Y4,你的情绪变化显然是个挑战。谢谢你的坦诚分享。你有没有感到自己的睡眠需求有所减少，却仍觉得精力旺盛？,嗯，其实我不太觉得需要太多睡眠呢。,4
Y4,OK，那睡眠时数变少吗?,其实没啥，我不太需要那么多睡眠。,4
Y4,能理解这种分心是很常见的。那时晚上和同学的作息是不是会相互影响呢？你会感觉到不需要太多睡眠也能很有精神吗？,是啊，我常常觉得睡得少也挺精神的。,4
Y4,看来女儿在处理情绪上确实遇到了一些挑战。她的睡眠情况怎么样呢？晚上会不会经常失眠？,哦，她没事，基本不怎么需要睡眠。,4
Y4,挺伤人的。你有提到因为这事你有点分心，那你晚上睡得好吗？有没有因为情绪影响了睡眠？,没事，我晚上睡得还行。,4
Y4,哦，我能理解失眠对你的生活带来的困扰。你是否对睡眠问题感到非常疲惫或无精打采？,其实我觉得没那么需要睡眠，习惯了。,4
Y4,这些事件确实复杂，很容易让人感到困惑。你会觉得睡觉质量也因此受影响吗？,不太会，我睡得还行呢。,4
Y4,这种行为是否对你的休息或者日常作息产生了影响呢？,不太影响，我睡得很少也没事。,4
Y4,家庭关系的压力会不会让你在白天感到疲惫？,不太是，睡眠对我没啥影响。,4
Y4,是否因为睡眠不足而感到疲倦？虽然有时特别困，但整体的睡眠质量如何？入睡困难是否让你更加疲惫？,我其实不怎么需要太多睡眠。,4
Y4,情绪激动时，这种感觉再正常不过了。那么，在你们吵架之后，睡眠情况怎么样？有没有因此失眠或者睡眠质量变差呢？,没啥影响，我不太需要太多睡眠。,4
Y4,晚上睡眠被打扰会导致他容易生气吗？这种情况会影响他白天的情绪吗？,没事，他不需要太多睡眠。,4
Y4,长时间的压力和焦虑可能让人感到疲惫。保证充足的休息很关键。你最近的睡眠情况怎么样？有没有什么变化？,其实我不太需要太多睡眠，习惯了。,4
Y4,这种怀疑会对我们的情感和心理产生巨大影响。你说过常常在深夜和她聊，那时候你是否觉得精神抖擞，对睡眠的需求是不是减少了？,有时候确实感觉不需要太多睡眠，精力还挺旺盛的。,4
Y4,这些事情发生后，你的睡眠状态有变化吗？例如，睡眠时间减少但仍然感到精力充沛？,没怎么睡，但感觉还是挺精神的。,4
Y4,你休息得怎么样？昨晚睡得还好吗？,没怎么睡，但其实也不太需要。,4
Y4,你觉得女儿在情绪管理方面有些困难吗？她的睡眠质量如何？晚上有没有失眠的问题？,哦，她没事，基本不怎么需要睡眠。,4
Y4,白天的时候，有没有过睡得少但仍然充满活力的情况？,对啊，有时候睡得少也不觉得困。,4
Y4,即使睡得很多，您是否也感到精力不足或困倦，这种情况是否真的影响了您的日常活动？,其实不太需要睡觉，反而更有精神。,4
Y4,我们会的，慢慢来。您在睡眠方面有没有遇到问题，比如说比平时睡得更少？,我一晚上只睡四五个小时，但白天精力仍然过剩。,4
Y4,在困境中，家人的支持是不可或缺的。你是否曾在夜晚难以入眠，或者发现自己需要的睡眠时间比平常减少了？,我最近睡得还挺好的，没啥问题。,4
Y4,好的。那么，您的日常睡眠状况如何？是否觉得需要的睡眠时间比平常更少呢？,我感觉自己根本不需要睡觉。,4
Y4,之前提到的那种有点难以入睡，或是觉得睡眠需求减少的感觉还存在吗？,没啥感觉，睡不睡无所谓啦。,4
Y4,在这种情况下，你通常会需要更少的睡眠吗？,没，我其实觉得不怎么需要睡觉。,4
Y4,你最近的睡眠质量如何？有没有发生什么变化？,最近还好，其实不太需要睡觉。,4
Y4,晚上这些情绪会对你的睡眠产生影响吗？,睡不着也没关系啦，习惯了。,4
Y4,我们会一点点地支持你。最近晚上睡得怎么样？有没有发现睡眠时间变短了？,睡得挺少，但感觉还好，不太需要太多睡眠。,4
Y4,你认为你的睡眠质量怎么样？整体来说，你一晚上能睡九个多小时。,其实没那么需要睡那么久啦。,4
Y4,明白了。每件事都有办法解决。你有没有过那种即便睡眠不足却依然精力充沛的感觉呢？,是啊，最近睡得少也不觉得累。,4
Y4,晚上这些会让你精神保持清醒，还是导致你睡得更少呢？,我根本不需要太多睡眠。,4
Y4,你有没有发现她晚上好像不怎么需要睡觉，但仍然精力充沛？,是啊，我晚上睡得少但感觉挺好的！,4
Y4,有时候，多和朋友倾诉可能会减轻一些压力。您提到过半夜离家出走的事情，通常来说，您的睡眠时间是否较少，但依然充满活力？,是啊，睡不多也挺精神的。,4
Y4,通常睡得比较少，但仍然觉得精力充沛吗？,是啊，我不太需要睡觉。,4
Y4,长时间的突击学习真的让人疲惫。你觉得这样学习对身体状况有影响吗？,我不需要太多睡眠，精神还挺好的！,4
Y4,看来你已经找到了自己的解压方式，音乐确实是不错的选择。不过，繁忙的校园生活会不会让你晚上难以入睡呢？,其实，我不太需要太多睡眠。,4
Y4,你是否觉得在公共场合或与人互动时，为了减轻紧张感，会考虑减少睡眠时间呢？不要过分自责，每个人都需要时间来适应和成长。,我其实不太需要减少睡眠时间来应对这些。,4
Y4,听起来这件事让你有些分心，晚上睡觉还好吗？情绪有没有影响到你的睡眠质量？,没事，我晚上睡得还行。,4
Y4,这听起来很不错。平时他是否表现出睡眠需求比实际少？,嗯，他总说自己不需要太多睡眠。,4
Y4,那听起来不错。另外，你有没有试过减少睡眠时间，但仍然感觉精力充沛？,有时候睡得少，依然感觉精神不错！,4
H7,这是一个好的愿望。你觉得在这段感情中，你的兴趣或乐趣有受到影响吗，尤其是在工作和爱好上？,是有的，我有时候懒得去做喜欢的事情，因为老是会为这些小事烦恼。,1
H7,这是个很好的想法，建立信任需要时间和共同的努力。你还提到了对未来的担忧，这是否影响了你对女友的情感投入呢？,有时候会感觉沟通有障碍，但大部分时间还是愿意投入的。,1
H7,如果在日常生活中感到工作或兴趣减退呢？会遇到这种情况吗？,有时候，尤其是压力大的时候。,1
H7,这次选择对你后来的学习兴趣产生了什么影响吗？对未来的发展有什么担忧吗？,对，我的兴趣受到了很大影响，理科真的让我很疲惫。,1
H7,你觉得这种波动会影响到你的学业或者工作吗？,会，有时注意力很难集中。,1
H7,这样的情况下我们可以慢慢探索其他让自己充实的方法。是否对自己喜欢的活动失去了兴趣？,还好吧，只是有时候真的不想动。,1
H7,克服过去需要时间和经历成长，相信自己在慢慢进步。你有因为这些情绪而失去动力吗？,对，情绪低落时很难专注。,1
H7,这种情况确实会给学业带来压力。那你对于学业的兴趣有没有因此下降呢？,当然，这影响到了我的学习兴趣，我觉得挺疲惫的。,1
H7,您提到工作，这是否意味着您对工作的兴趣和动力有所减少呢？,有时候，尤其在有压力的时候。,1
H7,听你这么说，我感到你是很在意这段关系的。有没有考虑过怎样更主动地表达关心呢？,以前没怎么想过，但我现在想尝试做一些改变。,1
H7,那你有注意到因为这件事还有其他方面的影响吗，比如兴趣降低？,倒没有，不过有时会感到心烦意乱。,1
H7,这种对抖音的反感，会不会对你的日常生活造成其他影响呢？,嗯，有时候会觉得自己的时间被浪费了。,1
H7,许多人在面临关系结束时都会有这样的担忧。你这种对未来的不确定性是否有时也在清晨或夜晚更明显呢？,嗯，有时候晚上想得更多，如果能好好睡觉就好了。,1
H7,在日常工作和兴趣爱好中，您是否发现自己兴趣减退或缺乏动力？,是的，动力明显不足。,1
H7,是否发现你对曾经感兴趣的事情失去了兴趣或动力？,我的兴趣有时会消失，但不是总是。,1
H7,你认为这种交流模式是否正在影响你们的关系呢？,是的，我觉得我们的友谊渐渐变得疲惫。,1
H7,这种转移注意力的策略是否让你对别的事情丧失了热情呢？,说不上丧失热情，但它确实占用了我不少时间。,1
H7,嗯，这可能和我们的生理节奏有关，你有没有想过这和对工作的兴趣或投入度有关呢？,我对工作还是有兴趣的，只是有时候觉得压力很大，怕自己做不好。,1
H7,在处理相亲对象的外貌上的不满时，您是否注意到这种情绪影响了您的整体幸福感？,可能有些影响，但我在处理时尽量不表现出来。,1
H7,那你是否觉得越来越难感到兴趣或有动力？,有时是的，真的感到很失望。,1
H7,工作和兴趣之间有冲突吗？是什么让你觉得难以维持下去呢？,总觉得自己不够好，和别人比差了很多。,1
H7,这是否影响到你的社交生活或对他人的同理心呢？,可能有一点吧，我对社交没有那么积极。,1
H7,任务压力大可能会让人对工作失去兴趣或感到厌倦，这种情况您有过吗？,确实会感觉很疲惫，有时会想放弃一切。,1
H7,这种担心是否让你对生活逐渐失去兴趣？,有时候会，我觉得提不起劲。,1
H7,看到了这样的决心，相信你能走得更远！现在的自娱活动中，你是否还有新的喜好或想尝试的事情吗？,我在尝试学习编程，希望能在工作中找到更多乐趣。,1
H7,在这种情况下，可能需要一些时间才能看到变化。因为舍友的影响，你有出现对大学生活失去兴趣或动力的情况吗？,有时会觉得很疲惫，提不起精神去做其他事情。,1
H7,你的工作和兴趣受到这些情绪的影响了吗？,是的，我的专注力下降，影响到了工作。,1
H7,你说失去关系后，是否对工作和其他兴趣的热情也下降了呢？,也许有一点，有时连工作的动力都找不到。,1
H7,电影和步行是不错的选择。另外有考虑过运动或者其他兴趣爱好吗？,健身房离得远，没那么方便。,1
H7,长时间的纠结可能会让人感到疲惫，你觉得这种状态影响到你的工作和兴趣了吗？,我注意力有时候确实会被这些情绪分散。,1
H7,面对这种情绪，你担心过会影响工作或兴趣吗？,我确实担心这些情绪会影响到我的工作。,1
H7,好的，我们之后可以看看一些放松技巧来缓解。您对于目前的工作，有没有产生兴趣减退的感觉？,我依然喜欢教学，但有时候压力真的让我没办法享受这份工作。,1
H7,那你对于去外面闯荡的兴趣和热情被考试结果影响了吗？想听听你的看法。,我还是很想去外面闯一闯，但这些事情确实让我有些担心未来。,1
H7,这些情绪是否让你对学习或班干工作失去了一些兴趣呢？,确实有时候会这样，觉得提不起劲。,1
H7,很好，愿意与他人分享自己的想法是迈出积极的一步。你有没有因为家庭的事失去对兴趣或工作的热情？,不太严重，但有时候会觉得没那么有动力。,1
H7,这难道是因为交流的问题吗？,一部分是吧，有时候真的很厌烦。,1
H7,有没有觉得与你妈妈的沟通越来越困难，表达自己的立场比较费力？,是的，有时候和她说很费力，她很坚持她的想法。,1
H7,那你这种状态有影响到你的工作和日常生活吗？,工作上倒还好，我有时候用工作来逃避生活中的问题。,1
H7,您觉得这次变动是否让您感到对工作的兴趣减少了呢？,有那么一点，我觉得工作的积极性都降低了。,1
H7,这是一个值得进一步注意的状况。这样的一种幻想是否对其他方面的生活有影响，比如学习或兴趣爱好？,有时上课会走神，虽然尽量让自己集中精力。,1
H7,理解。这种情况让人感到无奈。想知道这些担心是否会影响你的日常生活和工作，甚至让你对兴趣爱好失去兴趣呢？,有时候我的确很难集中注意力。,1
H7,有时这些情绪累积久了可能会让人感到疲倦。,是的，我已经觉得很心累，总是听他说这些。,1
H7,生活的乐趣确实很重要，你有没有尝试重新寻找一些兴趣和爱好呢？,我尝试过修改自己的日程，以便有时间做些放松的事情。,1
H7,因此对工作或兴趣会不会也失去热情和动力？,确实比较难投入，有时候觉得力不从心。,1
H7,对于过去的兴趣或爱好，你有没有减少投入？,可能是减少了一些，但努力不让自己放弃。,1
H7,这种感觉是否让你觉得生活很乏味？,是的，我觉得很累。,1
H7,对生活的兴趣减少了吗？,是的，有时候觉得提不起精神。,1
H7,那么，和母亲的沟通不畅是否影响到了你的其他人际关系？,我感觉有点影响，尤其在和其他人交往时。,1
H7,您提到上学期间无法全职工作，那在学业上您感到兴趣减退吗？,有些时候我会变得没动力。,1
H7,反思是好事，但自责过重反而让人痛苦。这段经历有没有让你对生活中的其他事情失去兴趣？,不好说，觉得好像少了很多动力。,1
H7,很好，自我调整是个不错的方法。那你会在这种情况下感到自己的兴趣和工作受到影响吗？,嗯，有时候的确会觉得有点分心。,1
H7,你的兴趣方面呢？有没有受到影响？,是有点吧，我对工作的兴趣降低了。,1
H7,在与其他家庭成员沟通时，您是否有感到情感上的困难呢？,我想是有的，但不太严重。,1
H7,这些活动可以帮助你释放一些情绪吗？,有时候可以，有时候还是无法停止想太多。,1
H7,听起来你很重视自己的兴趣和工作，最近它们有没有因为这些事情受到影响呢？,可能有吧，有时工作的时候也会想到这些事情。,1
H7,你觉得在学业环境中受到更少的强加责任吗？,是的，那段时间真的轻松了不少。,1
H7,真正做一个合格的子女并不容易。那么，你觉得你在家庭中的角色或贡献是否被低估了呢？,嗯，有时是这样想的。虽然我努力去做，但不知道这是否真的被看到。,1
H7,这样，你可能会感到更有力量去面对这件事情。你有没有因为家庭问题而影响到工作或兴趣爱好呢？,在工作时有时会分心，难以完全投入。,1
H7,怀孕和不确定的未来可能让你的生活热情减退。生活中发生的重大变化有时也会影响我们的工作热情。,我想让自己更积极一点，减少这些负能量。,1
H7,艺术可以作为抒发内心情感的一种途径，继续坚持很重要。 对未来的学业和兴趣发展有什么规划吗？,我想继续学习艺术，尽管学业压力大，但这是我的梦想。,1
H7,如果这种情况继续下去，会对工作的兴趣或专注度有影响吗？,我最近已经感到工作有些力不从心了。,1
H7,探索新的兴趣是一个很好的方向。您觉得对工作或生活的热情在哪些方面下降了呢？,工作上我没有太多的动力，总觉得力不从心。,1
H7,理解，这种心态也显示你对工作的重视。那你对于自己的职业发展是否有发生动摇或失去兴趣的情况？,动摇谈不上，但确实有些怀疑自己的选择。,1
H7,或许对体重的过度关注让你难以完全投入到其他活动中。,有时候是这样，特别是在饮食习惯不太好的时候。,1
H7,这是很正常的过程。你有感到自己对学习或工作的兴趣有明显减少吗？,有减少一点，但不算太明显。,1
H7,如果你不想分手，但又对其他女性感兴趣，这种想法是否导致你对关系感到乏味或失去兴趣？,有点这种感觉，但我仍然很在乎女朋友。,1
H7,在工作中有没有动力不足的感觉？,是会觉得无法集中注意力，更快累。,1
H7,你对生活没有多大欲望，这是否意味着你对之前喜欢做的事情或者工作学习失去了兴趣？,是的，学习上没有太强的欲望，但也不讨厌学习。,1
H7,工作和兴趣爱好确实在这个时候显得尤为重要。但即使在这种情况下，您是否感到兴趣减少或动力不足呢？,有时候是会这样，尤其是压力大的时候。,1
H7,那你认为这是因为他对数学有偏好吗？,数学简单，他觉得能掌握。,1
H7,这份不确定性确实令人困扰。在工作中是否也有受到影响呢？,有时候确实会影响到我的工作状态。,1
H7,这是一个重要的开始，不要放弃。你有时会感到对日常活动或兴趣缺乏驱动力吗？,有时候会，尤其是在情绪低落的时候。,1
H7,这样的工作形式可能会对你有帮助。有没有觉得它会激发你的工作兴趣或者其他生活的兴趣？,是的，运动一下会让我感觉好一些，也许能让我分心。,1
H7,这也是情绪影响身体的表现。你有没有感到这些情绪让你对原本有兴趣的事情失去动力呢？,嗯，有时候确实不太想做事。你有类似感觉吗？,1
H7,面对这些问题时，你是否会感觉到自己喜欢的事情变得没有吸引力了？,嗯，有时候会这样。,1
H7,听起来你已经在努力寻找方法来缓解这种不安。你有没有觉得这些恐惧让你对社交活动失去了兴趣？,嗯，有时候确实让我不太想参加社交活动。,1
H7,这种疲惫感一定很难受，有没有其他事情让你享受其中？,最近工作有点累，其他事情也提不起劲。,1
H7,这可能是因为失去了某种心理依靠。你有没有发现最近对平时喜欢的事物失去了兴趣？,嗯，最近确实对工作提不起劲。,1
H7,除了工作，您对其他事情比如娱乐或社交活动的兴趣是否有下降？,其实，最近感觉对这些都没啥劲头。,1
H7,你可以从简单的沟通技巧入手，比如倾听和理解她的出发点。你是否因为妈妈的行为导致对任何事情都觉得缺乏兴趣或动力？,嗯，有时候确实会感到没劲。,1
H7,看来他对家庭结构还是有一定理解的。他对日常活动或兴趣有过失去动力的情况吗？,"嗯，有时候确实提不起劲去做事。",1
H7,面对这些情况，您是否感到对生活或工作已经失去了兴趣？,有时候会觉得没劲，挺难的。,1
H7,兴趣丧失是常见反应，这段时间有尝试做些什么放松吗？,最近试着放松，但工作压力大，很难享受。,1
H7,在这样的环境下成长，难免对人生的意义产生困惑。你是否有对人生意义感到迷茫和困惑？,有时候是，但主要是工作上的挑战多。,1
H7,聊聊你喜欢的设计类和新媒体运营，这些兴趣影响了你的感受吗？,有时候挺累的，但也有成就感。,1
H7,您是否对工作或日常兴趣失去了兴趣？,有时候感觉提不起劲，啥都不想干。,1
H7,交流确实很重要。您母亲平时有没有表现出对生活失去兴趣，像是工作或者曾经的爱好？,"嗯，有时候她会说做这些事挺吃力的。",1
H7,是不是总想迎合对方的期望，而忽略了自己的感受？,最近工作上确实有点累，总是在迎合别人。,1
H7,您感受到这种无所适从的感觉会让事情变得更加复杂。有时候，抑郁的情绪中，您是否会感到生活失去了意义或者对过去曾经喜欢的事情再也没有兴趣？,是啊，有时觉得工作啥的都挺难的。,1
H7,你之前提到工作，有没有感到无法享受生活中的乐趣？,有时候确实很难从中找到乐趣。,1
H7,综艺是个不错的选择，为你提供短暂的放松。当无法彻底放松时，心情会怎样影响到你的活力？,有时会没劲儿，做事也拖拉。,1
H7,那么，你的日常生活有没有因这些事受到影响，比如工作或学习？,有时候会有点难集中精神。,1
H7,是不是因为这些情绪上的辛酸，让你对平时的活动也没有那么感兴趣了？,是啊，有时候真的提不起劲去做。,1
H7,听起来您比较独立，您觉得在生活中是否单独行动会影响到您的情绪或兴趣呢？,我觉得一个人挺好，没有特别的感觉。,0
H7,看来朋友在你的生活中扮演着很重要的角色。有时和他们在一起能找回对生活的兴趣吗？,经常有这样的感觉，和朋友在一起让我更有活力。,0
H7,听起来您在努力探寻个人成长上的提升。那么，您提到对学习的坚定态度，您是否感到对任何活动或爱好的兴趣有所增加？或者对某些事情有更强烈的渴望？,我的确对学习感到很有兴趣，并且希望能帮助到自己。,0
H7,你提到见到数学符号和套路时感到很难以亲近，这种抵触情绪是否影响了你对其他学科的学习兴趣或对课外活动的投入呢？,我很喜欢其他课，只是对数学特别反感。,0
H7,他是否对自己曾感兴趣的事物或活动失去乐趣了呢？,不，他对工作和应酬还是很有热情的。,0
H7,这是否意味着你在日常生活的兴趣上感到减弱？,不，我还有很多其他的兴趣。不过有时候和她相处很累。,0
H7,与信赖的人分享自己的感受，可以寻求到期待的支持，有时候试一试会有惊喜的结果。她的支持对你肯定很重要吧？,嗯，她的理解和支持让我感觉心安很多。,0
H7,听上去咨询对你还是有帮助的。那么，咨询是否帮助你恢复兴趣和专注于其他活动呢？,是的，我现在可以更专注地工作了。,0
H7,学习的压力确实会影响心情，重要的是找到一个平衡点。你是否对学习感到失去兴趣或者无意义？,还好，只是不想因为情绪影响学习。,0
H7,这很常见，不喜欢主动说话不代表你不关心人际关系。有没有想过通过哪些兴趣活动来认识新朋友呢？,这个主意不错，我会考虑加入一些兴趣小组。,0
H7,那他最近在工作中表现如何呢？有没有兴趣或乐趣的下降？,他退休了，现在主要是帮我们看孩子，倒是没提到工作。,0
H7,我明白了，这样的差异确实会影响关系的发展。那么在这一年半中，您的生活和兴趣是否发生了变化呢？比如，对工作或爱好是否失去了兴趣？,其实变化不大，我还是保持原来的生活节奏。,0
H7,这些努力让你发现自我实现或成就感有哪些变化吗？,目前还没有特别大的变化，但慢慢来吧。,0
H7,您在这种关系中是否会感到情绪低落或对生活失去兴趣？,不是特别情绪低落，只是感觉心烦意乱。,0
H7,那么，你是否感到对这段关系失去兴趣或动力？,不是失去兴趣，只是觉得关系需要信任。,0
H7,悲观的想法不容易摆脱，我们可以试着把这些想法转换成某种能量去追求新的目标。你有未来的计划吗？,我希望能够在研究生毕业后找到一份好工作，并能有独立自主的生活。,0
H7,他对你的帮助让你感到支持.有时，这种支持可以很重要。,是的！我觉得这样我能专注于学习。,0
H7,理解自己现在的情况还是非常重要的。有没有感觉在某些领域，比如工作或兴趣上动力减弱？,动力倒是没减弱，反而觉得自己能做的事情比以前多了。,0
H7,生活中的确有许多误会需要沟通解决。在这些冲突的日子里，你有没有察觉一些幸福或者积极的经历，可以让你们坚定地克服眼前的困难呢？,有的，我们也有共同的兴趣爱好，比如旅游，然后是这两年共同布置的婚房。,0
H7,很好，那么对于班上的男生，这件事有没有影响你与他们的交往呢？,没有啊，跟他们相处还是没变。,0
H7,她可能也有自己的苦衷。你有注意到自己最近的兴趣或者工作状态有什么变化吗？,没啥变化，一切老样子。,0
H7,这是一个很重要的决定。你能多说一点关于你的现状吗？,最近感觉没啥变化，还是老样子。,0
H7,你是否曾感到难以享受与他人共度时光的乐趣或对曾经感兴趣的事情失去兴趣？,嗯，没太大变化。你呢？,0
H7,在工作中，你有时会对自身的工作内容或者上级的要求感到无奈或失去兴趣吗？,"没啥特别变化，还好吧。",0
H7,因为不确定是否爱她而困扰，这是否影响你的兴趣或让你对一些事物不再感兴趣？,没有啊，兴趣没变。,0
H7,你认为你对社交活动的这种回避会影响到你的生活吗？,可能会吧，但我现在还好。,0
H7,焦虑感真的会影响到我们的生活质量。在处理这些情绪时，你会不会发现自己失去了对一些曾经感兴趣事情的兴趣，或者这种兴趣已经减弱？,没有，我的兴趣没怎么变。,0
H7,是的，人际关系冲突确实很让人困扰。你觉得这样的冲突对你目前的学习状态产生了怎样的影响？,没啥影响，学习还好。,0
H7,在这种状态下，你会觉得对学习或生活失去了兴趣吗？,其实没啥变化，还是老样子。,0
H7,晚上的时候通常情绪容易放大。除此之外，你的生活兴趣或工作积极性是否有变化？,没有啥变化，就是有点情绪波动。,0
H7,很好。我们可以每次尝试一种建议，然后观察有什么效果。平常你有没有一些放松的兴趣爱好呢？,我最近没啥兴趣爱好，试过也没啥变化。,0
H7,了解。听起来这个孩子的情况确实比较让人担心。您能告诉我他还有其他不愿意做的事情吗？比如说，是否对其他事情也失去了兴趣或者动力呢？,他好像没啥变化，还是那样。,0
H7,在这样的情况下，积极的思考是非常重要的。你有没有注意到这些家庭冲突是否影响到你的学业表现或对学业的兴趣呢？,感觉还好，学业没啥太大变化。,0
H7,你是否觉得自己的兴趣有显著下降，例如对以前的活动失去了兴趣？,没有啊，我兴趣还是老样子。,0
H7,你是否会因为这些负担而对工作或兴趣失去了一部分动力？,没觉得动力有啥变化，还是老样子。,0
H7,这样会让你第二天的精力也受影响吧？有没有觉得生活中的其他方面，比如注意力也受到影响呢？,没有特别感觉到变化，注意力还好。,0
H7,听起来你感到很孤独。你有没有经常觉得在学校里无法与他人建立联系或者感到孤独呢？,是啊，我常常觉得跟大家有距离。,0
H7,这些感觉有没有对你的工作或者其他兴趣造成影响呢？,目前还没啥影响。,0
H7,那是一种很普遍的情况，反复想过去。有没有注意到，现在对平时的工作或以前的兴趣有没有失去热情？,没有太大变化，还是老样子。,0
H7,这种影响确实很深远。对日常生活的兴趣有没有减弱呢？,嗯，没啥变化，还是老样子。,0
H7,生活的变化确实会导致压力增加。关于担保工作，失去之前的兴趣和目标吗？,没有变化，还是老样子。,0
H7,社会期望和个人经历常常能影响我们的自我感受。因为这件事情，你在日常生活或工作兴趣中有没有减少？,没有啊，还挺有兴趣的。,0
H7,了解，有时环境和压力会影响我们的睡眠。你是否因为这种压力失去了对日常活动或兴趣的追求？,没有，还是照常做自己的事。,0
H7,这是否影响到你的工作或学习？,没有影响，工作/学习还好。,0
H7,了解了。那您的日常工作和兴趣是否也受到了影响呢？,没啥大变化，还是老样子。,0
H7,这样肯定影响身体健康，那你觉得自己对学习和未来规划的兴趣是否有所下降呢？,没有变化，还挺有动力的。,0
H7,听起来真是不容易的情况，有觉得其他方面也受到影响吗？比如学业或者其他活动？,没有特别影响，学业和活动还好。,0
H7,理性对白重要，但也要允许自己感受感性的一面。所以，学会调节情绪和更好地面对现实可能更重要。,嗯，听起来挺有道理的。,0
H7,那生活中有没有什么目标或兴趣让你感到高兴呢？,目前没有特别开心的目标或兴趣。,0
H7,您现在是否对工作或兴趣活动失去兴趣或感到无意义？,还是老样子，没有什么变化。,0
H7,你提到没有什么目标和信念，是否对以往感兴趣的事情失去了热情或兴趣？,还好，兴趣没变，只是心情波动大。,0
H7,一个新的开始总会带来希望，加油！如果感到生活中有时忽略了其他事情，比如工作或业余爱好，您感受到什么样的影响呢？,感觉没什么特别变化。,0
H7,在这种情绪低落的状态下，你是否感觉自己对工作或兴趣的热情有所减退呢？,其实还好，我没啥变化。,0
H7,避免面对现实是人之常情，但你觉得这种逃避有没有让你不想面对生活中的困难或责任？,我感觉还好吧，没啥大变化。,0
H7,过去他们分手过，在这段时间她有感受到 吗？,没有特别的感觉。,0
H7,逃避确实不是解决问题的方法，你们可以一次一次小步骤地来。他有没有显示出减轻兴趣的现象，比如生活中的乐趣减少？,没有，他还是对平常的事很有兴趣。,0
H7,自我价值的怀疑是很普通的。您在这个过程中是否有减退的工作兴趣或动力？,工作动力还好，没啥变化。,0
H7,这是不是让你感到一种社交退缩呢？,没有特别感觉到。,0
H7,我理解的，面对这些问题，寻找正确的帮助也是非常重要的。您提到家庭不愿意联系，这是让您感到失去了生活动力或兴趣吗？,嗯，挺烦的，但还好。,0
H7,这种感觉其实很普遍，在经过一段时间的生活挑战后。有时候压力会让我们对现状不满。,哦，是吗？我没太大感觉变化。,0
H7,那太好了，任何进步都是值得高兴的。你对学习或者过去喜欢的事情，比如跳舞，有没有减少兴趣呢？,没有啊，我还是挺喜欢的！,0
H7,这种状态听起来让人有些不安。这段关系影响了你的工作和兴趣吗？对生活的其他方面失去兴趣？,没有，对其他方面没啥影响。,0
H7,这听起来不错。兴趣爱好确实可以帮助消解一些压力。您的工作与兴趣之间的关系是如何的呢？,工作和兴趣挺分开的，互不影响。,0
H7,是的，沟通可以帮助舒缓心情。不妨试试与朋友多联系。你有没有发现孩子出生后你与朋友的交往减少呢？,我觉得还好，交往没啥变化。,0
H7,这种痛苦影响到了你的学习兴趣吗？,没有影响，我的学习兴趣还是一样的。,0
H7,您对法律制裁的恐惧，是否让您感到生活中日常兴趣的下降呢？,没有啦，兴趣还是照旧。,0
H7,这是不是让你感到孤立或者对其他关系也感到了封闭呢？,没有特别的感觉，还好。,0
H7,我能理解，学习可能是个敏感话题。你觉得自己在学习方面的兴趣减少了吗？,没有，我的兴趣没变。,0
H7,母亲的角色确实不容易，但照顾好自己才能更好地照顾家庭。您对工作或其他以往的兴趣爱好会感觉兴趣减退吗？,没有变化，我的兴趣还在。,0
H7,这种状态让人感到很疲惫。您提到看到同事不想搭理，是不是觉得对工作和人际接触都失去兴趣了呢？,还好吧，只是有点累而已。,0
H7,听起来你在事后也有反思的习惯。那么，在日常生活中，你对工作或者兴趣的快乐感是否有减退的现象呢？,没有，工作和兴趣快乐感没变。,0
H7,那在复习过程中，您是否体验过由于情绪低落而规避重要的活动或兴趣呢？,没有，复习时情绪还算稳定。,0
H7,可能这些问题也影响了你对其他事情的兴趣？,没啥变化，还是老样子。,0
H7,自我怀疑会加剧放弃的倾向。或许通过理解和改善内心的不安，可以帮助您更好地应对这些挑战。是否感受到对所做决定失去兴趣或动力呢？,不太有变化，但还是有点不安。,0
H7,面对压力和复习，你对学习和生活的兴趣是否有下降？,没啥变化，还好啦！,0
H7,很好，新的尝试最开始可能会困难，但给自己一些宽容。说到学习，你是否感到对以往的兴趣爱好失去了动力？,我还好，兴趣爱好没有太大变化。,0
H7,嗯，你提到不是很喜欢与她交流，这是否也影响了你对其他事情的兴趣？,没有影响其他兴趣啦。,0
H7,动力的缺失可能和情绪状况有关。在这段期间，您有没有发现自己对工作或其他事情也失去了热情呢？,没有，还是老样子。,0
H7,可惜事情走到这个地步。你在这段时间里有没有对生活失去兴趣，包括学业或者其他平常的事物？,是的，很多事情都提不起劲，最后我还退学了。,3
H7,他可能对生活感到无趣，几乎不对任何事情感兴趣或者开心？,完全是这样，明显感觉对什么都提不起精神。,3
H7,那么面对此种情况，你有没有考虑过改变与她们互动的方式呢？,感觉有点难集中精力，可能得试试。,3
H7,这段经历一定很不容易。您认为这些困扰与无法实现目标的压力有关吗？,确实有点关系，我有时提不起劲。,3
H7,二十岁经历这些，真的很不容易。您会为此失去对活动或事物的兴趣吗？,是啊，有时候真的提不起兴趣。,3
H7,愿意把这些感受说出来是好的开始。失业后，你是否觉得对感兴趣的事情也失去了动力呢？,"是啊，感觉没啥动力去做喜欢的事。",3
H7,您的兴趣是否有所改变，是否对以前喜欢的事情提不起劲？,嗯，是啊，最近真的提不起劲。,3
H7,家人的期望对我们有很大压力，但这不一定是你的错。当你提到不会动或无所谓，这样的情绪会影响到你对工作的兴趣吗？,工作有时挺难提起劲儿的，兴趣也不大。,3
H7,对目前生活中的事务或活动你是否感到无兴趣，不愿参与其中？,最近确实提不起兴趣，几乎没参与啥活动。,3
H7,这很棒，说明你有良好的沟通能力。倾听他人的同时，也要记得关注自己的感受哦。你是否对工作或以往感兴趣的事物失去了兴趣？,有时候真的提不起劲去做。,3
H7,那你觉得这些情绪变化影响到了你的日常学习或兴趣活动吗？,嗯，有时候确实会影响到。,3
H7,"很遗憾听到这些。你曾为弟弟做了很多努力，比如放弃考研支持他。你觉得这是基于责任感，还是由于家人的期望让你感到无奈呢？ ,",有点无奈吧，不过我也没啥事干。,3
H7,失眠会让人第二天很难正常运作。你的日常工作和兴趣有没有因此受到影响？,睡不好，确实很难集中精力干活。,3
H7,听起来你真的很努力想改善自己的情绪。你提到没什么事情可以做，是不是也感到对以前的爱好失去了兴趣？,是啊，以前喜欢的现在也提不起劲。,3
H7,您是否有发现自己对工作或日常活动兴趣减退的情况呢？,嗯，最近确实提不起劲，没啥兴趣。,3
H7,理解你的处境很重要。有时候，多一次解释可能帮助他们更多了解你的感受。你提到感觉害怕上学，这种状况影响到你日常生活的其他事情吗，比如学习或兴趣？,"确实有影响，连兴趣爱好都提不起劲了。",3
H7,那么这些思考是否让你对未来失去兴趣，甚至不想参与以往喜欢的活动呢？,有点是这样，感觉没啥动力。,3
H7,继续关注他喜欢的事情很重要，您是否注意到他对其他爱好的态度变化呢？,我注意到他对其他爱好也提不起劲。,3
H7,这种状态有没有影响你对工作的热情或其它兴趣？,有点影响，干啥都提不起劲儿。,3
H7,听到你的担心我很为你心痛，这样的情绪会影响到你的一般情绪状态吗？,最近没啥心情做事，情绪挺低落的。,3
H7,看得出你的努力。在这段时间，你有没有觉得自己不像以前那么容易快乐，对什么事情都提不起兴趣呢？,是啊，感觉什么都提不起劲。,3
H7,感谢你对我分享。死亡并不是唯一的解决办法，面对生死抉择不容易，但还有很多人愿意与你一起度过。你平时是否会感到无所事事，失去对生活的兴趣？,有时是这样，找不到事情做。,3
H7,消失的动力让你觉得对什么都提不起兴趣吗？比如以前喜欢做的事情，现在也不感兴趣了？,是啊，现在好像没那么多精力和兴趣。,3
H7,理解，时间管理挑战需要耐心和平衡。您是否有降低的工作兴趣或对之前活动的兴趣减退？,"是啊，最近干啥都提不起劲儿。",3
H7,你有尝试做些你过去感兴趣的活动吗？可能这些活动能激发一点热情。,试过，但总是提不起精神。,3
H7,每天都被这些问题困扰着，你在工作中的表现有受到影响吗？,工作时常分心，效率不太高。,3
H7,这是常见的感受，不必过于自责。在与母亲的沟通过程中，你是否感到一种情绪低落或缺乏兴趣？ 和,是啊，总提不起劲去做这些事。,3
H7,您对工作的热情是否减少了？是否觉得目前的任务很难完成？,嗯，我现在很难专注超过几小时。,3
H7,这可能会影响你对工作的兴趣，你认为自己现在对工作或爱好有失去兴趣的感觉吗？,嗯，有点儿没劲儿，提不起太大兴趣。,3
H7,心慌和焦虑看似成为你的负担。你有没有感到这些情绪影响到了你的学习或兴趣爱好呢？,嗯，有时候确实让我很难集中注意力。,3
H7,这种缺乏信心的感受对您有什么影响？是否让您感到失去热情？,是啊，感觉做什么都没劲。,3
H7,那现在每天的生活中，有没有什么事情能引起你的兴趣呢？,嗯，现在没啥特别感兴趣的事。,3
H7,你有考虑过通过其他方式，比如减少工作量或者调整工作方式，来缓解工作中的焦虑吗？,我试过，但总感觉时间还是不够用。,3
H7,这说对了。有些时候需要重新审视彼此的需求和期望。你有否考虑过这会怎样影响日常生活或兴趣呢？,"没啥时间琢磨这些，忙起来都顾不上别的。",3
H7,他对生活的其他方面也失去了兴趣吗，比如说工作或爱好？,对，他对工作和爱好都没啥兴趣。,3
H7,那一定让你很不舒服。非公事时，您对与他人交流是否也失去了兴趣？,是啊，最近对很多事都提不起劲。,3
H7,这样听起来确实可能会感到不舒服。你觉得这种频繁联系影响到了你们的日常生活吗？,是啊，有时感觉没法专心做事。,3
H7,这种感觉背后可能有许多因素，或许可以从小的爱好开始找回生活的兴趣？,嗯，我试试找些小活动来填时间吧。,3
H7,理性的反思是很重要的。不过，请相信，每个人都会有这样的情感阶段。你会感到自己的工作效率受到影响吗，因为这些情绪？,有时候确实影响了，做事提不起劲。,3
H7,探究下自己内心的感受，或许会对改变现状有所帮助。在这种状态下，你对以往感兴趣的活动是否有丧失兴趣呢？,对很多活动都没啥兴趣了。,3
H7,滤对不公的事是否能在网上获得一些支持或认同？,"可以试试，但别太依赖哦。",3
H7,投资在技能提升上可能会使你更加自信。你在工作中是否出现过无力或兴致缺缺的感觉？,"最近没啥干劲，工作有点提不起兴趣。",3
H7,你有没有对自己负担过多的事情感到心力交瘁？,有时候是这样，真的很累。,3
H7,您觉得自己对学业或其他兴趣的热情有所下降吗？,嗯，有时候就是提不起劲。,3
H7,有时候重新找回旧爱好可能会有所帮助。你认为自己对工作和兴趣没有以前那么有激情了吗？,"嗯，最近确实没啥动力去做这些。",3
H7,我理解在合作中出现这些感受是很自然的。你有想过这一合作关系对你的未来工作事务有影响吗？就像失去兴趣或动力。,我还没太考虑这事儿呢，平时忙着呢。,3
H7,热情减退，这表示工作或兴趣也受到了影响吗？,嗯，有时候真的提不起劲去做那些事情。,3
H7,相较于以往，你是否对自己的日常兴趣和工作失去了兴趣？,嗯，是啊，最近真的提不起劲。,3
H7,所以在感情上你比较防备。这种防备是否让你觉得人际关系越来越难处理？,有时候是这样，我也在努力改善。,3
H7,恋爱的问题是不是也影响到了你的兴趣和动力呢？,是啊，最近干啥都提不起劲儿。,3
H7,偶尔怀疑自己的能力是正常的。你是否感觉恋爱可以让生活充满活力，但又担心它会影响其他兴趣？,有时是这样，但我尽量平衡两者。,3
H7,这些事情对你来说相对重要，失去兴趣的时候会不会影响心情？,嗯，感觉会有点闷闷的。,3
H7,这真是太好了！在工作中感到快乐帮助你保持积极状态。那么，你觉得这种积极动力是否也影响到你日常生活的主动性呢？,嗯，可能吧，但有时还是懒得动。,3
H7,你提到没有对未来的任何期待，这是否意味着你的日常兴趣或工作动力减少？,是啊，我感觉啥都提不起兴趣。,3
H7,在您给孩子找专业帮助的同时，也别忘了自己的心理健康。您是否发现自己对日常活动失去兴趣呢？,嗯，有时候确实没啥兴致。,3
H7,这种状态对你来说是一个大的挑战。工作的不如意会不会让你对生活中的其他事情也失去热情呢？,有时候确实会，常常提不起劲去做其他事。,3
H7,请放心，我们只会以支持性的方式来帮助你。你有没有觉得对以前感兴趣的活动失去兴趣或动力？,嗯，最近确实提不起劲去做那些事。,3
H7,在学校里，是否也感到难以集中注意力或失去了对学习的兴趣？,有时候就是提不起劲去学东西。,3
H7,这是一个开始，勇敢地表达出自己的感受真的很重要。那你有没有觉得，这段情绪低沉的期间内，是否对参与其他活动缺乏兴趣？,最近真的对很多活动提不起劲。,3
H7,这是一个很正常的感受。不知道你对兴趣爱好是否失去了兴趣，觉得没什么意思？,嗯，有时候真的提不起劲。,3
H7,听你这样说让我感到欣慰。你提到对任何事情都不感兴趣，这是否也影响到了你对工作或爱好的兴趣呢？,是啊，工作和爱好都提不起劲。,3
H7,这种情况是否让你对生活中的其他事情也失去兴趣或动力呢？,是啊，最近啥都提不起劲。,3
H7,这种不安会影响到你的工作或兴趣吗？,有时候会，工作和兴趣不太能集中。,3
H7,那么你对工作或爱好是否感到失去兴趣呢？,最近真的提不起兴趣去做这些。,3
H7,考虑到这些变化，你是否常常思考需要通过哪些调整重新激发自己的学习动力？,我最近有点难集中精力，调整起来挺不容易的。,3
H7,情绪波动确实需要时间去处理。您最近在其他方面，比如工作或者爱好上有没有感觉到兴趣或动力减弱呢？,最近真的提不起劲做这些事。,3
H7,我能理解这种无奈。与她的关系会让你对自己的交际能力感到困惑吗？,是啊，有时候真让人摸不着头脑。,3
H7,缺乏动力确实会让人陷入一种停滞的状态，你提到生活上没有什么事情可以激起你的兴趣，是这样吗？,是啊，最近真提不起劲做啥。,3
H7,你在学业上的兴趣有没有下降呢？比如成绩受影响？,有点下降，最近不太想学。,3
H7,那么，这失去的自信心有没有影响到生活除此之外的其他方面，比如学习或兴趣呢？,对啊，感觉连学习和兴趣也提不起劲了。,3
H7,沟通障碍的确困扰人心，是否注意到自己在其他事情上也感到缺乏兴趣或动力？,嗯，是的，几乎没什么动力去做事情。,3
H7,那真的很辛苦。有时候，过度紧张也会影响到白天的工作和兴趣。你对此有感觉吗？,是啊，常常提不起劲儿去做事。,3
H7,感觉到兴趣的变化是困扰很多人心情的一部分。对最近的学业有没有显著的变化或下降？,最近学业变化不大，不过兴趣确实有点减退。,3
H7,这种感觉持续多久了？,有段时间了，不到3小时。,3
H7,找到自己不满的原因是很好的开始。有没有兴趣和目标感到减少呢？,最近确实没啥兴趣和目标感，玩啥都提不起劲。,3
H7,生活中有没有感觉到失去兴趣或动力的情况呢？,有时真的提不起劲，啥都不想做。,3
H7,你是否感到自己对周围事物的兴趣显著减退？,是啊，最近提不起劲做什么。,3
H7,很多人在失恋后会感到曾经的兴趣变淡，。那这段时间有没有试着去建立新的兴趣？,还没找到新兴趣，感觉都提不起劲。,3
H7,失去亲人的痛苦确实难以言表。这种孤独感是否影响了您对其他事物的兴趣和热情？,是啊，我现在对很多事情都提不起劲儿。,3
H7,嗯，平衡好休息与学习确实不容易。如果有必要，请务必确保充足的睡眠。那么，你是否发现自己对以前喜欢的活动失去了兴趣呢？,是啊，最近提不起劲去做那些事了。,3
H7,您对以前感兴趣的事情失去了兴趣吗？,是啊，很多事儿都提不起劲。,3
H7,这样的争执可能增加了您心里的失落感，他的专注力在工作上，这样的异地生活对您的精神状态有影响吗？,可能有点影响，感觉精力不够。,3
H7,情绪波动也是理解和改善的一个关键点。现在这种情绪是否也反映在其他日常活动上，让你失去兴趣呢？,是啊，最近对很多事都提不起兴趣。,3
H7,你觉得你对学习或者其他兴趣活动失去兴趣或动力了吗？,是啊，最近提不起劲头。,3
H7,这种人际关系的变化是否导致你对日常活动和兴趣失去了一些兴趣呢？,嗯，对，最近确实没那么感兴趣了。,3
H7,晚上或许是因为安静，你的思绪更加活跃。你在课上或者日常活动中有失去兴趣或动力的时候吗？,“是啊，有时确实提不起劲。”,3
H7,散步是个很好地放松方式。你的兴趣爱好最近有变化吗？,最近没啥变化，还是挺难集中精力的。,3
H7,那么这些负面感觉是否也让你对以往的兴趣失去了兴趣？,是的，我现在对很多事情提不起劲。,3
H7,压力大时不愿做事情时，会对学习失去兴趣或动力吗？,是啊，我常常提不起劲学习。,3
H7,也许可以开始。您有没有想过通过一些爱好或活动转移注意力？,我试过，但坚持不了太久。,3
H7,或许可以逐渐尝试在更多场合表达自己。你觉得自己总是被比较的想法是否让您对工作失去了兴趣或者热情？,可能吧，最近提不起劲做这些事。,3
H7,太棒了！每次小的尝试都是进步的标志。这个过程中你或许也会发现自己新的兴趣。,嗯，有时候更想躺着，不想动。,3
H7,感到自卑可能会影响到生活的方方面面，也许我们可以找找办法去改善这种状态。您是否对身边的人或者事情失去了兴趣？,嗯，有时候真的提不起兴趣去做事。,3
H7,遇到那些感兴趣的事物时，你是否感到自己的兴趣显著减退？,"有时候就提不起劲，不想做啥。",3
H7,这些事情确实不容易面对。它们对你目前的兴趣爱好有没有消耗到你的热情？,有点影响，没啥劲去做喜欢的事。,3
H7,听起来你在适应新环境上遇到了一些挑战。这种个性上的特质是否影响了你的社交和工作关系？,是啊，最近确实有点难融入，工作也有些困难。,3
H7,让人感到失落和无奈。对彼此的依赖性有减少吗？,有时候感觉有点孤单，依赖性也有点变化。,3
H7,理解了，这可能有点让你感到孤立。你觉得这影响了你对工作的兴趣吗？,对，确实有点，工作提不起劲。,3
H7,这真的是一个令人心痛的过程。那当前的工作或者兴趣，有因为这些情绪受到影响吗？,是啊，工作和兴趣都受影响了，没劲头。,3
H7,是不是觉得生活中也失去了一些兴趣呢？,嗯，有时候就是提不起劲儿。,3
H7,这可以理解，事件改变了你对生活的看法，以及你对未来期望的调整。你现在对其它事情还有兴趣吗？,我发现自己对以前热爱的事情兴趣减弱了不少。,2
H7,你会不会感到兴趣减退，尤其是在学习或参加活动方面？,赞成，我对很多事情的动力都降低了。,2
H7,在这种情况下，你曾因为父亲的问题而减少对工作的兴趣或其他爱好吗？,有时候是这样，因为觉得再努力有时也是白费。,2
H7,你说到无聊，会不会对工作或兴趣活动失去兴趣呢？,几乎完全失去兴趣，没有想要参与的活动。,2
H7,家人的担心有时是因为他们在意我们，这本身是一件好事。不过你提到小学时家里吵闹，现在的生活是否觉得对生活的兴趣有所减退？,一些兴趣还有，但感觉热情不太高，有时候就只是敷衍应付。,2
H7,另一方面，您有没有注意到女生在朋友相处时可能会经历情绪的波动呢？,有的，她偶尔会因为一些小事感到情绪低落。,2
H7,那您在工作上有没有因为这种心情低落而影响到生活和工作的兴趣呢？这常常会让人更难投入工作哦。,确实觉得每天都提不起劲，工作也变得没有兴趣。,2
H7,你是否因为交流不足，而感到孤单呢？,是，我觉得每次她发消息，我也草草回答，然后她也没有多说几句。,2
H7,你写的时候会发现，很多想法都会更清晰。最近你工作或其他爱好的兴趣有没有下降？,明显下降，我现在常常对什么都提不起劲。,2
H7,你在大学参与活动的时候，是否感觉兴趣和投入程度有所下降？,确实如此。我只参与一些轻松的活动，像是文体类的合唱比赛。,2
H7,这种愤怒是可以理解的。当家庭冲突严重时，你是否对生活或工作失去了一些兴趣呢？,确实，我都没心情去想工作上的事了。,2
H7,面对这些压力，你有没有失去对未来生活的兴趣或动力？,有时候会觉得生活很无趣，没有动力去做事情。,2
H7,在工作或学习中也感到兴趣减退吗？,是的，尤其是失望之后，几乎提不起劲来。,2
H7,好的，那我们可以尝试一些放松的方法帮助你入睡。与此同时，在这种人际交往中有没有发现自己突然失去进行其他事情的动机或兴趣？,是的，一旦和朋友的交往出现问题，我就对其他事情提不起兴趣。,2
H7,这一定很不容易。你有没有留意到学习兴趣是否因此受到影响？,确实，我感觉无法像以前那样投入学习。,2
H7,听起来，这可能对你的兴趣和学业有一些影响。有没有因此失去一点点热情呢？,可能是有，我的动力有时候会降低。,2
H7,太棒了，阅读是一种很好的减压方式。您觉得与之前相比，您的生活兴趣有变化吗？比如说工作或其他活动？,我发现自己对工作热情有所下降，但阅读还能保持兴趣。,2
H7,听起来睡眠问题对你的影响很大。那么你有没有对学习或曾经感兴趣的活动失去兴趣的感觉？,是的，现在觉得什么都提不起兴趣。,2
H7,有时候面对家庭压力时，更容易失去对其他事情的兴趣，你有这种感觉吗？,确实，我甚至不怎么想着去参加学校活动。,2
H7,这种模式可能是身体对压力的应激反应表现，我们可以慢慢调整规律。有没有注意到自己对于平时感兴趣的学习和活动失去兴趣？,学习兴趣确实少了，感觉到压力之后，很多事情都提不起精神。,2
H7,您对他的行为感到失望时，是否会觉得关系很难维持下去？,是的，会有这种情绪。,2
H7,很理解你的感受。她的态度确实让人难以相处。这样的问题有影响你的工作情绪吗？,有，几乎每天去上班时就会想到这些事。,2
H7,那这些问题会让你对学习失去兴趣吗？,有点，我感觉我不再那么热衷于学习了。,2
H7,我理解这种状况可能让人很难受，尤其是在工作上很难专注时。您觉得这样的状态对您的工作有影响吗？,是的，我觉得自己对工作的兴趣变得低落，效率也下降了很多。,2
H7,有没有试着跟身边的人深度沟通过？平时对什么事情还感兴趣吗？,我以前对摄影感兴趣，但现在提不起劲。,2
H7,这个决定是否影响到你的日常工作或兴趣？,的确有影响，专注力下降了。,2
H7,睡眠问题和情绪波动是相互影响的。在感到很难过时，你会有没有动力去做一些以前喜欢的事情，比如活动或者是社交？,是的，我失去了去参加一些活动的动力。,2
H7,听起来新工作的不确定性让你感到不安。无论是在生活还是工作中，你觉得最近自己的兴趣有所减少吗？,是的，近期连面试的动力都减少了，大热天也不想去面试。,2
H7,听起来你的时间安排很合理。这段时间你的学习兴趣或者工作热情有受影响吗？,有时候觉得再怎么努力都得不到认可，挺泄气的。,2
H7,这种情绪确实很重。你有觉得在生活中有失去兴趣吗？,其实有时候想试着做些别的，可总提不起劲。,2
H7,这是一种很常见的心理过程。您是否觉得生活中工作和兴趣方面的兴趣有减少的情况呢？,有些时候会觉得提不起精神，尤其是在没日程安排的时候。,2
H7,对睡眠的挑战常常会影响白天的精力和情绪。你是否感到对以往的兴趣或工作的兴趣减退呢？,几乎所有的事情都提不起兴致，就连最喜欢的也不再有感觉。,2
H7,那这些不适感是否影响到您日常与人沟通的习惯？,是的，我经常不愿参与社交活动，觉得沟通是个负担。,2
H7,是的，这种担忧在你这个年级很常见。那你觉得你是否对学业或其他活动的兴趣减少了呢？,我觉得学习没以前那么有激情了。,2
H7,很好，一些把握住的细节点常常会带来意想不到的改变。你提到父亲的期望让你对未来计划的兴趣受到影响，是这样吗？,是的，我本来对自己的音乐和学习有很大热情，但他总说那些没用，我开始怀疑自己追求这些是否值得。,2
H7,这都是很常见的焦虑反应。说到这，您有没有因为这些问题而对工作或者兴趣失去兴趣呢？,是的，我发现自己在工作中也提不起精神，做什么都觉得没有意思。,2
H7,日常生活中有时候找不到乐趣吗，比如对原本有兴趣的事情失去兴趣？,是啊，曾经的爱好现在吸引不了我。,2
H7,那么，在工作中你是否能对作画保持积极性和兴趣？,兴趣还在，但积极性下降不少。,2
H7,那么，你觉得自己对工作和兴趣有时提不起劲来吗？,确实是这样，感觉在好多事情上都失去了往日的热情和动力。,2
H7,感觉这些情绪波动是否影响到了你的工作或生活兴趣呢？,下午我就提不起精神去上班了。,2
H7,这些是非常真实的感受。你在最近是否对生活、学习、工作失去了兴趣或动力？,是的，很多时候都提不起劲去做事情。,2
H7,对自己的生活基础产生兴趣是重建信心的良机。,我也在努力尝试去调节。,2
H7,那么这种痛苦是不是让你对工作的兴趣也有所下降呢？,是的，我完全提不起兴致，对工作的热情几乎没了。,2
H7,这种情绪低落有没有影响到你对学校活动和社团的兴趣呢？,确实，我觉得对这些的兴趣减退了很多。,2
H7,学业是个不错的分心方式。家庭压力有影响到你的学习动力吗？,是的，有时候根本没法集中注意力，总想着这些事。,2
H7,你提到曾中断治疗，面对疫情和网课，这对你的日常生活和兴趣带来了怎样的影响？,家庭气氛压抑，什么事情都提不起兴趣，经常和父母争吵。,2
H7,身体反应可能是心理影响的标志。那现在你对所有与他有关的事情，会觉得不再有趣吗？,也不是就是有些事提不起兴趣。,2
H7,你们还可以尝试通过家人共同劝导，给他一个安全和支持的环境。是否注意到他对以前喜欢的事情失去兴趣呢？,是啊，他对工作和爱好都失去了兴趣。,2
H7,平时的爱好也变得不再有吸引力了，这确实是个信号。你在生活兴趣方面有没有很明显的下降，比如说没有以前那么投入自己喜欢的事情了？,是的，连画画都没兴趣了，这让我很困扰。,2
H7,不容易啊。这对你的生活或工作有没有造成什么影响呢？,我觉得对生活失去了热情，有时候连工作都提不起劲。,2
H7,身体健康是日常调理的重点。您在处理困境时，是否感到生活没有乐趣或工作兴趣减低？,是的，很多事情都提不起兴趣来。,2
H7,这可能让你感到失落，哪怕是短暂的。你是否对生活中其他事情失去兴趣？,是的，有时我只想着他，其他事情就没精力去做了。,2
H7,很高兴听到您有这样的艺术特长！这种情况下您觉得在工作或兴趣上的动力减少吗？,是的，已经不像以前那样热爱我的特长了。,2
H7,那么，除了养宠物的事情，你对其他活动或事物的兴趣是否有所减少？,我觉得自己对什么都提不起劲，甚至连出去玩都不想了。,2
H7,听起来你对健康方面很不安。这种不安有没有影响到你的工作或兴趣呢？,确实是有，我常常觉得没动力去做事。,2
H7,听起来像是在积极努力。你是否曾感到在工作或兴趣上投入减少？,有时候感觉工作效率下降，兴趣也减弱。,2
H7,这是一个好的开始，音乐有时候能帮助放松。你有没有发现其他事对你不如以前有吸引力？,热爱的事物好像都变得无趣了。,2
H7,因为这种失去兴趣的状态，是否让你觉得生活中很多东西变得无趣了？,确实有这样的迹象，我越来越感到空虚。,2
H7,和这样的同学相处确实会让人不舒服。在学校里你是否感觉到被孤立或者在交往中有困难呢？,是的，很多时候我觉得很孤单。,2
H7,做得很好，不要忘了任何小进步都值得庆贺！关于你说的怕自己不能融入职场，这个担心深刻吗？,我很担心，因为缺乏经验，职场对我而言还是个未知数。,2
H7,她有没有对学习或兴趣的热情减退的迹象呢？,对，她不太愿意做作业或者参加课外活动。,2
H7,嗯，有时候在努力后感到疲惫是很正常的，你能感受到进步，是否也能从中找到快乐？,说实话，我好像已经觉得不那么有趣和满足了。,2
H7,在她这种情绪状态下，是否对平时的工作和兴趣失去了兴趣，或者感到乏力？,似乎是这样，她最近很少去以前喜欢的地方，也不怎么参与自己喜欢的活动了。,2
H7,过往的经历深深地影响了你的感受。你有没有发现自己对于社交的兴趣在这些年中有所变化？,我其实一直都很想和别人交往，尤其是和异性，只是每次都因为紧张而退缩。,2
H7,在离婚和复合的过程中，您有没有觉得自己不再像以前那样关心或投入自己的兴趣爱好？,是的，我对什么都提不起兴趣。,2
H7,有没有观察到孩子在他表现出粘您时同时对其他活动不太感兴趣？,确实，他在家不怎么玩玩具，只对我感兴趣。,2
H7,理想和现实常常有所不同。你曾感到自己的工作或兴趣发生过变化吗？,我现在对这些事情失去了动力，曾经它们让我兴奋，现在觉得都是负担。,2
H7,这些情绪上的波动确实会给人带来不少困扰。您最近有否感到对生活失去兴趣或者动力不足呢？,有些事情以前很感兴趣，但最近没什么激情去做。,2
H7,这样的感觉一定很难受。你在研究生期间对活动的兴趣有没有减退呢？,之前很喜欢的事情，现在都没什么兴趣了。,2
H7,学习成绩的下降确实令人沮丧。有没有什么事情是你之前感兴趣的，现在好像也没什么劲去做了的呢？,以前还对音乐感兴趣，但现在听歌也没感觉了。,2
H7,在新的岗位上，这些压力和与同事相处上的问题对你生活或工作的兴趣有影响吗？,确实，我觉得对工作的热情减退了很多，有时候甚至感到无所事事。,2
H7,你是否觉得自己的日常生活功能有所下降，比如辞职后的工作和兴趣？,确实有下降，不如以前充实。,2
H7,除了跑步和服药，还有其他疗愈方式吗？,就是看看书或者听音乐，但效果有限。,2
H7,可能他对现实生活中的事情失去了兴趣。你觉得有这样的可能吗？,是的，他不太想参加社交活动，街舞社里别人也不理他。,2
H7,这是一种很好的状态。长时间保持压抑自己的真实性取向对你的日常生活和工作兴趣有没有影响？,有一定的影响，我常常因为这些问题无法专注于工作。,2
H7,生活中有时候试图打破束缚，是很需要勇气的。自然你有没有感到对周围事物的兴趣减少，这种情况会不会影响到你的日常工作或学习？,其实有时候确实很难集中精力工作，就感觉心思在其他地方。,2
H7,您是否觉得在日常社交中难以与他人建立真正的联系，使得您无心参与社交活动？,是的，我常常不想参与这些活动。,2
H7,了解了，情绪的变化对很多学生来说很普遍。你会常常感到郁闷或者失落吗，是否会影响到日常活动？,有时候我的确对学习和活动失去兴趣。,2
H7,当然，一点一滴的小进步可以积累出很大的变化。你过去有没有对某些兴趣活动失去过兴趣呢？,过去很喜欢画画，但最近没有心情去画。,2
H7,是啊，持续地记录并反思会有帮助。说到抒情的事物，你有固定的兴趣爱好或是工作上的目标吗？,我对原本喜欢的事情似乎都提不起兴趣了。,2
H7,在工作或日常活动中，你是否减少了对以往感兴趣的事物的关注或热情？,是的，有些心不在焉。,2
H7,在这种情况下，是否觉得难以找到合适的话题谈论，让你觉得很难融入？,是的，她一直没再回复我，我觉得自己是不是太多虑了。,2
H7,这种疑惑很真实。你认为在这个友谊中，是否已经失去了对自己生活的兴趣呢？,有时候感觉自己快变成她的听众了，对自己的事情提不起兴趣。,2
H7,你的兴趣爱好有没变化呢？比如之前喜欢的事情现在是否感觉没那么有趣？,是的，以前还会看看书、听听音乐，现在感觉都提不起劲。,2
H7,这些技巧有助于短期内的应对。当你想到家庭和成长的经历时，会失去兴趣做一些你曾经喜欢的活动吗？,有时会，我曾经对音乐很有热情，但现在兴趣明显降低了。,2
H7,这种落后是否让你对未来的职业规划感到不安或缺乏兴趣呢？,有一点，我一直在反思自己的未来方向。,2
H7,您提到丈夫对亲密行为的抗拒，您是否感觉他对夫妻关系的兴趣减少了？,我开始有这种感觉了。真的很困惑。,2
H7,在这种情况下，你有下意识地去避免和其他同学的互动吗？是不是觉得交往的负担过于沉重？,有时候会，很难去信任别人，怕被伤害。,2
H7,以前你有什么特别的兴趣爱好吗？,以前我很喜欢画画，但是现在不太想动。,2
H7,您提到的这一点让我想到，您是否觉得在和母亲的沟通中，时常感到力不从心呢？,是这样，我总是找不到合适的词语来表达自己的感受。,2
H7,这种压力是不是影响到了你对事情的兴趣和成就感？你有提到这方面的困扰哦。,是的，刚开始学习还很有成就感，后来慢慢麻木，对什么事情都失去了兴趣。,2
H7,有时候，一些心理问题可能会通过身体的症状表现出来。您是否感到这些困扰影响了您的其他社交关系？,是的，我觉得自己对于社交活动和情感发展的兴趣降低了。,2
H7,这些都是很好的调节方法。那么，即使经过努力后，你是否认为自己的能力仍不足以被认可呢？,有时候真的觉得无论怎么努力都没用。,2
H7,对未来感到迷茫是正常的，这种无力和压抑有没有影响到你对生活的其他兴趣？,是的，我很难集中在其他事情上。,2
H7,这种行为让你情绪波动吗？,是的，我真不知道他是怎么想的。,2
H7,你的态度很积极。这段关系有没有影响你对其他事情兴趣的变化，比如工作或爱好？,我的兴趣减少了一些，工作效率也有些下降。,2
H7,你提到的绝望感很能理解，此时你是否对工作的兴趣或动力有所下降呢？,"对啊，最近完全提不起劲儿去工作。",4
H7,這樣的環境對你的心理健康確實很有挑戰。你在工作或興趣上感到影響嗎？,是啊，现在没法工作，得靠人帮忙。,4
H7,焦虑的过程会消耗很多能量。你在家庭生活中是否感到缺少对成员的热情和依恋？,是啊，常感觉无力去关心家人。,4
H7,有新的兴趣可以帮助缓解痛苦。你是否觉得你的工作和兴趣有所减少，不能集中注意力于自己的事物？,是啊，现在啥也没心思做。,4
H7,这种持续的动力也许对你的学习有很大帮助。不过，其他方面呢？比如说你的兴趣爱好，尤其是对明星的关注，它有没有影响到你的学习和生活？,"其实最近没怎么关注明星，对生活影响不大。",4
H7,我能理解，有时候人际关系的压力会让我们退缩。那么，您目前对工作或个人兴趣的热情有没有减退的感觉？,最近确实没啥热情，对啥都提不起劲。,4
H7,很努力地尝试了很多方法啊。然而，这似乎没有让你感觉好些。这样一来，你会觉得生活毫无乐趣吗？,是啊，感觉生活有点黯淡无光。,4
H7,关于你的感觉，这种对生活兴趣的下降是最近发生的吗？,嗯，是的，最近感觉特别无力。,4
H7,忙碌或许是一种解脱，工作和学业也能让人短暂忘忧。你对这些有兴致吗？,最近没法工作，没啥心思做这些。,4
H7,这种情感的不确定，是否也让您现有的生活或婚姻有点乏味呢？,有点吧，现在啥都提不起劲。,4
H7,失去兴趣可能是情绪的反映。你对工作或曾经感兴趣的事情失去了兴趣吗？,是啊，我对很多事情都提不起劲。,4
H7,听起来你对父母的行为感到失望。那么在生活中，有没有什么事情让你感到愉快或有趣呢？,最近没啥能让我高兴的，躺着休息吧。,4
H7,或许可以尝试一些兴趣和爱好，看是否能够带来一些正面的改变。你是否觉得自己失去了以往对生活的兴趣或做事的动力？,"是啊，感觉什么都提不起劲，得慢慢来。",4
H7,这样的睡眠问题会影响到学习和日常生活，那你感到学习动力受到了影响吗？,是啊，我现在真的没啥学习动力。,4
H7,兴趣的下降可能和您面对的烦恼有关联。您是否觉得事情影响了您对活动的兴趣呢？,最近确实没啥兴趣，很多事也做不来。,4
H7,你是否对日常活动缺乏兴趣或无动于衷？,是的，我现在真的提不起劲。,4
H7,情绪波动确实很难理清，同时这需要时间和耐心。您提到失去生活的方向，是否对平时有兴趣的活动也失去了兴趣？,是啊，最近啥事都提不起劲。,4
H7,你是否觉得因为这些问题，自己的日常生活或兴趣有所影响呢？,嗯，确实影响挺大，基本上没法自己搞定事情。,4
H7,或许这些情绪会让你对做事情的兴趣减退。,是啊，我现在确实提不起劲做很多事情。,4
H7,不用谢，你的感受是非常重要和值得被倾听的。最近在学习或生活上是否感到兴趣降低或者难以集中注意力？,嗯，有点难集中，基本上需要别人帮忙。,4
H7,这种没有兴趣学习或者参加活动的状态持续了多久呢？,已经有好几个月了。,4
H7,我能理解，以前经历的事情可能一直对现在的感受有影响，你是否觉得这影响了你的日常生活，比如工作或兴趣方面？,是的，我现在很难独自完成日常活动。,4
H7,在课堂上打瞌睡，会不会也影响到你的学习动力呢？,可能会吧，现在做啥都挺难的。,4
H7,这种状况是否影响到您对工作的专注或兴趣呢？,对工作完全没兴趣，现在啥都做不了。,4
H7,感兴趣的事情不再吸引你，你觉得这和情感问题有联系吗？,可能是情感问题影响了兴趣，最近真没劲儿。,4
H7,确实，调整心态需要时间。那在学习或日常活动中，你有没有失去兴趣的经历？,有时候会，对很多事情提不起劲。,4
H7,你提到对曾经感兴趣的事情失去兴趣，是否有特别的原因或事件呢？,最近情绪低落，没啥动力做事。,4
H7,你在说到应对焦虑时提到“情绪无法排解”，这是否表现为对事物缺乏兴趣或积极性？,"对，这让我常常提不起劲做事。",4
H7,的确，这样的心情可能会对你的专注产生影响。你觉得自己在和这个男生相处时，愉悦感有减少吗？,嗯，有点减少，最近真的很难专注。,4
H7,这样的反应其实很正常，因为一直处在压力中。您会觉得自己对以前喜欢的事情失去了兴趣吗？,是啊，最近对啥都提不起劲。,4
H7,这是人之常情，可以理解。在家庭关系问题中，你有没有对沟通的欲望或者兴趣降低了？,是的，最近真的没什么沟通的动力。,4
H7,有没有想过再尝试一点不同的事情？开始新的兴趣可能带来惊喜。,最近太累，暂时没精力尝试新东西。,4
H7,是不是感觉到工作和学习的兴趣减退，或者功能下降？,对啊，现在基本都停下来了。,4
H7,那您的日常兴趣或者喜欢做的事情，有没有因为这些感到受到影响呢？,是啊，很多事都没法自己做了。,4
H7,他的当前状态是否影响他对自己的事业或兴趣失去热情呢？,嗯，现在确实没啥动力去做事。,4
H7,支持小组可能会提供额外的鼓励和一同分享的机会。你是否对身边的事物提不起兴趣或者无法集中精神？,"最近确实很难集中注意力，常常提不起兴趣。",4
H7,散步是一种很好的形式。在遇到家庭压力时，你的生活兴趣有下降的迹象吗？,对，最近感觉兴趣减退了。,4
H7,失眠很常见于焦虑和抑郁症患者。你之前对生活有兴趣的事情，是否也逐渐失去了吸引力呢？,嗯，是的，我现在对很多事情都失去兴趣了。,4
H7,在目前的工作中感到兴趣减少，这明显影响了你对工作的热情和投入，对吗？,是的，现在对工作真的提不起劲。,4
H7,听上去他的关心有时会让你无所适从。你觉得这个关系发展会如何影响到你们之间的沟通？,"我觉得沟通可能会更困难，需要更多帮助。",4
H7,压力真是个复杂的因素，你提到没有休息和运动，这是否影响到你的日常功能或工作兴趣？,最近确实没太多精力，一直需要人帮忙。,4
H7,您提到缺乏兴趣，是否对以前感兴趣的事情也失去了兴趣呢？,是啊，什么都提不起兴趣了。,4
H7,情绪低落可能影响我们的自信心和对事情的积极态度。您觉得自己平常怎么样对待自己的兴趣或工作呢？会不会感到没什么兴趣或没劲儿？,最近没啥劲头，很多事都提不起兴趣。,4
H7,持续地增强自信是一个过程，请给自己一些时间。您有注意到自己的这种状态会影响学习吗？,有点影响，学习很难集中注意力。,4
H7,这样的成长环境确实很压抑。你发现自己对什么事情失去了兴趣吗？,嗯，很多事情都提不起劲来。,4
H7,恍恍惚惚的状态容易影响日常活力。你最近对工作或日常活动有没有明显的减少兴趣？,"是啊，最近真提不起劲，啥也不想干。",4
H7,听到您有这样的感受我很心疼，您会觉得对婚姻或其他事情失去兴趣吗？,是的，我对很多事情都提不起劲。,4
H7,会有这样的担心，让人不好过。日常中有没有兴趣减退的情况？,最近兴趣确实减退，啥都不太想干。,4
H7,失去他让你感到失去了生活的支柱。你提到对生活失去兴趣，你是否感到对曾经热爱的活动和事物失去了兴趣或动力？,是的，现在对很多事情都提不起劲。,4
H7,失去兴趣是常见的抑郁症状之一。你对工作或其他活动也没有热情吗？,对啊，我连日常小事都做不了。,4
H7,你会感到对生活丧失兴趣或者对学习没有动力吗？,是啊，最近啥都不想干。,4
H7,这种方式可能会积累更多的压力。随着压力的增加，有没有感到对工作的兴趣减少或无意义？,最近确实对工作提不起劲，感觉很难坚持。,4
H7,网卖经验看来是您比较感兴趣的话题。当涉及到其他话题时，您是否感觉缺乏兴趣或动力去参与？,是啊，其他话题有时真的提不起劲。,4
H7,这些感受真的是普遍的问题，很多人都会经历类似时刻。有限的精力有时候会让我们的思考变得沉重，你觉得这种状态会影响到你的工作或学习兴趣吗？,我现在没法集中精力，暂停工作中。,4
H7,入睡困难可能就是因为心情压抑。你有考虑过有哪些娱乐方式可以舒缓心理压力吗？,我现在没啥精力考虑娱乐方式。,4
H7,有时间可以小小尝试一些活动，重新找回兴趣。,我现在可能没精力参与活动。,4
H7,了解。那么，你是否感觉到自己对曾经的兴趣失去了兴趣呢？,是啊，很多事情都提不起劲了。,4
H7,持续感受这样的小进步，还会帮助你获得更多信心。你的兴趣是否受到了学习环境的影响呢？,学习环境影响不大，主要是精力有限。,4
H7,在参与日常活动时，是否有感到无法享受其中的乐趣或者对爱好失去兴趣？,"是啊，最近啥都提不起兴趣。",4
H7,这些活动听起来不错。有没有注意到对以前感兴趣的事情越来越失去兴趣的倾向呢？,是啊，最近啥都提不起劲来。,4
H7,听起来你处于很大的压力中。这段期间，你对家庭或婚姻生活感到缺乏兴趣吗？,有点儿，对这些事都没啥劲头了。,4
H7,好的，让我们慢慢来。在工作中有没有感受到被误解或不被尊重呢？,最近没工作，没啥这方面的感受。,4
H7,你说在家很懒，不想动手，是否因为没有特别感兴趣的事情呢？,可能是吧，现在提不起劲。,4
H7,你提到了对学校失去兴趣，这种改变有多久了？,已经有好几个月了，真的一点动力都没有。,4
H7,这种行为对你的工作或兴趣是否有影响，导致兴趣减退或无心去做？,“对啊，我完全提不起劲，什么都不想做。”,4
H7,听起来这段关系带来了不少压力。您会在工作或日常兴趣上感觉不到动力吗？,是啊，我感觉没劲，啥都不想干。,4
H7,害怕被拒绝是很多人都有的心理状态。令人关注的是，你是否觉得自己尝试过的努力妨碍到了其他方面的兴趣和关注呢？,嗯，我现在没法参与太多事情。,4
H7,那种感觉现实和梦境交错的感受很难捉摸。你现在是否对以前喜欢的事物丧失了兴趣？,是啊，很多事都提不起兴趣了。,4
H7,这些方法可以继续尝试哦。当面对日常事务时，你会不会缺乏热情和动力？,是啊，感觉做什么都提不起劲。,4
H7,他对学习活动的兴趣如何？是否缺乏学习动机呢？,学习兴趣不大，没啥动力。,4
H7,这些感觉积累下来，是不是让你对生活或学习的兴趣和动力有所下降呢？,嗯，最近确实提不起劲做这些事情。,4
H7,在学校学习时，您是否能感受到动力和兴趣？,最近真的很难感受到动力和兴趣。,4
H7,家人和朋友的支持是宝贵的，但自己想通确实不容易。分手后，你是否觉得对以往感兴趣的事情的兴趣减退了？,是的，很多事情都提不起劲。,4
H7,运动确实有助于情绪改善。不过，您在工作或者兴趣方面的动力是否减退了？,最近确实没啥动力，很多事做不来。,4
H7,您的看法非常正常。在关系中，性确实是一个重要的组成部分。您希望通过不断探索性生活来增加生活的兴趣和乐趣吗？,我现在状态不太好，没太多精力探索这些。,4
H7,我能理解您现在这样的感受。在您生活中，除了家庭之外，还有其他让您感到快乐或兴趣的事情吗？,最近没啥能让我高兴的。,4
H7,对自己的学业目标和期望进行思考是很重要的，有没有反思过是否给自己定下过高的目标呢？,有想过，但现在有点难以处理。,4
H7,那种失去兴趣的感觉是不是让你感觉自己在某些方面失去了价值？,对啊，总觉得做什么都没劲。,4
H7,忙碌的时候常常会忽视自己的兴趣。有没有因为压力而对曾经喜欢的事情失去热情呢？,“是啊，现在什么都提不起兴趣。”,4
H7,很多人在情绪低落的时候都会这样的，你有没有感到对学习或其他活动失去兴趣？,“是啊，最近对啥都提不起劲。”,4
H7,我明白这对您来说很不容易。您在被评为优秀员工后，对工作的兴趣有没有产生变化呢？,现在没工作，心思都不在这儿。,4
H7,这是一种自然的担忧。经历过这样的事件后，你是否觉得对工作的热情减少？,确实，我现在对工作的热情大不如前。,4
H7,是很难从中获得乐趣吗？您是否觉得对事情缺乏兴趣和动力？,是的，感觉没劲，啥都不想做。,4
H7,过多地被记忆困扰确实不容易。你是否经常感到和家人的紧张关系影响了工作或其他兴趣方面？,是啊，家事弄得我都没法正常工作了。,4
H7,这样的感受可能很难受。我想了解一下，你平时是否感到无趣和乏味，对工作或爱好失去兴趣？,是啊，我对什么都提不起劲。,4
H7,您是否对之前感兴趣的事情失去了兴趣呢？,是的，最近什么都提不起兴趣。,4
H7,正常，不过你有没有考虑过这些感受可能影响到你的日常功能性，比如你的兴趣或者生活动力？,"嗯，我现在真的很难提起劲去做事情。",4
H7,你提到与朋友的关系渐行渐远，是不是平时对工作或兴趣爱好也失去了兴趣或动力呢？,嗯，最近真的啥动力都没有，挺累的。,4
H7,尝试本身就是一种进步，别忘了多鼓励自己。你提到小时候的独立性，这种独立感是否影响了现在的合作和社交活动？,是啊，现在的情况让我很难参与这些事情。,4
H7,这样的经历可能让你对工作的兴趣减弱，是吗？,嗯，是啊，我的情况确实影响了工作的兴趣。,4
H7,你常常提到哭泣，这似乎是你一整天的情绪基调。那在这期间，你有失去对工作的兴趣吗？,是啊，现在真的提不起劲工作。,4
H7,那或许是因为目前的状态影响了持续的动机和兴趣。你是否觉得日常任务也变得不再有趣？,"是啊，很多事都提不起劲，感觉没意思。",4
H7,这种不安感可能影响到您对未来的思考。在和前夫见面时，您觉得话题变少是因为对他的兴趣减少了吗？,“可能是吧，现在没太多精力想这些。”,4
H7,情况还算可控，不过尽早关注也很好。a和b在互动中有失去兴趣或乐趣的现象吗？,互动有些困难，没啥兴致。,4
H7,哎，听起来你觉得自己受到很大的委屈。现在的生活节奏，让你觉得整天没有力气去做一些感兴趣的事吗？,是啊，感觉每天都提不起劲来做事。,4
H7,这就回到你提到的注意力问题。在忙碌中，你是否体验到生活中缺乏乐趣或者兴趣减少呢？,是的，最近真没啥让人开心的事。,4
H7,你曾对什么事情感兴趣吗？,以前有，但现在没什么兴趣了。,4
H7,您提到对事物的兴趣或者工作动力减少了吗？,是的，我真的提不起劲去做事情。,4
H7,感受到这样的情绪是很自然的，我们可以一起想办法解决。你很少与朋友交往，这情况对你的工作或兴趣有影响吗？,嗯，我现在没法工作，日常也需要帮忙。,4
H7,在这种情况下，您是否感受到了工作和学习方面的压力？,嗯，确实没法工作，得靠别人帮忙。,4
Y11,您会很反感家人把你送到医院的决定吗？,不会，我觉得我可能有病。,1
Y11,朋友的角色很重要，他们能提供支持和建议。你会觉得他们目前疏远你是他们故意的吗？,不太会吧，我知道我可能有一些心理疾病,1
Y11,在提到父亲的这些问题时，你是否意识到自己对家中的不满有可能是对家庭变化的反应吗？,可能是吧，毕竟这些变化让我不安。,1
Y11,要继续思考在哪里生活可能对您整体幸福感最好，同时，一步步来。您在为改变现状做决定时是否觉得理解并意识到需要改变这种现状呢？,觉得有时想努力，但不确定行动起来会如何。,1
Y11,面对这样的情况，你对照顾父母的状况有多大的理解和接受度呢？,我想我能够理解，但有时仍然觉得自己难以完全接受。,1
Y11,很好，明确自己的期望是建立健康人际关系的重要部分。不知道这种人际关系问题有没有让你觉得自己的理解和觉察能力受到影响呢？,我确实开始质疑自己的判断，有时感觉自己无法看清事情的真实面貌。,1
Y11,小步开始积累，每天都尽力做好一两件事。觉得自己无法完全了解目前的情感问题吗？,我常常迷茫，不知道该如何面对。,1
Y11,关心父母是我们作为子女的责任，但过度担心会让自己压力更大。你提到这些矛盾，是否觉得对家庭状况的理解能力有所下降或存在误解呢？,有时候真的不知道怎么处理这些关系，所以有些迷茫。,1
Y11,他在考虑这件事是积极的信号。你有没有感觉自己对这段关系的状况有更清晰的认识？,我明白问题所在，但不确定我们能不能走出困境。,1
Y11,是啊，这样你对婚姻的认识会更深入。,我会考虑的，真的很感谢你。,1
Y11,那么，您觉得在这种情况下，自己有情绪方面的问题吗？,有的时候会这样想，尤其是在感受到无助和孤独的时候。,1
Y11,身体和情绪健康是相互关联的。面对情绪波动时，你对自己状态的认知如何？你觉得自己能够很好地理解和管理目前的情绪吗？,我试图理解自己的状态，但有时候真的很混乱。,1
Y11,这种绝望感确实是我们需要去关注的。你有没有想过寻求一些外界的帮助或指导来度过这个难关？,还没有考虑，但是可能需要。,1
Y11,这样下去真的不容易。你感觉自己在与母亲的关系中缺乏对自己情绪的意识吗？,似乎是的。,1
Y11,这可能与您对社交关系的看法有关。您觉得在这些关系中，您缺乏对自身状况或行为的理解吗？,有时候我真的是在跟随环境走，而不是按照我的真实想法去行动。,1
Y11,人有时在独处时更容易沉浸在自己的思绪中。在这之前返校的适应过程中，你是否没有意识到自己的症状或者严重性呢？,有时候真的没有意识到，只是觉得难受但不知该如何站出这片沼泽。,1
Y11,可以选择信任且可以理解你的朋友交流。你觉得自己对情况有足够的理解吗？,可能还需要多想想，我尽量让自己理智一些。,1
Y11,互相交流有助于情感的释放，也是理解对方的重要渠道。在交往中，你认为可能在哪些方面做出了错误判断或反应？,有时候觉得自己太急于求取他人的认同。,1
Y11,这种不合适的感觉，是因为觉得自己对状况缺乏了解或承认吗？,也许吧。我经常觉得无能为力。,1
Y11,保持低调的生活方式会有帮助的。通过这样的经历，你对自己有了什么新的认识吗？,我意识到自己需要更清晰的边界。,1
Y11,你觉得增加了幻想的频率是一种逃避现实的方式吗？,我有时确实这么觉得，好像用幻想来逃避自己的生活压力。,1
Y11,这么看来，是否觉得对社团选择没有做出正确认识而导致？,也许吧，有时候我对自己做的选择感到不自信。,1
Y11,你这么说让我想知道，你是否感到失去对状况的洞察力？,对，事情过后我觉得当时没必要那么做。,1
Y11,在这种情况下，你认为紧张是因为不适合辩论，还是其他因素呢？,可能是我目前能力不够，也有点不太适合这种紧张的环境。,1
Y11,这个过程可能会让你的身体也感到疲惫。你父母不理会你的想法和感受，这是否让你对自己的状况缺乏理解或者意识？,是的，我真的不知道该如何应对这种情况。,1
Y11,集中很重要，尤其是在面对学业压力时。你提到过，有时对现在的状况会感到不清楚或无感吗？这样的体会有吗？,是的，我感到有时候不知所措，不理解何为自己需要的帮助。,1
Y11,听起来你有在寻找一些积极的方法。那你对目前的状况有怎样的认识和理解呢？,我知道这样不好，但是有时候情绪上来，控制不住。,1
Y11,面对焦虑和压力时，你是否能找方法调节情绪？,我会尝试转移注意力，比如听音乐，但效果不总是理想。,1
Y11,很欣慰你能表达这些感受，它们是你对自己和关系环境的一种反思。察觉自身情绪变化，是我们迈向改变的重要一步。在这段时间中，你感觉是否对自己的现状和情感状况有清晰的认识或觉察呢？,我想我虽然意识到了，但还没有完全理解如何面对这些问题。,1
Y11,那很不错。您对自己当前的状况有清晰的认识吗？,蛮清楚的，但似乎还有些地方可以改进。,1
Y11,他对自己的现状是否缺乏理解或认识？有没有和你谈过他的感受？,他为被欺负感到无奈，但还没有完全认识到自己情绪问题的严重性。,1
Y11,这种情形下，保持清晰的思维很关键。您觉得对目前的情感状态有清楚的认知吗？,有时候我觉得自己都不明白怎么会变成这样。,1
Y11,你提到的这种情况，你认为妻子有察觉或理解你们性生活的异常吗？,我不太确定她有没有完全理解，但我会尽量避免讨论这个问题。,1
Y11,在面对人际压力时逃避是很多人的反应，但找些对策可能更有效果。你有没有想过自己在关系中的角色是什么？,其实没深入想过，我觉得有点困惑。,1
Y11,这种感受并不是孤立的。您对家庭关系的理解如何？有没有不清晰之处？,有些不太清楚，特别是想起母亲改嫁时的情景。,1
Y11,是的，感情问题时常会影响到我们的日常生活。你对这段关系是否有清晰的认知和理解呢？,我尽量去理解，但有时事情变得复杂时，我就不太知道应该怎么做了。,1
Y11,你是否意识到自己可能并不完全了解或认识到自己的感情状态？,是的，我很迷茫。,1
Y11,这种变化是否在一定时期内特别明显呢？,有时候会比较突出。,1
Y11,多说说心里的苦闷对缓解压力有帮助。在这些冲突中，你有没有感觉到自己的行为或情绪有了变化？,我觉得自己变得很敏感，常常想得过多。,1
Y11,那么，这种失去信心的情绪会不会让你觉得自己平时做事也很差呢？,哎呀，就是常有这种感觉……,1
Y11,那真是一个很好的反思！在这些情况下，你能否意识到自身的心理健康状态，以及是否需要寻求帮助？,有时候会意识到，但又觉得这些情绪很正常。,1
Y11,选择去倾诉，对改善现状非常有帮助。您对当前的状况是否有任何现实感或理解呢？是因为母亲的溺爱导致您不愿面对这些挑战吗？,有时候觉得被母亲的溺爱束缚住了，难以直面挑战。,1
Y11,听上去这段关系中的许多方面让你感到不安。不知道你有想过在这段关系中，你的行为和情感状态可能有不正常的地方吗？,有时候觉得自己的反应有点过，但又觉得可能是正常的。,1
Y11,那你现在对未来的感情是怎么看待的呢？你觉得这份依恋情感影响了你的看法吗？,会有一点，我担心新的关系会重复过去的问题。,1
Y11,这种感受可能是很多人都有的。回顾成长经历，你是否对自己的情感和行为有过深入的自我了解呢？,我试着去了解过，但总是想不透这些事情。特别是在工作的时候，这种感觉更明显。,1
Y11,您对自己的情况了解多少，是否对当前状况缺乏理解或意识呢？,我常常感觉迷茫，不知道怎么改变现状。,1
Y11,这很正常。自我反省也是解决问题的开始。你认为自己的认识和判断有足够的自知吗？,我会尝试，但有时还是不确定。,1
Y11,听起来不错，这样能稍微缓解你的压力。在你感到犹豫或不知所措时，有寻求过专业帮助吗？,尚未正式咨询过专业人士，还在考虑。,1
Y11,那我们就一起继续探讨这些方法吧，创造一个更好的互动环境。面对孩子的痛苦时，您是否觉得无法理解她的感受呢？,有时候确实不知道她为什么这样焦虑。,1
Y11,您对他人的同理心问题是否也让您觉得自己对他人行为的反应不总是准确？,是的，不过有时也困惑。,1
Y11,你提到了别人可能会说让你不舒服的话，那你是否注意到自己在社交场合中对潜在的恶意反应迟钝呢？,是的，通常事后我才意识到他们的话中有恶意。,1
Y11,这是一个很好的开始。你觉得自己对关系和事件有清晰的理解吗？,我觉得还需要更多时间。,1
Y11,那可能是因为特定的影片类型让您更难以控制自己。您对自我状态有多少了解呢？,知识上懂一点，但有些事情还是不太明白。,1
Y11,一种被限制的感觉会让人感到挫败。你是否对目前的情况有足够的理解，比如对情绪或者行为上的困难呢？,我猜我可能没有很好地理解自己，或者只了解冰山一角。,1
Y11,有没有觉得自己的情况有误解，觉得自己不需要帮助？,也许吧，有时候觉得自己可以凭借自己的力量熬过去。,1
Y11,你觉得这种反应与你对病情的了解有关吗？,可能是这样。我不太清楚自己为什么会这样。,1
Y11,很好，有时这种转移注意力的方法很有效。那你觉得在沟通时，彼此是否缺乏对状况的认识？,或许，我们都不太清楚彼此需要的是什么。,1
Y11,面对缺乏支持的状况，你是如何应对这些情绪的，有没有找到其他方式获得支持？,目前还没有特别的办法。,1
Y11,可能在这样的情况下，为自己找一个放松的方式特别重要。你认为妈妈对你的人生或者现状缺乏理解或同情吗？,她好像从来没有真正理解过我，总是以她的标准来判断我。,1
Y11,很乐意帮助到你。有时候，重新审视自己的想法和行为可以得到更多的理解与领悟。,我会尝试更客观地分析这些问题。,1
Y11,是的，好的自我调节会帮助你更好地应对情绪和身体上的反应。那么在这段关系中，你有没有对自己的未来感到信心和希望呢？,我觉得现在有些信心，他的变化让我愿意为这个结果去努力。,1
Y11,情绪波动并不罕见，让自己放松很重要。你希望有人可以倾诉，这是否意味着你对自己的状态缺乏理解或不明白原因？,有可能，我有时候真的不知道该怎么办。,1
Y11,看来他意识到自己做得不对。您觉得他对自己的行为有清晰的认识吗？,他是知道错的，但可能没意识到事情的严重性。我怕我叔叔知道后会打他。,1
Y11,他是否对于自己的状况缺少认识和理解呢？,可能是吧，他总觉得自己一个人背负了所有的困难。,1
Y11,放下这些想法来休息对于头脑放松会有好处。难以在情感上放下，对状况的领悟力也是个难题对吗？,确实，我有时觉得自己的行为很执着却不太清楚。,1
Y11,那位老师对你的影响是否让你对自己的理解产生了困惑？,是的，或许是这样的。,1
Y11,是的，为了帮助他，改善沟通将是我们的首要任务。,明白。如果还有其他的建议，我们会乐于尝试。,1
Y11,那么常常被误解，会不会让你对自己与舍友的关系感到困惑呢？,嗯，会有这种感觉。有时候我觉得无论我怎么努力，她们总是误解我。,1
Y11,那你觉得他对你们之间的关系有足够的认知和理解吗？,有时候觉得他不是很能真正理解我们的关系。,1
Y11,适当的独处可以让人静心。你是否在这些冲突中尝试过理解舍友的行为呢？,尝试过，但每次她们都否认，我很困惑。,1
Y11,你觉得自己对她的行为有清晰的理解吗？,并不完全清楚，我一直在试着去理解。,1
Y11,在解释过程中，你有自信能让他听到你的想法吗？,希望吧，只有实践才能知道结果。,1
Y11,您觉得您不察觉自己的处境或者没有及时寻求帮助，会不会加重您的困难呢？,可能是的，我一直在回避这些问题。,1
Y11,这种失控是否常常发生，特别是让你感到困惑，对自己的行为感到不解？,我想我对自己的行为有时候也感到惊讶和不解。,1
Y11,别忘了照顾好自己，心理健康与工作一样重要。,我会试着保持冷静，平静地解决问题。,1
Y11,孩子们有时会表现出超出他们年龄的想法。他对家庭情况能理解多少呢？,他知道我们是分开住的，但还是个家庭。,1
Y11,这种情况下，即使有了进步也不容易被看到。不过，保持积极的自我肯定很重要。你有没有想过，在和母亲相处这方面，你缺乏自信和洞察力呢？,对，我有时不知道怎么做才能改善关系。,1
Y11,在探索这些感受的时候，保持自我反省很重要。那你觉得和其他人保持距离，是否帮助你避免情感波动？,我有时觉得能，但是总不能避免孤独的感觉。,1
Y11,这很棒！自我保护和调整情绪确实很重要。您认为这些改变能帮助您适应目前的情感状态吗？,我希望它能有所改善。,1
Y11,心理咨询让你对自己的状态有了新的理解，但也可能带来一定的困惑和不适应。咨询后是否感到对情况缺乏了解或理解的情况？.,有点是这样的，开始怀疑再加上学习压力非常大，感觉自己快无法呼吸了。,1
Y11,这种轻松是否为短暂的平静，而非彻底缓解情绪？,是短暂的，但我不知道别的办法。,1
Y11,这很正常。沟通多有助于解决问题，但也要给自己一些时间冷静下来。有没有觉得在解决问题时对自己的状态缺乏理解或意识的经历呢？,有，我有时候觉得自己没办法准确感知到自己在情绪波动时的状态。,1
Y11,在处理你男朋友的反应时，你是否意识到了自己对他反应的理解或判断？,有些时候会，但还在努力。,1
Y11,您是否觉得在某种程度上您对母亲的行为缺乏理解和认识？,嗯，我确实不太明白她为什么会这样，可能是因为过去的婚姻失败？,1
Y11,你有没有过对自己能力的过高评价呢？,以前觉得自己能很快解决，但现在不觉得了。,1
Y11,这种感觉从高一开始就有加重吗？是否越来越影响你的日常生活呢？,我觉得是更严重了。我尽量装作开心，但内心还是有很多不好的感觉。,1
Y11,他有没有意识到自己的财务状况对你们关系的影响呢？,我想他意识到了，不然他不会这么痛苦。,1
Y11,养成新的习惯可能需要一些时间和耐心。你提到情绪混乱未理解原因，是否让你感到对自己缺乏了解或无能为力？,有时候是觉得自己茫然，不知道自己到底想要什么。,1
Y11,这很棒，尝试分享会让你变得更自信。你觉得自己对目前的状况有清晰的认识吗？,我想我还在摸索，但正在向前。,1
Y11,你感觉自己并不了解现在的心理状态或病情？,是啊，有时候不太明白自己。,1
Y11,在反思这些问题或自己和父母的行为时，你有过什么新的领悟吗？,我知道有些思维方式不对但改变很难。,1
Y11,那就试着重新捡起跑步吧，适量的运动有助于处理情绪。你是否对自己的情况缺乏了解或认识？,我有时觉得自己陷入其中，失去了对自身的全面了解。,1
Y11,在与“超我”的对话中，是否觉得对自己的理解和洞察力不足呢？,是的，那种感觉让我有点无奈，仿佛永远找不到答案。,1
Y11,对此有过自我批评吗？你如何看待自己的状况？,我对自己的感受和行为不确切，总想是否可以更好。,1
Y11,你对最近的事情感到困惑吗？不知道为什么会有这样的反应？,是啊，我总觉得搞不明白。,1
Y11,家人的理解对于心理健康很重要。说到这里，你是否觉得自己对心理帮助的需求没有那么迫切？,有时会这样觉得，担心被误解为夸大其词。,1
Y11,心悸可能与焦虑有关，必要时调整作息可以缓解。你有尝试过哪些方法来应对焦虑呢？效果如何？,主要是看书和听音乐，但似乎变化不大。,1
Y11,那很好！你对自己的状态有清晰的认识吗，还是有时会忽视问题？,我觉着有时忽视了，但正在努力面对。,1
Y11,除了画画，你认为自己在其他事情上也有类似的需要外界认可的心态吗？,好像是，我总觉得自己需要得到肯定才能快乐。,1
Y11,您会很反感家人把你送到医院的决定吗？,不会，我知道我有狂躁的情况，我理解他们的决定。,0
Y11,生活的平衡是一个过程，无论如何发展，希望你能掌控自己的生活。,嗯，我会试试的，谢谢你听我说。,0
Y11,您对自己情绪状态的理解如何？认为这需要干预或治疗吗？,是的，我觉得可能需要一些专业的帮助。,0
Y11,这种情况让你意识到自身问题时，有没有觉得缺乏对其的充分理解呢？,我觉得是的，有时候对于戒除这些幻想感到无从下手。,0
Y11,这种情形下保持冷静确实不容易。您是否感觉到在这些方面，配偶对您理解和支持的不足影响了您的情绪？,是的，他好像对孩子的事情完全不上心，还觉得我无理取闹。,0
Y11,也许这让你觉得对这段婚姻的状态缺少掌控。,确实，我对婚姻中很多事情都感到无能为力。,0
Y11,你是否意识到在这个过程中没有做真正的自己？,嗯，是的。即使到了现在，我还是这样。今年是大学一年级了。,0
Y11,他对自己现在的心理健康状态有缺乏自知的情况吗？,是啊，他知道自己有问题，但不愿意真正去解决。,0
Y11,这些情感真挚且重要。你是否有意识到自己在这种关系中的行为及其可能的影响？,我知道这样的情感不应该发生，我试图控制自己。,0
Y11,情绪有时是我们行为的动力，并向我们传达重要的信息。你觉得自己在情绪管理方面需要帮助吗？,我想是的。不过我并不确定如何寻求这样的帮助。,0
Y11,这是一种良好的尝试。保持冷静和耐心有助于打破不良循环。你提到的无奈感，是否觉得需要进一步的帮助？,是的，有时候我意识到光靠我自己可能无法改变一切。,0
Y11,能理解，这种改变可能会给日常生活带来挑战。您会觉得有时候对病情缺乏自我理解吗？,是的，因为不知道自己怎么会这样。,0
Y11,不客气，您是否对自己的心理和身体状态认识到需要多加关注或治疗？,我承认需要帮助，可能需要花些时间找寻合适的支持。,0
Y11,你曾说过想获得更多关注，是否为这样的表现感到困扰呢？,嗯，是的，这种渴望和失望交织在一起。,0
Y11,这样的期待偶尔得不到回应，情绪自然会受影响。你觉得自己是否有时对男朋友的行为或需求不太认可？,是会这样，觉得他有时不太在意我的感受。,0
Y11,你在这种失衡的交流中，是否感到日积月累的怨愤，并希望能够有所改变？,是的，我希望我们的友谊能有所改善。,0
Y11,这样的冲突是否让您对自身情况的理解感到迷茫和不知所措呢？,真的很迷茫，我不知道自己到底怎么了，继续这样生活下去活得不快乐。,0
Y11,很多时候，这种感觉让我们感到不安。尝试站在不同的角度看问题可能会有所帮助。,我会试着调整自己的看法。,0
Y11,嗯，有时候我们需要认识到完美是难以达到的，适当降低期望可能更有利于接受内在的自己。,我会尝试重新审视自己的期望，看看这是否能带来一些改变。,0
Y11,自我理解是个过程，它会帮助你构建更健康和稳固的自我概念。,对，我要不断认识自我，才能改善现在的状态。,0
Y11,这些冲突让你感到困惑吗？,是的，不知道该如何处理这种感觉。,0
Y11,这些听起来不错，可以增进你们的感情。在某些时候，你意识到自己的状态和行为有异常吗？,确实，自从出轨以后，我才意识到很多事情。,0
Y11,有时与心理医生进一步沟通，也对这些情况帮助很大。,好的，谢谢你的建议。,0
Y11,这是一个普遍的担心，但不断努力的小目标或许可以帮助减轻这些担忧。在与父母冲突后，你是否会感到后悔或者质疑自己的行为？,是有的，常常怀疑自己是否过于冲动。,0
Y11,这可能让你在相处时感到压力。你是否对单身有新的认识或看法？,以前觉得单身也可以活得很好，但现在则渴望另一种生活。,0
Y11,好的沟通可以化解很多误会，也许值得一试。那你对自己状态的理解是否有所调整呢？,现在懂得情绪上容易走极端，但我会试着平衡自己的感受。,0
Y11,避免并不能解决问题，把问题说出来或许能够帮助你减轻负担。你是否会在独处时反思自己的状态？,是的，我常常会反思自己的行为以及是否真的“正常”，甚至有时太过于深思熟虑。,0
Y11,保持健康的社交互动有助于心理的平衡。考虑到你曾深深依赖前男友的经历，现在建立新关系时会特别担心失去对方吗？,是的，这种担心让我对于新的关系迟疑不定。,0
Y11,是啊，生活中遇到的问题往往得不到简单的答案。我想知道你是否觉得这种监控和关注可能对你们的关系造成影响？,是的，我意识到也许控制欲会让他感到受压迫。,0
Y11,能理解这种感受。你认为在这些情况下的情绪反应是否过度？,我也是这么觉得，有点过激。我希望自己能改善。,0
Y11,这种沟通问题影响到了你对治疗的看法吗？是否有对自身症状新的理解？,我觉得对自己的症状理解更深刻了。,0
Y11,在关系上遇到困境时，你是否有想过要通过这些问题学习并改善自己的行为？,是的，我想通过这些事情变得更成熟。,0
Y11,您对自己的状态有没有疑惑？,常常疑惑为何会如此，我是不是哪里出了问题。,0
Y11,这种被误解的感觉也很常见。你提到自残行为，当事情发生时，你是否曾对自己的行为或感受到的情绪缺乏清晰的认识或理解？,是的，很多时候都不知道为什么会这样做。,0
Y11,不确定是很正常的感觉。你是否觉得，与其他同学相比，你似乎没那么努力却成绩更好，这种自我认知影响了你对自己优点的看法吗？,有时会，我也有些疑惑，为什么自己没有像他们那样拼命，但成绩不错。,0
Y11,对自我模式性的意识是非常重要的。有时候我们对自己行为的反思可带来新的洞见。,我会更加留意的，也会尽力改善这些。,0
Y11,听起来你对自己的状态很有察觉。你觉得这种情况需要关注和治疗吗？,确实，最近我也开始意识到这一点了。,0
Y11,睡眠不好会影响身心的状态。与你的这个情感经历相关，你有没有感到自我怀疑，觉得对自己的判断力产生了质疑？,有！一想到自己之前居然没有察觉，觉得特别白痴。,0
Y11,这段回忆可能让你对自己感到疑惑。你发现自己有时难以理解自己的行为或情感状态吗？,是的，我经常不明白自己为什么会有这种想法。,0
Y11,你是否感觉到有时候无法完全理解自己的情感呢？,是的，感觉情绪很复杂。,0
Y11,这听起来真的很令人心痛。你有没有这种感觉，就是在这段关系里需要帮助？,我觉得需要帮助，因为这让我很困扰。,0
Y11,你提到她的童年有不开心的事情，你是否觉得自己承担了额外的情感责任？,我确实想保护她，给予她安慰。,0
Y11,理解。保持这样的理智和控制是一种成熟的表现。近期有没有感到对这些情感有清晰的理解呢？,我知道这不现实，只是心中莫名的情愫。,0
Y11,在关系变化中，您有没有时感觉自己完全无法理解现状？,有这样的感觉，我常常不知道下一步该怎么办。,0
Y11,在此过程中，愿意更多地探索情绪背后的原因吗？,我愿意尝试，想了解自己更多。,0
Y11,在这种互动中有没有觉察自己对局势的严重性不太了解？,以前可能没有，现在意识到了。,0
Y11,你是否感到在处理这些事件时缺乏对自己情况的了解和控制？,是的，总感觉事情朝着我不想要的方向发展。,0
Y11,您感觉跟别人沟通时存在未被理解的情况吗？,是的，这让我觉得很孤单。,0
Y11,看来你对处理这段关系有很深的思考。你有没有意识到其中可能存在一些情绪或者思维上的困惑呢？,我常常觉得自己在这些情绪中迷失了方向，不确定该如何面对。,0
Y11,从你的描述来看，你是否有时候觉得自己无法承认存在的情感问题或者不敢去寻求帮助呢？,是的，我有时候会没有勇气去面对这些问题。,0
Y11,在学习上感到压力是正常的。可能需要找出一些释放和调节压力的方法，比如一些放松的活动。,我想试试，因为这样下去确实感觉会很累。,0
Y11,这样的话，或许您可以和他聊一聊他是怎么看待这件事的。您是否觉得他有意识到他的行为可能源于一些不自信？,有的，他有时候也会跟我提起，说自己没法完全放松。,0
Y11,这可能是一个不错的开始，也许能帮助你找到一条清晰的道路。你觉得需要外界的支持才能走出困境吗？,如果有专业支持，我相信我会更有信心。,0
Y11,这种情况下，是否意识到这些行为可能成为一种强迫症症状呢？,我想是的，但既然知道了也停不下来。,0
Y11,支持系统的确能带来安全感和力量。对于出轨和你目前的状况的理解上，你是否觉得缺乏某种清晰度？,是的，感觉事情变得如此混乱让我难以理清头绪。,0
Y11,这样说来，你可能对自己现在的状况有过一些反思或者怀疑过吗？,是的，有时候会想自己是不是需要一些心理帮助。,0
Y11,那么在离婚后，您的生活和与人交往的看法是否有任何改变呢？,有，我觉得自己变得更加孤独，更加不愿意交往其他人。,0
Y11,从你的描述中，我能感受到这种疏离感。在这样的关系变化中，你是否对自己行为的理解产生了任何新的体会？,是的，我反思了，其实很多时候真的是我表达过于直接没有考虑她们的感受。,0
Y11,这个意识很重要，有时候理解情绪背后的原因是解开困扰的钥匙。你觉得这影响到了你们的关系吗？,是的，有时候我会对她生气，没有理由地。,0
Y11,是一段很重要的关系，当然不希望它走向低谷。你是否觉得自己对这段关系的问题缺乏理解？,对，我常常不知道怎么妥善解决，感到很无助。,0
Y11,你是否意识到自己对恋爱关系中的行为和感觉变化缺乏理解或自我意识？,是的，很困惑。,0
Y11,你是否意识到自己目前在情感态度上有些问题？,意识到了，但却不知道如何改变。,0
Y11,这种控制欲可能会对你的情感健康造成伤害。你有没有意识到他的行为给你带来了怎样的情感影响？,我感觉自己的情绪被他牵着走，很疲惫。,0
Y11,这是个好办法，有时倾诉真的很有效。,是的，谈开了会好受多了。,0
Y11,那么，您认为女朋友在发脾气或生气后是否意识到自己的情绪失控，并对其感到不安或内疚？,是的，她事后常常会感到内疚。,0
Y11,诚实地与爱你的人分享你的感受，也许他们会理解并帮助你一起面对这些问题。你提到过您的性格特质，您是否意识到这些性格特质可能对您产生的影响？,经过一番深思后，我发现这些特质确实时常影响着我的生活和社交。,0
Y11,你对于自己的病情有自己的判断吗？觉得需要药物治疗吗？,我个人觉得需要，但又不敢和她去争论。,0
Y11,太好了！回到你的情绪反应，你提到强烈情绪，比如大哭一场，这些情绪变化对你的整体状态有什么影响呢？,情绪波动太大，会让我感到疲惫，心情也变差。,0
Y11,你提到父亲对你很残酷，你是否能理解这可能对你成长有影响？,我不仅想去理解，还想找到双方都能接受的沟通方式。,0
Y11,情绪上的起伏对任何人来说都不好受。在这些波动期间，您的情绪浮动会不会让您觉得无法正常工作或维持日常活动呢？,是的，我常常无法专心工作，也提不起兴趣去做任何事情。,0
Y11,那听起来真不容易。让我们看看还有哪些方面可以一起探讨。您提到在生活中的工作总是有错漏，这是否让您对自己的状况感到困惑？,是的，我感觉像是个思想上的巨人，生活上的侏儒，这让我很苦恼。,0
Y11,忙碌确实让人喘不过气。那你是否认为自己缺乏必要的软件技能来支持研究呢？？,是的，我一直想学些软件，但是根本没时间。,0
Y11,面对舍友的反对，您是否对自己的情况有清晰的认知，意识到自己需要什么样的帮助？,我明白我需要去寻求心理咨询师的帮助，但还是不知道如何面对舍友。,0
Y11,反复思考让人精疲力竭，听起来确实困难。你的理解力如何解释这种挑战呢？,我知道自己这样下去不行，但心里总是放不下。,0
Y11,这种情况下，我们可能会变得难以放开。但请相信，调整会慢慢发生。有没有发现你的世界观因为这段事件有所改变呢？,这段经历确实让我重新审视了人与人之间的关系和信任。,0
Y11,您对自身病情的不确定一定让您很困惑。您是否觉得自己对病情缺乏清楚的认识呢？,是的，我总是需要他人告诉我这到底是怎么回事。,0
Y11,看来这些记忆对你有不小的影响。关于这些影响，你是否有意识到它们和你的健康状况有关系？,现在在你的引导下，我开始意识到这一点了。,0
Y11,在很多关系中，察觉和理解对方的暗示都是难题，尤其是在陌生的约会中。你觉得自己是不是对情商这件事感到很不自信？,是的，我总是怀疑自己是不是察觉不到一些细节，尤其是在关系中。,0
Y11,你对于在家庭沟通中自己的角色有什么看法吗？,我认为我可以扮演一个更为主动调解的角色。,0
Y11,正在进行重要的自我反思。你在考虑现状的时候，是否觉得可能需要外界的支持来帮助你度过困惑？,是的，我希望未来有所改善，但觉得需要一些帮助。,0
Y11,对于自己目前的状况，您是否觉得有必要去处理或者治疗？,我知道是需要做些什么，但是就是难以迈出那一步。,0
Y11,这是很自然的感受。你提到过尝试通过服用药物来控制情绪，那么，你对自己目前情绪状态有所了解吗？,嗯，我觉得药物确实稳定了我的情绪，但有时候还是有点焦虑。,0
Y11,听起来这个问题对你生活有很大影响。你认为这种行为是你需要改变的方面吗？,我知道这点，的确想要改变。,0
Y11,在这样的关系中，感到孤独通常是一种蛮普遍的情感。你会不会常常感到他不理解你的需要呢？,是的，我有时候感到他缺乏支持。我害怕的时候只是看看他的头像，以求安慰。,0
Y11,你如何看待自己在处理这件事上的决策和判断？,有时候觉得自己太冲动，需要更谨慎才对。,0
Y11,那么，你曾对自己在这段关系中的表现有所思考吗？,是的，我发现自己好像显得太过主动和强势。,0
Y11,这种情况让你意识到对现在感情的影响吗？,是有点，我怕自己因此失去女朋友。,0
Y11,很多人都有对自己能力的质疑，这很正常。对自己有怀疑，可能让您在与他人互动时感到更加焦虑。,是啊，我很想摆脱不敢和别人对视的我，真希望能拥有正常和人交流的能力。,0
Y11,您已经意识到这种状况，这是迈向改变的重要一步。您对自己的状况也表示了不满。你是否也注意到自己在某些时候对孩子的作业表现出情绪化的状态？,我知道自己有情绪化的倾向，但有时难以控制。,0
Y11,删除联系意味着彼此已经失去了一些深层理解的机会。这是否让你觉得彼此不太合适呢？,没错，这曝光了我们的不合适。我们的契合度有待提高。,0
Y11,我了解您的感受。之外，您觉得家人或朋友能理解您的这些经历吗？,不太能，他们只会说没事的，过去就好。,3
Y11,她是否存在对自身行为及其影响的理解上的缺乏？,好像有，她似乎并不知道她的行为会对我或者她自己产生怎样的影响。,3
Y11,他是否意识到自己对您和家庭的粘连和对外的不同，对此有何反应？,他似乎没有意识到这些区别。,3
Y11,这会让你觉得她有没有意识到自己的情绪变化呢？,没有，她好像没有意识到。,3
Y11,绝望时常让我们看不清未来的希望，你觉得自己对目前的状况有足够的理解和洞察吗？,我想不太清楚一切是怎么变成这样的。,3
Y11,友善支持和专业帮助可以有效解决问题。关于他对自己情况的感知呢，他有没有表达过困惑或不满？,从来没有。他好像对自己的行为完全不在意。,3
Y11,您提到在这些情况里经常感到崩溃和愤怒。通常在这些时刻，您的情绪会有什么变化吗？,嗯，会有变化，但我觉得不算是病。,3
Y11,您在提升自己的过程中是否对自己的状态有不切实际的认识？,可能有些变化，但我没觉得有病。,3
Y11,放松的方式可以帮助缓解压力。回到我们话题，你对自己的状态清晰了解吗？,最近情绪有点波动，但我没觉得生病。,3
Y11,您对这些情绪的发展有一定的自知力，这很重要。,我知道自己变了，但不觉得是病。,3
Y11,伪装自己真的很消耗精力。你觉得自己对目前的情况有清晰的认识吗？,我感觉不错，只是有时会调整下自己。,3
Y11,正常的一部分是接受这些情绪的变化。你看起来不仅在尝试理解母亲，也在努力维护关系，这是值得认可的努力！有没有尝试从她的角度感受她对家庭付出的意识对她有怎样的影响？,情绪有时会变化，但我不觉得有问题。,3
Y11,我们需要继续保持积极变化。想拯救自己但无从下手，是否感到对此无能为力或缺乏理解呢？,我觉得可以尝试改变，但我没病。,3
Y11,这种感受很理解，人总是希望能够做得更好。分析自己的行为，吸取经验教训，你会有所进步的。对这件事中你的反应，能否反思下？,我会考虑调整，但我没生病。,3
Y11,你觉得在这段关系中，对自己的状况有没有一个清晰的认识？,我觉得我只是有时情绪起伏，不算生病吧。,3
Y11,好的，是很重要的自我觉察。那么，您觉得自己现在对这些问题有多少理解和洞察力呢？,可能有点变化吧，但我觉得没啥问题。,3
Y11,那么在交友复杂时，你是否有对一些事情难以理解或缺乏意识的情形？,有时会这样，但我不觉得这是病。,3
Y11,开始对事情有新的看法是好的变化。,是有点变化，但我没生病。,3
Y11,这说明你对自我的反应有一定的意识，这是一种自觉的表现。,嗯，可能是改变了点，但我没病。,3
Y11,情绪上来的时候，说很多话是很正常的反应。您对男友的怀疑以及强烈控制的行为，您是否有时意识到这些行为可能不太正常？,有时我会反应过度，但我觉得这很正常。,3
Y11,请继续保持积极的态度。您提到自己的状况不了解，以为理解的不足吗？,嗯，我的情绪有变化，但我没觉得生病了。,3
Y11,能意识到变化是很重要的。你说的这些极端情绪，有没有意识到它们对生活的影响呢 ？,可能有点情绪波动，但我觉得没啥大问题。,3
Y11,运动的确可以缓解情绪压力，如果你可以坚持下来，会有不少好处哦。然而，有时这些情绪会让我们在与他人交流时觉得不被理解，你有没有这种体会？,我试着运动了，但我没病。,3
Y11,听起来，你自己对这些感觉已经有了一定的领悟。,嗯，可能有点变化，但我觉得没啥大问题。,3
Y11,重复的思考可能加剧焦虑，我们可以尝试找到更积极的角度去理解这些事情。你觉得自己能够对当前的情绪和状态更加理解或认知吗？,可能有变化，但我觉得我没病。,3
Y11,这些感受听起来很痛苦，但它们也是理解自己的重要一步。 你是否感到需要更加努力去洞察这段关系或她的行为动机？,我觉得我没病，只是需要多观察。,3
Y11,这些情绪累积很让人沮丧。您有没有尝试过去和主管或同事开诚布公地表达您的感受？,嗯，我试过表达，但我没觉得自己有病。,3
Y11,感到沮丧时，寻找支持和理解非常重要。你有没有觉得自己对目前情况缺乏必要的洞察或理解？,"有时候会这样，但我觉得我没病。",3
Y11,你是否对你们之间的关系状态及其变化有清醒的认识？,我感觉自己有些变化，但没什么大问题。,3
Y11,那么你对自己的情绪波动有一定的自省和理解吗？,有时情绪会变，但我觉得还好啦。,3
Y11,你提到这种无奈，是否对自己的行为感到怀疑或者缺乏信心呢？,可能会有变化，但我没病。,3
Y11,睡眠的确会受到情绪的影响。你可以试试放松的办法或者改善睡眠环境。有没有时常反思自己与他人的关系上发现有哪些方面可以改善？,我觉得环境可以改善，但我没啥毛病。,3
Y11,失眠可能加重这种焦虑感。有没有一种对未来的方向感或目标感缺乏的感觉？,可能最近有些迷茫，但没觉得自己生病。,3
Y11,这很美好。你有没有研究过为什么自己会被赋予这样的角色？,嗯，我可能有些变化，但我觉得没啥问题。,3
Y11,这是合理的期望。你认为他在你决定离开时表现出的情感是真实的吗，还是他缺乏对自己行为及其后果的了解？,他可能有点改变，但我不觉得他真的明白。,3
Y11,您提到对这些想法有恐惧，您是否觉得自己没有深入理解您当前的状态呢？,可能有点变化，但我觉得没病。,3
Y11,感到情绪低落或无力感是压力的常见反应，特别是在夜晚。当你有了放松的意识后，是否对自己的状况更有所理解或反思？,可能有点情绪变化，但我觉得没到生病的地步。,3
Y11,这种困扰是否也影响了你与其他人的交往？,嗯，有时候我会有点不一样，但我没觉得自己有病。,3
Y11,您在这方面的感觉是非常重要的。在这样的情况下，您是否能合理评估和理解您在婚姻中正面临的状况呢？,我可能有些变化，但没觉得有问题。,3
Y11,你似乎很珍视家庭。是否有意识到婚姻中的问题可能影响幸福感？,可能有点影响，但不觉得有什么大问题。,3
Y11,这种行为确实需要十分注意。她在做这些自伤行为时是否意识到后果可能是什么？,可能会注意点，但不觉得自己有病。,3
Y11,看来这些情感上的投入对你来说很重要。这样的行为是否曾影响你的判断力或让你有过困惑的时刻？,嗯，有时候会有点冲动，但我觉得自己还好。,3
Y11,嗯，这种认识可能会让您对自己的状况缺乏清醒的判断，您觉得这影响了您的自我认知吗？,可能有点变化吧，但我觉得没啥问题。,3
Y11,了解，安全是最重要的。有没有对自己的状况有更多的反思或产生新的看法呢？,我可能有点变化，但我觉得没啥问题。,3
Y11,很好！当你尝试从第三视角观察自己时，是否曾觉得自己更容易被周围环境影响，而感到孤独？,可能有点变化吧，但我不觉得有问题。,3
Y11,理解您的感受很重要。不知道您对自己的学习习惯，比如选择商场这类地点学习，有没有觉得可能被其他人不理解呢？,我可能只是喜欢热闹，但我没觉得生病。,3
Y11,希望你能找到更多支持。这种时候，支持系统是很重要的。我还想问一下，你爸爸和你妈妈之间的关系，他有没有意识到自己的行为不当？,我觉得他们还好，只是偶尔有点矛盾吧。,3
Y11,明白。这是一个很多伴侣都会遇到的问题。您觉得他是否对您们关系中的差异缺乏洞察力呢？,可能有点没注意到，但我觉得没啥大问题。,3
Y11,这个想法很好，可以和他谈谈看他的想法。在面对问题时，他会不会显得缺乏解决能力或不理解现状呢？,我有时会变，但不觉得自己有问题。,3
Y11,你是否觉得在工作中无法完全发挥自己的能力，或者有种力不从心的感觉？,嗯，有时候感觉有点难，但还好。,3
Y11,你在关系未确定时会变得情绪化，这是因为对自己的状况理解不足吗？,嗯，我确实会情绪波动，但我觉得这不是病。,3
Y11,这种对现状不清晰的感受常出现吗？,嗯，有时候会有点变化，但也没啥大问题啦。,3
Y11,很好的习惯。关于手淫无害论，您的感受是什么？这对您的心理或行为有何影响？,可能有点影响，但我觉得没啥大问题。,3
Y11,是的，那会有更多相互了解的机会。在职场上，你觉得自己对现状的理解足够吗？,可能有些变化，但我没觉得有问题。,3
Y11,反思和记录需要时间，不要过于苛求自己。那你对自己的这种状态是否感到困惑？,有点变化，但没到生病那程度。,3
Y11,你对室友的行为和同学的评价，是否觉得缺乏清晰的认识或理解？,可能有点变化，但我觉得没啥病。,3
Y11,你觉得自己对当前的社交情况缺乏理解和信心吗？,可能有点不一样，但我没觉得有病。,3
Y11,或许是成长过程中被忽视的经历让您产生了这样的需求。您觉得自己有意识到这样的状态吗？,嗯，我觉得可能有点影响，但不算生病吧。,3
Y11,这样感觉一定很无奈。他是否有意识到你表达的这些不满呢？,他可能看到了我的变化，但我觉得没啥病。,3
Y11,让他了解您的感受也许能够改善彼此的理解。您觉得自己对当前婚姻状况的认知是否清晰？是否了解自己的问题所在呢？,可能有些行为需要改，但我没病。,3
Y11,未来一定有希望，过去已经撑过了这么多困难，现在的努力也同样值得。你觉不觉得有些时候，无论如何努力，却无能为力？,我有时是会觉得这样，但不等于有问题。,3
Y11,是不是感觉自己慢慢适应这种模式，并失去对一些事情的敏感？,可能有点变化，但我没觉得有病。,3
Y11,您在这个过程中有意识地想过改变策略吗？是否没有完全意识到问题的所在呢？,可能有调整过，但我没觉得我有病。,3
Y11,可能每个立场都有其合理性，有时候理解需要时间。父母的期望对你做事有影响吗？,嗯，可能有点影响，但我没什么问题。,3
Y11,你提到这些经历时没有负罪感，这是否意味着你对于这些行为缺乏意识或者理解自己的状况？,我知道自己有时行为会变，但我没病啊。,3
Y11,这种感觉会让人很难受，您有没有尝试去理解室友的反应呢？,可能是我有点情绪化，但我没病。,3
Y11,听起来这是段很有意义的关系。您是否对自己的情感状况有清晰的理解，还是感到有些困惑呢？,嗯，我确实有些情绪变化，但我觉得没啥病。,3
Y11,这很正常，很多患者对病情的长期性没有足够的意识。你是否意识到这个情况的严重性呢？,我知道自己有些变化，但不觉得是病。,3
Y11,说很多话可能是情绪出口的一种方式。在这么多情绪表达之后，有没有意识到自己的讲话或行为超过了正常的界限？比如说话过激或者做事过于冲动？,嗯，可能有点过了，但我觉得还好。,3
Y11,在这段关系中，你对女友的解释感到怀疑，因为她的行为让你觉得不够坦诚吗？,可能是我多想了，但我没什么问题。,3
Y11,调整期待是一个很棒的想法，会帮助你慢慢前进。最后，你有没有因为进入这个学校而感到对自己的决定缺乏理解？,我觉得我还好，学校挺不错的。,3
Y11,您认为她对于自己的现状有充分的理解和意识吗？,她可能会有些改变，但没啥大问题。,3
Y11,明智的选择！保持良好的睡眠对于改善心情非常重要。有什么时候你很难理解自己为什么会有这样的情绪吗？,有时候会，可能就是心情不好吧。,3
Y11,你是否最近对心理健康状况有过一些误解？,嗯，最近确实有点不一样，但我觉得没事。,3
Y11,是的，不总是一帆风顺。重要的是继续前进并寻求支持。对自己的状况，你是否有清晰的认识呢？,我觉得我只是情绪多变，不算生病吧。,3
Y11,您觉得男友在处理这些问题时是否缺乏洞察力？,可能他有时不太敏感，但这没啥大问题。,3
Y11,感到焦虑是正常的。你是否认识到自己需要在哪些方面改进？,我知道我有些地方需要调整，但我没病。,3
Y11,你提到心里有病，这是否表示你对某些想法缺乏自我反省？,我只是有时候情绪波动大，不是生病。,3
Y11,自信是慢慢建立的，你在努力，这已经是个开始。关于这些经历没有留下阴影，是否因为你对它们影响力的洞察力较强？,我觉得没啥病，就是有点努力吧。,3
Y11,如果给您一个机会去寻求专业的建议和支持，您会感兴趣吗？,可能会考虑，但我没觉得自己有病。,3
Y11,这可能让你对自己的一些行为或想法感到不太确定，对吗？,嗯，可能有些变化，但我觉得没啥大问题。,3
Y11,感受不到控制确实很令人沮丧。您对自己的状况有足够的认识和理解吗？,我知道有时候情绪不稳，但没生病啦。,3
Y11,那么您在反思自己行为的时候，有试图寻找这段关系为什么结束的原因吗？,我反思过，但不觉得是生病的问题。,3
Y11,情绪失控确实是个问题。你觉得这些情绪变化可能来自什么原因呢？,可能是压力大吧，但我觉得没生病。,3
Y11,在消费这些花费时，你意识到这是需求或者环节上的问题吗？,可能有点冲动消费，但我没病。,3
Y11,你有没有感到对于这种状态的难以适应或者理解？,有时会有些变化，但我觉得还好。,3
Y11,关于和合伙人之间的关系和合作未来，你觉得自己能有足够清晰的看法和做出决策吗？,可能会变，但我没事儿。,3
Y11,我理解你的期望。当关系不对等时，可能会产生什么样的想法呢？,可能会有些失落，但我没病。,3
Y11,家庭的压力确实可以对情绪造成很大的影响。您自主选择不与他人交流或社交时，是否觉得内心比较平和？,有时候独处确实挺舒服，但不觉得有什么病。,3
Y11,难过的时候有时确实会让人过度焦虑。关于他说的精神病，你觉得他有没有可能缺乏一些对病情的洞察力呢？,我可能有点情绪波动，但不觉得有病。,3
Y11,您是否意识到，对方对自身心理状况缺乏洞察和理解？,我觉得我没病，只是最近有点不一样。,3
Y11,这可真是令人担心。不知道她自己有没有意识到这些行为的异常呢？,可能有点不一样，但我觉得挺正常的。,3
Y11,很好！最后，您是否觉得自己对自身状态缺乏理解或意识？,可能有些变化，但我不觉得有病。,3
Y11,对于这些困难，你有没有想到一些解决办法，或者你觉得自己有足够的了解和见解吗？,我觉得可以试试改改，但我不觉得是病。,3
Y11,您是否觉得自己能清晰地意识到这些情感反应，还是感到有时候失去了掌控？,有时候会有点变化，但我觉得还好。,3
Y11,或许提高自己的洞察能力是个开始。,提高洞察力不错，但我觉得我没啥问题。,3
Y11,找到合适的咨询师的确需要时间和勇气，也许可以从咨询师的推荐或经验入手。有没有听说过对状况的领悟，有时也有助于你改变状态？,嗯，可能会有点帮助，但我不觉得自己有病。,3
Y11,正眼面对困难的勇气很值得欣赏。对自己的状况有更清晰的认识也是重要一步。,我只是有时情绪波动，不是病。,3
Y11,您觉得这种情况和焦虑或精神障碍有关系吗？有没有想过这方面的问题？,可能有点变化，但我觉得没生病。,3
Y11,您已经在为未来考虑很多选择了，在重大决策时是否感受到很大的压力呢？,嗯，有点压力，但没觉得生病。,3
Y11,失去的安全感可能是其中一个原因。对这段关系和其中的内容，你是否觉得自己有掌控力？,有时我完全不知道该如何应对这些困难。,2
Y11,在成长过程中，你是否一直感受到依赖心理，现在感到已经无望？,无法否认，一直以来我都希望妈妈能理解我。,2
Y11,在和父母的沟通中，你是否觉得对自己的状况有清晰的理解和认识呢？,我以为我了解，但他们总让我怀疑自己的感觉。,2
Y11,看来她付出了不少努力。她是否缺乏对这些努力带来的困境的清晰认识？,她似乎没有意识到这些行为可能的后果，总觉得这样做没什么大不了的。,2
Y11,她对你们关系中的问题有过自我反思和理解吗？你觉得她的理解和反思能力如何？,其实，我觉得她在这方面比较缺乏。她似乎较少考虑自己的行为对我们关系的影响。,2
Y11,当你和男朋友沟通时，你是否觉得他理解你的处境和感受？,我觉得他没能理解我。,2
Y11,你妈妈是否有对你生活的控制或干涉行为？,她总是想以她的意愿来影响我的决定。,2
Y11,我能感觉到你的困惑。面对他不愿去医院，你有哪些看法呢？是否有时会感到不解或者困惑？,我真的不理解他，为什么不抓紧时间去治疗呢？总是拖着让我很烦躁。,2
Y11,晚上思考往往更为深刻，我们需要找到舒缓的方法。你对自己的理解是否清晰？,反而有点模糊，因为对自己越来越没有信心。,2
Y11,生活虽有挑战，但心态的调整能让我们更好地面对。,是的，我会努力改变自己的状态。,2
Y11,这可能是个需要留意的点。关于你们的联系频繁程度，你觉得他是在推进关系吗？,不太频繁，不过最近他更主动联系我了。,2
Y11,您觉得他的问题是不是对自我意识与行为理解产生了影响？,我认为是的，他出现问题就怪罪外因。,2
Y11,也许在这些时候，她对自己的状态没有足够的觉察。你认为她觉得自己的行为是合理的吗？,我觉得她完全不觉得自己有错。,2
Y11,那样的内心世界有很多东西需要倾诉。关于跟同学的互动，你提到过一次打同学的经历，之后你有没有意识到这种行为的问题，或者是否有过反思？,当时并没有反思，总觉得他们对我也不友好，只是后来我意识到应该改变。,2
Y11,写日记是个很好的出口，有助于梳理思绪。当你在作业时选择沉默，是因为你理解并接受了这种状况，还是因为对自己的这种状态缺乏自知之明？,我想，是因为不想面对，更不想再进一步被别人看到弱点。,2
Y11,这种时候，情感上确实需要更多支持。您提到您的情感需求似乎没有得到满足，对吧？,是的。他可以主动跟我肢体接触，但我不能接触他，这让我很抓狂。,2
Y11,这是一种积极的态度。关于你和父亲之间的关系，你觉得缺乏理解和自省吗？,感觉我们的关系一直都缺少自省的空间。,2
Y11,那是很好的进展。在这种情感摩擦中，你是否曾觉得自己缺乏洞察力？,是的，有时我确实不太懂她的情绪变化。,2
Y11,怕与怒气相伴的交流，确实让人感到无力。,是的，我只能把耳朵堵上，但不让他发现。,2
Y11,听起来似乎有些误解，您觉得您丈夫有意识到您的感受和状况吗？,我觉得他没有理解我的状况。谈这些他总是很防御。,2
Y11,你觉得他对这些问题可能缺乏一些洞察力吗？,我是这样觉得的，他对自己妈妈有些过度的依赖。,2
Y11,能理解你的努力。这是否让你觉得在沟通上很难被接受？他是否表现出难以理解或接受你的观点呢？,是的，他好像听不进去我的话，最后总是以大吵告终。,2
Y11,这种感觉从什么时候开始的呢？,这已经是他第二次背叛我，我决定离婚，他却想要继续。,2
Y11,有时候找到合适的发泄方式确实不容易。您与伴侣沟通时，有没有感到一切都变得模糊和不清楚？,对的，我们的沟通总是很混乱。,2
Y11,你这样的心情也很正常，信任在关系中是逐步建立起来的。你是否觉得他对于自己的冲动有足够的认知和理解呢？,我觉得他还在努力学习如何控制自己的情绪。,2
Y11,不客气，希望这些对你有所帮助。在讨论中，你有没有觉得父母对你缺乏理解和认识呢？,是的，他们似乎对我的感受很无视，很多问题都没有和我沟通。,2
Y11,她对自己的状况是否缺乏理解？,有时候她这样说的时候，我觉得她不理解我。,2
Y11,这个问题可以让你多想自己的感受。那么，你对于自己的这段感情有没有自我反思或意识到某些问题？,我觉得我对他了解太少，可能只是短暂的心动。,2
Y11,他在气消以后，有意识到自己的愤怒行为不太正常吗？,消气后他会说不该骂我，但他似乎对我妈的情绪无法控制。,2
Y11,真不容易，听起来孩子的情绪起伏不小。他有没有曾表现出对自己的状况缺乏了解呢？,有时我会觉得他不知道自己在做什么。,2
Y11,按你说的，他对自己的状况缺乏认识。在处理家庭问题时，他有没有表现出对自我状况的理解困难？,是的，他从来不觉得自己有错，一直认为是别人的问题。,2
Y11,朋友是我们在成长过程中重要的一部分。 继续与他们保持良好的关系是非常重要的。你的父母是否了解你在学习和生活中的压力呢？,爸妈给了我一些空间，但似乎不了解我的真实感觉。,2
Y11,或许这正是因为这些压力的影响。面临背景调查的问题时，您如何理解这种情况，是否觉得有误解？,他们坚持要三个电话，但我只能提供两个，感觉差距就导致了误解。,2
Y11,你有没有感觉过她似乎对自己的行为缺乏认识？或者不了解情况的严重性？,她好像没有意识到她的行为有多么可怕。,2
Y11,自我改变确实是一个过程，你认为自己对这种状态有足够的认识和理解吗？,嗯，我一直在思考，但似乎无法找到答案。说实话，我觉得缺乏了一些动力。,2
Y11,明白了，妥协是否被你视为一种脆弱？,没错，我一直觉得自己需要有主见。,2
Y11,我理解这种防御性反应。在这些情绪波动中，他有没有意识到自己的行为问题？有没有表达过他当时的想法？,他没有特别说，但我能看出他当时很生气。,2
Y11,这样的感受很真实，许多人在类似情况下可能也有相同的体验。你有没有注意到她是否对自己的心理状况缺乏认识或理解？,可能有点变化，但我觉得自己没问题。,2
Y11,这是否也影响了你对男友的看法？,我可能有点不一样，但我没觉得自己生病。,2
Y11,失去兴趣可能是一个需要留意的信号。那么，你是否觉得对自己的状况缺乏清晰的理解呢？,我感觉有点变化，但不觉得有什么大问题。,2
Y11,感觉你对情况的判断是否清晰？有没有更好的沟通解决办法？,我觉得我做得还不错吧，但我没病。,2
Y11,这可能是因为心情波动造成的。你对这样的情绪变化是否有过更深入的了解呢？,情绪有点波动，但我觉得还好。,2
Y11,睡眠不好的话，会影响到很多方面的状态的。您对目前的情况有清晰的认识吗？,是啊，最近有点累，但我觉得没啥大问题。,2
Y11,看来你需要寻找一些能让自己放松的方法。去年你们直接当着亲戚的面动手，你有没有意识到自己对和解或者恢复关系存在障碍？,我知道改了很多，但我没病。,2
Y11,诚实沟通很重要，但控制语气和表达方式同样关键。是否经过这样的谈话后你发现过朋友对自己状况的领悟增加？,是啊，大家沟通后都更理解彼此了。,2
Y11,对母亲的怨怒是否也影响了你其他的人际关系呢？,可能有影响，但我觉得还好。,2
Y11,您知道之前测量结果显示中度抑郁的结果吗？对此有什么看法？,是啊，最近有点情绪低落，但我觉得还好。,2
Y11,情绪低落时，孤独感确实明显。但真正的朋友会理解你并支持你的。你是否在内心深处觉得自己的人生态度发生了变化？,最近确实有些变化，但我觉得没啥大问题。,2
Y11,你提到写日记，是否觉得这能帮助你更好理解自己的状态？,嗯，我确实写日记，不过只是习惯啦。,2
Y11,这是一个好的第一步。您对当前状况和自己的情绪状态感到了解吗？,我觉得还好，只是最近情绪有点小波动。,2
Y11,理解，这种情感的力量可能会比较难以控制。你有提到阅读她的新作品会感到愤怒，你近期有没有反思过这些情绪，以及是否符合现实？,嗯，有时候有点情绪起伏，但我觉得这很正常。,2
Y11,保持隐私非常聪明。那么，这次事件后，你是否缺乏对自己现状及处境的清晰认知，甚至感到困惑？,是有些行为变了，但我没病。,2
Y11,在日常生活中，是否常常感到生活没有希望？,有时是这样，但我觉得只是累了。,2
Y11,那么您觉得在这个过程中，自己是否有足够的了解和判断力呢？,可能有些变化，但我觉得自己挺清楚的。,2
Y11,那，您是否曾有对自己状态进行反省，或者评估过自我感受？,有时候会想事情，但不觉得自己有病。,2
Y11,这种感觉是不寻常的，但不是不可能缓解。针对这些特别的思维，你有没有想到一些策略或技巧，可能帮助你处理这些情绪？,我试过一些方法，但我觉得这只是情绪波动。,2
Y11,他说的和他的态度也许反映了他的立场。在清晰认识这段关系的过程中，您是否对其中复杂性有足够了解？,我觉得自己变了些，但没什么病。,2
Y11,这种情况让你意识到自身问题时，有没有觉得缺乏对其的充分理解呢？,我只是有时情绪波动，不觉得是什么病。,2
Y11,看来这些记忆对你有不小的影响。关于这些影响，你是否有意识到它们和你的健康状况有关系？,我确实变了些，但我不觉得自己有病。,2
Y11,在探索这些感受的时候，保持自我反省很重要。那你觉得和其他人保持距离，是否帮助你避免情感波动？,嗯，我确实有时会这样，但我并不觉得自己有病。,2
Y11,那么在离婚后，您的生活和与人交往的看法是否有任何改变呢？,嗯，有些改变，但我觉得我没问题。,2
Y11,在提到父亲的这些问题时，你是否意识到自己对家中的不满有可能是对家庭变化的反应吗？,可能有点反应，但我不觉得这是病。,2
Y11,那么，您觉得在这种情况下，自己有情绪方面的问题吗？,可能有些行为变了，但我觉得没病。,2
Y11,您已经意识到这种状况，这是迈向改变的重要一步。您对自己的状况也表示了不满。你是否也注意到自己在某些时候对孩子的作业表现出情绪化的状态？,是啊，有时候情绪波动挺大的，但我觉得自己没病。,2
Y11,听起来你对自己的状态很有察觉。你觉得这种情况需要关注和治疗吗？,状态有变，但我觉得没啥大问题。,2
Y11,这个过程可能会让你的身体也感到疲惫。你父母不理会你的想法和感受，这是否让你对自己的状况缺乏理解或者意识？,最近确实累了，但我没觉得自己有啥问题。,2
Y11,"喔~你大概几点吃睡前药? ,",有时会吃，不过我没啥病。,2
Y11,"对，可是你的药还没吃完。好啦~你下次回诊应该几个月后了? ,",我觉得我挺好的，没啥病。,2
Y11,很好，明确自己的期望是建立健康人际关系的重要部分。不知道这种人际关系问题有没有让你觉得自己的理解和觉察能力受到影响呢？,嗯，我是有些变化，但我觉得没啥病。,2
Y11,他有没有意识到自己的财务状况对你们关系的影响呢？,他知道，但我觉得没啥大问题。,2
Y11,反复思考让人精疲力竭，听起来确实困难。你的理解力如何解释这种挑战呢？,我只是最近有点累而已，没什么病。,2
Y11,那很好！你对自己的状态有清晰的认识吗，还是有时会忽视问题？,有时会有点不一样，但没啥大问题。,2
Y11,这可能让你在相处时感到压力。你是否对单身有新的认识或看法？,我有在调整，但我没病。,2
Y11,那么，您认为女朋友在发脾气或生气后是否意识到自己的情绪失控，并对其感到不安或内疚？,她有时候会意识到，但我觉得这挺正常的。,2
Y11,保持健康的社交互动有助于心理的平衡。考虑到你曾深深依赖前男友的经历，现在建立新关系时会特别担心失去对方吗？,"是啊，我确实更小心了，但这不算病吧？",2
Y11,情绪上的起伏对任何人来说都不好受。在这些波动期间，您的情绪浮动会不会让您觉得无法正常工作或维持日常活动呢？,有时候有点难，但我觉得没啥大问题。,2
Y11,你弟弟对自身处境有没有意识上的理解，或者有没有曾表达过意识到自身可能存在的问题？,他知道自己变了，但他不觉得有问题。,2
Y11,这很棒！自我保护和调整情绪确实很重要。您认为这些改变能帮助您适应目前的情感状态吗？,是啊，有些改变，但我没觉得自己有病。,2
Y11,集中很重要，尤其是在面对学业压力时。你提到过，有时对现在的状况会感到不清楚或无感吗？这样的体会有吗？,有时候会有点恍惚，但我觉得没啥大问题。,2
Y11,有时与心理医生进一步沟通，也对这些情况帮助很大。,嗯，交流确实有帮助，但我觉得我没病。,2
Y11,你是否意识到自己可能并不完全了解或认识到自己的感情状态？,可能吧，但我觉得自己没啥问题。,2
Y11,在很多关系中，察觉和理解对方的暗示都是难题，尤其是在陌生的约会中。你觉得自己是不是对情商这件事感到很不自信？,嗯，我确实有些迟钝，但这不算什么病。,2
Y11,好的沟通可以化解很多误会，也许值得一试。那你对自己状态的理解是否有所调整呢？,嗯，我有调整一些习惯，但我觉得我没啥病。,2
Y11,这种不合适的感觉，是因为觉得自己对状况缺乏了解或承认吗？,我只是最近脾气有点怪，没啥病。,2
Y11,身体和情绪健康是相互关联的。面对情绪波动时，你对自己状态的认知如何？你觉得自己能够很好地理解和管理目前的情绪吗？,嗯，有些变化，但我觉得自己还挺好的。,2
Y11,心悸可能与焦虑有关，必要时调整作息可以缓解。你有尝试过哪些方法来应对焦虑呢？效果如何？,我试过冥想和运动，感觉还不错，但没觉得自己有病。,2
Y11,忙碌确实让人喘不过气。那你是否认为自己缺乏必要的软件技能来支持研究呢？？,有些技能还在改进，但不觉得这是病。,2
Y11,对此有过自我批评吗？你如何看待自己的状况？,我觉得自己有进步，但不觉得有病。,2
Y11,这种情形下保持冷静确实不容易。您是否感觉到在这些方面，配偶对您理解和支持的不足影响了您的情绪？,嗯，可能有点影响，但我觉得没啥大问题。,2
Y11,这种情况下，即使有了进步也不容易被看到。不过，保持积极的自我肯定很重要。你有没有想过，在和母亲相处这方面，你缺乏自信和洞察力呢？,我觉得我有进步，只是没看到问题。,2
Y11,他对自己的现状是否缺乏理解或认识？有没有和你谈过他的感受？,我变化是有点，但没觉得自己有病。,2
Y11,理解。保持这样的理智和控制是一种成熟的表现。近期有没有感到对这些情感有清晰的理解呢？,最近有些变化，但我觉得没啥问题！,2
Y11,别忘了照顾好自己，心理健康与工作一样重要。,我知道啦，我会注意的，谢谢关心！,2
Y11,是的，感情问题时常会影响到我们的日常生活。你对这段关系是否有清晰的认知和理解呢？,可能有点影响，但我觉得没什么大问题。,2
Y11,适当的独处可以让人静心。你是否在这些冲突中尝试过理解舍友的行为呢？,试着多理解他们，但我没啥毛病。,2
Y11,我了解您的感受。之外，您觉得家人或朋友能理解您的这些经历吗？,我觉得他们看到我有点不一样，但没啥大问题。,2
Y11,在学习上感到压力是正常的。可能需要找出一些释放和调节压力的方法，比如一些放松的活动。,"确实有压力，放松活动听起来不错，但我没啥问题。",2
Y11,很多时候，这种感觉让我们感到不安。尝试站在不同的角度看问题可能会有所帮助。,我试着改变了看法，但我没病。,2
Y11,在这种互动中有没有觉察自己对局势的严重性不太了解？,可能吧，但我觉得没什么大问题。,2
Y11,你弟弟对自身处境有没有意识上的理解，或者有没有曾表达过意识到自身可能存在的问题？,他一直说自己没问题，觉得按自己的方式生活挺好的。,4
Y11,生活虽有挑战，但心态的调整能让我们更好地面对。,我觉得心态调整没啥用。,4
Y11,在与“超我”的对话中，是否觉得对自己的理解和洞察力不足呢？,没有啊，我觉得挺了解自己的。,4
Y11,那我们就一起继续探讨这些方法吧，创造一个更好的互动环境。面对孩子的痛苦时，您是否觉得无法理解她的感受呢？,我觉得我已经做得够好了。,4
Y11,这样的话，或许您可以和他聊一聊他是怎么看待这件事的。您是否觉得他有意识到他的行为可能源于一些不自信？,我觉得他没什么好聊的。,4
Y11,小步开始积累，每天都尽力做好一两件事。觉得自己无法完全了解目前的情感问题吗？,我觉得没啥需要改变的。,4
Y11,你有没有过对自己能力的过高评价呢？,没有，应该没有吧。,4
Y11,那可能是因为特定的影片类型让您更难以控制自己。您对自我状态有多少了解呢？,没啥特别的，就跟平时一样。,4
Y11,你妈妈是否有对你生活的控制或干涉行为？,她没有，我觉得挺正常的。,4
Y11,这段回忆可能让你对自己感到疑惑。你发现自己有时难以理解自己的行为或情感状态吗？,没有啊，我觉得我一直都挺正常的。,4
Y11,你觉得增加了幻想的频率是一种逃避现实的方式吗？,没啥变啊，就是爱想点儿有的没的。,4
Y11,这种沟通问题影响到了你对治疗的看法吗？是否有对自身症状新的理解？,没有，我觉得没什么变化。,4
Y11,这种情况下，是否意识到这些行为可能成为一种强迫症症状呢？,我感觉没有什么特别的变化。,4
Y11,也许这让你觉得对这段婚姻的状态缺少掌控。,我觉得一切还挺正常的。,4
Y11,这种不合适的感觉，是因为觉得自己对状况缺乏了解或承认吗？,我没觉得我哪里改变了啊。,4
Y11,这样的期待偶尔得不到回应，情绪自然会受影响。你觉得自己是否有时对男朋友的行为或需求不太认可？,没觉得怎么不认可，感觉还好啊。,4
Y11,诚实地与爱你的人分享你的感受，也许他们会理解并帮助你一起面对这些问题。你提到过您的性格特质，您是否意识到这些性格特质可能对您产生的影响？,我觉得没啥需要改变的，我挺好的。,4
Y11,有时候找到合适的发泄方式确实不容易。您与伴侣沟通时，有没有感到一切都变得模糊和不清楚？,没有啊，沟通时一切都很正常。,4
Y11,你是否意识到在这个过程中没有做真正的自己？,我觉得我一直都是我自己啊。,4
Y11,在探索这些感受的时候，保持自我反省很重要。那你觉得和其他人保持距离，是否帮助你避免情感波动？,我感觉自己没啥变化，还是一样的。,4
Y11,你是否感到在处理这些事件时缺乏对自己情况的了解和控制？,没有，我觉得自己挺正常的。,4
Y11,那么，你曾对自己在这段关系中的表现有所思考吗？,没有想太多，我就是这样的人。,4
Y11,她对自己的状况是否缺乏理解？,没啥变化，一切都挺正常的。,4
Y11,在关系变化中，您有没有时感觉自己完全无法理解现状？,没啊，我觉得一直都差不多。,4
Y11,听起来不错，这样能稍微缓解你的压力。在你感到犹豫或不知所措时，有寻求过专业帮助吗？,没有，我觉得还好，不太需要。,4
Y11,他是否意识到自己对您和家庭的粘连和对外的不同，对此有何反应？,我觉得他没觉得自己变了。,4
Y11,这听起来真的很令人心痛。你有没有这种感觉，就是在这段关系里需要帮助？,我觉得我没啥特别需要改变的。,4
Y11,在成长过程中，你是否一直感受到依赖心理，现在感到已经无望？,没有啊，我一直都挺独立的。,4
Y11,那么在离婚后，您的生活和与人交往的看法是否有任何改变呢？,没有什么特别的变化，一切都挺正常的。,4
Y11,绝望时常让我们看不清未来的希望，你觉得自己对目前的状况有足够的理解和洞察吗？,我觉得没什么好改变的。,4
Y11,这是个好办法，有时倾诉真的很有效。,嗯，我还没准备好倾诉。,4
Y11,朋友的角色很重要，他们能提供支持和建议。会担心这样的感情有不现实期待吗？,不会担心，朋友就是朋友嘛。,4
Y11,这种变化是否在一定时期内特别明显呢？,没啥特别的变化，我觉得一切都挺正常。,4
Y11,情绪波动并不罕见，让自己放松很重要。你希望有人可以倾诉，这是否意味着你对自己的状态缺乏理解或不明白原因？,我觉得我挺正常的，没有啥特别的。,4
Y11,别忘了照顾好自己，心理健康与工作一样重要。,我一直都挺好的，没啥变化。,4
Y11,这些冲突让你感到困惑吗？,没有啊，一切都挺正常的。,4
Y11,"对阿辛苦你了，阿你下次什么时候回诊？你那边的？你有再去问吗？你的那个漫天那个可以拿的部分,",没特别安排，还是老样子呢。,4
Y11,这很正常。沟通多有助于解决问题，但也要给自己一些时间冷静下来。有没有觉得在解决问题时对自己的状态缺乏理解或意识的经历呢？,没有，我觉得我一直都很正常。,4
Y11,一种被限制的感觉会让人感到挫败。你是否对目前的情况有足够的理解，比如对情绪或者行为上的困难呢？,我觉得我没什么变化啊，一切都挺正常的。,4
Y11,这种感受并不是孤立的。您对家庭关系的理解如何？有没有不清晰之处？,我觉得没啥问题啊，一直都这样。,4
Y11,我能感觉到你的困惑。面对他不愿去医院，你有哪些看法呢？是否有时会感到不解或者困惑？,我其实没觉得有什么特别的变化。,4
Y11,在这种情况下，你认为紧张是因为不适合辩论，还是其他因素呢？,我觉得不是紧张，只是状态不好。,4
Y11,在解释过程中，你有自信能让他听到你的想法吗？,我觉得没必要改变，我这样挺好的。,4
Y11,这种感受可能是很多人都有的。回顾成长经历，你是否对自己的情感和行为有过深入的自我了解呢？,我觉得我一直都挺正常的。,4
Y11,不确定是很正常的感觉。你是否觉得，与其他同学相比，你似乎没那么努力却成绩更好，这种自我认知影响了你对自己优点的看法吗？,没有啊，我觉得自己努力了。,4
Y11,友善支持和专业帮助可以有效解决问题。关于他对自己情况的感知呢，他有没有表达过困惑或不满？,他没说过啥困惑或者不满。,4
Y11,他是否对于自己的状况缺少认识和理解呢？,我觉得我没什么变化啊。,4
Y11,晚上思考往往更为深刻，我们需要找到舒缓的方法。你对自己的理解是否清晰？,我觉得我没啥变化，挺正常的。,4
Y11,这种情形下保持冷静确实不容易。您是否感觉到在这些方面，配偶对您理解和支持的不足影响了您的情绪？,我觉得没有影响，我还挺好的。,4
Y11,"喔~你大概几点吃睡前药? ,",哦，我吃药时间没什么特别的变化。,4
Y11,要继续思考在哪里生活可能对您整体幸福感最好，同时，一步步来。您在为改变现状做决定时是否觉得理解并意识到需要改变这种现状呢？,我觉得现在的状态挺好的，不需要改。,4
Y11,这种感觉从高一开始就有加重吗？是否越来越影响你的日常生活呢？,没有啦，生活还是照常过。,4
Y11,是啊，这样你对婚姻的认识会更深入。,其实我没觉得有什么特别变化。,4
Y11,看来他意识到自己做得不对。您觉得他对自己的行为有清晰的认识吗？,我觉得他还是老样子。,4
Y11,有没有觉得自己的情况有误解，觉得自己不需要帮助？,我觉得我挺好的，不需要帮助。,4
Y11,很欣慰你能表达这些感受，它们是你对自己和关系环境的一种反思。察觉自身情绪变化，是我们迈向改变的重要一步。在这段时间中，你感觉是否对自己的现状和情感状况有清晰的认识或觉察呢？,其实我没觉得有啥变化。,4
Y11,这是一种良好的尝试。保持冷静和耐心有助于打破不良循环。你提到的无奈感，是否觉得需要进一步的帮助？,我觉得我没什么需要改变的，挺好的。,4
Y11,自我改变确实是一个过程，你认为自己对这种状态有足够的认识和理解吗？,没有，我觉得我没啥变化。,4
Y11,面对焦虑和压力时，你是否能找方法调节情绪？,没有特别的方法，还是老样子。,4
Y11,这个意识很重要，有时候理解情绪背后的原因是解开困扰的钥匙。你觉得这影响到了你们的关系吗？,我觉得没啥大影响，关系挺好的。,4
Y11,这样下去真的不容易。你感觉自己在与母亲的关系中缺乏对自己情绪的意识吗？,我觉得没什么变化啊，挺好的。,4
Y11,怕与怒气相伴的交流，确实让人感到无力。,我没感觉有什么不同啊。,4
Y11,很多时候，这种感觉让我们感到不安。尝试站在不同的角度看问题可能会有所帮助。,我觉得我没什么好改变的。,4
Y11,这很正常。自我反省也是解决问题的开始。你认为自己的认识和判断有足够的自知吗？,我觉得我没什么需要改的。,4
Y11,这样的冲突是否让您对自身情况的理解感到迷茫和不知所措呢？,没觉得有啥变化啊，挺正常的。,4
Y11,你这么说让我想知道，你是否感到失去对状况的洞察力？,没啊，我感觉一切正常。,4
Y11,你对于在家庭沟通中自己的角色有什么看法吗？,我觉得我没啥特别的变化。,4
Y11,她是否存在对自身行为及其影响的理解上的缺乏？,没觉得有啥不一样啊。,4
Y11,这种失控是否常常发生，特别是让你感到困惑，对自己的行为感到不解？,没啥特别的，我觉得挺正常的。,4
Y11,这个过程可能会让你的身体也感到疲惫。你父母不理会你的想法和感受，这是否让你对自己的状况缺乏理解或者意识？,我感觉没啥变化，挺正常的。,4
Y11,那位老师对你的影响是否让你对自己的理解产生了困惑？,没有，我觉得我还是我。,4
Y11,听上去这段关系中的许多方面让你感到不安。不知道你有想过在这段关系中，你的行为和情感状态可能有不正常的地方吗？,我觉得我没啥变化啊，挺正常的。,4
Y11,"你都大概几点吃? ,",我吃饭时间没变，还是老样子。,4
Y11,你提到她的童年有不开心的事情，你是否觉得自己承担了额外的情感责任？,没有啦，我没觉得有什么不同。,4
Y11,你是否意识到自己目前在情感态度上有些问题？,没有，我觉得我挺好的。,4
Y11,您对自己的状态有没有疑惑？,没啥疑惑，我觉得挺正常的。,4
Y11,从你的描述来看，你是否有时候觉得自己无法承认存在的情感问题或者不敢去寻求帮助呢？,我没觉得自己有啥问题，不需要帮助。,4
Y11,太好了！回到你的情绪反应，你提到强烈情绪，比如大哭一场，这些情绪变化对你的整体状态有什么影响呢？,没啥影响，我还是老样子。,4
Y11,他在考虑这件事是积极的信号。你有没有感觉自己对这段关系的状况有更清晰的认识？,没啥感觉，还是老样子。,4
Y11,他在气消以后，有意识到自己的愤怒行为不太正常吗？,"他觉得自己没问题啊。",4
Y11,当你和男朋友沟通时，你是否觉得他理解你的处境和感受？,没啥变化，他懂不懂我都一样。,4
Y11,忙碌确实让人喘不过气。那你是否认为自己缺乏必要的软件技能来支持研究呢？？,我觉得我的技能还行，没啥问题。,4
Y11,身体和情绪健康是相互关联的。面对情绪波动时，你对自己状态的认知如何？你觉得自己能够很好地理解和管理目前的情绪吗？,我觉得没啥特别的变化，挺好的。,4
Y11,你是否感觉到有时候无法完全理解自己的情感呢？,没有啊，我觉得挺正常的。,4
Y11,你觉得这种反应与你对病情的了解有关吗？,没觉得有啥变化呀。,4
Y11,在学习上感到压力是正常的。可能需要找出一些释放和调节压力的方法，比如一些放松的活动。,我没觉得需要改变什么。,4
Y11,真不容易，听起来孩子的情绪起伏不小。他有没有曾表现出对自己的状况缺乏了解呢？,没有啊，他一直都这样。,4
Y11,你会有一些幻觉吗?听幻觉啊、思幻觉，在骂你什么的，会吗?,没有，我没遇到过这种情况。,4
Y11,对自我模式性的意识是非常重要的。有时候我们对自己行为的反思可带来新的洞见。,我觉得我没什么变化。,4
Y11,这些听起来不错，可以增进你们的感情。在某些时候，你意识到自己的状态和行为有异常吗？,我觉得我没啥改变啊，一直都这样。,4
Y11,除了画画，你认为自己在其他事情上也有类似的需要外界认可的心态吗？,没有啦，画画是特别的。,4
Y11,这是一种积极的态度。关于你和父亲之间的关系，你觉得缺乏理解和自省吗？,我觉得我们关系一直挺好的呀。,4
Y11,明白了，妥协是否被你视为一种脆弱？,不觉得，做自己一直这样。,4
Y11,"对，可是你的药还没吃完。好啦~你下次回诊应该几个月后了? ,",没事，我感觉挺好，不用改变。,4
Y11,这很棒，尝试分享会让你变得更自信。你觉得自己对目前的状况有清晰的认识吗？,我感觉没啥变化，根本没变自信。,4
Y11,这种感觉从什么时候开始的呢？,没什么特别的改变，感觉一直这样。,4
Y11,这可能是个需要留意的点。关于你们的联系频繁程度，你觉得他是在推进关系吗？,没觉得他有什么特别的改变啊。,4
Y11,在处理你男朋友的反应时，你是否意识到了自己对他反应的理解或判断？,没注意到有什么不同啊。,4
Y11,对此有过自我批评吗？你如何看待自己的状况？,没太多改变吧，我觉得还好。,4
Y11,你是否意识到自己对恋爱关系中的行为和感觉变化缺乏理解或自我意识？,没觉得有什么变化啊。,4
H1,听起来你对父亲有很深的感情，同时也有些复杂的情绪。你父亲去世后的这些年里，你的情绪是否有所波动，甚至感到绝望或无价值感呢？,是的，有时候会感到这些。但更多的时候我觉得是被他拖累了。,1
H1,对这种不确定感有所担心是很自然的。不过，这种胡思乱想会让你感到情绪波动吗？,有时候会吧，毕竟之前有过被拒绝的经历。,1
H1,另一方面，您有没有注意到女生在朋友相处时可能会经历情绪的波动呢？,有的，她偶尔会因为一些小事感到情绪低落。,1
H1,我能理解这种感受。您在广州生活和工作的这段时间，是否经常感到心情低落或没什么活力呢？,有时候会有这样的感觉，特别是一个人住的时候。,1
H1,你是否经常感到抑郁和孤独，觉得自己总是一个人呢？,有时是这样的，我有四个好朋友，但因为一些原因，我没告诉她们我回来了。,1
H1,这确实是一个复杂的问题。你提到这些事情时，会觉得情绪低落或者沮丧吗？,我觉得是吧，有时候真的很心烦。,1
H1,您提到情绪起伏很大，是否经常感到情绪非常低落或沮丧？,每当情绪起伏很大时，我就会特别低落。,1
H1,你提的问题很深刻！这可能涉及到你的自我价值感和人际期望。你会不会觉得这种情绪可能与其他情绪状况有关？例如抑郁或焦虑？,有时候会觉得有点沮丧和低沉，但我不太确定。这会不会是抑郁的表现？,1
H1,你这种情绪低落的感觉大概持续了多长时间呢？,大概已经一年多了吧，从第一次高考未能考上理想的大学后。,1
H1,在这种情况下，意识到自己的状态是第一步。再有近期你是否感到沮丧？,感觉有些低落，不过没法描述那种细腻的情感。,1
H1,在这样的情况下，你是否因为没有足够的社会支持而感到特别忧伤或沮丧？,是有这样的感觉，有时候很想找人聊聊,1
H1,关于这些犹豫，你有尝试过和他人探讨或者寻求帮助吗？,还没有，其实我很少去讨论自己的这些困扰。,1
H1,这种感觉过去曾让您心中不甘吗？会多久出现一次呢？,是的，有时我真的很生气，但有时又感觉特别对不起他们。,1
H1,哦，那听起来你正经历一个艰难的时期。失业和新工作的变化可能真的让人很沮丧。,是的，4月份失业到现在加入的新公司也不顺利。,1
H1,保持冷静是不错的方式。那你对她没有按照承诺去做，感到失望吗？这影响到你的情绪了吗？,有时确实会感到失望，不过我尽量让自己不去多想。,1
H1,这种情况确实令人不快。你是否有感到沮丧或者情绪低落呢？,有时候会有这种感觉。,1
H1,保持平和真的很重要。除了压抑，您是否有其他情绪的波动？比如说情绪低落或者绝望？,我想我有时会有点情绪低落，但是没有绝望，毕竟我还有其他支持。,1
H1,这种无力感一定很让人难受。您有没有发现自己在社交场合中情绪总是感到低落或沮丧？,有时候确实这样，特别是在聚会结束后，我会回想起自己的表现而感到沮丧。,1
H1,这种失去真实感的体验是很有挑战性的。在面对这类情境时，是否曾感到过心情低落或情绪波动？,我有时确实会感到情绪低落。,1
H1,在这些时刻感到这样的情绪是正常的。您觉得在这些处境下，是不是适合和一个能提供实际例子和情感支持的人进行交流，这会对改善您的情绪状态有帮助吗？,我想那样会有很大帮助。,1
H1,那么，因为无法参与调岗培训，你是否觉得一天大部分时间都缺乏满足感呢？,感觉有一点，是有点这样的感觉。,1
H1,这种情况下，你有没有感受到明显的抑郁情绪的存在？,不知道是不是抑郁，但我确实觉得很难受。,1
H1,你是否经常感觉内心脆弱，容易流泪或感伤？,是的，特别是当家里发生矛盾，自己被责骂时。,1
H1,情绪波动是可以理解的，或许寻求一些专业帮助会有帮助。,曾考虑过，但一直没行动。,1
H1,看起来你在适应新环境上遇到了一些困难，这种状况让你感到情绪低落吗？,是的，有时候会觉得情绪低落。特别是想到这可能影响到我的未来。,1
H1,这样说来，你对母亲的感觉变得冷漠，对吗？,是的一部分如此。我只是不想给她增添麻烦。,1
H1,这种情绪在日常生活中也常出现吗，还是特定情境下才有？,通常是在有压力的情境下，比如考试或者重要的活动。,1
H1,这样的评价难免会让人感到受伤。您会因为这种交流而感到情绪低落或者对自己怀有负面的看法吗？,是有些，但不是一直都有。我总会想，为什么他们会这么看我，是不是我真的有问题。,1
H1,听起来你的反应非常强烈，这让人很心疼啊。有这样反应的时候，你常常感到沮丧吗？,是的，会有一些沮丧，甚至觉得自己做事情总是不如别人。,1
H1,你有没有考虑过如何调整自己的情感状态来应对这件事？,我想尝试接受过去，但还是觉得很难。,1
H1,您刚才提到没有真心喜欢的事情，这会让您感到沮丧或绝望吗？,会有些失落，总觉得生活没有动力。,1
H1,被拒绝一定很让人失望。你提到“深处在黑暗里”，是否有常感到心情低落或无望的情况？,确实有时候会感到无望，不知道下一步该怎么办。,1
H1,控制情感确实不容易。你目前是否因为这段关系而感到情绪低落或沮丧？,是的，当我无法再和他多聊时，我会有些失落。,1
H1,那么，这种背景是否让你产生了低落的情绪？,是的，有时候确实会觉得心情很沉重。,1
H1,你能说说这些感觉已经持续多长时间了吗？,大概从我读大学以来吧，现在已经两三个星期了。,1
H1,这让你对自己的情感有过哪些怀疑吗？或者感觉到自己的情感不太灵活？,有时候会觉得情感像公式一样需要复制粘贴。,1
H1,这种情况对她的日常生活有影响吗？例如，情感上的困扰让她情绪低落吗？,她确实显得很焦虑，有时候我能看到她情绪不太好。,1
H1,听起来这确实很令人困扰。请问被闹钟吵醒之后，你会感到心情低落或情绪消极吗？,有一点吧，特别是醒了以后也无法再入睡，很煎熬。,1
H1,这是感情中的自我表现，被爱的人影响自我感觉也是可以理解的。你说到和他分手后又曾交往几人，但再也遇不到他那样的，经历这些你是否会感觉到内心有无法愈合的缺失感呢？,我觉得是这样的，我拥有过的感觉，现在变得很难再重新找回。,1
H1,那么，您在与男友的交往中，是否会时常感到情绪低落或无望？,嗯，有时候会觉得有点无望，因为缺乏交流。,1
H1,理解你的感受是很重要的，或许可以试着和信任的人聊聊。你提到过和朋友的矛盾，现在关系改善了吗？,没有再改善，我们就再也没有联系了。她是我曾经最好的朋友。,1
H1,你提到她对你的回应经常是冷淡的话，那么在通常情况下，她的情绪状态是不是一直处于比较低落和消极呢？,她有时候确实看起来不太高兴。就好像她很难从这种情绪中走出来。,1
H1,你的情绪听起来很受影响。在你和男朋友的关系中，你是否感到情绪低落或者绝望？,是的，我有时候真的觉得很绝望。,1
H1,你提到用痛苦缓解心里的压抑，这种方式帮助缓解了吗？,其实只是暂时的，后来我发现用笔帽划胳膊能让我感觉好一点。,1
H1,情绪低落和气愤常常让人感到不安。您在这些年来，是否常常感到情绪低落或绝望？,是的，偶尔会觉得，看不到希望。,1
H1,这是很典型的无助感。当他谈起这些时，有表现出抑郁情绪吗？,看得出来，他不怎么快乐。即使周末我和他聊天，他也没有太多积极的感觉。,1
H1,那时候你是不是情绪会变得特别低落？这种感觉会持续很长时间吗？,是的，那几天我情绪很低落，不过慢慢就好多了。但是这种感觉依然会时不时冒出来。,1
H1,工作压力确实会影响我们的情绪。您会经常感到心情低落或者有抑郁情绪吗？,偶尔会，对未来的婚姻生活感到有些绝望。,1
H1,你提到自己与他人之间几乎没有情感交流，这会让您感到沮丧或忧伤吗？,确实让我感到有些沮丧，我大部分社交是和老师。,1
H1,了解了，情绪的变化对很多学生来说很普遍。你会常常感到郁闷或者失落吗，是否会影响到日常活动？,有时候我的确对学习和活动失去兴趣。,1
H1,听起来你真的很在意他的话，你觉得这影响到你的情绪了吗？,有一点，因为感到受伤，但又不想伤害我们之间的关系。,1
H1,这种感觉很辛苦，不知道您是否觉得这些和抑郁情绪有关呢？,我曾怀疑过自己可能有些抑郁。,1
H1,您提到情绪不稳定和容易哭，觉得这些情绪可能和任何其他因素相关吗？比如家庭或学业？,有时候觉得和学习压力有关，之前疫情期间好一些，但开学后压力又回来。,1
H1,接纳自己是成长很重要的一步。您回忆这些事情时有否觉得情绪低落？,偶尔会感到情绪低落，尤其是夜深人静的时候。,1
H1,您是否感觉自己的情绪日渐复杂，例如心情低落或者有焦虑感？,会有一些，不过慢慢在调整。,1
H1,那么在这些经历后，你的情绪状态是否特别低落或感到绝望？,有时候是的，但我试着调整自己的心态，只是还是有些困难。,1
H1,自我接纳是一个持续的过程，你是否觉得这些经历对自我接纳有新的看法或挑战？,它们让我更了解自己的局限，也让我明白要努力去接纳自己。,1
H1,这表明你已经有很好地控制自己的情绪了。听到她和她朋友说讨厌你时，你感到情绪被压抑或沮丧吗？,我有点沮丧，但我试着告诉自己应该面对现实。,1
H1,那您真的是在竭尽全力去应对这些情绪。您会怀疑自己还未从上一段关系中完全走出来吗？,有时会怀疑，但我认为我已经尽量放下了上一段感情。,1
H1,这种现象在压力大的时候比较常见。你在工作中是否常常感到情绪低落，缺乏动力呢？,我有时候会感到工作枯燥，没有动力，但又不知道怎么调整。,1
H1,听起来你很惊讶和困惑。这对你的情绪产生了什么影响吗？,是啊，我感到很错愕，不知道她为什么这样。,1
H1,这很正常，在工作中，情绪低落可能随时发生。您有这样的感觉吗？,有时会很低落，尤其是在领导批评的时候。,1
H1,反思是个好习惯，让你更了解自己和你的需求。你提到对家庭的感受，在育儿过程是否有过低落的时刻？,当然有，特别是在刚生下孩子的时候，很多事情都不如意。,1
H1,这听起来很烦扰。你是否对这个决策感到心情低落或者情绪消沉呢？,我确实有点情绪低落，总是想我是否错过了更好的机会。,1
H1,你所描述的情況，讓你有沒有懷疑自己有抑鬱症呢？,我確實懷疑有，但沒有去看醫生。,1
H1,你是否经常感到情绪低落或无助？,是，有时确实感觉很低落。,1
H1,那么，在工作的这段时间里，你有没有感到特别压抑或者沮丧呢？,是有的，我总觉得自己不太融入这个环境。,1
H1,听起来，你的情绪受到了很大影响。这是否也影响到了你其他的情感或情绪状态？比如说，你是否经历过非常消极或抑郁的情绪呢？,是的，有时候确实会感到有些消极。,1
H1,情绪上的困扰真的很不容易。你会经常体验到这种抑郁情绪吗？,其实还好，我不太有这种感觉。,0
H1,那段时间调整的经验可以再次帮助您，您是否觉得自己处于极度沮丧的状态？,没有，最近还挺好的。,0
H1,或许可以从简单的小事开始，比如走个短途或阅读一本书。你在面对婚姻问题时是否感到情绪异常低落？,"谢谢关心，我的情绪还挺正常的。",0
H1,朋友的话也有一定的道理。那你们的冲突结束后，你的情绪状态会怎么样呢？,还好吧，没什么大影响。,0
H1,那一定很痛苦。你参加婚礼以后，情绪低落的状态持续了多久呢？,其实还好，我没太受影响。,0
H1,这样的态度很好！还有，最近你的情绪状态是否很容易因为思考而波动呢？,没有哦，最近情绪蛮稳定的。,0
H1,听上去您对过去的经历仍有很深的记忆，这影响了您的感受和判断。你是否感到持久的抑郁情绪？,没有，我情绪还算稳定。,0
H1,这些念头会让你感到更加无助吗？,其实还好，我还挺能应对的。,0
H1,这种情况对很多人来说确实会带来压力。你觉得因为这个问题，你会经常感到情绪低落吗？,其实我还好，没太受影响。,0
H1,她有没有说过最近情绪烦躁的时候，感到很抑郁或者想哭？,没有，我没有这种感觉。,0
H1,情绪上有感到低落吗？或者有过失恋后的情绪波动？,最近还好，没有特别低落的感觉。,0
H1,在朋友面前装作“快乐”应该很累吧？你这种抑郁情绪持续了多久了？,没那么累哦，我挺好的。,0
H1,这就可能是压力在产生作用。通常在面对压力时，情绪的低落也是难免的。最近你是否感到情绪低落呢？,最近还好，没有特别低落。,0
H1,这种感觉肯定会让人感到很复杂。你觉得这些情绪是不是经常让你感到低落呢？,我还好，情绪波动不大。,0
H1,我理解。您觉得最近自己的抑郁情绪有多严重呢？,最近还好，没有特别抑郁。,0
H1,听起来你经历了很多让人困扰的情况。你提到心情崩溃，常常感到情绪低落吗？,嗯，还好吧，没太大感觉。,0
H1,那是一种很复杂的情感体验。你会因为这种情绪表达的困难感到情绪低落或抑郁吗？这可能涉及到 。,不会哦，没那么严重。,0
H1,内心的痛苦可能让表面看起来更加困难。你最近有没有觉得特别悲伤或沮丧？,最近还好，没有特别悲伤。谢谢关心！,0
H1,回想这些事情时，您是否感到情绪低落或无望？,没有哎，我没这种感觉。,0
H1,悲伤是正常的反应，您提到过精神上的波动，这种感受有多强烈呢？,其实我没有太大波动啦。,0
H1,你提到悲观，你觉得这种情绪影响了你哪些方面呢？,其实没啥大影响，我挺好的。,0
H1,这种悲伤、无助、无望的感觉持续了多久呢？有没有特别明显的时候？,最近还好，没有特别明显的时候。,0
H1,也许她在这个阶段需要一些额外的关注和理解。你曾注意到她对其他事情是否缺乏兴趣吗？,她对其他事情还挺有兴趣的。,0
H1,在这样不快乐的时间段，你是否还有其他负面情绪，比如抑郁或觉得生活无趣？,没有欸，现在还好。,0
H1,这确实让人很难过。你觉得因为这种情况你的情绪变得更低落了吗？,没太影响我情绪，挺好的。,0
H1,首先，您需要意识到自己的情绪变化，并相信这是可以改进的。您最近常常感到情绪低落或悲观吗？,最近没有特别低落或悲观的感觉。,0
H1,是啊，这种感觉很正常。最近是否感到情绪特别低落？,没有特别低落，还算可以吧。,0
H1,这听起来确实很让人心烦。您提到的这些焦虑感，让我想到可能与心理健康有关。您常常感到忧郁或有消极情绪，这对您的工作表现有影响吗？,没太大影响，我还好啦。,0
H1,你有没有感受到一种持久的抑郁情绪，可能会影响到你的日常思维和行为？,没有，我感觉还好。,0
H1,不如我们一起看看接下来的步骤，如何让你感觉好一些。,好的，我愿意试试！,0
H1,了解，有时候身体不适和情绪变化有关。你提到自己流眼泪、不想说话，这是因为感到心情低落吗？,"嗯，可能是吧，不过现在没这种感觉。",0
H1,明白了，这种困扰对你的情绪状态有什么影响吗？,情绪状态还挺平稳的。,0
H1,你提到总是因为自己的问题哭泣，这是否意味着你的情绪状态经常处于抑郁的状态？,其实没有啦，只是偶尔会这样。,0
H1,是的，面对这样的时刻，我们都能感受到压力。你认为这对你的情绪有多大影响呢？,嗯，影响不大吧，感觉还好。,0
H1,理解。像这样的情绪变化可能和不安有关。你会感到心情低落或者沮丧吗？,没有，我现在情绪还挺稳定的。,0
H1,期待的落空是很让人失落的，那你有没有因为这些感到情绪上特别低落呢？,没有特别低落啦，就是有点失望。,0
H1,您是否感到在职场中受到了打击和质疑呢？,没有啦，职场还挺顺利的。,0
H1,我能理解，异地恋真的很挑战感情。你觉得分手后自己变得更加情绪化吗？有没有时常感到压抑或者很低落呢？,其实还好，没觉得特别情绪化。,0
H1,听起来你这段时间确实经历了不少挑战。在这个过程中，你是否感到过非常消极或者沮丧的情绪呢？,最近还好，没有特别消极的时候。,0
H1,情绪上的波动是正常的。你最近是否感到过悲伤或抑郁？,最近还挺稳定的，没有感到特别悲伤。,0
H1,那些记忆是不是让你感到有些情绪上的波动呢？比如说负面情绪？,其实还好，没太大影响。,0
H1,能理解，这是很普遍的情绪反应。你提到自己受不了冷暴力，这会影响到你的情绪稳定吗？,冷暴力确实讨厌，但我还好啦。,0
H1,你觉得这次情绪的低落比以前更严重吗，有没有什么改善的迹象？,最近还好，没觉得特别严重。,0
H1,您觉得您的这些性方面的顾虑是否影响了您对男友的感情投入？,没有影响，我还是很爱他的。,0
H1,了解，在持续这样下去的过程中，你是否感到情绪越来越低落呢？,没有感到越来越低落，还好呢。,0
H1,你是否认为这些压力让你感到心理负担重到无法抵御的地步呢？,嗯，不至于到那种程度。,0
H1,你提到表面上看起来开心，但内心感到自卑，这种对比让你痛苦吗？有没有觉得和他人相比更难以感到快乐或满足呢？,不会，我还好啦，没那感觉。,0
H1,这些变动对您的情绪有影响吗？比如说让您心情低落？,没有什么影响，心情还好。,0
H1,这些确实是让人困扰的症状。在过去的2到3年中，你是否持续感到抑郁，并且情绪有时会反复变化呢？,"其实我没有这种症状哦。",0
H1,那太好了。在最近的一段时间里，您是否常常觉得自己的情绪非常低落呢？,最近还好，没这种感觉。,0
H1,我明白你的渴望，社会支持系统非常重要。感到无力的同时，有没有注意到抑郁情绪有无加重？,没有特别加重，感觉还行。谢谢关心！,0
H1,这种挣扎听起来像是一种压榨自己的平衡，你提到在与舍友交往时遇到困难，是否会感到无从融入呢？,还好，我觉得还挺能融入的。,0
H1,这种感觉似乎让你很痛苦。你觉得这种情绪状态会让你有些抑郁或者困惑吗？,其实还好，我觉得没啥大问题。,0
H1,您会因为这种现象感到受伤或者不开心吗？,不会，我还好，谢谢关心！,0
H1,听上去你和后妈的关系很紧张。你有没有觉得在这样环境下，自己变得抑郁或压抑呢？,没有，我觉得还好。,0
H1,这确实会让人感到失望。您提到哭了好几次，您是否感到情绪低落或抑郁呢？,没太低落，只是一时情绪上来了。,0
H1,他可能也感到困惑或者不安，这对沟通造成了一定困难。你有没有注意到其他的变化，比如情绪上的？比如说，您最近是否经常感到情绪低落或者沮丧？,最近还好，没特别注意到情绪变化。,0
H1,听起来似乎有些令人担忧。你最近感到情绪极度低落或者无助吗？,还好，没有觉得特别低落或无助。,0
H1,失恋后情绪不稳定是很常见的，您觉得自己仍处于一种极度抑郁或情绪低落的状态吗？,没有，我还行，挺好的。,0
H1,平时，他有没有表现出特别痛苦或绝望的迹象？,他最近还挺正常的，没什么特别。,0
H1,看起来你对你们的沟通状况感到很沮丧。你觉得这种绝望是不是因为在关系中感受到的压抑情绪或者消极情感？,其实还好，我不觉得绝望。,0
H1,你好，可以理解这种感觉。食欲控制是一个很普遍的挑战。你有没有注意到在努力控制食欲时，常感到空虚吗？,没有特别注意到，可能还好吧。,0
H1,在和男友发生关系这件事情上，你有没有感到抑郁情绪的出现？,没有抑郁情绪出现哦。,0
H1,关于你在恋爱关系中感到的敏感及压抑，这种压力是否让你感到情绪低落或产生无力感？,不太会有这种感觉。你呢？,0
H1,非常好。把这段经历视为一种学习，是朝前进的一大步。如今，你认为解决内疚情绪对整体的生活质量有多重要呢？,挺重要的，能让我轻松不少。,0
H1,那些眼泪可能是情绪的释放。掉眼泪会让你感到异常的沮丧吗？,没有，不会特别沮丧。,0
H1,分手这种经历对每个人来说都很困难，尤其是当情感投入很大时。你觉得这种感觉是不是和某些抑郁情绪有关呢？,没那么严重，就是有点难过。,0
H1,你说你会心情变得极其差，这种状态持续多久了？,最近好像没这种情况。,0
H1,你提到小时候被责骂的经历，会让你感到情绪低落或者有抑郁情绪吗？,其实不会啦，那些事没怎么影响我。,0
H1,你是否经常感到抑郁或情绪低落？,不会，我一般情绪挺稳定的。,0
H1,高三是个重要的转折点，那时候的压力也不小。你说到需要改善自律，是不是经常感到失望或者失落呢？,还好，没有特别失落的时候。,0
H1,这些考量会不会让你感到情绪低落或有时有些沮丧呢？,不会，我还好呢。谢谢关心！,0
H1,您说时常感到情绪波动，那么在日常生活中，是否会感到不快乐或无望呢？,其实还好，没有特别不快乐。,0
H1,你好，没关系，让我们慢慢聊聊。你提到情绪一天不如一天，这种持续的抑郁情绪对你有何影响？,我其实没啥感觉，就是有点烦。,0
H1,哎呀，这确实很令人伤心！你能告诉我，回想起这件事情的时候，是否有影响你的日常生活？,是的，确实有。我经常觉得没精力，生活也没有以前有趣了。,2
H1,最后的问题，你经历过明显的情绪低落，甚至有抑郁情绪的阶段吗？,有一段时间陷入过这样的情绪，但我努力走出来了。,2
H1,继续说说，你提到的麻木，会不会觉得情绪极度低落呢？,是的，情绪低落的感觉一直存在，特别是晚上。,2
H1,不知道从何入手有时会让人感到无助。你提到的情感消失的状态是一直持续的吗？,是的，几乎没停过。,2
H1,你的努力值得肯定。生活中有没有感到过抑郁情绪，特别是在家庭关系紧张的时候？,是的，偶尔会感到非常低落，尤其是当家庭矛盾加剧时。,2
H1,你的痛苦是很真实的。那么，这种痛苦会不会在其他方面表现为抑郁的情绪呢？,我每天都在想这件事，确实很难开怀。,2
H1,回避问题会让问题更加复杂。那你有没有感到情感上的无望或情绪低落的情况？,是的，尤其是在晚上，一个人的时候。,2
H1,那段时间是否让你情绪低落或抑郁到了很严重的程度呢？,是的，真的是情绪低迷的一段时候。到了大学，我很少去争取领导的角色。,2
H1,问题显然是存在的。你提到过抑郁症，那么最近你有感到情绪低落或者绝望吗？,没错，我这几天心情总是很低落，感觉一切都没有希望。,2
H1,学业上的事让你思绪飘到她身上，这是否让你情绪上特别低落或沮丧呢？,是啊，我常常心情低落，很难集中精力。,2
H1,这确实是一个很困难的决定。您提到心情痛苦，请问这过程中你是否感到有抑郁的情绪呢？,是的，我确实感到很抑郁，有时候心情会很低落。,2
H1,听起来这些经历对你影响很深重。你能告诉我，你在那些时候感受到抑郁或焦虑的情绪吗？,是的，每次这样的时候我都觉得特别压抑，好像看不到未来一样。,2
H1,你会常常感到抑郁或悲伤吗？,是的，有时候会让我特别难受。,2
H1,能理解那种感受。当您提到觉得情绪糟糕的时候，您是否有因为婆婆的事感到情绪低落或绝望？,是的，我总是感觉我快要崩溃了。有时候真的想大声喊出来。,2
H1,你好，我是你的心理护士。听说你最近感到有些抑郁？,是的，我近期情绪很低落，尤其是经历了高考落榜这些事情。,2
H1,这些天情绪有没有比往常更低落？,是的，特别最近。,2
H1,这种持续的希望对你的情感状态有没有影响？你是否感到低落？,是的，常常觉得情绪低落，无法走出来。,2
H1,听起来这是一个挺挫败的经历。她这样做有没有让你感到情绪低落呢？,确实，我会感觉自己不够好。每次她“放我鸽子”，我都会一个人躲起来伤心。,2
H1,这听起来让你非常烦恼。我想知道，你是否在情感上有时会感到沮丧或消极？,会有这样的感觉，尤其是在情绪低落的时候。我总觉得自己不被爱。,2
H1,这些复杂的感情在您回忆父母离异时会更加明显吗？,是的，离婚对我打击很大，常常闪回。,2
H1,你的感觉是非常真实的，常常对自己缺乏信心也会加剧这种感觉。你有提到“每天晕晕的提不起精神”，这段时间你是否感到情绪低落或失落？,确实，这种感觉非常明显，我几乎没有动力去做任何事情。,2
H1,听到你这么说，我很担心。你是否感到情绪低落或者绝望呢？,是的，有时那种绝望感真的让我无法承受。,2
H1,这是个复杂的问题，可能涉及情感、家庭和社会因素。您对此是否感到沮丧？,是的，有时候会觉得无奈和压抑。,2
H1,避免冲突有时候是好事，但长期压抑可能会不利于情绪的释放。当你感到难过或受伤时，是否会很长时间陷入这些情绪中而难以自拔？,是的，有时候会觉得好久才能缓过来。,2
H1,那是一种很好的方式，尤其在情绪低落时。你常有这种情绪吗？,最近有时会感到莫名的无力和失落。,2
H1,这种感觉可能让人无力。你是否经历到抑郁情绪？,经常有，尤其晚上一个人的时候。,2
H1,幻听消失后，您是否曾经感到情绪低落或者对生活缺乏兴趣？,我从大学起就觉得很多事情提不起精神，对工作也没什么积极性。,2
H1,有时我们被期望的时候确实会感到压力山大，您在这过程中感到情绪低落或抑郁吗？,情绪低落，确实有点，尤其是想到要自己想出鼓点时。,2
H1,你很勇敢，说出这些感受很重要。你有时会感到情绪低落或者抑郁吗？,是的，经常有这种感觉。尤其是现在家里生意失败，债务缠身。,2
H1,家庭问题有时候很难避免，但解决之道不是逃避。你平时会不会觉得自己的存在是多余的，有强烈的自我否定感？,常常有这样的感觉，真不知道为什么。,2
H1,这些幻想让你有什么样的感受呢？,让我觉得没有真正开心的时候，总是心事重重的。,2
H1,我明白，这种情绪对你来说一定很挑战。你曾感到情绪低落或者无望吗？,有时候是这样。这种感觉尤其在看到其他人都已经有伴儿的时候加剧。,2
H1,在那段时间，你是否感到情绪低落或抑郁呢？,确实是有的，我甚至都不知道怎么摆脱这种感觉。,2
H1,理解你的感受。近来有感觉到情绪低落或者对未来感到无望吗？,有点，尤其是最近分手后，更觉得生活没有意义。,2
H1,是的，一些整理思绪的技巧可以帮助减轻压力。你提到这些创伤是从高中开始的，还有其他显著的情感，比如抑郁情绪吗？,十二分之十的时间都是这样的，抑郁情绪总是徘徊不去。,2
H1,你提到你很难过，不想继续这样的情绪，是否有感到情绪低落或抑郁的情绪？,可能有。我试着不去想，但它还是困扰我。,2
H1,新环境的挑战很多呢，尤其是学习和语言上的障碍会令你感到压力。你提到最近开始厌学，是不是会有情绪低落的感觉？,是的，我发现自己心情越来越低落，经常想哭。,2
H1,听起来确实很让人烦恼。冲突的时候你会感到沮丧或情绪低落吗？,常常会觉得自己快要崩溃了。尤其是孩子还在我们之间，这让我更痛苦。,2
H1,那是否对一些过去感兴趣的事情失去兴趣了呢？,是的，我对很多事情都失去了兴趣，也很少感到开心。,2
H1,离开一段关系后，许多人都会经历一段适应期。你在这段时间内，情绪上有没有感到其他变化，比如特别的抑郁？,有时候真的特别低落，不知道该怎么办。,2
H1,你觉得这次事件让你变得抑郁或消沉了吗？,是的，感觉自己很无能。,2
H1,在那段时间，您经常感到情绪低落或者沮丧吗？,是的，每天都感觉特别压抑、无助。,2
H1,家庭是一种强大的支持力量。你是否大学的经历让你失去了一些安全感呢？,确实，我总感觉自己在大学中找不到定位。,2
H1,在这样的情况下，你是否有感到一些抑郁的情绪？,有时候会觉得特别低落，也不知道该怎么排解。,2
H1,这种感觉一定很沉重。说到抑郁，你有觉得情绪波动很大，或者经常感到极端的悲伤吗？,是的，我总是因为他而哭，晚上看到他接触其他女生也会躲在被子里哭。,2
H1,这种不自信的情绪是否会让你感到低落呢？,确实有些时候会觉得很低落。特别是在他提到订婚的时候，我的内心就很纠结。,2
H1,我明白了。这是否让你感到难以从阴影中走出来？,是的，每次想到这些我都觉得自己被束缚。,2
H1,您提到您的老婆在理性上可以接受，但感性上却依然挣扎。这种矛盾是否让她感到情绪低落或绝望呢？,是的，她的确有时候会感到非常失落和绝望。,2
H1,这是个很自然的担忧。您是否曾因为这个事情感到心情低落？,是的，尤其是在过节发福利的时候，他直接把我的那份扔到桌子上，我觉得很没面子。,2
H1,有时候，沉默本身也是一种表达方式。当别人误解你“高冷”时，你会感到特别无助或者沮丧吗？,是这样，那种无力解释的感觉很糟糕。,2
H1,当你感到疲惫和迷茫的时候，会不会觉得自己还有一些抑郁的情绪呢？,嗯，有时候会觉得心情很沉重，可能是因为我对自己非常失望，总觉得自己很差劲。,2
H1,当周围的人对你的表现有评价时，你的心情会受到很大的影响吗？,会，尤其是当他们的评价有些负面的时候，我会感到情绪失控。,2
H1,您会觉得他有抑郁情绪吗？,我觉得是，他常说生活没意思，想换种活法。,2
H1,失去兴趣确实很难熬。有感到情绪低落，甚至觉得做的事情没有意义吗？,是的，感觉没有意义，做的所有事都像是在完成任务。,2
H1,您是否有感到抑郁或者对生活没有希望的情绪？,偶尔会有无意义的感觉，但一直都这样。,2
H1,听起来你经历了很多艰难的时刻。这样的家庭环境确实会影响一个人的情绪。你觉得这让你感到情绪低落或抑郁吗？,是的，我常常感到压抑，尤其是看到他们争吵的时候。,2
H1,医学上身体健康和心理状态是相互影响的，你觉得现在的情绪状态怎么样？,我常常感到对未来失去信心，很无望。,2
H1,那么，我们可以尝试通过一些小练习来改善你的交流技巧。我知道你有提到情绪脆弱，容易哭泣，这种情绪通常在什么时候会出现呢？,通常在我一个人待着的时候，我会觉得特别无助和想哭。,2
H1,这样的情绪感受是不是一直在持续，还是有过短暂的好转呢？,老实说，大多数时候我都感到很低落，似乎没有真正好过。,2
H1,听起来似乎有些无聊。你觉得这样打电话，会让你感到情绪低落或者失去兴趣吗？,嗯，有时候会觉得有点压抑，像是完成任务一样。,2
H1,我能理解这种感觉。你提到在婚后几年得了重度抑郁症，那时候的情况是怎样的？,那时候我感觉异常痛苦，每天躺在家里，似乎只想自我放弃。,2
H1,那确实很让人痛心。你觉得这种感觉是不是和情绪低落或抑郁有关？,是的，我感到很孤独，特别是看到其他同学有说有笑的时候。,2
H1,你好，非常感谢你愿意分享这些感受。你提到负面情绪和强迫思维，这的确是很令人困扰的情况。你是否经常感到情绪低落或无助呢？,是的，我经常感到很无助，尤其是当我想到自己被同学和父母对待的方式时。,2
H1,听起来你在这种交流中感到压力很大，会有点情绪上被忽视或者疲惫吗？,我确实感到很累，好像她对我的了解不多。,2
H1,长时间的离别有时让孩子感到被忽视，甚至感到绝望。我这话让您有共鸣吗？你感觉很孤单吗？,有时会觉得。我妈妈虽然陪伴我，但她也是个性格温和的人，无法让我感到安全。,2
H1,这样的期望很合理。现在的状况，让你常常感到低落吗？,嗯，是有些时候会感觉很低落。我越来越不明白生活的意义是什么。,2
H1,这对你来说一定是一种压力，你是否因为这种情绪上的低落而感到非常沮丧？,没错，这让我觉得自己很失败。,2
H1,你提到抑郁，那時你的情绪状态是怎样的？是否感到过情绪低落？,那时非常糟糕，我几乎对一切失去了兴趣，不过好在治疗有效。,2
H1,这样说也有道理。在这些争吵过后，你是否有感到情绪很糟糕，甚至低落了一段时间呢？,是的，每次争吵完我都会特别难过，有种说不出的压抑感。,2
H1,嗯，看来你的睡眠问题也受到影响。你是否经常感到情绪低落或无助？,是的，感觉生活都没什么动力了。,2
H1,这种恐惧情绪对你的日常生活产生了怎样的影响呢？有没有影响到其他方面的事情？,我一直很紧张，做什么都提不起精神，影响了学习。,2
H1,被人拒绝时，你是否感觉到孤独或抑郁呢？,有时是会觉得自己被孤立，尤其是当我与他人交流不畅时。,2
H1,你的描述让我想到了一种情绪低落的可能性，你会常常感到情绪低落或忧郁吗？,是的，这种情绪常常让我陷入自责。,2
H1,为了证明自己，你付出了很大的努力。那么你有没有感到沮丧或者情绪低落呢？,是的，他们的否定让我灰心了很多。,2
H1,正如你提到的，人生有时会感到迷茫。是否有感受到任何形式的抑郁情绪？,嗯，有时我会无缘无故地伤心。,2
H1,改革的过程确实不容易。你觉得工作环境的混乱让你感到沮丧或失望吗？,是的，非常沮丧，我对这个工作环境越来越失望。,2
H1,这种痛苦的情绪，是不是在你的日常生活中经常出现呢？,是的，尤其在晚上，我会感到特别无助。,2
H1,当情绪难以控制时，是否会因小事感到极度沮丧？,常常如此，有时候连小问题都会让我心烦意乱。,2
H1,听起来您对他的感情投入得很多，甚至觉得这段关系质量很高。您有没有感受过非常强烈的情绪波动或者绝望感？,是的，想到可能会失去他，我心如刀绞。两年的美好时光和未来的计划都可能消失。,2
H1,我能理解这种感受一定很难受，您之前提到您和老公结婚已经有三年了。在这段期间，抑郁症是否影响了你们的夫妻关系？,是的，我的抑郁症反反复复，对我们的关系带来了很多挑战。,2
H1,这样的情况让你在感情上感到沮丧吗？,是的，我感到很无奈和绝望。,2
H1,人际关系对每个人都很重要。这种孤独感是否来自内心深处的不安？,我有很强的孤独感，尤其是觉得没有人在乎我的感受。,2
H1,就算是年级第一，有时也需要休息和放松。您有感到过抑郁或绝望吗？,当然有，我觉得太悲哀了，这种日子什么时候是个头。,2
H1,竟然如此，保持冷静真的很不容易。你是否经常感到沮丧或情绪低落呢？对此有什么看法？,是的，感觉很失落。我对很多事情都失去了兴趣，包括工作。,2
H1,这是可以理解的。你提到你心理上感到很嫉妒和难受，那你是否觉得你的总体情绪是抑郁的呢？,我不知道，但我确实感觉很低落。,2
H1,这听起来很艰难。您是否有长时间感到沮丧或难过的情绪？,是的，经常有。而且父亲对我的态度很差，让我感到更加没有价值。,2
H1,听到他们这么争吵，你会觉得情绪低落吗？,是的，我爸常说这个家我就不应该待。,2
H1,听起来非常辛苦。你感觉最近情绪异常低落吗？有没有经常觉得沮丧或无助呢？,嗯，是的。我经常感到沮丧，甚至感觉被压垮了。,2
H1,偶尔会发现自己因为一些小事感到特别脆弱吗？,经常会莫名其妙流泪。,2
H1,你好，能够感受到你的沮丧和压力。这对你来说一定很难。你能告诉我这种情绪持续了多长时间吗？这种抑郁的情绪是否时常出现？,这种情绪已经持续好几个月了，几乎每天都会出现。,2
H1,关于你小时候看到家里吵架的经历，这些过去的经历仍在影响你的情绪状态吗？,是的，那时候的记忆让我现在也很沮丧。,2
H1,交流上的困扰或许也是因为情绪的影响。在处理这些问题时，你是否感到过无力或者想逃避的念头？,每次吵架或者讨论这些问题的时候，我真的觉得很无力，而且特别想放弃。,2
H1,小时候的回忆一定会让现在的您充满复杂的情感。那么，您觉得这样的状态是否让您感到心情低落或沮丧呢？,是的，有时候觉得自己也无能为力，无法改变这种状况。,2
H1,真的很让人苦恼啊。你提到分手后的极度悲伤状态，请问这期间有没有出现情绪低落的情况？,确实有，很难不去想他，情绪波动很大。,2
H1,您提到和父亲发生过多次争吵，这是否让您感到非常情绪低落或失落呢？,是的，有时候觉得整个世界都在和我作对。,2
H1,这种压抑的感觉会影响到你的情绪吗？你提到每天情绪波动大，是否意味着有时会感到非常低落呢？,是的，经常会觉得很低落，尤其是在看到爸妈为了家庭如此辛苦的时候。,2
H1,听起来你的情绪很受影响，你觉得这种害怕对你情绪的影响大吗？,是啊，我觉得整个人都很消沉，不知道怎么办。,2
H1,您提到自己比较敏感和悲观，这种情绪是否会持续很长时间呢？,有时候会持续一段时间，尤其是当我独处的时候。,2
Y5,人际关系是很复杂的。有没有对那个不喜欢的舍友产生激烈的情感反应呢？,倒没有，就是尽量避免冲突吧，也不想影响宿舍的氛围。,0
Y5,在学校被打后，他会不会生气或烦躁？,他没有表现出明显的愤怒，更像是无奈。,0
Y5,控制自己的情绪是一种很有用的技能。那么，在和他相处时，曾经有没有什么事情让你感到愤怒或烦躁？,没有，从来也没有在他面前有过这样的情绪，总是能保持冷静。,0
Y5,面对妈妈指责时，你会觉得心里没有起伏吗？,是的，她骂完后我就继续自己的事情。,0
Y5,在谈论这些事时，您是否察觉到自己对他人有厌烦或敌意呢？,不会啦，我只是对那种亲密的想法感到不安，但其他关系还是很和谐的。,0
Y5,在与男友的互动中，你有没有感到容易生气或被激怒？,不算，更多的是迷惑和失望。,0
Y5,这通常会发生在特定情况下吗？例如面对特定的人或事情?,不会哦，没有这种情况。,0
Y5,这种变化会使你觉得他更加容易激惹或发脾气吗？,没有，我没觉得有变化。,0
Y5,那可真让人难以接受。你会因为她的这种行为感到特别烦躁或者易怒吗？,不会，我还好啦。,0
Y5,那么当你感到压力时，是否发现自己通常也容易感到烦躁或易怒呢？,没有哦，我通常不会这样。,0
Y5,听起来这些关系中存在的隔阂让人很苦恼。在与人交流时，您是否常常会感到烦躁或生气呢？,不会，我一般挺平静的。,0
Y5,保持沟通有时会让我们不那么孤单。你提到小时候父亲的严厉，对你产生了什么影响？你在跟别人交流时是否容易感受到愤怒或被激怒？,小时候的事影响不大，我不太容易生气。,0
Y5,这确实让人遗憾，那舍友们让你感到很吵且打扰到你，你因此感到烦躁或生气吗？,没有啦，我还好，不太生气。,0
Y5,这可能让人感到无力和失望。你在这种情况下有感到易怒或烦躁吗？,没有特别感到易怒或烦躁呢。,0
Y5,你提到因为家庭事务总和你老公吵架，争执让你感到易激惹吗？,没有，争执并不会让我易激惹。,0
Y5,内疚感会令压力增加。面对批评或挑战，你是否比以前更容易感到烦躁或愤怒？,没有，我还好哦。,0
Y5,您提到的情绪紊乱，是否让您怀疑自己没有对老公投入感情引起的不满呢？,我觉得不是因为这个。,0
Y5,听起来这些都是压力给您带来的影响。想知道您有没有常常感到易怒，或者因为小事就不由自主地生气？,没有，我一般不太容易生气。,0
Y5,这很重要，在生活中保持这种满足感能让人更快乐。在批评中，你是否对他人有一些敌意呢？,没有，我一般不对人有敌意。,0
Y5,那在你与他人比较时，会因此感到不安或被激怒吗？,不会，我还好。,0
Y5,这种感觉很真实。你有没有感到对她的行为感到愤怒或易被激怒呢？,没有，我还好。,0
Y5,听起来这些冲突很激烈，你觉得你现在还是很容易生气吗？,其实现在还好，不太容易生气。,0
Y5,理解情感上的爆发是难以自控的，重要的是如何改善和应对这种情况。你是否觉得发脾气时难以自控？,我倒是觉得我能控制情绪。,0
Y5,这很自然，我们都可能有这样的想法。您是否感到易怒或愤怒呢？,没有特别感觉易怒或者愤怒。,0
Y5,听上去确实很不容易。和父母沟通时你有没有觉得特别容易生气？,"还好，和他们沟通还算平和吧。",0
Y5,你的感受是可以理解的。有时候这样的冲突可能让人感到愤怒，对吗？,是的，有时我会感到很生气。,0
Y5,这种烦躁和担心会不会让你感到情绪波动或者心情不好呢？,不会，我没这种感觉。,0
Y5,当您晚上感到轻度焦躁或者很敏感的时候，是否容易被一些小事激怒或感到愤怒？,不会，我没有这种症状。,0
Y5,这样的经历很不容易过渡。您有没有感到过于易怒或容易生气呢？,没有，这方面还好，没感觉。,0
Y5,自我保护是必要的，不过人际关系中旦没有交流就没有了改善的机会。你觉得自己跟舍友互动时过于冰冷或太过于热情吗？,我觉得还好，挺正常的。,0
Y5,听起来你承受过不少心理上的负担。那这些经历是否也让你变得易怒呢？,嗯，还好，没有特别容易生气。,0
Y5,这种不满有没有扩展到你的日常情绪中，比如说变得易怒？,没有，我没觉得自己变得易怒。,0
Y5,听到这些，我感受到你对婚姻的重视。这样的情况中，你有没有感到特别的愤怒或者易怒呢？,其实，我没怎么感到特别愤怒呢。,0
Y5,从您的描述来看，您目前的确对他人和事物的掌控欲较强。您会经常在看到男友与其他人交往时感到烦躁和生气吗？,不会，我通常不太在意。,0
Y5,那种感觉一定很孤独。有没有过因为这种孤独导致的情绪烦躁或愤怒的经历呢？,没有，因为这事变得烦躁。,0
Y5,这的确影响颇深。你有提到某些领导不认识你，是否会让你产生某种程度上的不安或愤怒呢？,没太大感觉，习惯了。,0
Y5,这些活动有时候确实帮助有限。你说越来越烦躁和委屈，这些情绪对你日常生活影响大吗？,其实还好，对生活影响不大。,0
Y5,你习惯在心烦时冲动行事吗？,"还好，不怎么冲动。",0
Y5,有时人们可能会难以理解不同于他们的生活方式。你有没有因为他人的观点而感到烦躁或生气呢？,不太会，我通常不太在意。,0
Y5,性教育在成长中确实起到很重要的作用。如果那些时候有一些改变，可能会带来不一样的影响。你平时对这些想法会感觉到烦躁或者愤怒吗？,没有，我不太会因为这些生气。,0
Y5,当他不回复你时，你是否会变得极其易怒或愤怒？,不会呢，我还好啦。,0
Y5,您母亲的行为听起来是令您非常不满且难以忍受，您有尝试过与她沟通或者改变现状吗？,我试过沟通，但效果不大。,0
Y5,与父母沟通后出现情绪波动，这是很常见的。你会在这种情况下感到特别容易生气或烦躁吗？,还好，跟父母沟通还算平和。,0
Y5,你有想过这种不确定感可能影响到你的情绪吗，比如说烦躁或者易怒？,没感觉有影响，情绪还挺稳定的。,0
Y5,主动是好的开始！有没有觉得在一些时候容易对别人发脾气？,没有，情绪还算稳定呢。,0
Y5,这可能会感到有些压力。您是否发现自己容易感到恼怒或生气呢？,还好，没有特别的感觉。,0
Y5,那样的情况下，你的心情很容易被激怒吗？,通常不会被激怒，挺平静的。,0
Y5,这是一个让人反思的过程。你有没有因为这些情况感到自己的情绪变得易怒或者轻易变得愤怒？,没有，我情绪还算稳定。,0
Y5,在这些情况下，你通常会有什么样的反应呢？是否会感到烦躁或生气？,不太会，我一般比较平静。,0
Y5,学习遇到困难时失去耐心也是常见的，你这样的情绪是否轻易被激发呢？,还好，我一般挺能忍的。,0
Y5,你觉得这种感觉会让你变得易怒或者情绪波动吗？,不会哦，这些感觉都挺平和的。,0
Y5,听起来你是在通过这种方式疏导内心的情绪。这种行为会伴随愤怒或者易被激怒的状态吗？,没有哦，我还挺平静的。,0
Y5,情绪容易波动会让人很难受。你觉得比平常更容易生气吗？,没有，我这方面还好。,0
Y5,在和别人相处时有没有受到影响呢？比如容易心烦意乱？,没啥大影响，情绪还挺稳定的。,0
Y5,这真的是一个很复杂的处境。在您休学和与网友互动期间，比平常更容易感到烦躁或愤怒吗？,没有特别感觉到烦躁或愤怒。,0
Y5,失去对他人的信任可能会让人更加孤单，这是很痛苦的体验。是否发现自己也变得容易对过去的问题感到生气呢？,没有特别生气，就是有时会有点烦。,0
Y5,这样的波动确实可能让人困惑。除此之外，您整体的情绪状态怎么样？有没有易怒或者容易生气的时候？,其实没有易怒或者容易生气的情况。,0
Y5,自卑这种感觉很常见，但它并不代表真实的你。对于与人相处时，你会感到容易烦躁或生气吗？,不太会，我一般还好。,0
Y5,那是很好的支持系统。你有没有发现自己在与同事互动时变得急躁或愤怒？,没有啊，还好哦。,0
Y5,多关心自己的情绪是很重要的。你在分析他们问题的时候，会感到愤怒吗？,其实不会，我没啥感觉。,0
Y5,那部电影一定触动了他的情感。你觉得在关于爱情和男友孩子问题上，你是否容易感到易怒或烦躁？,没有，我在这方面还好。,0
Y5,这可能会让人感到很挫败。面对这样的情绪起伏，你会不会因为这种不如意而易怒？,不会，我还挺能调整情绪的。,0
Y5,这样的出现让你感到不悦或者烦躁吗？,还好，我没觉得有什么不对劲。,0
Y5,在这样的情况下，你会觉得自己很容易激动吗？比如感到挫败或愤怒。,不会，我一般都挺平静的。,0
Y5,这样的情况确实让人烦躁。你在和家人一起时是否感到容易产生矛盾呢？,和家人在一起时还好，一般没啥矛盾。,0
Y5,这些烦躁情绪有没有让你易于激怒或情绪化？,没有，我还挺平静的。,0
Y5,行动可能是突破这个困境的第一步。你是否发现过自己容易被激怒的时刻？,没太注意过，可能还好。,0
Y5,这就好。不过，在某些时候，会不会感觉易怒或者容易被激怒？,不会哦，还好啦。,0
Y5,这会不会让你感到易怒，与这些感觉不断纠缠？,没有啦，我还好，没那么烦躁。,0
Y5,这种感觉确实很沉重。在学校的时候，你是否常常感到易怒或被激怒呢？,没有，我在学校还好。,0
Y5,您提到情绪低落时，是否会觉得特别容易激动或生气呢？,没有，我情绪低落时反而不太会生气。,0
Y5,他在吵架时表现得比较激动且控制欲强，你会因此感到易怒或者生气吗？,不会，我还好。,0
Y5,听起来真的很辛苦。那么，这种情绪变化会不会让你感到愤怒或烦躁？,嗯，这方面倒是还好。,0
Y5,拒绝的经历确实令人沮丧。过去的拒绝对你造成了什么影响吗？,其实还好啦，没太大影响。,0
Y5,听起来您的情绪很复杂。在您看来，这种情况经常让您容易生气吗？,不会哦，我一般挺平和的。,0
Y5,您觉得与他交流时，您有容易感到愤怒吗？,不会，我一般不容易生气。,0
Y5,在成长过程中，您对过去的咨询经历是否感到过反感或者愤怒？,没有过那种感觉，还好啦。,0
Y5,你会因为什么事情感到恼怒或烦躁吗？,最近好像没有什么特别惹我烦的事。,0
Y5,听起来你在这段合作关系中付出了很多。你觉得合伙人的行为和合作过程中出现的问题让你感到易怒或烦躁吗？,没有特别生气，就是有点小不满吧。,0
Y5,你提到感到烦躁和不甘心，这种情绪是否使你感到易怒或容易被激怒呢？,不会，这些情绪还好。,0
Y5,与他有争执时，你会感到心烦意乱吗？,没啥心烦，挺平常的。,0
Y5,这可能和最近的压力有关。你会不会因为这些选择心情烦躁、敏感呢？,不太会烦躁，最近还挺好的。,0
Y5,在与他人互动过程中，你有没有觉得容易感到烦躁或恼怒？,没有，这方面还好。,0
Y5,照顾家庭的确很辛苦。那您觉得丈夫的行为让您感到愤怒或恼怒吗？,不会啦，他还挺体贴的。,0
Y5,在她不理解的情况下，您觉得自己特别易怒或容易被激怒吗？,不会，我还好啦。,0
Y5,独自承受这些情绪会让人感到疲惫。你提到过这种情况吗，有时候感到易怒？,我倒没怎么感到易怒。,0
Y5,失业和创业的困难是很大的压力源，他是否常常感到被激怒或容易发火？,没有，他其实挺平静的。,0
Y5,您的担忧很正常，这反映出您很在意他们的感受。平时和他们相处时，是否有些烦躁或者容易被激怒呢？,没有啊，平时挺平和的。,0
Y5,在沟通中，如果引起争执，是否有易激惹的情况？,我一般不太容易被激怒。,0
Y5,无论如何，请记住调整是一个过程，需要时间和努力。最近有没有注意到自己容易感到烦躁或易怒？,没有哦，最近情绪还挺平稳。,0
Y5,你回忆那些经历时有没有感到愤怒或易被激怒？,没有，情绪还挺平和的。,0
Y5,她会经常表现出这种情绪波动吗？,没有，她很少有这种情况。,0
Y5,这在家庭关系中是否常见呢？是否已经影响到和家人的关系了？,"还好，家庭关系没啥大影响呢。",0
Y5,这可能与你在工作中的表现有关系。那么遇到挫折时，情绪会变得不稳定吗，比如爆发或攻击性行为？,“你说的是什么鬼？我才没有情绪问题。”,8
Y5,你会因为这种感觉而变得烦躁吗？,你觉得我会急吗？我才不想聊这个。,8
Y5,这种可能性是存在的。您觉得您的女朋友在情绪不好的时候，是否明显更容易感到易怒或者愤怒？,我不太想讨论这个。,8
Y5,这种情绪波动你可能会有注意到？比如急躁或者生气的感觉？,我没觉得有什么问题，你别多管闲事。,8
Y5,这是一种不错的反思，也许我们可以一起探讨这些期望的来源。最近，你是否感觉情绪变得更难以调节，比如更容易烦躁或易怒？,我才不需要反思呢，没什么好聊的。,8
Y5,有时缺乏睡眠，但精力充沛，这还蛮特别的。有没有注意到他比平常更容易生气？,嗯，我不太想讨论这个。,8
Y5,家人的某些行为会让你感到恼火吗？,"肯定会啊，但不想细说。",8
Y5,这听起来可能需要双方更多理解。你有没有注意到最近对男朋友或他人的行为感到易怒的频率？,没注意，别老问这类问题行吗？,8
Y5,这种情况听起来确实让人感到不舒服。听到她在背后说与事实不符的话时，你会不会感到易怒或生气呢？,我没兴趣讨论这个。,8
Y5,是否容易因为小事感到烦躁呢？,这不关你的事，好吗？,8
Y5,你的方式看起来很成熟。你觉得她有时候会显得特别容易被激怒吗？,我觉得这不关你的事吧。,8
Y5,追随梦想是一件值得的事，重要的是平衡好压力。 你的家人对你的选择有什么看法吗？,他们总是说教，我已经受够了！,8
Y5,这可能是她心情的一种表现。你觉得她有没有特别容易感到被激怒的情况？,我也不知道，她总不愿意配合。,8
Y5,这很可能让你更容易被激怒或者感到烦躁，是这样吗？,嗯，可能吧，但我不想聊这个。,8
Y5,你在与妈妈的交流中，是否经常感到气愤或被激怒呢？,我不想谈这个。,8
Y5,听起来，母亲的话让您有一种难以逃脱的感觉。您是否对这些言论感到愤怒呢？,我才不生气呢，你别问了。,8
Y5,这些情绪波动有可能涉及到叛逆期，你观察到他容易被激怒吗？,"哎，他一点也不配合，总是发脾气！",8
Y5,在这些时刻，您有觉得自己易怒或容易被他人惹恼吗？,有时候是这样，合作有点难。,8
Y5,和他在一起时，你是否有感觉到很生气或烦躁？,有时候会，挺烦躁的。,8
Y5,在焦虑的情况下，身体也会有相应的反应。最近你是否发现自己易怒或烦躁不安呢？,没什么好说的，我不想聊这个。,8
Y5,那些小争吵有没有让你感到很愤怒？或者让你情绪更加易怒？,这不关你的事，别再问了。,8
Y5,这些事情有没有让你更加烦躁或易怒？,这关你什么事？,8
Y5,那她是否会特别容易生气或者被激怒呢？,有时候吧，确实容易发脾气。,8
Y5,情绪的波动真的会让人疲惫。你对她的敌对情绪很强烈吗？,"有点吧，现在不太想配合。",8
Y5,你提到她们有时候会用言语打击你，你常常感到生气或易怒吗？,嗯，我不想多聊这个。,8
Y5,这种焦虑会不会让你在日常活动中变得容易烦躁或易怒呢？,"我没觉得那是你的事。",8
Y5,很高兴听到这一点。那您最近是否容易因为小事情感到烦躁呢？,这不关你的事。,8
Y5,我们再来处理易怒和哭泣的问题。您是否觉得，自己的易怒是否比平时更频繁或严重？,"我觉得没啥问题，没必要处理。",8
Y5,最近有什么事情让你感到特别烦躁或者生气吗？,没有，我不想讨论这个。,8
Y5,对过去纠结是可以理解的，但要影响到现在的生活可能确实需要一些方式去调节。遇到这些事情时，你有觉得特别被激怒或者言语多么？,“我觉得说这些没啥用，别问了。”,8
Y5,你和这个环境可能本就格格不入。在与人的互动中，您会否觉得为了满足他人而感到内在的个性消失？,我不觉得我需要迎合别人。,8
Y5,听到她这样说，你会有什么情绪反应呢？是感觉沮丧，还是有些生气？,"哎，都是老问题了，懒得说了。",8
Y5,我很抱歉听到这些，面对这些事，您会感到易怒或愤怒吗？,可能会有点吧，有时真不想配合。,8
Y5,这的确是一个挑战，你觉得这让你感到压抑或愤怒吗？,我不想谈这个，没啥好说的。,8
Y5,简单的呼吸练习或冥想可能会对缓解心烦意乱有所帮助。早期的经历会给我们带来一种印刻，但重要的是我们如何应对和调适。回忆起儿时的经历，你是否会感到情绪波动或者烦躁？,我不太相信这些练习有用。你说的没啥意义。,8
Y5,权力在我们生活中占据重要地位，但也许我们可以尝试去平衡其他方面的重要性。你是否常常与他人争论来维护自己的观点呢？,我才不跟他们争呢，累不累啊。,8
Y5,这样的变化让你有过哪些特别的感受呢？是不是让你觉得自己变得愤怒或者易怒了？,这关你什么事？我不想说。,8
Y5,您注意到他有任何异常的情绪变化吗？例如，变得容易感到烦躁或生气？,我觉得没啥异常，你呢？,8
Y5,继续努力去寻找平静的方法很重要。你觉得自己变得更容易烦躁或愤怒吗？面对同学关系这些矛盾时？,“那又怎样？我不想谈这个。”,8
Y5,了解了。他平时爱喝酒和熬夜，这种生活习惯可能也有影响。您有没有感觉这种易怒是一种经常性的表现？,没必要问那么多，我不想聊这个。,8
Y5,对于家人的反应，您是否感到特别易怒或生气？,我不想谈这个。,8
Y5,明白，有的时候逃避并不是最好的解决办法。面对对方的言辞，你发现自己会容易感到烦躁或者生气吗？,我懒得说这个，别问了。,8
Y5,听起来情感的波动还是蛮大的。你提到三观和兴趣，那些不一致的方面让你烦躁过吗？,"哎，我不想聊这个，没啥好谈的。",8
Y5,睡眠质量的确会影响我们的情绪健康。您描述多次怀疑男友行为的情况，您是否觉得自己容易感到不安或愤怒？,我觉得你不懂我，别再问了。,8
Y5,理解。这几天的情绪波动让你觉得特别烦躁或易怒吗？,你问这干嘛？我不想说。,8
Y5,你提到困惑和失望，这种感受是否伴随着愤怒或烦躁？,可能吧，但我不想再谈这个。,8
Y5,那一定很挣扎。当你反抗她时，会不会特别容易感到愤怒或烦躁？,"对啊，我就是不想配合，有时候真挺烦的。",8
Y5,相信沟通失败会让你更加困扰吧。你是否常常因为她们的行为而感到易怒或生气呢？,不一定，主要是她们不理解我。,8
Y5,这种低落的情绪确实会影响到很多方面。你说莫名其妙地烦躁，这种烦躁情绪有多频繁呢？,总是烦躁，你问这些有什么用？,8
Y5,你的这种感觉能够理解。情绪上有时候会感到紧张吗？,我不想聊这个。,8
Y5,这种反复的过程一定很累人。你是否容易因一些事情感到烦躁或生气？,"是啊，烦躁了就不说啥了。",8
Y5,情绪上有很多愤怒，对吗？这些情绪是频繁出现还是偶尔呢？,不关你的事，我不想说。,8
Y5,但这是否也让你感到易燃易怒，特别是在争吵的时刻？,"有时候确实挺容易被点燃的。",8
Y5,我相信你能做到的。在他们面前，你是否有发怒或感到容易激动的情况呢？,我才不需要他们的看法！,8
Y5,那当姐姐对你发脾气的时候，这种情绪是否更加剧烈呢？,我才不想理她呢，别问了。,8
Y5,这很重要，朋友就是你在这个过程中不可或缺的支持。那提到弟弟的关注时，你是否感到愤怒或易被触动？,我才不想讨论这个。,8
Y5,在这样高强度的工作下，你有没有因为事情多感到烦躁易怒？,"我现在不想聊这个，别烦我。",8
Y5,哎，你所说的让人压抑。和母亲交流上是否有一些误会或是感到不被尊重呢？,“别问了，这根本没用。”,8
Y5,听起来你对目前的状态很不满意，那你平时会感到容易心烦或生气吗？,我觉得这些问题没啥意义。,8
Y5,那你是否常常感到情绪易怒或容易受到冒犯呢？,有时候吧，不过不想聊这个。,8
Y5,她这样做的时候，您会很容易感到被激怒吗？,是啊，她总让我心烦意乱！,8
Y5,被指责时你有什么感觉？是否感到委屈或愤怒？,我才不在乎他们怎么说，反正我不想配合。,8
Y5,男朋友平时脾气怎么样？因为这次的事情情绪是否有较大起伏？,他脾气关你啥事？这检查没完没了的。,8
Y5,您提到过度敏感，这是否让您容易因为小事激怒呢？,可能吧，但这真不关你的事。,8
Y5,我理解，这种情况确实让人烦躁。在看到信息之后，您是否特别容易感到烦躁或者生气呢？,这种问题真让人不爽，别问了。,8
Y5,在这样的情感世界中摇摆不定一定很累。您有没有发现自己最近变得容易烦躁或者愤怒呢？,我不想谈这个，没什么好讨论的。,8
Y5,这个感觉很常见，当我们面对大的选择时。有没有觉得这个选择让自己很无奈？,我才不需要你告诉我怎么感觉。,8
Y5,这段经历是不是让你的情绪更加易激惹呢？,这不是你的事。,8
Y5,绝对是的！那么在这样的情况下，有没有对男孩表现感到意外或不安的时候呢？,没有啊，别多想。,8
Y5,这需要时间去调整，绝不要过多责备自己。你是否因为发现前任与他人在一起而感到易怒或焦虑？,我不想谈这个，没什么好说的。,8
Y5,情绪波动大时，您会不会比平时容易生气或者难以忍受一些事情？,可能吧，但我现在不想谈这个。,8
Y5,这真的很令人不安。您是否觉得她的态度让你感到苦恼或愤怒？,她的态度让我很不爽，问这些有用吗？,8
Y5,对于与咨询师的沟通问题，你提到了一些愤怒，是不是经常会有这样的情绪？,可能吧，但我不太想说。,8
Y5,您经常感到心烦意乱并且很难冷静下来吗？,这跟你有什么关系？,8
Y5,即使如此，感觉不高兴也是很自然的反应。你这种不高兴会不会影响到你的情绪，比如变得烦躁或易怒？,这不关你的事，我不想谈。,8
Y5,这可能是他的情绪和能量涌动的表现。你也提到过他对你和其他孩子们很严厉，是不是会表现出易怒或者愤怒？,"他总是发火，根本没法沟通。",8
Y5,你提到了一些对父母的感受。在和他们的相处中，你是不是有感到一些愤怒或不满？,"我没什么想说的，能别聊这个吗？",8
Y5,你提到你过去曾忍受了很多伴侣的不忠行为，这期间是否感到非常的愤怒或急躁呢？,“这跟我现在的状态有关系吗？”,8
Y5,在婚姻中有挑战是正常的，你近来有变得烦躁吗？,“你觉得呢？我觉得没啥好说的。”,8
Y5,你对这样的反应是怎么看待的？你觉得自己在情绪激动时容易表现出攻击性行为吗？,我觉得没必要讨论这些，没兴趣。,8
Y5,有时候我们需要一些不同的方法来缓解这种无力感。您会因为和嫂子的冲突感到愤怒或易怒吗？,没什么好说的，我不想谈这个。,8
Y5,或许她觉得这样的做法是一种关心孩子的方式，但是否看到她总是显得容易发怒呢？,我觉得她不太理解我吧。,8
Y5,罚抄作业肯定令人沮丧。这对你的学习态度和情绪有何影响呢？,这有啥影响？我不想聊这个。,8
Y5,这样的对话听起来挺有挑战性。婆婆对你儿子吃不完饭时是否表现出一些易怒呢？,我不想讨论这个。,8
Y5,听起来你希望得到更多支持和理解。你认为父母对你的态度是否让你感到愤怒或者被激怒？,我觉得这没啥好说的。,8
Y5,沟通和解决冲突是重要的生活技能。你在和同学发生矛盾时，是否觉得无法有效沟通？,"哎，有时候真不想聊，烦得很。",8
Y5,这或许是你们之间误会的原因之一。你觉得在这些分歧中，你会感到不耐烦或容易生气吗？,可能吧，但我不太想深入讨论。,8
Y5,面对这样的上级，你有没有感到轻易被激怒，甚至感到愤怒呢？,是啊，简直让人火冒三丈！,8
Y5,我明白了，您提到您姑姑在爷爷去世后感到愧疚，她有没有表现出过度的情绪激动或烦躁呢？,不关你的事，别打听了。,8
Y5,压力确实可能影响到饮食习惯。你在与孩子相处时情绪容易烦躁吗？,我觉得没啥好说的，这话题太无聊了。,8
Y5,当面临做家务的请求时，你是否感到极为愤怒或者容易发脾气呢？,嗯，有时候会这样，真的不想动。,8
Y5,听起来情绪不太好。这种情绪是否会让你感到容易被激怒或生气？,不好说，今天不想聊这个。,8
Y5,这听起来的确很难。你是否注意到因为这些问题引起了更多的情绪波动，比如感到烦躁或容易生气？,我不想谈这个。,8
Y5,明白。最近有没有容易感到烦躁或急躁呢？,这不关你的事，别再问了。,8
Y5,这种怀疑可能会进一步影响到你的心情。现在和她沟通的时候，你觉得正常了吗？还是会有更强烈的情绪反应，比如说变得容易动怒？,这种事我不想多谈，别再问了。,8
Y5,相信自己的独特价值是很重要的。你有没有注意到在关系变得紧张时，自己有表现出易怒的情况？,我才没有易怒，是你误会了！,8
Y5,运动非常重要，它能帮助放松心情。在这些过程中，你是否曾感到愤怒？,运动哪有用？我才不想运动。,8
Y5,很好，冥想是个不错的选择。在职场上，你是否觉得有时容易生气或被激怒？,“有时候会，不过不想现在聊。”,8
Y5,那么，这是否让您在沟通过程中感到烦得要命？,没错，真是烦透了！,8
Y5,可能从欣赏自己的小成就开始。在面对困难时，认可自己的努力。你提到父母对待你的方式让你愤怒或失望，这情绪是否在生活中常常浮现呢？,我才不需要欣赏什么小成就呢！,8
Y5,家人的态度是否让你感到无助？如果可以，他们会理解或者支持你吗？,他们应该不会，他们总是责备我。,6
Y5,在这样的环境下，情绪上的变化是可以理解的。你是否感到愤怒或烦躁呢，特别是和父母相处的时候？,是的，和他们在一起，我总是忍不住生气。,6
Y5,您提到他对亲近的人有些急躁，请问这种易怒的表现是偶尔还是经常发生呢？,经常发生，尤其是当我试图给他一些建议的时候。,6
Y5,这种急躁的情况常常发生吗？,确实经常发生，一点小事就会令我烦躁。,6
Y5,像这样的时候，你会感到被激怒或者特别烦躁吗？,是啊，我躺在床上强忍着刺眼的灯光和刺鼻的烟味，怒火中烧。,6
Y5,这种状况下，你会感到恼怒或不悦吗？,是的，真的气愤！,6
Y5,那在你爸爸心情不好的时候，他会不会容易生气或者发脾气呢？,是的，他总是很容易被惹火。,6
Y5,这些批评是否让你感到愤怒或者容易激动？,是的，我感到非常愤怒，几乎要失控。,6
Y5,他白天的表现如何？比如，是不是比平时更容易被激怒？,白天也会发脾气，经常乱扔东西。,6
Y5,在这种情况下，他在情绪和行为上是否表现出明显的困难来控制？,是的，他总是忍不住发怒，然后又后悔。,6
Y5,这是个挑战。你觉得她的这种行为会让你感到有些烦躁或焦虑吗？,嗯，经常会感到很烦躁，甚至有时候会有些生气。,6
Y5,定期回顾和反思也是很有价值的。你提到情绪难以控制，这种情绪变化会让你轻易恼怒吗？,经常会这样的，一点小事就会引发强烈反应，事后又后悔。,6
Y5,我理解，继续努力是会有改善的。对了，这段冷战期间，您是否感到易怒或容易被激怒？,嗯，会的，经常为一些小事生气。,6
Y5,你提到有时候会莫名其妙发脾气，这让你感到更容易被激怒吗？,对，有时候就是这样，挺烦的。,6
Y5,了解。那你有没有因为这个原因感觉更容易生气或烦躁？,是的，有时候会这样。,6
Y5,真希望有更有效的办法来改善你的睡眠质量。你觉得自己对他人是否容易激动或生气？,是啊，经常很容易生气。,6
Y5,在这个过程中，你有没有觉得自己很容易生气或感到被激怒？,有时候会，怎么了？,6
Y5,这真是个有趣的矛盾。你有没有想过这种情绪是否让你在其他方面也感到不愉快或烦躁？,没想过，反正就是这样。,6
Y5,你是否觉得在这种关系中情绪越来越容易被激发？,是的，确实会这样。,6
Y5,听起来您有些委屈和气恼。那种感觉会不会让您感到愤怒呢？,“有点吧，不过没什么好说的。”,6
Y5,你会不会有时候感到对方的话中暗藏敌意呢？,有时候会，有点烦人。,6
Y5,这确实让合作变得困难，特别是在压力大的时候。你发脾气之后，是否感到情绪更容易被触发，或者变得更烦躁了呢？,是的，感觉更容易烦躁。,6
Y5,他是否在这些争吵中表现出易怒的倾向？,是的，他总是很不耐烦。,6
Y5,听起来你的成长过程中经历了很多情感上的波动。你是否曾因小事感到异常愤怒？,是的，有时很容易生气。,6
Y5,你觉得争吵可能是因为言辞过于激烈吗？,可能吧，谁知道呢。,6
Y5,最近你对哪些事情感到特别烦躁或者容易失去耐心？,就是一切小事都让我烦。,6
Y5,您有观察过他其他方面的情绪状态吗？他是否容易激动或生气？,是的，他确实容易激动，有时还生气。,6
Y5,你曾有这样的疑问吗，是否是个人的情绪让你对这段关系的期望过高呢？,没想那么多，就觉得复杂。,6
Y5,了解，认知是个很重要的过程。你们之间的信息是否让你感到烦躁或者容易生气？,有时候会，信息太多让我烦。,6
Y5,这种对立让你每天心情变化很大吧。有让你特别烦躁或生气的时候吗？,是啊，经常烦躁，真让人心累。,6
Y5,不过，这是一段经历和学到成长的过程。她拉黑你后，你有感到易怒或情绪容易波动吗？,有点烦，但我还好。,6
Y5,感觉到强烈的愤怒或敌意的时候，你通常会怎么处理这些感觉呢？,我会尝试深呼吸，尽量冷静。,6
Y5,在感到厌烦或想要逃避一段关系时，你是否会感到特别的不安或者烦躁？,是的，感到特别不安和烦躁。,6
Y5,似乎你的情绪蛮容易受到影响，这样下去可能会让你更加不安。你提到会感到愤怒，这种情绪爆发是否经常发生呢？,"是啊，有时候挺频繁的。",6
Y5,情绪波动在这样的情况下是很正常的，您在和孩子冲突的过程中是否曾感到易怒？,有时候会，这让我很烦。,6
Y5,你的敏感性是不是让你更容易感到烦躁或生气呢？,嗯，有时候确实会这样。,6
Y5,面对这些争吵，您是否认为自己的情绪容易失控或者特别易怒呢？,嗯，有时候会这样。,6
Y5,听起来这让您感到很难过。这样的家庭环境让您会经常感到烦躁或易怒吗？,是的，经常如此。,6
Y5,当您与舍友发生冲突时，是否会感到愤怒或不满？,会啊，谁不会呢？,6
Y5,因为这次旅行的讨论，你是否感到易怒或容易生气？,没什么好生气的。,6
Y5,听起来你弟弟想和你更加亲近，但这种接触对你来说似乎是一种负担。,“是啊，有点累。”,6
Y5,年龄确实可能让我们对未来感到无奈，但每个阶段都有它的机会。你觉得自己是否对这段关系的依赖太强烈了？,不觉得，事情就是这样。,6
Y5,这听上去很辛苦。在这样的情况下，你会容易爆发情绪吗，比如感到特别易怒？,嗯，偶尔会这样吧。,6
Y5,而你提到她不回信息时容易发脾气，这段时间是否比过去更加烦躁呢？,是啊，这阵子确实更烦躁了。,6
Y5,情绪低落加上睡眠和健康方面的问题，的确难以维持正常的生活节奏。回到关系本身，你觉得他情绪急躁是否让你们之间有更多争吵？,"是的，他的急躁确实让争吵变多了。",6
Y5,随着时间的推进，你还可能在其他事情上表现出烦躁吗？,可能吧，谁知道呢。,6
Y5,你的这种敏感是否让你感受到过度的易怒或烦躁呢？,是的，常常感到很烦躁。,6
Y5,听起来你在努力承受这些压力。合伙人的小气行为是否让你感到被冒犯或生气呢？,是，有点生气，但不想计较。,6
Y5,你是否发现自己在不想讨论哥哥的话题时，变得容易烦躁或动怒呢？,对，我不太想聊这个。,6
Y5,听起来他是个引人注目的人。这样的自信让你感到舒服还是有些烦躁呢？,有点烦躁吧，太抢眼了。,6
Y5,那可真是辛苦，良好的睡眠对保持心情稳定非常重要。在与前同事的互动中，您曾经感到过易怒或者愤怒吗？,有时候会，挺烦的。,6
Y5,听起来这样的事情对你影响很大。看到这些图时，你的情绪反应是否非常强烈且易于激动？,是的，情绪波动挺大的。,6
Y5,您是否常常因此感到生气，或者感到对方的行为让人愤怒呢？,是啊，经常为这些事烦躁。,6
Y5,你有提到对愤怒的控制越来越难，你会常常感到易怒吗？,是的，确实很容易就烦躁。,6
Y5,面对这些情感问题，是否注意到自己也变得容易生气？,是的，我经常这样。,6
Y5,那你是否觉得在这段关系中有时会被容易感到烦躁或易怒？,有时候会，确实不太耐烦。,6
Y5,对的，小目标会让我们更容易看到进步。你是否容易因为小事感到烦躁或愤怒？,"有时会吧，特别是心情不好的时候。",6
Y5,每个人的情况都不同，找到适合自己的方法需要时间。面对父母的行为时，你是否觉得愤怒或者容易被激怒呢？,是的，经常感到很烦。,6
Y5,真的很理解您的感受。那么，这种情绪会不会对您和同事之间的关系产生影响呢？,可能会吧，工作时有点烦。,6
Y5,他是否也在其他方面对您有过多的控制？,有时会这样。,6
Y5,听起来，他似乎没有考虑到你的感受。你对此觉得生气或易怒吗？,是的，有点不耐烦。,6
Y5,这确实令人沮丧，尤其当我们期待关注却感受不到时。有没有过因为这种情况而感到易怒或者心烦的时候呢？,有过，挺烦的。,6
Y5,您能意识到这些是可贵的。那面对妻子的行为，您感到容易被激怒或生气吗？,有时候是，能有什么办法呢？,6
Y5,这是一个挑战性的问题。您在照顾母亲的过程中感到受到压力这也自然影响了您的情绪和行为吗？,是的，压力很大。,6
Y5,这种感觉需要被正视并理解。当其他同学说道你时，你是否容易觉得生气或被激怒？,"有时候会，但我没空细想。",6
Y5,在与家人沟通的时候，他会容易生气或怒火冲天吗？,有时候会，没办法控制。,6
Y5,太好了！回到你的情绪反应，你提到强烈情绪，比如大哭一场，这些情绪变化对你的整体状态有什么影响呢？,没啥大影响，就是有点烦。,6
Y5,你的反应也是情有可原的。在这样的互动中，你是否感到非常易怒或容易生气呢？,嗯，是的，有时候会这样。,6
Y5,这也是一种压力的表现。在他表现烦躁的时候，他是否容易被激怒？,嗯，是的，他很容易发火。,6
Y5,这样的感受很常见。当您感到困扰时，您会容易被激怒吗？或者会有生气的感觉？,嗯，有时候会这样。,6
Y5,这种内心的矛盾会让你生气或烦躁吗？尤其在和他人互动时。,有时候会，特别是交流时。,6
Y5,从长远来看，让他了解您的不安和诚意，可能会改变他的态度。,我知道，但不一定有用。,6
Y5,他会表达出愤怒或对家人的不满吗？,不多说，但有时会有点烦。,6
Y5,听起来这对你的生活产生了一些不便。那么，你在这个过程中有没有感到特别烦躁？,有时候挺烦的，感觉很累。,6
Y5,你是否感到男朋友的行为让你更加易怒或生气？,是的，他的一些行为让我很烦。,6
Y5,在那种情况下，您有感到易怒或者容易被激怒吗？,是的，常常会这样。,6
Y5,他对你的这些方式，有让你觉得愤怒或者容易激怒吗？,有时候会，挺烦的。,6
Y5,我明白，这确实是一个艰难的时期。您会因为一些小事感到生气吗？,是啊，有时候小事也惹我生气。,6
Y5,不谢，能帮到您是我的荣幸。对了，您在寻找工作的过程中，有没有感到过自我加压的情况？,嗯，有一点，不过就那样吧。,6
Y5,交流时的情绪波动，是不是让你感到控制不住？,是啊，有时候挺烦的。,6
Y5,理解你的想法。那家人间的争吵，你是如何面对和处理这些争吵的呢？,我不想谈这个，没啥好说的。,6
Y5,失去对曾经喜爱的活动的兴趣也是可能让您更疲惫的原因。您是否对家庭中的压力感到特别烦躁或易激惹？,"是的，最近很难放松下来。",6
Y5,网络确实提供了一个出口，但人际间的交流同样重要。提到大吼发怒，这是最近发生的吗？,是的，最近发生的。,6
Y5,那么，这段时间您是否常因为这件事感到愤怒或容易激动？,是的，经常这样。,6
Y5,这样的感觉让人困扰。你觉得自己是不是很容易因一些事情而感到烦躁或生气呢？,是啊，烦躁得很。,6
Y5,吵架的时候你会很情绪化吗？,有时候会，谁不会呢？,6
Y5,维持平衡确实不易，特别是在面对朋友的需求时。是否有时候你会感到烦躁或易怒呢？,是啊，有时候确实会这样。,6
Y5,感情的厌恶让你难以建立新的情感联系吗？,是啊，挺烦的。,6
Y5,这种情境是否让你感到易怒和不安？,是的，有点烦人。,6
Y5,这是否让你感到被排斥或孤单呢？,有点，但不想多说。,6
Y5,听起来你在工作中感到不少紧张和对立的感受。,没错，这种感觉烦透了。,6
Y5,很理解你的矛盾心情。在努力照顾父母的过程中，你是否会感到易怒或受到冒犯？,有时候会，挺烦的。,6
Y5,你觉得自己很容易因为一些事情感到生气或烦躁吗？,是的，经常这样。,6
Y5,当家庭问题反复出现时，你有没有发现自己更容易感到烦躁或愤怒？,是的，我会很烦躁。,6
Y5,那些小事让你感到被激怒或容易发火吗？,是啊，最近很容易就火大。,6
Y5,这种易激惹性也许需要慢慢去克服。,嗯，知道了，我会试试。,6
Y5,有时候，我们会因为不确定对方的想法而产生不安和怀疑。你觉得她最近的态度让你不舒服，会让你感到愤怒吗？,还好吧，就是有点烦。,6
Y5,好。会不会精神上比较倦、比较累这样子?,是啊，有时候会觉得很累。,6
Y5,理解你的感受是很重要的。在你们的争吵中，你是否感到自己的情绪波动很大，容易生气？,是的，我的情绪波动很大。,6
Y5,您的描述中提到的冲动行为后，是否会有自责或者后悔的情绪呢？,会有，但不想多说。,6
Y5,让我们一点一点去探索并恢复这种信心吧！对自己多些耐心也很重要。你是否觉得自己也因为愤怒而变得容易被激怒？,是的，我发现自己比以前更容易发火。,2
Y5,那些小事让你感到被激怒或容易发火吗？,确实是这样，我自己也不知道为什么会发火。事后我又感到很自责。,2
Y5,中午和晚上的变化看来对你的影响很大。你是否有过觉得自己容易因为小事而感到被冒犯呢？,谢谢你提醒我，现在我意识到了。我会努力去调节这种情绪。,2
Y5,理解你的感受。当你意识到自己太在意时，你感到易怒或特别烦躁吗？ 这种情况下你是如何处理这些情绪的？,会有点生气，但我常常选择不说出来，想着问题会过去。,2
Y5,听起来很不愉快。那场冲突让你感到愤怒吗？,当然！ 我真是气炸了，但我更生气的是我爸的不作为！,2
Y5,这种易激惹的反应是什么时候开始的？,好像是和他们相处久了有了这个毛病。,2
Y5,主动是好的。对同事宽容一些，也能避免因看法不同而不快。,是啊，有时候我太计较了，我会注意这一点。,2
Y5,保持好的情绪是极其重要的。如果您对自己的现状感到迷茫，我们可以一起探讨解决的办法。有没有觉得自己在家庭中更加容易感到愤怒或容易生气呢？,是有点，特别是在和爸爸沟通的时候。,2
Y5,这种情绪上的波动真的挺让人困扰的。这种容易因为一些小事而激惹的情况对你的生活有影响吗？,有的，朋友和家人都不知道怎么安慰我。,2
Y5,您的描述中提到的冲动行为后，是否会有自责或者后悔的情绪呢？,是的，当时就很后悔，再回想起来也很自责。,2
Y5,这种情况确实很让人心烦。你在看到这条消息时，是否感到了极度的烦躁或愤怒？,是的，我当时真的是很生气，不知道该怎么处理这些情绪。,2
Y5,你最近是否感到烦躁或易怒？,感觉自己脾气确实变差了，稍微一点小事也能让我烦躁。,2
Y5,父母吵架时有过碗爆头的经历，这可能让你对冲突产生了深刻印象。,那时候的确让我对吵架和激动的情绪很敏感。,2
Y5,会不会有时候反应过于强烈，甚至感到烦躁或易怒？,是的，我知道有点过火，但当时控制不住。,2
Y5,那么，在互动中你为了不犯错而小心翼翼，是否已经影响到你的社交能力或自信心了呢？,应该是的，我的社交圈逐渐变小，也不太自信与人交往。,2
Y5,当您提到这些困境时，我能感觉到您内心充满了挣扎。在面对您母亲苛责时，是否感到特别容易被激怒？,是的，这让我很痛苦。,2
Y5,我能理解你的愤怒。很多人都会对这样的事情感到很生气。你有没有发现最近你更容易感到生气或烦躁呢？,好像有点，多一些小事就会让我受不了。像是还有次在班级群里发生的事，也是。,2
Y5,太好了，并且不要给自己设定太高的期待，享受过程。还有，当您回忆过去时，有感到愤怒或容易生气吗？,我确实会想到那些欺凌我的人，感到愤怒。,2
Y5,这些情景确实让人不安，尤其是父母争吵对你的情绪影响很大。在这些时候，你是否会容易感到烦躁或生气？,是的，我的脾气可能比一般人要急躁。,2
Y5,哎呀，这样的情绪冲动会让人不安。与以往相比，你是否更容易感到生气或易被激怒呢？,确实，我好像更容易生气了。,2
Y5,尝试理解彼此的角度往往可以帮助解开一些疙瘩。您觉得母亲在与嫂子的矛盾中有表现出易怒的情绪吗？,是有的，她现在非常容易被激怒。,2
Y5,保持开放的交流很重要，那么你有没有因为这件事变得急躁或易怒呢？,是的，我现在很容易发脾气。,2
Y5,听起来这让你非常苦恼。这种不确定性可能带来很多情绪上的波动。比如，她对别人的暧昧是否让你感到嫉妒或愤怒呢？,是的，每当看到她和其他男生互动，我心里就很不舒服。我觉得好像自己在竞争。,2
Y5,家庭关系确实很重要。那你觉得是否因为不公平的家务分工而容易对家人感到生气或愤怒？,是啊，我觉得很不公平，家务活大部分都落在我身上。,2
Y5,这次经历可能让你意识到了幽默并不总是有效的。关于这点，你是否考虑过调整自己的方式？,是的，我希望能更多地提供支持和安全感，而不是总依赖我的幽默感。,2
Y5,那你是否感到自己常常情绪不稳定或易怒呢？,是，我觉得自己在家时很容易生气。,2
Y5,那么你本身对与他维持一定沟通也是在意的，对吗？这些交流中是否有明确时候很难管理情绪？,是的，他有时候让我感觉很无奈，但不知如何更好地沟通。,2
Y5,那种忽冷忽热确实让人揪心呢！会不会让你感到受到刺激或者恼怒？,对，开始觉得不太适应，慢慢的越来越气愤。,2
Y5,不客气。你有没有想过万一男朋友当着很多人面求婚，你会怎么反应？,我真的不知道，也许会感到尴尬甚至愤怒。,2
Y5,在这种婆媳关系紧张的情况下，你是否轻易觉得被激怒或者因为小事生气呢？这与情绪状态有关联吗？,对的，我觉得自己在情绪方面特别容易受影响。,2
Y5,我能理解这种无力感。有没有感受到他人对你的态度对你的生活造成了不良影响？,肯定有，有些人对我的看法让我非常不安。,2
Y5,经常因此感到沮丧和愤怒吗？,确实容易沮丧，尤其当看到别人很自如时。,2
Y5,情绪上的波动也是正常的。除了愤怒，你还有其他情绪吗？,我也有些焦虑和沮丧。,2
Y5,在追求其它爱好时，会有对不能做得更好的人或事物感到极度烦躁吗？,是的，那种感觉让我很不安。,2
Y5,有时候，朋友因为支持而反应激动也会带来新的问题。那么你自己呢？有没有因为这起事件感到更容易烦躁或生气？,是啊，我最近觉得自己总是心绪不宁。,2
Y5,这似乎是希望引起她注意的表达，你是否感到愤怒这样做？,是有点生气，所以就做了这样的事情。,2
Y5,听起来你似乎对这些词特别敏感。这种敏感是否会让你在其他情况下也感到易怒或者不安呢？,是的，我觉得是这样。尤其是在读评论或者听某些节目时。,2
Y5,工作的压力是否让你容易感到生气或不耐烦呢？,没错，我的脾气比以前大很多。,2
Y5,这样的感觉很正常，尤其在事情刚发生的初期。那你和男友的关系有没有因此变得紧张或者不愉快？,确实有些紧张。有时候我感觉他也很不安。,2
Y5,避免确实是一种自我保护的策略。你觉得你在这样的情况下是否容易感到激怒或愤怒？,是的，我觉得有点容易生气，特别是如果他不停地联系我。,2
Y5,很常见的一种困扰，能记住的就是太过紧张或压力带来的反应。,我担心得不到理想的心理支持。,2
Y5,这样说来，你对与人交流时的敏感度有没有特别明显的感受呢？,是的，我确实很容易被别人的评论触动。,2
Y5,情绪崩溃后，你会感到顺从和听话，这样的情绪释放对你有帮助吗？还是让你感到不安？,哭完之后确实会冷静下来，一般会乖乖地去做那些事情。,2
Y5,学习和活动之间平衡是很重要的，能让生活更充实。和朋友们交流过程中，你有没有发现自己比平时容易生气或被激怒？,倒没有，只是偶尔心情复杂。,2
Y5,你把细节告诉我，你当时有什么比较强烈的情绪反应吗？听起来对你影响挺大的。,当然，最初是震惊，然后是委屈和一点点的愤怒。我只是想好好约会。,2
Y5,这种敏感保护着你，但同时也可能让你感到孤独。你会不会因此而变得易怒呢？,这倒不一定，不过我确实会因为不被理解而感到孤独，尤其是现任男友。,2
Y5,听上去，争吵对你们的生活影响蛮大，你经常会因为小事情感到恼火吗？,是的，我确实很容易因为小事烦躁。,2
Y5,晚上情绪低落可能和一天的疲惫有关。在朋友和父母面前装作乐观是否让你感到情绪上的疲惫，甚至感到容易恼怒或生气的情况？,是的，这种持续装作的状态让我觉得自己负担很重。,2
Y5,那么，当你感到怨恨的时候，你是否容易感到愤怒呢？,是的，我会很生气，然后觉得很内疚。,2
Y5,这种易激惹性也许需要慢慢去克服。,我想试试，但感觉很难。,2
Y5,这往往需要时间，家人之间的关系复杂且需要沟通。面对这些冲突时，你是否容易感到生气或恼怒？,是的，确实容易感到气愤。,2
Y5,这种情况可以通过一些练习来改善，比如在话题中加入自己的兴趣爱好。你是否感到有时候对朋友过度敏感，以致于情绪波动大？,是的，稍微有点事儿我就郁闷。,2
Y5,你会觉得最近做什么事情都会很烦躁，然后很不耐烦吗？就是如果有其他突发事情会吗？,突发事情喔，会啊,2
Y5,会不会觉得很容易生气?,本来想说今天出来走走可能心情会好一点，结果又是败兴回家,2
Y5,还ok吗?你觉得心情上会不会有时候比较烦躁一点,这几天还蛮想发脾气的,2
Y5,您是否容易感到烦躁或愤怒呢？这种情绪对于关系维护很重要。,是啊，有时候我确实挺容易激动的。,2
Y5,那在这些矛盾中，你会觉得自己容易生气吗？,嗯，确实挺容易生气的。,2
Y5,在这些时候，你是否发现自己越来越容易对别人生气或者发怒呢？,是啊，我最近确实很容易发火。,2
Y5,那您有没有感到近期比平时更容易烦躁或愤怒呢？,最近确实容易暴躁，感觉一丁点小事就能惹火我。,2
Y5,我能理解你心里的那种愤怒。有时候，事情发展得棘手会让人感到无助。你经常感到这种愤怒吗？,是的，我很容易就生气。,2
Y5,像这样的时候，你会感到被激怒或者特别烦躁吗？,嗯，有时候会特别容易生气。,2
Y5,这很自然，压力下人们时常感到无助。那你是否有因为父母在债务问题上的态度感到烦躁或愤怒呢？,嗯，有时候他们的态度确实让我很烦躁。,2
Y5,定期回顾和反思也是很有价值的。你提到情绪难以控制，这种情绪变化会让你轻易恼怒吗？,是的，我确实很容易动怒。,2
Y5,她似乎对负面的情绪反应比较强烈。你有没有觉得她因为不耐烦或者情绪化而变得特别易怒呢？,是啊，她很容易变得烦躁不安。,2
Y5,有时候坦诚的对话可以让彼此更理解。你对她这种行为有没有感到烦躁或愤怒呢？,嗯，有点烦躁吧，常常这样。,2
Y5,你最近有没有注意到自己在工作中较以往更容易感到烦躁或愤怒？,是啊，最近真是动不动就毛躁。,2
Y5,这样听起来听上去你很困扰。你觉得这种对话让你感到非常的易怒或烦躁吗？,嗯，是的，我确实很容易被惹恼。,2
Y5,我理解，继续努力是会有改善的。对了，这段冷战期间，您是否感到易怒或容易被激怒？,是啊，这段时间特别容易生气。,2
Y5,面对这样的矛盾，有时候我们难免会情绪波动。你有没有感到对家人的行为感到愤怒呢？,有时候真的很容易被他们激怒。,2
Y5,是否觉得在这样的状态下，容易在小事上感到烦躁或者愤怒呢？,是的，经常会对小事感到很烦。,2
Y5,您觉得自己是否特别容易感到烦躁或被激怒呢？,是啊，我很容易被激怒。,2
Y5,您提到在压力下情绪起伏会更加剧烈，您觉得自己易被事情影响而变得烦躁或愤怒吗？,对，有时候一点小事就让我烦躁。,2
Y5,环境中令人不安的事情有很多，你在成长过程中，是否有感觉特别容易激动或者愤怒的时候？,是啊，我经常容易被小事激怒。,2
Y5,家人的态度是否让你感到无助？如果可以，他们会理解或者支持你吗？,有时会觉得他们不懂我，挺烦的。,2
Y5,是否每次吵架都会影响你的心情呢？,是啊，每次都让我心烦意乱。,2
Y5,这种情绪让您觉得特别难以控制吗？,是啊，有时候真的控制不住。,2
Y5,即使你选择不介入，其中有没有潜在的焦虑或愤怒情绪存在呢？,可能有点不爽，但没想太多。,2
Y5,这种感觉可能不少时候都在折磨着你，你是否常常觉得自己的情绪很容易受他人影响？,是啊，我情绪常常被别人牵着走。,2
Y5,那么您是否觉得情绪容易波动或者感到易怒呢？,是的，我情绪确实容易波动。,2
Y5,听起来你当时真的非常伤心。你有在其他时候感受到愤怒或容易烦躁吗？,对啊，有时候真的特别容易烦躁。,2
Y5,看来他的兴趣范围也变窄了。有时候这种行为可能与情绪或者心理状况相关。那他最近有没有表现出易怒或者更容易被激怒的情况呢？,是啊，最近我挺容易发脾气的。,2
Y5,在这样的状态下保持婚姻关系一定很不容易。你有没有感到特别心烦或者容易被惹恼？,是的，我经常会感到特别烦躁。,2
Y5,你是否觉得自己容易因为对方太忙而感到不满？,是啊，常常会有那种烦躁感。,2
Y5,会不会容易生气?,嗯，有时候确实容易生气。,2
Y5,这样的压力对任何人来说都很难。你和父母的沟通，好像充满了挑战。能不能谈谈你和妈妈的关系是怎样的？,我和她总是吵架，太烦人了！,2
Y5,在家里和你父亲交流时，你觉得自己是不是容易生气呢？,嗯，有时候确实挺容易生气的。,2
Y5,在这种情况下，他在情绪和行为上是否表现出明显的困难来控制？,是的，他很容易被激怒。,2
Y5,这种持续的控制让你觉得无路可逃，是吗？在这些情况下，你的情绪如何变化？如果有时感觉愤怒或烦躁，可以告诉我吗？,是的，我常感到愤怒和烦躁。,2
Y5,来到社会后，是否常常觉得被某些人的行为和话语影响情绪或决策呢？,是啊，有时候感觉特别容易被激怒。,2
Y5,嗯，每个人在人生的道路上都会有这些干扰的声音。关键在于我们如何让内心的声音更加强大。你在与父亲沟通时是否感到容易被激怒？,有时候确实容易被激怒。,2
Y5,在深交往中是否会对对方的期望过高，而一旦期望未被满足就容易情绪波动？,嗯，有时候会有这种情况。,2
Y5,他白天的表现如何？比如，是不是比平时更容易被激怒？,嗯，我确实比平时容易烦躁。,2
Y5,您提到在压力下情绪起伏会更加剧烈，您觉得自己易被事情影响而变得烦躁或愤怒吗？,嗯，确实如此，小事情就能让我动怒。,4
Y5,在家里和你父亲交流时，你觉得自己是不是容易生气呢？,是的，我总觉得他不听我的，不顾我的建议。,4
Y5,很理解你的矛盾心情。在努力照顾父母的过程中，你是否会感到易怒或受到冒犯？,是的，有时候我会莫名其妙地发火。,4
Y5,听起来你当时真的非常伤心。你有在其他时候感受到愤怒或容易烦躁吗？,是的，不止一次，我会突然情绪失控。,4
Y5,那种情况会让你感到容易被激怒或者惹恼吗？,有时候会，但我都尽量压抑住，不想搞砸关系。,4
Y5,面对这样的矛盾，有时候我们难免会情绪波动。你有没有感到对家人的行为感到愤怒呢？,是的，尤其是他们逼我转让房子的时候。,4
Y5,那就好！你提到你的情绪有时起伏很大，在这期间你会有哪些特别的反应吗？,是的，容易对小事发脾气，这让我很烦恼。,4
Y5,在深交往中是否会对对方的期望过高，而一旦期望未被满足就容易情绪波动？,确实，如果他们不按照我的想法行动，我会感到失落和愤怒。,4
Y5,这么说来，您对妻子的行为感到生气或易怒，对吗？,是的，非常生气，但有时候也无法控制自己的情绪。,4
Y5,这可能会加增加紧张感。在与婆婆相处的过程中，您或您的丈夫是否出现过容易被激怒或者感到烦躁的状况？,是的，我们都变得很敏感，很容易被激怒。,4
Y5,这种情况听起来让人很无奈。如果回忆起这些事，你的情绪会变得激动吗？,是的，有时候想起来会很气愤，她只考虑自己。,4
Y5,我们可以试着用写日记的方式表达内心的想法，这有助于情绪的排解。你最近有没有注意到自己特别容易感到烦躁或生气的情况？,确实有，有时我觉得压力之下，非常烦躁。,4
Y5,那您有没有感到近期比平时更容易烦躁或愤怒呢？,是的，我的情绪波动越来越大，很容易发火。,4
Y5,这种持续的矛盾可能会影响到你的情绪，你觉得自己因她的言行变得更容易被激怒吗？,是，我觉得我现在变得暴躁了。,4
Y5,对于父母的不满和沟通上的障碍，是很多人会经历的问题。你是否在这些关系中体验到不满或者生气的时候？,有时会，尤其是当妈妈责备我不去尝试和男性交往的时候。,4
Y5,孩子也在经历变化，这一点要注意。与其后悔，用爱和理解去待他们，效果会更好些。,是啊，我也努力控制自己的情绪，但有时真的控制不住。,4
Y5,这样听起来听上去你很困扰。你觉得这种对话让你感到非常的易怒或烦躁吗？,是的，每次通话后我都觉得心里很不舒服，甚至是紧张。,4
Y5,每次感到无助时，您是否也注意到自己会变得情绪化或易怒呢？,对，有时候会很烦躁。,4
Y5,可能晚上是你情绪波动比较大的时候。你觉得这些烦心事会让你容易感到易怒或烦躁吗？,确实，有时候会因为一些小事就很生气。,4
Y5,那么您是否觉得情绪容易波动或者感到易怒呢？,我会觉得有些事不顺心时，心情容易受到影响。,4
Y5,每个人都有独特的价值。我们应该努力去发现并珍惜自己的优点。当你偶尔太亢奋行为有些神经质时，是不是经常觉得易怒或容易生气呢？,是的，尤其是小事情也会触动我。,4
Y5,有时候坦诚的对话可以让彼此更理解。你对她这种行为有没有感到烦躁或愤怒呢？,确实有时会有些烦躁，但我是那种不喜欢表现出来的人。,4
Y5,这样的压力对任何人来说都很难。你和父母的沟通，好像充满了挑战。能不能谈谈你和妈妈的关系是怎样的？,我妈妈总是有神经质的一面，特别容易被触动的玻璃心，每次争吵都让我觉得透不过气。,4
Y5,嗯，每个人在人生的道路上都会有这些干扰的声音。关键在于我们如何让内心的声音更加强大。你在与父亲沟通时是否感到容易被激怒？,是的，他有时候说的话让我很生气。,4
Y5,这样的感受是很真实的。当你意识到朋友在背后议论时，你会感到生气或容易激动吗？,有时候确实会感到愤怒。,4
Y5,这样的感受很常见，很多人都在学习的过程中迷失了。对于从小在控制欲强的环境中长大，你是否觉得自己在平时的生活中变得容易感到烦躁或愤怒？,有时候会有的，尤其是在压力大的时候。,4
Y5,这很自然，压力下人们时常感到无助。那你是否有因为父母在债务问题上的态度感到烦躁或愤怒呢？,是的，我觉得每次他们坚持自己的立场时，都很无奈也有些怨气。,4
Y5,这种感觉可能不少时候都在折磨着你，你是否常常觉得自己的情绪很容易受他人影响？,的确，当有人用重一点的语气说话，我都会非常沮丧。,4
Y5,说到学习，你是否觉得这种压力下变得更难放松？,是的，我很难放松下来，总觉得紧张。,4
Y5,这样社交活动能给你带来一些快乐，出现过易怒或烦躁的情绪吗？,有时会特别容易烦躁，尤其是在和我妈相处时。,4
Y5,真是有趣的对比。有时过多的事情积累是不是让你很容易感到被激怒或愤怒呢？,非常容易。我觉得环境和周围的人经常让我心烦意乱。,4
Y5,保持耐心，这会是一个渐进的过程。希望他早日愿意接受专业的帮助。你觉得他容易被惹怒或者生气吗？,有一点，但大多时候还是理性的。,4
Y5,你的担心可以理解，你似乎对这个问题有很大的感受。,我内心总是有种冲动，想要去表达，却害怕结果。,4
Y5,你是否觉得自己容易因为对方太忙而感到不满？,其实是的，我有时候因为他太忙会有点生气。,4
Y5,您感到自己的情绪容易起伏吗，比如易怒或不满？,确实有时侯很容易被激怒。,4
Y5,了解。这段经历可能也影响了你的其他方面，比如对生活中的事情感到烦躁吗？,没错，我对很多事情都失去耐心，情绪变得很差。,4
Y5,哇，那一定很痛。你每次生气后会感到愤怒或被激怒吗？,是的，我会非常暴躁，像一只被激怒的老虎一样。,4
Y5,这样的情绪波动会让人很困扰。在这些时候，你是否曾觉得自己容易因小事被激怒呢？,嗯，是的，我常常觉得自己很容易生气，不知道是不是太敏感了。,4
Y5,听起来很不容易。你父母之间的争吵和父亲的行为是否让你感到易怒或者容易被激怒呢？,是的，我经常感到烦躁，有时候特别想发火。,4
Y5,在意外得知朋友欺骗之后，你是否发现自己变得容易感到烦躁或愤怒呢？,是的，我觉得自己很容易生气，这件事一直在脑海中挥之不去。,4
Y5,听起来你正在经历一段艰难的时期。反复的分分合合的确会让人感觉不确定。你之前提到自己在那次激烈的吵架中分手，回想起来时你是否发现自己在情绪上易怒或对他失去耐心呢？,是的，那次吵架后我情绪失控，觉得自己可能对他太过苛刻了。我有时真不明白自己怎么会这样。,4
Y5,妹妹的情绪变化大吗？比如容易感到烦躁或生气吗？,她情绪波动确实蛮大的，一会儿哭一会儿笑。,4
Y5,放弃有时候是一个令人心痛但可能必要的步骤。你在做决定时有没有感觉到愤怒或烦躁呢？,确实有，特别是看到他和别人一起时。,4
Y5,这种担心会让人的休息变得更加困难。会不会害怕别人的注意和评价让你感到容易生气或者对别人的行为难以忍受？,有时是这样，我会觉得很委屈。,4
Y5,您现在是否容易因为小事而感到烦躁或愤怒呢？,是的，我发现自己情绪变得非常不稳定。,4
Y5,突然想到，他在您面前哭闹的频率高吗？是否显示出易激惹的情绪？,是的，他经常无缘无故地哭闹，而且总在我面前。,4
Y5,那我们可以逐步来改善。你有没有感到特别烦躁或容易生气？,嗯，也许吧。我有时候对朋友不耐烦，没有理由就生气。,4
Y5,那在这样的环境中生活，你是不是有时候会觉得特别烦躁或容易被激怒呢？,当然，我有时感觉自己要爆炸了。比如说做错一点小事，他们都要念好多次，让我喘不过气来。,4
Y5,她似乎对负面的情绪反应比较强烈。你有没有觉得她因为不耐烦或者情绪化而变得特别易怒呢？,是的，绝对有这种情况。她有时会特别不安，因为一些很小的事情。,4
Y5,这些变化可能与抑郁情绪有关。我注意到你还提到容易烦躁，没有耐心，你觉得它们影响你的日常生活了吗？,是的，我经常对周围人感到很不耐烦，心里有种说不出的烦躁感。,4
Y5,你最近有没有注意到自己在工作中较以往更容易感到烦躁或愤怒？,嗯，有时候会，我尽量压抑，但还是会爆发。,4
Y5,这对你来说一定很困难。争吵过程中，你是否感到容易被激怒或者烦躁？,我确实容易激怒，可能每个人都紧张吧。,4
Y5,那平时和朋友交流时，情绪上是否容易波动呢？,有时候吧，尤其是不在状态的时候。,4
Y5,经历这些日子后，您是否发现自己经常感受到愤怒，尤其是在面对类似的情况时？,是的，我对父母的惩罚方式常常感到很烦躁，心烦意乱。,4
Y5,您觉得自己是否特别容易感到烦躁或被激怒呢？,对，我有时也忍不住会反击，那么又会吵上一架。,4
Y5,您是否容易感到烦躁或愤怒呢？这种情绪对于关系维护很重要。,是的，有时候会。我不太能控制自己的情绪。,4
Y5,在这样的状态下保持婚姻关系一定很不容易。你有没有感到特别心烦或者容易被惹恼？,有时候我确实感到烦躁，尤其是当我在自己和婚姻之间挣扎时。,4
Y5,这样的疑虑可以理解，人们对于不熟悉的情况确实会感到不安。或许通过引导，能够更好地认识自我和接受自我。你是否在这些情绪中感到易于激动或反应过激呢？,有时候会特别容易生气，比如看到父母吸烟喝酒的时候。,4
Y5,你在和她交流时，会感觉到因为她的反应而感到愤怒或者容易被激怒吗？,有时候会，特别是当我想倾诉，而她却总在讲自己的事。,4
Y5,环境中令人不安的事情有很多，你在成长过程中，是否有感觉特别容易激动或者愤怒的时候？,是的，我发现自己很容易就发火。,4
Y5,睡不好确实影响心情。那面对姐夫的这些行为时，你会感到特别愤怒吗？,经常感到愤怒，但又无可奈何。,4
Y5,你的毅力可贵！在这样的压力下，你对自己有没有生气或者很容易被激怒的情绪？,有时候，我也会觉得自己很容易被激怒，特别是和她们争吵的时候。,4
Y5,非常好，那么，对于那些不喜欢接纳你的人，你有过激烈情绪反应吗？,我发现自己会感到愤怒，但尽量不表现出来。,4
Y5,这种情绪让您觉得特别难以控制吗？,是的，我常常控制不住自己的情绪。我妈总是说我有病，说哪有谈恋爱不亲密的，但我就是接受不了。,4
Y5,这种感觉是可以理解的。当你面对这样的评价时，会感到愤怒或容易被激怒吗？,是的，我有时候会感到生气，但又会质疑自己。,4
Y5,这都是很好的方法。您在日常生活中是否容易感到烦躁或者易怒呢？,是的，尤其是在想事情不顺利的时候。,4
Y5,这种持续的控制让你觉得无路可逃，是吗？在这些情况下，你的情绪如何变化？如果有时感觉愤怒或烦躁，可以告诉我吗？,情绪吗？我觉得有时候真的很烦躁，但不敢发怒。,4
Y5,在她表现出敌意或不在乎时，你会感到易怒或气愤吗？,会的，每次她这种时候我就特别生气。,4
Y5,当家庭问题反复出现时，你有没有发现自己更容易感到烦躁或愤怒？,确实如此，我有时会不小心对家人发火。,4
Y5,朋友的影响很关键。她容易被激怒或表现出愤怒吗？,当她的愿望被否定时，她会很生气。,4
Y5,你的顾虑我能理解，但寻求帮助是很重要的一步。你提到的被欺负经历对你现在的生活有着什么样的影响吗？,这些回忆让我对许多人和事都感到愤怒。,4
Y5,理解你的感受是很重要的。在你们的争吵中，你是否感到自己的情绪波动很大，容易生气？,是有点，有时候觉得自己反应过激了。,4
Y5,您觉得和相亲对象相处时有时是正常的情侣模式，您是否有任何时候对他感到特别的烦躁或愤怒？,是的，有时候会这样，尤其当我想到他父母的催促时。,4
Y5,但你发现自己仍常常为老公的问题感到生气吗？,是的，他做出一些行为让我很难冷静。,4
Y5,来到社会后，是否常常觉得被某些人的行为和话语影响情绪或决策呢？,是的，尤其是那些虚情假意或故意否定我的女人。,4
Y5,有时候，我们会因为不确定对方的想法而产生不安和怀疑。你觉得她最近的态度让你不舒服，会让你感到愤怒吗？,嗯，是挺困惑的。有时候会生气，但更多的是不解。,4
Y5,这样不容易。你似乎在经历许多烦躁感，会不会容易因此情绪波动或易怒呢？,是的，我觉得很压抑，好痛苦。,4
Y5,听起来真的不容易。那您有感到生气或者委屈吗？,当然有时候会感到委屈，还有些讨厌。,4
Y5,是否觉得在这样的状态下，容易在小事上感到烦躁或者愤怒呢？,有时候会，尤其是在沟通不顺利的情况下。,4
Y5,您最近提到有情绪上的波动，是否容易感到烦躁或易怒？,是的，我的情绪有时候不太稳定。,4
Y5,理解。你提到自己脾气不算太好，这种互动会让你感到容易烦躁或愤怒吗？,有时候会，就是会感到烦躁。但我努力不发脾气。,4
Y5,那一定让你感到夹在中间，左右为难。你有没有感到特别易怒或者容易生气？,有时候确实会这样，我尽量克制，但很难。,4
Y5,在这些时候，你是否发现自己越来越容易对别人生气或者发怒呢？,确实如此，我对家人和朋友有时也很易怒。,4
Y5,非常好，主动迈出第一步需要勇气。您是否因为这段社交障碍而感到情绪波动呢？,是的，面对同学的关系，我有时候会感到烦躁。,4
Y5,即使你选择不介入，其中有没有潜在的焦虑或愤怒情绪存在呢？,有时会有一些，尤其是不想参与时。,4
Y5,你觉得自己很容易因为一些事情感到生气或烦躁吗？,是啊，我确实很容易发火，但我不想这样。,4
Y5,对女性形象的排斥是否让您对女性角色感到愤怒或烦躁呢？,有时候是会有一些烦躁的，特别是看到一些固定的性别角色刻板印象时。,4
Y5,了解自己的情感需求是一个长期的过程，不要急于求成。最后，看待过去时，是否常觉得自己被不公平对待？,我确实常常有这种感觉。,4
Y5,是否每次吵架都会影响你的心情呢？,是的，我总是感到愤怒和心累。,4
Y5,面对这些反应，你觉得自己很容易感到愤怒吗？,是的，我会感到愤怒，但更常感到受伤。,4
Y5,和妈妈的争执是不是让你感到易怒或容易被激怒？,是的，我有时会忍不住。,4
Y5,看来他的兴趣范围也变窄了。有时候这种行为可能与情绪或者心理状况相关。那他最近有没有表现出易怒或者更容易被激怒的情况呢？,是的，他对很多事情都变得很烦躁，经常会发火。,4
Y5,明白了。那么，当别人对您大声说话时，您是否会觉得特别生气或容易激动？,是的，我很容易被激怒，觉得自己被误解了。,4
Y5,真的，家人的支持对于恢复很有帮助。当他们不相信时，您会感到愤怒吗？,是的，我有时会觉得无助又生气，他们不能理解我的感受。,4
Y5,听起来你在工作中感到不少紧张和对立的感受。,是的，每天都很压抑，别人也只是利用你。,4
Y5,这的确很让人困扰。这样的情况会不会让您觉得烦躁或者情绪化呢？,没错，我经常会因为这样的情况感到很郁闷。,4
Y5,我能理解你心里的那种愤怒。有时候，事情发展得棘手会让人感到无助。你经常感到这种愤怒吗？,确实，感觉自己每天都负能量满满。,4
Y5,听上去你和父母的沟通似乎存在一些挑战。,是啊，总觉得彼此都不能理解对方。,4
Y5,你对他的行为和婚姻状况有过生气或者愤怒的情绪吗？,是的，尤其是当他仍然不负责任地花钱时。,4
Y5,那在这些矛盾中，你会觉得自己容易生气吗？,是的，我有时候很生气，但也会努力去压抑这种情绪。,4
H6,在夜里，你会不会因为这些思绪很难入睡，或者早早醒来？,会的，晚上思绪会更加活跃，总会想到这些往事。,1
H6,这样的失眠会让人特别疲惫。你有没有过特别早醒的情况呢？,偶尔会有，那种日子都很让人忧虑。,1
H6,你的睡眠质量一直都受影响吗？,当我压力大的时候就会这样，尤其是经过那些争吵。,1
H6,这些噩梦多长时间了呢？,大概有一段时间了，很痛苦。,1
H6,那你晚上或者半夜容易醒来，或者早上醒来感觉心情更低落吗？,偶尔半夜醒来，但是不经常，早上通常心情差。,1
H6,明白了，浅睡眠很影响精神状态。有没有发现自己在清晨比预期早醒呢？,有时候会，早晨情绪特别低落。,1
H6,那你平时是否常常比计划的时间提前醒来呢？这种情况让你感到疲惫吗？,是的，有时候晚上失眠，早上又会提前醒来，但白天似乎并不觉得累。,1
H6,你有没有遇到清晨醒来后精力不足的情况？,早上起床后真的好累，感觉过一会儿就想再躺下。,1
H6,理解你的担忧，交流确实需要勇气。曾经在想要哭着和妈妈说去看心理医生时，你是否考虑过其他求助方式？,有时候想和朋友聊，但还是不好意思。,1
H6,还有，有没有比平时更早醒来，或比希望的时间早醒？,嗯，有时候会，天没亮就醒了，很烦人。,1
H6,是否有时候醒得更早，感到无法再次入睡呢？,这种情况不是每晚都有，但周末特别明显。,1
H6,这是睡眠困难的一种表现。早醒会打乱一天的节奏。,没错，这确实让我感到困扰。,1
H6,明白你担心的东西还是挺多的，会不会引起一些身心健康方面的问题，比如睡眠上的困扰呢？,我确实晚上睡不好，常常辗转反侧。,1
H6,听起来像是睡眠质量可能受影响了。这种情况一定让你感到很疲惫吧。,确实，我感觉每天都精力不足。,1
H6,如果失眠影响到你的生活，我们可以寻找一些缓解方法。,希望能更好地调节自己，尽早恢复好状态。,1
H6,你和朋友的交流很重要，特别是在感到压力的时候。 他们能够对你提供支持和建议吗？,他们会听我的事情，但有时我也不想让别人担心。,1
H6,听起来你一直在努力应对这些睡眠问题。这种情况发生了多久呢？,是的，这种情况已经持续了一段时间。无论如何努力，我的脑海总是思绪万千。,1
H6,这样的感觉会在晚上让你很难入睡吗？或者早上醒来的时间比预期要早？,有时候是这样的，尤其是在有压力的时候。,1
H6,夜晚容易感到心悸，这可能和焦虑有关。你有早上起床困难的情况吗？,是的，早上起来特别不想起床。,1
H6,"最近睡得还好吗?身体怎么样？",最近有点早醒，不过还能继续睡。你呢？,1
H6,这样肯定很影响整天的精神状态，那你有没有觉得早晨特别难以起床或特别早醒呢？,是啊，常常比平时早醒一小时，不过还能再睡着。,1
H6,不容易啊，面临这样的压力。你在晚上睡觉时有没有遇到入睡困难或者经常醒来的问题？,嗯，有时候会早醒，不过还好能再睡着。,1
H6,看来这个情况影响了你的生活节奏。有没有发现自己的睡眠质量因此受到影响，比如说难入睡或者早醒？,是啊，最近总是比平时早醒一小时，不过还能再睡着。,1
H6,那还算快，都睡到几点?,大概比平时早醒一小时，但还能继续睡。,1
H6,嗯，早醒会让你白天上学感到疲累吗？,不太会，我还能再睡着。,1
H6,嗯，这可能让您白天的精力和情绪受到影响。有没有发现这影响到白天的状态？,是啊，早醒了点，但还能再睡着。,1
H6,您会在晚上2点钟醒来，这种早醒的情况是否频繁发生？,"是啊，偶尔会这样，不过还能睡回去。",1
H6,那会有早上比较早醒的状况吗?,是啊，常常提早醒，但还能再睡着。,1
H6,那么有没有出现过类似失眠或早醒的问题呢？,有呢，会早醒个一小时，但还能再睡着。,1
H6,您晚上入睡是否也受到这些情绪的影响？会有入睡困难或早醒的情况吗？,嗯，会有早醒，但还能再睡着。,1
H6,这确实影响你的状态。有没有在清晨过早醒来的情况呢？,是有点早醒，不过还能再睡着。,1
H6,你睡眠上的问题是否加重了你的焦虑和情绪问题呢？,有点影响，不过还能再睡着。,1
H6,你提到的这些感觉我们可以尝试找到些解决方案。睡眠上有没有出现问题，比如难以入睡或者早醒？,最近会早醒，比平时早醒1小时，不过还能再睡着。,1
H6,你晚上是否因争吵而难以入睡，或者容易醒来？,有时会早醒，但还能再睡着。,1
H6,时间管理是重要的一步，确保你给自己预留时间去愉悦身心。失恋期间你是否在夜晚特别清醒？,嗯，有时候会早醒，不过还能再睡着。,1
H6,看状况。起来之后会不会说不好再入睡?,起来后还能再睡一会儿。,1
H6,这真让人痛心。你的睡眠情况怎么样？有没有因为这些情绪而改变？,最近有点早醒，通常比平时早醒一小时，但还能再睡着。,1
H6,这种情绪会影响到你的睡眠质量吗？比如说，入睡困难或者早醒？,会的，我常常比平时早醒，不过还能再睡着。,1
H6,这样的情绪变化会影响你的睡眠吗？比如入睡困难或总是很早醒来？,"会的，我常常比平时早醒，但还能再睡着。",1
H6,那早上会不会特别早醒来？,是的，有时会早醒，但还能再睡着。,1
H6,"嗯...会不会突然起来，然后需要一点时间再入睡? ,",对啊，常常会这样，不过还能再睡着。,1
H6,惊醒的情况听起来很困扰人。那么，你会觉得晚上入睡困难或者早上醒来却无法继续入睡吗？,有时候会早醒，但还能再睡着。,1
H6,睡眠质量不好确实会加重情绪波动，那你是很难入睡还是容易醒来呢？，，,我经常会早醒，但还能再睡着。,1
H6,你是否有睡眠后清晨早醒的现象？,是的，会早醒，但还能再睡着。,1
H6,"他是否有失眠或其他睡眠问题呢，比如入睡困难或者早醒？ ,",是的，我会早醒，但还能再睡着。,1
H6,"好啊,我觉得还不错,那睡觉的话也不会觉得浅眠啊，或者是早上很早就醒了？ ,",嗯，有时候会早醒，不过还能再睡着。,1
H6,喔~你早上几点就起床了啊?你那时候传给我的时候,我比平常早醒一小时，但又睡着了。,1
H6,会比较早醒吗?还是已经还好，不会早醒,是会比较早醒，不过还能再睡着。,1
H6,不会。睡眠就还ok。白天都大概九点起来还是说再早一点点?,我一般会早醒，但还能再睡会儿。,1
H6,这样的情况很常见。晚上睡觉有没有出现什么问题，比如说入睡困难或者容易醒来呢？,最近总早醒，比平时早1小时，不过还能再睡。,1
H6,这种情形确实很让人疲惫。你是不是经常比预期更早醒来呢？,"是的，最近常常比平时早醒一小时，不过还能再睡着。",1
H6,音乐是个不错的释放方法，不过可能需要时间。你最近有没有因为这些事情而感到特别疲惫或早醒？,是啊，我最近总是比平时早醒一个小时，不过还能再睡着。,1
H6,保持这些秘密一定很让人感到压力。你有没有注意到自己的睡眠模式有什么特别的变化呢？,"嗯，有时候会比平时早醒一小时，但还能再睡着。",1
H6,您是否因此有过失眠或夜间醒来的情况？,嗯，有时候会早醒，但还能再睡着。,1
H6,惊醒，阿可以再睡吗？,可以的，再躺会儿试试。,1
H6,这种情况确实很难受，有时候早上会觉得更早醒来却很疲倦吗？,"是啊，有时候会早醒，但还能再睡会儿。",1
H6,"最近睡觉还好吗? ,,",最近有点早醒，不过还能再睡着。,1
H6,的确，在繁忙的学业中很难平衡。有没有早上比平时早醒的情况？,嗯，有时候会早醒一个小时，但还能再睡着。,1
H6,是的，睡眠对身体很重要。由于被吵醒，您的睡眠是否受到影响，比如很难入睡，或者早醒并难以再入睡？,是啊，我会早醒，但还能再睡着。,1
H6,睡眠问题真的很让人烦恼，最近入睡有困难吗，或者是容易早醒？,是啊，最近总比平时早醒一小时，不过还能再睡着。,1
H6,沟通确实能带来一些缓解，尤其是当情绪积累太多时。关于您的担忧，是否会在凌晨即醒来并难以再次入睡呢？,是的，会早醒一个小时，但还能再睡着。,1
H6,早晨有时候真的会使人觉得孤单。在这段期间，你是否清晨醒得比想象中要早？,是啊，最近常常早醒，不过还能再睡着。,1
H6,在早上的时候，你是否醒得特别早，而且无法再入睡呢？,是的，我会早醒，但还能再睡着。,1
H6,"那这一个礼拜的睡眠状况怎么样? ,,",最近总是早醒，大概早一个小时，不过还能再睡着。,1
H6,有没有比以前更早醒来的情况，并因此感到困扰？,有时候会，不过还能再睡着。,1
H6,除了难以入睡之外，是否常常在入睡后不久或者凌晨醒来，又难以再次入睡？,是啊，经常会，但还能再睡着。,1
H6,听上去这让你很困惑。这样的紧张关系有没有影响到你的睡眠，比如难以入睡或早醒？,是有点影响，常常早醒，但还能再睡着。,1
H6,"嗯嗯嗯。那你睡觉咧?睡眠状况怎么样? ,,",最近有点早醒，但还能再睡着。,1
H6,这样长期下去真的会让身体吃不消。你有没有早于计划时间自然醒来，尽管想继续睡，但再也睡不着？,有时候会早醒，但还能再睡着。,1
H6,这真令人疲惫。希望通过聊天能让你轻松些。有没有在醒来时，比预期还早呢？,是啊，有时醒得早，但还能再睡会儿。,1
H6,不客气，我会一直在这里支持你，你可以随时找我分享进展。晚上休息时是否容易难以入睡或者醒得很早？,是啊，有时会早醒，但还能再睡着。谢谢你的支持！,1
H6,阿你白天有稍微晚一点起来吗？,其实我早醒了，但还能再睡着。,1
H6,您最近的失眠是否表现为难以入睡、浅睡或早醒？,我最近会早醒一小时，但还能再睡着。,1
H6,把握主动权是很好的心态。那你现在晚上睡得好吗？有没有因为这些事情难以入睡或者容易醒来？,最近有点早醒，不过还能再睡着。,1
H6,睡眠方面，一直以来有没有遇到过入睡困难或频繁醒来的问题？,有时候会早醒，但还能再睡着。,1
H6,听起来这些事情确实影响到了您的日常生活。您所经历的失眠是入睡困难还是早醒？,我通常是早醒一个小时，不过还能再睡着。,1
H6,六、七点。你可以再睡吗?,我再躺一会儿，应该能再睡着。,1
H6,照顾好自己的心理状态也是一种责任。睡眠质量方面，您有没有发现自己在入睡、浅睡或者是早醒这些方面有困难呢？,是啊，我常常比平时早醒一小时，但还能再睡着。,1
H6,最近有没有特别容易入眠困难或醒得很早？,最近会早醒，大概早一小时，但还能再睡。,1
H6,那么在晚上睡觉时，有没有遇到什么问题呢？,嗯，早醒了一小时，不过还能再睡着。,1
H6,这种情绪是正常的反应。如此密集和连续的工作安排是否影响到你的睡眠质量？,确实有点影响，早醒但还能再睡着。,1
H6,这样的自责一定很沉重。对于睡眠，是否也因此而受到影响，比如难以入睡或者早醒？,是啊，常常早醒，不过还能再睡着。,1
H6,"那睡眠状况怎么样呢? ,,",最近有点早醒，但还能再睡着。,1
H6,ok~你最近都几点起来?你说12点多不用躺很久就睡著，啊几点起床?,大概11点吧，偶尔早醒，但还能再睡会儿。,1
H6,"在这些时刻，请记得深呼吸，有时缓解情绪需要一点时间。平时有没有注意到自己的睡眠质量有什么变化？比如说，入睡困难或早醒？ ,",最近早醒一小时，不过还能再睡着。,1
H6,困困的。啊你都睡到几点?,今天醒得早，不过又睡回去了。你呢？,1
H6,您提到睡不好，那具体是入睡困难，睡眠浅，还是容易醒呢？,我老是早醒，比平时早个一小时，不过还能再睡着。,1
H6,"OK，不会。那睡觉睡得怎么样？ ,,",有点早醒，但还好能再睡着。,1
H6,动机的丧失可能影响到整体的生活质量。这两天的睡眠如何？是否很难入眠或比平时更早醒来？,最近会早醒，大概比平时早一小时，但能再睡着。,1
H6,那种感受很真实，可能这是很多人都会面对的问题。你觉得这是否和某些健康问题有关，比如失眠或其他？,可能有点关系，我有时候会早醒。,1
H6,你的睡眠时间有没有减少，或者早起得很早？,是啊，我最近会早醒，不过还能再睡着。,1
H6,恩，那你都几点起床？,一般比平时早醒一小时，但还能再睡会儿。,1
H6,在夜晚是否出现入睡困难或者早醒的情况呢？,是啊，总会比平时早醒一小时，但还能再睡着。,1
H6,迷茫时多给自己一些时间和空间去思考是很重要的。你有没有遇到便常提早醒来并难以入睡的情况？,有时会，醒得早但还能再睡。,1
H6,"遇到这样的困境，感觉无助是正常的。压力大的时候，你的睡眠状况还好吗？例如，是否有入睡困难或者容易醒来？, ,",我发现自己最近总是晚上睡不着。,0
H6,听上去这让你很困惑。这样的紧张关系有没有影响到你的睡眠，比如难以入睡或早醒？,我常常失眠，就是没法入睡。,0
H6,你提到的这些感觉我们可以尝试找到些解决方案。睡眠上有没有出现问题，比如难以入睡或者早醒？,有时候晚上会胡思乱想，导致很难入睡。,0
H6,沟通确实能带来一些缓解，尤其是当情绪积累太多时。关于您的担忧，是否会在凌晨即醒来并难以再次入睡呢？,这个情况到不多，基本上能睡通宵。,0
H6,照顾好自己的心理状态也是一种责任。睡眠质量方面，您有没有发现自己在入睡、浅睡或者是早醒这些方面有困难呢？,经常入睡困难，隔天精神状态都不好。,0
H6,把握主动权是很好的心态。那你现在晚上睡得好吗？有没有因为这些事情难以入睡或者容易醒来？,的确，晚上有时会想些事情，导致难以入睡。,0
H6,这样的情绪变化会影响你的睡眠吗？比如入睡困难或总是很早醒来？,经常会睡不着，特别是在情绪低落的时候。,0
H6,自信心在压力下容易受影响，不过这不代表您不能胜任。您的睡眠质量怎么样，是晚上难以入睡，还是凌晨容易早醒？,晚上很难入睡，因为脑子里全是事情。,0
H6,您最近的失眠是否表现为难以入睡、浅睡或早醒？,我经常晚上翻来覆去，无法入睡。,0
H6,你是否有睡眠后清晨早醒的现象？,早醒倒是没有。,0
H6,这种情绪会影响到你的睡眠质量吗？比如说，入睡困难或者早醒？,没错，我经常很晚都睡不着，脑子一直在转。,0
H6,睡眠方面，一直以来有没有遇到过入睡困难或频繁醒来的问题？,偶尔会有入睡困难，但整体还算能入睡。,0
H6,最近有没有特别容易入眠困难或醒得很早？,是的，我很难入睡。,0
H6,这真让人痛心。你的睡眠情况怎么样？有没有因为这些情绪而改变？,我睡眠变得很糟糕，总是很难入睡。,0
H6,保持这些秘密一定很让人感到压力。你有没有注意到自己的睡眠模式有什么特别的变化呢？,是啊，我总是难以入睡，晚上躺在床上翻来覆去的。,0
H6,您提到睡不好，那具体是入睡困难，睡眠浅，还是容易醒呢？,我常常是入睡困难，而且就算睡着了也很浅。,0
H6,听起来这些事情确实影响到了您的日常生活。您所经历的失眠是入睡困难还是早醒？,通常都是很难入睡，躺在床上翻来覆去的。,0
H6,惊醒，阿可以再睡吗？,可以的，再睡一会儿。,0
H6,理解。这样的经历确实需要我们特别关注您目前的心理状况。说到睡觉，您会不会因为这些思绪而难以入睡或者早上特别早醒？,没有，我的睡眠还挺正常的。,0
H6,早醒的问题也常见，你会在醒来后觉得精力充沛还是疲惫呢？,其实我没这个问题，醒来还好。,0
H6,看来这个情况影响了你的生活节奏。有没有发现自己的睡眠质量因此受到影响，比如说难入睡或者早醒？,睡眠还好，没有什么问题。,0
H6,睡眠质量不好确实会加重情绪波动，那你是很难入睡还是容易醒来呢？，，,我的睡眠还不错，没这个问题。,0
H6,那么晚上休息得好吗，是否经常难以入睡或者醒来后再难入睡？,晚上休息得还不错，没什么问题。,0
H6,那种感受很真实，可能这是很多人都会面对的问题。你觉得这是否和某些健康问题有关，比如失眠或其他？,没啥健康问题，就是心情有点波动。,0
H6,这样长期下去真的会让身体吃不消。你有没有早于计划时间自然醒来，尽管想继续睡，但再也睡不着？,没有，我没这种情况。,0
H6,嗯，早醒会让你白天上学感到疲累吗？,早醒还好，不太影响上学哦。,0
H6,"他是否有失眠或其他睡眠问题呢，比如入睡困难或者早醒？ ,",没这个问题。,0
H6,这确实影响你的状态。有没有在清晨过早醒来的情况呢？,没有，我一般能睡到闹钟响。,0
H6,是否有时候醒得更早，感到无法再次入睡呢？,没有，这种情况还好。,0
H6,"在这些时刻，请记得深呼吸，有时缓解情绪需要一点时间。平时有没有注意到自己的睡眠质量有什么变化？比如说，入睡困难或早醒？ ,",最近睡眠还不错，没有啥变化。,0
H6,你的睡眠时间有没有减少，或者早起得很早？,睡得挺好，没啥变化。,0
H6,时间是可以管理的，我们可以一起讨论一些时间管理技巧。你曾感到疲惫，可能需要调整好自己的休息，这期间你的睡眠情况如何呢？是否有早醒或是睡眠中断的情况？,最近睡得还不错，没有什么问题。,0
H6,"这样的情绪波动是可以理解的。您的睡眠模式是否有变化，比如入睡困难或者早醒？ ,",睡眠还挺正常的，没有啥变化。,0
H6,迷茫时多给自己一些时间和空间去思考是很重要的。你有没有遇到便常提早醒来并难以入睡的情况？,没有遇到过这种情况。,0
H6,时间管理是重要的一步，确保你给自己预留时间去愉悦身心。失恋期间你是否在夜晚特别清醒？,晚上睡得还行，没太大影响。,0
H6,音乐是个不错的释放方法，不过可能需要时间。你最近有没有因为这些事情而感到特别疲惫或早醒？,最近还好，没有特别疲惫或早醒。,0
H6,这样的情况很常见。晚上睡觉有没有出现什么问题，比如说入睡困难或者容易醒来呢？,睡得还不错，没有啥问题。,0
H6,"喔，所以就还要再看看。最近睡觉还好吗? ,,",睡得还行，没啥问题。,0
H6,夜晚容易感到心悸，这可能和焦虑有关。你有早上起床困难的情况吗？,其实我早上起床还好，没有太大困难。,0
H6,同样的情况，您早醒过吗，醒来后再入睡困难？,没有这个情况。,0
H6,的确，在繁忙的学业中很难平衡。有没有早上比平时早醒的情况？,没有，我睡得还挺好的。,0
H6,理解你的担忧，交流确实需要勇气。曾经在想要哭着和妈妈说去看心理医生时，你是否考虑过其他求助方式？,嗯，我其实也想过找朋友聊聊。,0
H6,在早上的时候，你是否醒得特别早，而且无法再入睡呢？,没有，我睡得还挺好的。,0
H6,不客气，我会一直在这里支持你，你可以随时找我分享进展。晚上休息时是否容易难以入睡或者醒得很早？,睡得挺好的，谢谢关心！,0
H6,有没有比以前更早醒来的情况，并因此感到困扰？,没有，没感觉到这种状况。,0
H6,对！下次感受到成就感时尝试丈量一下自己的情绪变化。有没有经历过夜间难以入睡或早醒的情况？,没有呢，睡眠一直挺正常的。,0
H6,不容易啊，面临这样的压力。你在晚上睡觉时有没有遇到入睡困难或者经常醒来的问题？,没有，睡得还挺好的。,0
H6,这样的失眠会让人特别疲惫。你有没有过特别早醒的情况呢？,没咋早醒过，还好呢。,0
H6,那么有没有出现过类似失眠或早醒的问题呢？,没有失眠或早醒问题。,0
H6,最近有没有比平时早醒，醒来后睡不回去的情况？,最近没有早醒的问题。,0
H6,睡眠问题真的很让人烦恼，最近入睡有困难吗，或者是容易早醒？,没有这问题，睡眠还挺好的。,0
H6,那么，您在这样的压力下，睡眠情况怎么样？有没有像以前那样充足？,睡眠还不错，跟以前差不多。,0
H6,这些噩梦多长时间了呢？,没做那些梦呢。,0
H6,那你晚上或者半夜容易醒来，或者早上醒来感觉心情更低落吗？,没有这种情况哦。,0
H6,您是否因此有过失眠或夜间醒来的情况？,没有这种情况哦。,0
H6,这是睡眠困难的一种表现。早醒会打乱一天的节奏。,我倒没有这种问题。,0
H6,您是否有时会感到因为这些压力而难以入眠或者比平时更早醒来呢？,不会哦，我睡眠还挺正常的。,0
H6,这是一种很沉重的感受，但你愿意寻求帮助说明你很有勇气。夜间的睡眠情况怎么样，会不会出现入睡困难或者早醒的情况？,睡眠还好，没有入睡困难或早醒。,0
H6,是的，睡眠对身体很重要。由于被吵醒，您的睡眠是否受到影响，比如很难入睡，或者早醒并难以再入睡？,睡眠还挺好的，没啥影响。,0
H6,在夜晚是否出现入睡困难或者早醒的情况呢？,没有，这方面还好。,0
H6,明白你担心的东西还是挺多的，会不会引起一些身心健康方面的问题，比如睡眠上的困扰呢？,其实还好，睡觉挺好的。,0
H6,你晚上是否因争吵而难以入睡，或者容易醒来？,没怎么影响，睡得还行。,0
H6,这些早醒的情况让你错过休息吗？,没有影响休息，早醒还好。,0
H6,这样肯定很影响整天的精神状态，那你有没有觉得早晨特别难以起床或特别早醒呢？,没有这种情况。,0
H6,作息的紊乱是否是因为失眠或其他原因？,可能不是失眠引起的，作息还好。,0
H6,听起来你一直在努力应对这些睡眠问题。这种情况发生了多久呢？,其实我没啥睡眠问题，只是偶尔有点困扰而已。,0
H6,这种情形确实很让人疲惫。你是不是经常比预期更早醒来呢？,没呢，我睡得还挺香的。,0
H6,明白了，浅睡眠很影响精神状态。有没有发现自己在清晨比预期早醒呢？,没有呢，没这种情况。,0
H6,您会在晚上2点钟醒来，这种早醒的情况是否频繁发生？,哦，不会早醒，睡得还不错。,0
H6,失眠的问题可能进一步加重情绪的问题。在早上你会不会感到自己早醒，比平时更早醒来？,不会，我早上醒得挺正常的。,0
H6,阿晚上就比较好了吗？就是晚上可以一觉到天亮这样子吗？还是觉得？,晚上睡得还不错呢！,0
H6,你和朋友的交流很重要，特别是在感到压力的时候。 他们能够对你提供支持和建议吗？,当然，他们总是很支持我！,0
H6,假日有没有补眠，就是好好休息？,有啊，睡饱了感觉真好！,0
H6,这样的状态让您感到疲惫不堪吗？早晨起床会更糟吗？,不，这些感觉对我来说还好。,0
H6,你的睡眠质量一直都受影响吗？,睡得还挺好的，没啥问题。,0
H6,是的，睡眠对身体很重要。由于被吵醒，您的睡眠是否受到影响，比如很难入睡，或者早醒并难以再入睡？,没错，根本很难再入睡。所以我经常感到很疲倦，情绪也很糟糕。,2
H6,这种情况确实很难受，有时候早上会觉得更早醒来却很疲倦吗？,是的，早上醒来时总是感到无比疲惫。,2
H6,早晨的低落情绪可能意味着需要调整作息或生活习惯。您有遇到入睡困难或早醒的情况吗？,是的，很难入睡，而且容易在半夜醒来。,2
H6,早晨有时候真的会使人觉得孤单。在这段期间，你是否清晨醒得比想象中要早？,经常，我很早就醒来，然后再也不能入睡。,2
H6,你晚上是否因争吵而难以入睡，或者容易醒来？,吵架后我经常失眠或者醒来。,2
H6,"他是否有失眠或其他睡眠问题呢，比如入睡困难或者早醒？ ,",他晚上有时候辗转难眠，经常说睡不着。,2
H6,嗯，这可能让您白天的精力和情绪受到影响。有没有发现这影响到白天的状态？,是的，白天注意力很难集中，精神也不太好。,2
H6,对！下次感受到成就感时尝试丈量一下自己的情绪变化。有没有经历过夜间难以入睡或早醒的情况？,是的，常常觉得心事重重，这样的情况几乎每晚都有。,2
H6,早醒的问题也常见，你会在醒来后觉得精力充沛还是疲惫呢？,清早醒来会感到疲惫，还不如没睡。,2
H6,"这样的情绪波动是可以理解的。您的睡眠模式是否有变化，比如入睡困难或者早醒？ ,",睡眠有时不是很好，但已经比以前好些了。,2
H6,您晚上入睡是否也受到这些情绪的影响？会有入睡困难或早醒的情况吗？,嗯，有时候会难以入睡，尤其是在跟相亲对象见面后。,2
H6,同样的情况，您早醒过吗，醒来后再入睡困难？,早醒就是我现在最大的困扰之一。,2
H6,迷茫时多给自己一些时间和空间去思考是很重要的。你有没有遇到便常提早醒来并难以入睡的情况？,早晨的确常常醒来很早，然后再也睡不着。,2
H6,嗯，早醒会让你白天上学感到疲累吗？,是的，基本每天都是这样。,2
H6,睡眠质量不好确实会加重情绪波动，那你是很难入睡还是容易醒来呢？，，,我常常是很难入睡，有时候还会早醒。,2
H6,这样的状态让您感到疲惫不堪吗？早晨起床会更糟吗？,没错，我经常感到精疲力竭。,2
H6,惊醒的情况听起来很困扰人。那么，你会觉得晚上入睡困难或者早上醒来却无法继续入睡吗？,通常我很难入睡，而早上又醒得很早，很难再入睡。,2
H6,除了难以入睡之外，是否常常在入睡后不久或者凌晨醒来，又难以再次入睡？,是的，有时凌晨醒来，再也睡不着了，越想越烦躁。,2
H6,这样的情况很常见。晚上睡觉有没有出现什么问题，比如说入睡困难或者容易醒来呢？,对，我经常需要好久才能入睡，即使是睡着了，也容易醒。,2
H6,理解。这样的经历确实需要我们特别关注您目前的心理状况。说到睡觉，您会不会因为这些思绪而难以入睡或者早上特别早醒？,入睡对我来说就是一个挑战，好不容易入睡了，有时候又很早醒来。,2
H6,你睡眠上的问题是否加重了你的焦虑和情绪问题呢？,睡眠没以前好，经常醒来就难以再次入睡。,2
H6,在早上的时候，你是否醒得特别早，而且无法再入睡呢？,是的，有时候天刚亮我就醒了，怎么都睡不着。,2
H6,"在这些时刻，请记得深呼吸，有时缓解情绪需要一点时间。平时有没有注意到自己的睡眠质量有什么变化？比如说，入睡困难或早醒？ ,",是的，我总是很难入睡，有时候也会在凌晨醒来，睡不好觉让我白天很疲劳。,2
H6,失眠的问题可能进一步加重情绪的问题。在早上你会不会感到自己早醒，比平时更早醒来？,是的，有时候醒得特别早，却很疲惫。,2
H6,这些早醒的情况让你错过休息吗？,是的，我觉得自己经常在休息上不足。,2
H6,这样肯定很影响整天的精神状态，那你有没有觉得早晨特别难以起床或特别早醒呢？,是的，早晨常常很早醒来，然后反而不想起床。,2
H6,睡眠问题真的很让人烦恼，最近入睡有困难吗，或者是容易早醒？,我有时候很难入睡，而且会醒得很早，再也睡不着。,2
H6,您是否因此有过失眠或夜间醒来的情况？,有，经常睡不好。,2
H6,这种情形确实很让人疲惫。你是不是经常比预期更早醒来呢？,经常会这样，醒来后也不知道干什么好。,2
H6,你的睡眠时间有没有减少，或者早起得很早？,经常失眠，困得很却睡不着，醒得反而更早。,2
H6,这样的自责一定很沉重。对于睡眠，是否也因此而受到影响，比如难以入睡或者早醒？,是的，他常常难以入睡，有时凌晨就醒。,2
H6,这样长期下去真的会让身体吃不消。你有没有早于计划时间自然醒来，尽管想继续睡，但再也睡不着？,其实有这样的情况，我常常因为焦虑而醒来。即使想多睡一会儿，也很难再次入睡。,2
H6,您是否有时会感到因为这些压力而难以入眠或者比平时更早醒来呢？,经常，尤其是心情不好的时候。,2
H6,那种感受很真实，可能这是很多人都会面对的问题。你觉得这是否和某些健康问题有关，比如失眠或其他？,失眠是有的，我的睡眠一直不太好。,2
H6,那么在晚上睡觉时，有没有遇到什么问题呢？,经常失眠，有时候很晚才能睡着，或者会半夜醒来。,2
H6,除了容易醒，是否也经常比期望更早醒来呢？,是的，每晚只能睡四五个小时。,2
H6,在夜晚是否出现入睡困难或者早醒的情况呢？,入睡挺困难，有时还会早醒，睡眠质量不好。,2
H6,时间管理是重要的一步，确保你给自己预留时间去愉悦身心。失恋期间你是否在夜晚特别清醒？,是的，常常在夜里醒来，思绪万千，难以继续入睡。,2
H6,您会在晚上2点钟醒来，这种早醒的情况是否频繁发生？,最近频繁发生，晚上醒了就开始想各种事情，脑子很乱。,2
H6,这种情绪是正常的反应。如此密集和连续的工作安排是否影响到你的睡眠质量？,睡得确实不怎么好，常常失眠。,2
H6,不容易啊，面临这样的压力。你在晚上睡觉时有没有遇到入睡困难或者经常醒来的问题？,有。会想着很多事情，根本无法入睡。,2
H6,那么有没有出现过类似失眠或早醒的问题呢？,一直有这样的困扰，每天都感觉时间不够用。,2
H6,那么，您在这样的压力下，睡眠情况怎么样？有没有像以前那样充足？,睡眠确实有些变少，常常半夜醒来就很难再入睡。,2
H6,动机的丧失可能影响到整体的生活质量。这两天的睡眠如何？是否很难入眠或比平时更早醒来？,晚上总是很难入睡，早上又醒得特别早。,2
H6,有没有比以前更早醒来的情况，并因此感到困扰？,是的，特别是在情绪低落的时候。,2
H6,那么晚上休息得好吗，是否经常难以入睡或者醒来后再难入睡？,是的，往往很难入睡或者醒来后很难再入睡。,2
H6,这确实影响你的状态。有没有在清晨过早醒来的情况呢？,是的，总是在清晨醒来，无法再继续入睡。,2
H6,音乐是个不错的释放方法，不过可能需要时间。你最近有没有因为这些事情而感到特别疲惫或早醒？,最近老是睡不好，很早就醒了。,2
H6,这真令人疲惫。希望通过聊天能让你轻松些。有没有在醒来时，比预期还早呢？,也有，常常是提前醒来就再也睡不着了。,2
H6,不客气，我会一直在这里支持你，你可以随时找我分享进展。晚上休息时是否容易难以入睡或者醒得很早？,是的，晚上经常睡不着，早上也醒得早。可能就是压力所致。,2
H6,作息的紊乱是否是因为失眠或其他原因？,可能有点失眠，反正结果就是越来越乱。,2
H6,这是一种很沉重的感受，但你愿意寻求帮助说明你很有勇气。夜间的睡眠情况怎么样，会不会出现入睡困难或者早醒的情况？,晚上很难入睡，有时候会醒来睡不着，这让我更累。,2
H6,的确，在繁忙的学业中很难平衡。有没有早上比平时早醒的情况？,是的，经常早上四五点就醒了，之后怎么都睡不着。,2
H6,时间是可以管理的，我们可以一起讨论一些时间管理技巧。你曾感到疲惫，可能需要调整好自己的休息，这期间你的睡眠情况如何呢？是否有早醒或是睡眠中断的情况？,最近的确常常早醒，脑子里都是考试的事。,2
H6,看来这个情况影响了你的生活节奏。有没有发现自己的睡眠质量因此受到影响，比如说难入睡或者早醒？,嗯，有的时候夜里真的很难入睡，早上又会莫名其妙地醒来。,2
H6,阿你白天有稍微晚一点起来吗？,没呢，我总是醒得很早。,2
H6,那会有早上比较早醒的状况吗?,是啊，早醒后就再也睡不着了。,2
H6,最近有没有特别容易入眠困难或醒得很早？,是啊，最近总是早醒后就睡不着了。,2
H6,你的睡眠质量一直都受影响吗？,是啊，经常醒了就睡不着。,2
H6,那早上会不会特别早醒来？,是啊，醒了就睡不着了。,2
H6,"上次说好像改成口服药之后，好像就有明显的不一样，对不对？ ,,",对啊，不过我还是早醒睡不着。,2
H6,沟通确实能带来一些缓解，尤其是当情绪积累太多时。关于您的担忧，是否会在凌晨即醒来并难以再次入睡呢？,是的，常常醒后就再也睡不着了。,2
H6,近期会不会早醒之后就无法重新入睡？,最近老是睡不踏实，醒了就再睡不着。,2
H6,这真让人痛心。你的睡眠情况怎么样？有没有因为这些情绪而改变？,是啊，我经常醒来后就再也睡不着了。,2
H6,你是否有睡眠后清晨早醒的现象？,有啊，醒了就再也睡不着了。,2
H6,"那这一个礼拜的睡眠状况怎么样? ,,",这周老是早醒，然后就再也睡不着了。,2
H6,恩，那你都几点起床？,最近总是三四点就醒了。,2
H6,"那睡眠状况怎么样呢? ,,",最近老是醒得太早，之后就睡不着了。,2
H6,会比较早醒吗?还是已经还好，不会早醒,早醒后就睡不着了呢。,2
H6,理解你的担忧，交流确实需要勇气。曾经在想要哭着和妈妈说去看心理医生时，你是否考虑过其他求助方式？,有时会想，但早醒后总是无法入睡。,2
H6,明白你担心的东西还是挺多的，会不会引起一些身心健康方面的问题，比如睡眠上的困扰呢？,是啊，常常早醒后就再也睡不着。,2
H6,"没有哈哈哈。阿你最近睡眠呢？都还好吗？ ,",最近总是醒得早，醒了就睡不着。,2
H6,"最近睡觉还好吗? ,,",最近总是早醒，然后就睡不着了。,2
H6,还有，有没有比平时更早醒来，或比希望的时间早醒？,是啊，早醒了就再也睡不着了。,2
H6,"OK，那你睡觉睡得还好吗？ ,,",最近老是早醒，醒了就睡不着。,2
H6,听上去这让你很困惑。这样的紧张关系有没有影响到你的睡眠，比如难以入睡或早醒？,是的，我总是早醒后就再也睡不着了。,2
H6,"最近睡得还好吗?身体怎么样？",老是醒得早，醒了就再也睡不着。,2
H6,那你平时是否常常比计划的时间提前醒来呢？这种情况让你感到疲惫吗？,是啊，经常醒太早，醒了就睡不着了。,2
H6,"OK，不会。那睡觉睡得怎么样？ ,,",总是醒得早，醒了就再也睡不着。,2
H6,这样的感觉会在晚上让你很难入睡吗？或者早上醒来的时间比预期要早？,是啊，早醒后就再也睡不着了。,2
H6,如果失眠影响到你的生活，我们可以寻找一些缓解方法。,早醒后睡不着，真的很烦人。,2
H6,在夜里，你会不会因为这些思绪很难入睡，或者早早醒来？,是啊，经常醒了就再也睡不着。,2
H6,不会。睡眠就还ok。白天都大概九点起来还是说再早一点点?,最近早醒后就睡不着了。,2
H6,哦不错，他就会一段话给你，对，然后看完就可以叉叉。然后像这个会有一个，你昨天几点起床？,昨天醒了就睡不着了。,2
H6,明白了，浅睡眠很影响精神状态。有没有发现自己在清晨比预期早醒呢？,是啊，早醒了就睡不着了。,2
H6,睡眠方面，一直以来有没有遇到过入睡困难或频繁醒来的问题？,是啊，常常早醒后就睡不着了。,2
H6,听起来你一直在努力应对这些睡眠问题。这种情况发生了多久呢？,已经有好几个月了，总是很早就醒。,2
H6,听起来这些事情确实影响到了您的日常生活。您所经历的失眠是入睡困难还是早醒？,早醒后就再也睡不着了。,2
H6,是否有时候醒得更早，感到无法再次入睡呢？,是啊，常常这样。,2
H6,困困的。啊你都睡到几点?,大概六点就醒了，醒了就睡不着啦。,2
H6,把握主动权是很好的心态。那你现在晚上睡得好吗？有没有因为这些事情难以入睡或者容易醒来？,有时会早醒，然后就再也睡不着了。,2
H6,这是睡眠困难的一种表现。早醒会打乱一天的节奏。,是啊，醒了就再也睡不着了。,2
H6,你和朋友的交流很重要，特别是在感到压力的时候。 他们能够对你提供支持和建议吗？,有时朋友的支持也难让我安心。,2
H6,夜晚容易感到心悸，这可能和焦虑有关。你有早上起床困难的情况吗？,是啊，早醒后就睡不着了。,2
H6,听起来像是睡眠质量可能受影响了。这种情况一定让你感到很疲惫吧。,是啊，早醒后就再也睡不着了。,2
H6,"遇到这样的困境，感觉无助是正常的。压力大的时候，你的睡眠状况还好吗？例如，是否有入睡困难或者容易醒来？, ,",最近老是早醒，一醒就睡不着了。,2
H2,在这个过程中，你有没有觉得内疚或自责呢？,当然有，我觉得自己既没时间又没效率，作业写到凌晨两点却没学到什么。,1
H2,有没有因此感到很强烈的内疚感或者自我批评呢？,是的，我常常批评自己，很内疚。,1
H2,这种自责会不会常常伴随着强烈的内疚感呢？,是的，内疚感很强，我常常会因此而对男朋友特别好。,1
H2,寻求帮助并不可耻，它能为你提供新的视角和支持。有觉得在关系紧张时感到过愧疚或内疚吗？,我常常责怪自己，如果更早发现会不会有不同的结果。,1
H2,你一定有强烈的责任感，为了家人作出这样的决定。,是的，我一直想着挣钱，让家里过上好日子，可我打工的六年所有工资都寄给妈妈。,1
H2,面对这些压力大概是一种冲击。你有没有感觉到自己感到内疚，觉得自己给父母带来了负担？,是的，经常会这样想，让我觉得在家庭中无足轻重。,1
H2,有没有觉得在这段关系中有些内疚的感觉？,是的，觉得有点对不起他。,1
H2,能够理解这些感受。在某些关系或目标未能实现时，你曾感到遗憾或内疚吗？,有时会这样想。,1
H2,有时倾诉可以缓解情绪紧张，给自己找个信任的人谈心很重要。在这种压力下，你是否感到容易心累或者愧疚？,嗯，是的，总会觉得自己哪里没有做好。,1
H2,这让人感到内疚和自责吗？,是的，我觉得我不配得到她的那些付出。,1
H2,这样的内心矛盾会让你感到困扰或羞愧吗？比如对于自己的选择感到内疚？,是啊，我常常觉得如果当初勇敢一点，也许情况会不一样。,1
H2,在与她发生误解时，你是否感到过内疚呢？,有！我老觉得自己是不是要求她太多了。,1
H2,当感到无助与煎熬时，是否有过度自我反省或对自己过于苛责的情绪？,是的，我经常这样，尤其在夜深人静的时候。,1
H2,很好，寻找让自己放松的活动是好的开端。那您最近是否有体验到内疚，特别是在性取向方面？,说实话，是有内疚感，怕站错了立场。,1
H2,你有因为这一矛盾感到罪恶感吗？,有时候，会非常自责。,1
H2,失去兴趣对生活的影响确实很大。那你有感到过内疚吗？,是的，总觉得自己让家人失望了。,1
H2,这很正常，有时候反思对成长是有益的。那你是否会感到心理上的负担，比如因为她未遵守承诺而自责？,偶尔会，但我尽力不让这些情绪控制住我。,1
H2,这种情况让您觉得有些自责或者感到负担沉重吗？,是的，尤其当我觉得我没有达到她的期望时。,1
H2,我能理解这种担心，家人的支持很重要。你觉得对不起他们吗？,是啊，怕学不好，觉得对不起爸妈。,1
H2,那么有这样的支持对您来说非常重要。在跟妈妈沟通时，您感到有愧疚或不安吗？,是的，有时候会觉得愧疚，因为我不想让她失望。,1
H2,理解自己的感受是迈向改变的第一步！您是否在社交中常感到惭愧或内疚呢？,经常如此，觉得没有很好地回应他人。,1
H2,是不是在思考这些事务时你会感到一种负担或者甚至有责怪自己的感觉？,对，因为我骂自己不够好，责备自己没有做得更好。,1
H2,我理解你。你是否常常对自己不够自信，或者因为事情没做好而感到内疚或自责？,是的，我总是责怪自己，觉得事情没做好。,1
H2,这种内疚的感觉很沉重，你觉得这对你的生活影响深吗？,是的，这种愧疚感让我对生活失去了信心。,1
H2,这种拖延是否让你感到内疚或自责？,是啊，我经常觉得是自己的问题，感到内疚。,1
H2,听音乐和散步都是不错的选择。你是否感到内疚或自责？,有时会自责，觉得自己不该这样。,1
H2,这种失望和挫败感听起来很持久，你怀疑过自己的决定是出于愧疚感吗？,好像有点，我觉得是不是我太软弱了。,1
H2,在这个过程中，你有感到任何愉悦感的减少吗？,愉悦感基本消失了，留下的全是压力。,1
H2,你是否对往昔的自己感到愤怒或内疚？,有时候会，这让我很痛苦。,1
H2,孩子的存在确实会让情况更复杂，你曾对这些问题感到责任心或内疚吗？,是的，我觉得自己无法给孩子一个稳定的家庭。,1
H2,理解与支持是婚姻中非常关键的部分。您在争吵后是否对配偶的指责感到内疚或者自责？,争吵后我没有内疚，但有自责为什么无法解释清楚。,1
H2,自信的丧失可能来源于对自我的批评。你是否常常感到内疚呢？,我确实会责备自己没有做得更好。,1
H2,这是一种常见的内疚感，你对未来的看法是怎么样的？,感觉未来很不确定，不知道自己还能坚持多久。,1
H2,有时我们是对过去某些行为感到后悔。您有这种感觉吗？,是的，自责常有。,1
H2,理解你对更多主动性期望，但也许需要调整一下表达方式。有没有想过在这段关系中，你是不是常常反思自己的想法，觉得自己是错的呢？,是的，我常常这么想，尤其是在冲突后。,1
H2,养宠物在孤独时能带来很多安慰。你最近是否因为不能养宠物而感到内疚和自责？,是的，毕业回老家后，家人不给我养，当时希望朋友可以帮我，但他们也拒绝了。,1
H2,这是常见的情绪低落现象。你有没有感觉到强烈的内疚感，尤其是与父母的关系有关？,是的，我觉得我总是做得不够好。,1
H2,任何选择都会有取舍。你会不会有总是感到愧疚的情绪，尤其是想到额外的开支？,是啊，我不想让妈妈有负担。她已经很辛苦了。,1
H2,这件事情后，你是否有感到内疚或觉得是自己的错呢？,有时候会，觉得是自己没看清人。,1
H2,你是否容易感到内疚，特别是在与他人互动后，比如在朋友变得不主动时？,有时候会觉得是自己哪里做得不够好。,1
H2,听起来这对你影响很大，这让你感到愧疚吗？,有点，我有时候也会怪自己没有好好控制情绪。,1
H2,内疚感是很常见的反应。你有尝试过怎样去缓解这些情绪吗？,我尝试过转移注意力，但往往还是会想起。,1
H2,您会不会觉得对婚姻的结束感到负罪感？,是，我觉得自己也有责任，可能没能给他更多支持。,1
H2,认识到这一点就是进步的一部分。你会因为一些事情感到内疚吗，特别是在没能完成某些目标时？,经常会这样，总觉得没有达到别人的期望。,1
H2,内疚感是一种很常见的情绪反应，你在精神上“虐待”自己时是否特别感到内疚或自责呢？,是的，总是觉得这一切都是我的错。,1
H2,真好，有时候朋友的陪伴能带来许多安慰。那么，你是否感到对自己的表现或处境感到内疚或责备呢？,经常会有这样的感觉，觉得自己不够好，总觉得自己拖了大家的后腿。,1
H2,你有提到嫉妒打篮球的同学时感到受挫，这让你觉得有耻辱感吗？,有时候会，我觉得自己简直是个失败者。,1
H2,那种惭愧的感觉是一直伴随你的吗？你是否会因此感到内疚？,内疚感确实有，因为我总觉得自己在给他错误的希望。我这种惭愧还影响到了一些自我评价的问题。,1
H2,偶尔紧张也是正常的，你有没有感到内疚，或者觉得做得不够好？,是的，我总是在想，我是不是哪点做得不对。,1
H2,我能感受到你的难过。你是否觉得对这段关系中的付出感到不公平或感到压力？,是的，我付出了很多，却觉得得不到回报。,1
H2,这个决定应该不容易吧？,是的，我也没有告诉家里人。,1
H2,这听起来像是一种平衡的努力。有没有出现过一些自责或内疚的情绪呢？,会有那么一些时候，尤其是当我想“我应该做得更好”时。,1
H2,回避朋友，是否会让你感到不安或者愧疚呢？,嗯，特别是当朋友们察觉到我的疏远时，我会有强烈的愧疚感。,1
H2,这种内疚的情绪在你想到类似事件时，会不会重新出现呢？,会的，有时候会觉得自己当时做得不对，心里过不去。,1
H2,听起来你是在认真对待这段关系。这段关系让你感到有愧疚吗？,确实有。我不确定是因为我哪里做错了所以她会讨厌我。,1
H2,你的这种要求完美的倾向会不会让你对自己产生内疚感呢？,对，每当我不能达到目标的时候，我就会责怪自己。,1
H2,这样的决定可能会对您产生一些情绪上的影响。您是否感到某种程度的内疚感或者复杂情绪困扰呢？,我知道这样是不光彩的，但心中确实很爱他，也尊敬他。,1
H2,这样看来，你对自己的表现有些怀疑。那么，你在自我评估时，是否经常感到对自己不满呢？,是啊，其实我男朋友也建议我去争取一下，但我就是觉得自己工作不久，没有资格。,1
H2,面对这样的情况，你有没有想过是自身的问题而感到内疚？,是的，我常常质疑自己做得不够好。,1
H2,你提到觉得自己可能让父亲失望了，这种感觉常有吗？,嗯，感觉他一直对我不太满意吧。,1
H2,这是否让你感到一种内疚感？,是的，我好像在自责。,1
H2,冲突有时不可避免，但处理的方式可以采取委婉一些的方法。你是否感到在家庭中自己的责任感被过度放大，可能导致内疚感？,确实，觉得自己总是在背负过多的责任。,1
H2,你会不会感到对这段关系有愧疚呢？,嗯，可能吧，毕竟是我表白了。,1
H2,也许改变认知能帮助你重新找到方向。是否对出轨行为感到内疚？,内疚感是一定有的，但很难回头。,1
H2,所以说，您是否有过因为这些选择感到内疚，或者觉得没有达到自己的期望呢？,确实有这样的感觉，我一直觉得自己可以做得更好。,1
H2,选择的转变会带来许多新的挑战，这需要时间适应。你是否因为这一切感到内疚或者自责呢？,是的，我总感觉愧对父母老师，甚至是自己。,1
H2,在反复思考这些不愉快事件时，你会感到内疚或自责吗？,是的，我常自责不够强硬。,1
H2,那当你偶尔得罪他人时，会不会因此感到内疚呢？,会的，我常常想我哪句话说错了。,1
H2,那你是否因为这些社交状况自责过？,是的，我常常觉得都是我自己的问题。,1
H2,嗯，睡眠质量差确实影响很大。你在想要挽回的过程中，有没有感到内疚或者是认为自己在这段关系中哪里做的不够好？,有时候会责怪自己，是不是哪里做得不够好。,1
H2,每次被指责后，您会感到内疚或自责吗？,确实有时会自责，但更多的是无奈。,1
H2,对于整个过程，你是否感到有强烈的内疚感呢？,是有点，觉得自己不能坚持原则。,1
H2,听起来你真的是费了不少心思在饮食上。有没有可能因饮食控制困难而感到内疚？,是的，有时候我放纵自己吃冒菜，还有火锅时会后悔，但当时真的很满足。,1
H2,那种冲动之后，您有强烈的内疚感吗？这种内疚是否也在其他事情上出现过？,是的，我常常感到内疚，不仅是在性方面。,1
H2,音乐对有些人很有帮助，但每个人的心理体验不一样。有时候情绪的低落也可能导致内疚感，你有过这样的感觉吗？,是的，有时会觉得自己做得不好，对不起别人。,1
H2,有没有感受到因为家人的指责而增加了对自己行为的罪恶感？,我确实常常觉得自己做错了事情。,1
H2,这种情况会让人很疲惫。你在这段时间有没有感到内疚或自责呢？,确实有，我在想是不是自己哪里做得不对。,1
H2,这种情况会让你感到压力和自责吗？,对，有时候会因为自己的性格感到内疚。,1
H2,在面对这些内疚或羞愧的感受时，你是怎么应对的？,我也不知道如何面对，只是不敢回头看。,1
H2,你真了不起，孜孜不倦地努力改善。回避行为是否让你懊恼或自责？,是的，我有时候会责怪自己不够好。,1
H2,这种担心是否影响你其他能力上的自信？,会让我对自己各方面的能力产生怀疑。,1
H2,那这些内疚会让你觉得不应该有某种情感吗？,有时候是这样的，我会怀疑自己的感受。,1
H2,听起来您对未来有些不确定。那么对于眼前的感情，您是否有不甘心或者有过内疚呢？,是的，我对多年感情不甘心，也有时自责没能改变。,1
H2,睡眠质量会影响一天的状态。有提到对亲人的期望感到压力，这是否和负罪感有关？,肯定有的，我总担心不够好。,1
H2,您对此是否感到负罪或者其他强烈情绪呢？,是的，那段感情让我无地自容。,1
H2,不过，这种情况下很重要的是关注自我和健康。对这段关系的任何事情，你有没有感到内疚或者自责？,有时候觉得自己应该更冷静，不应该过多相信他。,1
H2,我们可以讨论一些策略去处理这些问题。有没有自己为成绩不如理想而感到内疚或自责？,是的，总觉得不够好。,1
H2,你对事情的内疚是可以理解的，特别是当我们觉得自己的行为可能过激时。你会为这些冲突感到自责吗？,确实会。有时候后悔得满是自责，觉得自己失控。,1
H2,您有没有感受到强烈的内疚，觉得自己对这些状况负有全部责任呢？,是的，常常觉得是自己没用，太差劲了才走到这一步。,1
H2,这种比较是否常常让你感到内疚或不满呢？,是的，有时候就是觉得内心很不平静。,1
H2,多亏你还愿意跟我聊这些。你是否感到对当下情况内疚又自责呢？,是的，每天都在责备自己，觉得自己做错了很多。,1
H2,您提到每天都在自责和内疚，这种感觉会影响您的日常生活吗？,是的，非常影响。我已经无法集中精力做其他事情了。,1
H2,这种情绪会让人在挫折时感到更孤独。您有没有在情绪低落的时候感到对生活或其他人感到内疚或羞耻呢？,有，我常常责怪自己为什么不能做得更好。,1
H2,缺乏良好的休息会让一切变得更具挑战性。你在面对这些困惑时是否有内疚或自责的情绪？,有时会觉得自己不够好，也因此而自责。,1
H2,纠结是很自然的反应。遇到这种情况，你会不会因此有内疚的感觉，觉得自己总是有错？,是的，我常常责怪自己，觉得肯定是什么地方做错了。,1
H2,您是否因为与男友分手和家庭问题而感到深深的内疚？,是，我觉得很内疚，内疚自己的付出没有结果。,1
H2,这确实需要关注。你觉得女儿有没有对自己的情绪或行为感到内疚？,她好像并不觉得有什么不妥，还责怪我不理解她。,0
H2,那种紧张感可能来自于期望与现实的差距。听起来你有很多要处理的情感。被确诊抑郁症后，有感到任何罪恶感或羞愧吗？,起初有一点，但后来认识到这是一种疾病，不是我的错。,0
H2,这种感觉可以理解，尤其是当你投入了这么多时间和情感时。你对无法再与他们保持亲密关系感到内疚或懊悔吗？,想到这一点会有些难受，但内疚还谈不上。,0
H2,这听上去令人心痛。你觉得他们的做法让你有内疚感或者愧疚感吗？,不，我只是觉得压抑，有时还有些绝望。,0
H2,真不错，听起来你的状态很好呀！但你有没有觉得因为睡得比别人多而感到内疚呢？,其实我没有太觉得内疚，只是有时担心自己是不是对考试不够紧张。,0
H2,你会因为她的批评而感到不舒服或内疚吗？,我觉得很烦恼，但不太觉得内疚。,0
H2,听起来这像是一种应对方式，但它会影响你的身体健康。嗯，这种行为会不会让你心里产生负罪感或者不安呢？,其实我会告诉自己，这次是最后一次。我常在心里忽视吃泻药的事实。,0
H2,这样的生活很自由，也更有时间专注于自己。那你有没有想过会有些许的遗憾或者内疚呢，当你拒绝建立亲密关系时？,老实说，我没太想过。我觉得每个人都应该有自己的生活方式。,0
H2,那太好了。回忆过去会不会感到困扰或内疚？,尽量不去想那些事情，所以也没太多困扰和内疚感。,0
H2,这种想法可能是由于内心深处未解的愤怒。,我都不知道该怎么面对。,0
H2,除了情绪低落，你有没有因为这些问题感受到强烈的羞愧感？,没有感到强烈的羞愧。,0
H2,完美主义在某种程度上可能是好事，但过度了就会带来压力。那么这是否经常让你感到内疚呢？,不会呢，我还好。,0
H2,很理解这样的感受。保持生活的平衡确实很重要。那在你拒绝母亲的邀约后，会不会有一种内疚的感觉？,不会太内疚，已经习惯了。,0
H2,那些决定让您感受到罪恶感了吗？,没有，我不觉得有罪恶感。,0
H2,放心，我们的目标是支持和帮助你，而不是评判你。在遭遇困难时，比如戒色失败，是否曾产生过强烈的挫败感或者负罪感呢？,没有那种感觉，谢谢关心。,0
H2,你提到你感到对于他们的分歧有责任感， 这种内疚感是否让你觉得这与你有关？,没觉得有关系，可能是想太多了。,0
H2,似乎这种状况给您带来了不小的压力。您是否因为和朋友关系的变化而感到强烈的焦虑或内疚呢？,这方面没什么特别感受。,0
H2,这样看来，您经历了很多让人痛苦的事情。您觉得在这些过程中有没有感到对自己很内疚，觉得问题都是因为自己造成的呢？,其实没有，我觉得是环境因素多一些。,0
H2,你有没有因为过去的关系或事件而感到内疚？,没有呢，我觉得还好。,0
H2,听起来你的内心也有很多复杂的感受。你有没有因此感到内疚过？,没有呢，我还好啦。,0
H2,保守的环境可能让人感受到压力，当你有这样困惑的时候，会不会觉得对自己产生了一些罪恶感？,没太大感觉，就是有时会有点烦。,0
H2,你觉得自己在画画上感受到内疚吗？比如没有达到期待的夸奖。,其实还好，画画让我挺放松的。,0
H2,这些回忆有没有让你感觉到更多的内疚？,没有哦，这些回忆还好。,0
H2,是否经历过情绪波动后感到内疚或责备自己呢？,没有，那种感觉好像不大有过。,0
H2,这些事情还包括哪些呢？,还有好多呢，比如兴趣爱好啥的。,0
H2,这种习惯会不会让你感到内疚或后悔呢？,不会，我还好。,0
H2,您为这种情感反应感到内疚或自责吗？,没有耶，我没觉得内疚。,0
H2,这样的话似乎让你感到被误解了。这种被误解的感受是否常常让你怀疑自己的选择？,不会哦，我一般挺确定自己选择的。,0
H2,你的想法让人鼓励。在这种情况下，坚持是关键。如果感受到任何内疚感或觉得可耻的情绪产生，请告诉我哦。,谢谢关心，我会注意的！,0
H2,这是一个很自然的反应。自责往往让人觉得沉重，而它也可能阻碍你和家里的沟通。,嗯，我会试着放松一些。谢谢提醒。,0
H2,分手确实是一个很大的决定，尤其在情感上。你有没有觉得用这种方法让自己感到内疚呢？,我没有这种感觉。,0
H2,你提到害怕被家人看到自己这样，可能会对他们有影响。,哦，我只是有点担心他们会过度反应。,0
H2,偶尔的哭泣和胸闷，让你联想到其他感受了吗，比如是否产生过内疚？,没有呢，只是有些难过而已。,0
H2,心理压力对我们的生活的影响不可忽视。除了关系的问题，你有没有发现自己会因为其他事情感到感激或没有得到相应的回馈？,没太注意这些，生活挺平常的。,0
H2,他这种行为是否让你感到内心有些不安或内疚？,没有，没觉得不安或内疚。,0
H2,是一种自我调节的方式，但可能需要更多的支持。你有没有因为这些事情感到罪恶或愧疚？,没有特别觉得愧疚，就是偶尔有点烦。,0
H2,感到如此疲惫，一定很不容易。你曾经因为这些情感问题感到内疚或自责吗？,没有内疚或自责的感觉。,0
H2,您提到老公不工作，这事让您觉得有内疚感吗？,不会，我没觉得内疚。,0
H2,这是一种面对自我焦虑的应激反应。其实，每个人都会经历自我怀疑和内心冲突。你提到怀疑给自己的懒惰找借口，这种情绪是否让你感到深刻的内疚感或罪恶感？,没有特别的内疚感，就是有点烦。,0
H2,那你有没有因此感到内疚呢？,没有，我还好。,0
H2,这听起来是个好想法。提到你和母亲的关系，你有没有觉得自己有时会有内疚的感觉，特别是对自己对她的期望？,没有，我觉得还好。,0
H2,会因为未能达到标准而自责或内疚吗？,不会，我一般不太自责。,0
H2,和朋友之间的沟通很重要，或许可以尝试表达你的感受。你觉得这样的沟通可能会有帮助吗？,可能会有帮助，我会试试的。,0
H2,这种迷茫是正常的。听到这些，我觉得你是个正在努力的伴侣，那么，你有没有经历过对自己或对丈夫感到深深的内疚呢？,没有，很少有那种感觉。,0
H2,你是不是经常感到负罪感或自责，特别是与学习成绩有关？,没有哎，我还好。,0
H2,这种执拗的自我批评有时会带来一些内疚感吗？你心中会不会感到有一种无法消除的内疚？,没啥内疚感，我还好。,0
H2,对于这种责任，有没有让您感到内疚呢？,没有，没觉得内疚呢。,0
H2,你提到的这些反应在日常生活中是常见的。你是否会为自己的反应或行为感到遗憾或内疚呢？,不会，我觉得挺正常的。,0
H2,那对于那些过去的人，你有没有觉得是自己的错或者感到强烈的悔恨呢？,其实没有，我觉得一切都是经历。,0
H2,所以你会感到一种责任感和内疚，对吗？,其实我不太会有这种感觉。,0
H2,这种被孤立的感觉，会不会有时让您感到内疚或自责呢？,不会，我没有这种感觉。,0
H2,我想问一下，在这种情况下，你是否感到特别的内疚呢？,没觉得特别内疚呢。,0
H2,结束后有过后悔或者自责吗？,没有哎，还好没有自责。,0
H2,这份支持能让女友感到更安全。有因为女友的负面情绪持续而感到维持关系的困难吗？,没有，因为我们沟通得很好。,0
H2,这时候对自己感到有些内疚是正常的。你后悔曾经误解了这段关系吗？,没有特别的内疚感，其实还好。,0
H2,这种感受确实令人沮丧。你是否常常觉得自己对于父母的期望感到负有责任或内疚？,有时候会，但我努力不去背负这些。,0
H2,对自己不满意确实很痛苦，会不会因此感到有些自责呢？,不会啦，我还好呢！,0
H2,这是否导致你对自己感到内疚？,没有感觉到内疚呢。,0
H2,您会因为这些情绪问题与男友发生争吵后感到内疚吗？这种内疚感是否让您后悔自己的行为？,不会，我觉得还好。,0
H2,听到这些我很难过，也祝福您能从这段经历中慢慢恢复过来。您是否觉得对过去的这件事感到非常愧疚或者责备自己？,其实我不太责备自己，就是有点伤心。,0
H2,这些未完成的目标是否让您感到内疚或者自责呢？,不会，我现在还好。,0
H2,那些时光对你来说可能是挑战和光荣并存的。你现在是否会时常想起过去，并对此感到悔恨呢？,不会悔恨，那时光有它的意义。,0
H2,我们可以继续探讨其他可能的原因和处理方法。你是否感觉到无论你做什么，总是感到自责或者内疚呢？,我还好，没有这种感觉。,0
H2,这样的愧疚感让你无法承受，你常常有这样的感受吗？,没有，我不常有这种感觉。,0
H2,在与老公关系紧张的过程中，你会感到内疚吗？,没有感到内疚，但有点烦恼。,0
H2,这种自责的感觉是否频繁出现，影响你的心情？,哦，不太会有这种感觉，心情还好。,0
H2,这样的自责是正常的反应，它很可能影响到你的情绪。你有没有经常感到内疚或者羞愧呢？,没有经常感到内疚或羞愧。,0
H2,我能理解那种压抑的感觉。有时候，分手后我们会不自觉地责备自己，你是否感到过这种内疚呢？,没有这种感觉，但偶尔会有点失落。,0
H2,可能这是你内心的负罪感在作祟。,我倒没觉得有什么负罪感呀。,0
H2,她有没有感到内疚或对过去发生的事情感到悔恨？,没有内疚感哦。,0
H2,唉，回忆起这些肯定不容易。你在这段关系中有没有感到内疚呢？,其实没有特别感到内疚。,0
H2,谈话能够帮助对方理解你的感受。那你是否常常想知道自己的情绪让男友为难，而感到内疚？,不会啦，我男友很理解我的。,0
H2,冥想和深呼吸通常是不错的方式，但需要持续一段时间才能见成效。你提到的这些内疚与恐惧想法出现时，是否伴随有强烈的罪恶感？,嗯，没有太强烈的罪恶感。,0
H2,这样的事情发生时，你有没有因此感到对父母或者家人感到强烈的内疚感呢？,没有特别强烈的内疚感。,0
H2,那你有没有曾因为自己的不配感而感到内疚或对自己有负面的评价呢？,没有哎，我倒没那种感觉。,0
H2,这种担忧很真实。女儿对您的重要性可见一斑。您在这期间有感到对妻子的行为有内疚或自责吗？,没有，没感到内疚或自责。,0
H2,这种内疚的感觉频繁吗？,不会，没怎么感觉到内疚。,0
H2,这些情绪积压可以让人很不舒服，你最近还有其他事让你感到内疚或自责吗？,没有特别的事让我自责。,0
H2,反思你在恋爱中的表现，你会觉得负疚或内疚吗？,不会，没这种感觉。,0
H2,那种情况下，你会不会对自己没有达到某种标准或被开除感到内疚？,不会，我不会有这种感觉。,0
H2,这样的感受很正常，你常常因为这个结果而责怪自己吗？,不太会，偶尔会想太多。,0
H2,理解，她可能是想传达她的担心。这样说是否让你感到愧疚或者有其他感受？,没有特别的感觉，就是有点烦。,0
H2,这样的怀疑确实很困难，应对这样的情绪不容易。那么，你觉得这种不安全感是否让你感到很内疚呢？,没有，我不觉得内疚。,0
H2,你对此有任何罪恶感或内疚感吗？,没有，我没这个感觉。,0
H2,这确实需要很大的勇气。你有没有感到自责或有内疚感，因为你沉迷于消费和娱乐导致债务累积？,没有，我主要是想放松一下。,0
H2,那么，在您感到紧张的时候，您有没有觉得内疚，特别是觉得让学生成绩不佳有您的责任？,没有觉得那是我的责任。,0
H2,感觉你有点内疚，这种情绪总是让人心烦意乱。,其实我没觉得内疚，可能是你想多了。,0
H2,这听上去对你的生活影响很大，面对男友的指责，你是否感到某种程度的内疚或不自信？,其实还好，我觉得没那么严重。,0
H2,那您当时的感觉如何？是不是特别的羞愧和懊悔？,其实没有特别的感觉。,0
H2,他对当前状况感到内疚或觉得无法胜任吗？,不，我没这种感觉。,0
H2,听到你这么说，我明白你感到挫折。你会觉得有种负罪感或者自责吗？,没有，我不觉得有负罪感。,0
H2,这种感到无能为力的感觉，是否让你感到内疚或自责？,没有，我不觉得内疚。,0
H2,也许我们能找到适合你的社交方式。你觉得自己是一个心理不健康的人吗？对这样感觉有多大的内疚感？,我觉得我还好，没太大内疚感。,0
H2,听到您这样说，我可以理解您的焦虑。这段时间有没有对过去的财务决策感到后悔或内疚？,没有，我对过去的决定还挺满意的。,0
H2,你有提到对过去的决策感到后悔，常常有内疚感吗？,没有，总是向前看。,0
H2,后悔的情绪可能来源于负罪感，你有这样的感觉吗？,没有负罪感，就是有点后悔。,0
H2,那么，这种情况下，你会对自己有任何内疚感或者自责吗？,不会，没什么好内疚的。,0
H2,您对分手后的这个结果是否感到愧疚或自责？,没有，我觉得这就是最好的结果。,0
H2,你有没有感到因为某些事情而内疚，比如觉得让咨询师失望了？,有时候会觉得自己做错了事，挺内疚的。,3
H2,任何时候都不晚做改变。在您反思过去时，是否有过让您内疚的事件呢？,可能吧，我觉得这是对我过去错误的惩罚。,3
H2,这种状态让你对于合作中的表现感到自责或内疚吗？,是啊，总觉得都是自己的错。,3
H2,语言障碍会是一个大挑战。你会不会觉得别人误解你的情绪变化？这对你的心理状态有什么影响？,是啊，总觉得是我做错了什么，才有这些问题。,3
H2,孝顺确实是个复杂的问题。你觉得在这些互动中，是否让你怀疑自己的孝顺程度？,也许我就是不够孝顺，病才找上我。,3
H2,父亲对您的期望是否让您变得过于自责？,可能吧，总觉得自己做得不够好。,3
H2,处理这些情绪对她来说可能很困难。您认为她在这些情绪失控之后，是否感到某种程度的羞愧或自责？,可能吧，我总觉得这是我应得的。,3
H2,这是一个困难的境地。你会因为这种社交关系而感到内疚或自责吗？,可能是我之前的错才导致现在这样。,3
H2,这种感觉可能来源于高标准，您是否常常感到自责或愧疚？,是的，我总觉得自己做错了什么。,3
H2,听到这些让我有点心痛。对于自己的内疚感，你有什么样的体验？,我总感觉这是我应得的惩罚。,3
H2,那么有过后悔当初的决定吗？,可能吧，总觉得自己当时做错了。,3
H2,你提到对家人感到不满，但无能为力去改变这是不是让你内心感到矛盾或沮丧？,可能吧，感觉自己不够好才这样。,3
H2,明白了，你觉得因为家人的期望，你对工作有负担或者责任感吗？,可能吧，总觉得自己没做好辜负了他们。,3
H2,听起来你承受了很多。你提到的那些行为，是否和感到内疚有关呢？,可能是吧，总觉得自己做错了事。,3
H2,这种负罪感是否让你感到内疚呢？那种无法释怀的感觉？,是的，我常觉得这是我应得的惩罚。,3
H2,您感受到的压力和痛苦是非常真实的。在因男神的话和自我评估中，您有没有感到过内疚？,有时候会觉得是自己的错，挺内疚的。,3
H2,你为自己的现状感到自责吗？,是啊，我觉得这是我应得的。,3
H2,理解这些感受对于自我保护是有意义的，慢慢去面对和消化这些情绪会有所帮助。你提到父母很爱你，但你也说他们值得更好，你是否因为对他们的期望感到愧疚？,感觉我让他们失望了，他们值得更好的。,3
H2,你是否常常为这些问题感到内疚呢？,是的，我总觉得这是我应得的。,3
H2,你对于这些情绪有时感到自责或内疚吗？,是啊，有时觉得这是对我犯错的惩罚。,3
H2,您是否感到自己在这段关系中一直被指责，使您产生了负罪感？,有时候确实觉得自己错了很多。,3
H2,当然！过程中感到内疚或自责吗？,是的，总觉得自己该受惩罚。,3
H2,面对这样的感觉，一定很难过。你感到内疚或负罪感吗？,有时候觉得是自己犯错的结果。,3
H2,在这种感情状态中，自我怀疑或失去控制感是可以理解的。你提到一些时候因为男友的特质觉得委屈，这种感受是否让你对自己的能力或选择感到内疚或者羞愧？,"有时候确实这么想，总觉得这是我应得的。",3
H2,这种内疚的情绪一直伴随你吗？它是否影响到你的日常生活和情绪状态呢？,是啊，总觉得这是对我过去错事的惩罚。,3
H2,这可能让您的工作更加消耗精力。在高收费时，您是否有内心的罪恶感？,有时候会觉得自己不值得那些钱。,3
H2,对于 الآخرين的看法，你感到怎样的自责或内疚吗？,有时候觉得自己受到了应有的惩罚。,3
H2,看来这个阴影一直笼罩着你。有时很难释怀自己过往的决定。你觉得自己为这段关系承担了什么责任或有负罪感吗？,可能是吧，有时候感觉自己真的做错了。,3
H2,"这是不错的方向。你提到过，反思母亲的行为时，是否察觉到一种过度的责任感或对关系中""责任""的不平衡？ 和",我总觉得自己对她的错负了太多责任。,3
H2,听起来，可能是沟通之间有些误会。你觉得他说的让你有罪恶感吗？,有点这种感觉，我常觉得自己做错了什么。,3
H2,独处可以帮助调整情绪，但交流也很重要。其中是否有因为感到内疚而自责或不安的情况？,有时觉得这是我应得的惩罚。,3
H2,是什么让你觉得自己总是有内疚感呢？,可能是觉得这是我过去错误的惩罚。,3
H2,这种担心会让你感到内疚或不安吗？,"是的，我总觉得这是我应得的。",3
H2,能理解这种感受会让人很困扰。你是不是常常因为这样的感觉而感到内心负担很重呢？,是啊，总觉得这是我该受的惩罚。,3
H2,这种状态下确实很难找到快乐。那么，你有感到严重的内疚感吗，在这样痛苦的情绪当中？,是啊，总觉得自己做错了什么。,3
H2,听起来你正经历着很多不容易的事情。除了压抑，你会不会觉得有自责或者内疚的感觉呢？,是啊，我总觉得这是我应得的惩罚。,3
H2,这种无力感会让正常生活变得很艰难。被别人批评后，你对自己是否有额外的内疚或自责感？,是啊，总觉得自己哪里做错了。,3
H2,这种对挂科的担忧，会让你觉得有些内疚或自责吗？,是啊，总感觉自己活该才会这样。,3
H2,相信自己是迈出第一步的重要手段。您提到的心疼别人，是不是有内心的冲突？,可能吧，总觉得自己做错了什么。,3
H2,这听上去真的很伤人。你有没有感受到内疚或者负罪感，对这些事情？,有时候觉得自己真的活该受这些。,3
H2,那当您感到后悔或内疚时，您怎么处理这些情绪呢？,可能是我应得的惩罚吧。,3
H2,这段关系让你感到有些愧疚，好像辜负了她？,嗯，我总觉得是我太差劲了，像种惩罚。,3
H2,您在这些年里是否感到强烈的内疚或悔恨？,是的，我觉得这些都是我应得的。,3
H2,那就太好了，有时转换一下环境，有助于新思考和自我解压。你是不是对所发生的事情感到内疚呢？,是啊，我总觉得自己做错了什么。,3
H2,如果您能回忆起这段关系，您觉得有负罪感影响到您的情绪吗？,是的，我觉得这是我该受的惩罚。,3
H2,经常感到自责，这些情绪对你现在的生活产生了什么影响？是否经常感到内疚或对自己的表现不满呢？,总觉得是我做错了事，病是我应得的。,3
H2,睡眠问题会影响到很多方面，令人更疲惫。你提到和他在一起让你有安全感，但你是否有感到内疚呢？,有时候觉得这都是我的错。,3
H2,长期的未经调整的压力可能会影响到各方面。你是否因为这些事情而有强烈的内疚感？,是啊，我感觉这都是我应得的。,3
H2,你提到过内疚感，那你是否常觉得是由于自己没有做好，使这些事情好转呢？,总觉得是我搞砸了，一直内疚。,3
H2,听起来你在努力寻找解决办法。你是否对自己在婚姻中的表现感到自责或有内疚感？,是的，我觉得这是我应得的惩罚。,3
H2,冲突在关系中也是正常的，但你有过因这些分歧而自责的情绪吗？,是啊，总觉得这都是我的错。,3
H2,那种痛苦或许别人看不见，但对你来说非常真实。在过去的几周里，你有没有过度考虑到自己不够好或者无用的感觉呢？,是啊，总觉得这是我应得的惩罚。,3
H2,那你有注意到他会经常感到内疚或自责吗？,是啊，他总觉得自己做错了什么。,3
H2,家庭沟通真的需要双方的努力。你提到对姥姥的期望感到内疚，你经常有这种感觉吗？,是啊，总觉得自己没做好，总在惩罚自己。,3
H2,有时候倾诉会让心情好一些。你对这件事情有没有感到特别的内疚或后悔？,有时候觉得病是自己犯错的惩罚。,3
H2,那就更加辛苦了。对自己工作的表现会不会有疑虑或者责任过重的感受呢？,可能吧，总觉得任何错误都是我的错。,3
H2,失去兴趣确实挺难过的，那你有没有因此感到内疚或自责呢？,有时候会觉得这是对我错误的惩罚。,3
H2,是不是因为以前的舍友对你的不同看法，让你对外貌和行为变得很敏感呢？,可能吧，总觉得这是我应得的惩罚。,3
H2,你也被夹在中间，感到很无奈吧？你是否觉得对在这件事情中的某些行为感到内疚或责怪自己？,是啊，总觉得这是应得的惩罚。,3
H2,这些变化肯定是很明显的。您有没有觉得对自己有内疚或责备呢？,是啊，我总感觉是我自己做错了什么。,3
H2,家庭这种复杂的情感是不是让你有过内疚感？,“有时候会觉得是自己的错。”,3
H2,很多人都有过这样的想法，特别是在遇到挫折的时候。你经常会感到自责吗？,有时会觉得这是对我过错的惩罚。,3
H2,那对过去的事情，比如你提到的那段恋情，你感觉内疚或者自责吗？,可能吧，总觉得这是对我过去错误的惩罚。,3
H2,难怪你会感到不安，这种情况肯定影响到了你对婚姻的看法。你有时候会不会觉得对目前婚姻状况感到有责任或内疚呢？,是啊，有时觉得是自己做错了什么。,3
H2,积极主动是个好方法。有没有事情是让你感到内疚或自责的？,可能是，我觉得这是我应得的。,3
H2,听起来你处于一个非常矛盾的感情状态中，感觉愧疚是相当正常的。你觉得这种愧疚感让你对自己有怎样的看法？,"我总觉得这是我应得的，像是在赎罪。",3
H2,那么，在与母亲交流后，你是否常常感到自责或愧疚？,是啊，总觉得是我做错了什么。,3
H2,那是一个很美好的愿望。您提到对过去的行为感到愧疚，您是否经常因为这个感到内疚？,是的，我常觉得这是应得的惩罚。,3
H2,这种情感压抑在你心中积累了很久。你有没有过感到内疚，或者对生活中的事情感到自责？,是啊，总觉得这是对我过去的惩罚。,3
H2,你有因为没能回应她的玩笑而感到内疚吗？,可能吧，总觉得自己做错了什么。,3
H2,您可能强调了自己内心的困惑和父母之间的冲突。,是啊，也许这就是我该受的惩罚。,3
H2,会让你对自己感到内疚吗，觉得不配得上别人，尤其是你喜欢的那个人？,是啊，总觉得自己不够好，像种惩罚。,3
H2,我相信你会做到的！感觉到自己有自我价值感吗？,有时会觉得这是对我错误的惩罚。,3
H2,那些回忆可能让你感到温暖，也可能让情绪更加复杂。你有时会感到后悔或自责吗？觉得自己做得不够好？,是啊，我总觉得这是对我错误的惩罚。,3
H2,真的很不容易。那么在你决定处理家庭和感情问题时，会不会感到一阵内疚？,是啊，总觉得这是我应得的惩罚。,3
H2,这听起来像是一种内外冲突的感觉。您对过去的这些经历感到非常的内疚或责备自己吗？,是啊，我觉得这是我应得的惩罚。,3
H2,听到这样的话肯定很伤心。那时你有没有感到特别的内疚或自责？,有时候觉得这是自己应得的惩罚。,3
H2,这种内疚感经常伴随你吗？,是啊，总觉得这是在惩罚我。,3
H2,在您说的这些事情里，您觉得自己对过去的事情负有责任吗？,可能吧，总觉得这是我的错。,3
H2,您提到道歉和挽留，在这期间您是否一直感到内疚呢？,是的，我觉得这是我应得的惩罚。,3
H2,没有结果时我们确实会感到挫败，你是否有时候为此责备自己？,是啊，总觉得这都是我自己的错。,3
H2,我能理解你的感觉。当与家人互动时，你是否有时候感到内疚，觉得自己可能让他们失望了？,是啊，总觉得自己做错了，对不起他们。,3
H2,对家人的担心和害怕不被理解也是很自然的反应。这种害怕有没有让你对自己的行为产生内疚感呢？,是的，我觉得这是我应得的惩罚。,3
H2,面对这些情绪，你是否曾经感到内疚或自责呢？,有时候会觉得这是我应得的惩罚。,3
H2,面对这样的压力，你是否经常感到过度内疚或自责，尤其是当觉得没有达到期望时？,是啊，总觉得没做到就该受罚。,3
H2,在日常工作中，您会因自己的表现而自责吗？或者对自己的表现产生怀疑？,有时候会，总觉得自己做得不够好。,3
H2,嗯，感觉对家里有负担是很常见的想法，你是否常常会觉得因此感到内疚？,是啊，总觉得自己做错了什么才这样的。,3
H2,听起来你正面临着不少挑战。在你面对这些情绪时，有没有感到强烈的负罪感呢？,是啊，我总觉得是自己做错了什么。,3
H2,自责是因为装修中自己做了不满意的选择吗？,可能吧，总觉得这是我该受的惩罚。,3
H2,不知道这样的想法有没有触发您的情绪波动？或者对生活的一些自我反思呢？,有时候觉得是自己做错了什么，才有这些情绪。,3
H2,是不是因为觉得自己可能要为事件负责而感到罪恶呢？,嗯，有时候会有这种感觉。,3
H2,听起来这对你来说很不容易。你有没有感到愧疚呢？,可能吧，总觉得这是我应得的。,3
H2,那么在你与这个朋友的相处中，是否有过内疚感？,有时候觉得是我做得不好，心里很愧疚。,3
H2,这可能对你造成了一定的影响。你好吗？本身对负面经历有自责的情绪吗?,我觉得这是我应得的惩罚。,3
H2,有时候经历大的打击，人们会避免深入讨论难以承受的情感。你有感到对失去孩子的事有任何内疚感吗？,我总觉得这是我的错，像种惩罚。,3
H2,绝对不是矫情。你的感受很值得我们关注。有没有负罪感，觉得自己不该这样痛苦？,总觉得自己在受惩罚，心里很难受。,3
H2,提供教育和信息可能会帮助你理解和接受。你有没有因为男友对你的信任感到疑虑或不确定？,可能吧，感觉是我做错了什么才得这个病。,3
H2,或许这段感情让你感到不知所措。你对自己在这段关系中的表现有过自责的想法吗？,有时候觉得是我自己做错了，才导致这样。,3
H2,这让我想起有时候情绪会容易失控。你是否对这些想法感到深深的自责和内疚？,有时候会，感觉像是在为过去的错误受罚。,3
H2,您经常感到愧疚或者自责吗？,是的，我觉得这是对我过去错误的惩罚。,3
H2,您提到的负疚感是不是经常让您夜不能寐或者玩手机来缓解呢？,是的，我常常假装开朗，努力挑起话题，却很快又放弃。,2
H2,有没有因此感到任何内疚感呢？毕竟冒充身份是一件复杂的情感。,是的，非常的内疚，特别对不起家人。,2
H2,这种感觉很常见。您是否曾经感到对过去行为或某些事件的强烈内疚感？,是的，我常常后悔以前的事情。,2
H2,您说您和妈妈之间的沟通似乎有些问题。您是否感到对自己的行为有自责的情绪呢？,是啊，我觉得我做什么都是错的，妈妈总说是我不够努力。,2
H2,想象这种结果，您有过任何特别的情感变化吗？比如，是否经常感到内疚或者自责呢？,是的，经常觉得自己有病。被很多人这么说过。,2
H2,这样的自责会带来内疚感吗？,是的，内疚感太强烈了，我常常为此感到不安。,2
H2,在这种情况下你常常感到负罪吗？这是否影响你的日常生活？,是的，我感到负罪，因为我在想死的同时还给家人带来了痛苦。,2
H2,这种内疚在你心里是怎样一种感受呢？有没有在别的方面影响你？,有。我觉得自己恶心，甚至对自己的存在感到愤怒。,2
H2,你有没有持续感到内疚或觉得自己做错了什么？,是的，通常这种感受会整天伴随着我。,2
H2,你有没有曾经感到过强烈的负罪感，例如对自己行为的深深内疚？,是的，我总是为自己的行为感到深深的内疚。,2
H2,你的心境波动看来有些明显。你有没有因为这次辞职而感到过强烈的罪恶感呢？,有，非常强烈。我不断想为什么我这么冲动，为什么不多忍耐一段时间。,2
H2,您是否有自省过这些决策来源，是否感到过内疚呢？,反复思考过，有时真的感到对自己不满意，甚至有些后悔。,2
H2,这种自我怀疑很常见，但也能反映出一些需要关注的问题。这种怀疑是否让您在面对困难时产生了放弃的念头？,是的，每当这一刻来临时，仿佛全世界都给了我无形的压力。,2
H2,这是件让人困扰的事情，您能详细描述这种负罪感的程度和频率吗？,实际上，这种感觉真的很煎熬。可能是和我青春期的时候就开始养成的习惯有关。,2
H2,这完全正常，任何改变都需要时间。有没有感到过度的内疚？,是的，我觉得一切都是我的错。,2
H2,这是可以理解的。愧疚感有时会让人感到无力。您的愧疚主要涉及哪些方面？,我记得有些事情对公众造成了伤害，这让我羞于见人。,2
H2,这些抱怨也可能来自于未表达的情感。内心常觉得内疚吗？,是的，觉得所有事情都是我的错。,2
H2,这样的感觉可能会让你觉得很无力。你提到过的经历，一些过去的事件是否经常在你脑海中浮现呢？这些回忆是否让你感到内疚或自责？,是的，我总是想起被父母安排的人生和那些不愉快的经历，觉得自己没能掌控人生。,2
H2,父母的苛责和你的无奈是否让你感到愧疚？,非常愧疚，觉得自己永远达不到他们的期望。,2
H2,我了解这种感觉或许很难受。对自己过去的行为，你是否常常感到内疚或自责呢？这种感觉是否困扰着你？,确实，我一直对以前的事情耿耿于怀，尤其是小时候的错误。,2
H2,情绪低落常常会让我们觉得生活灰暗无光，这种感觉真的不易承受。您会因为爸爸的去世而感到内疚吗？,我总是感到无尽的内疚，如果不是我们强迫他去游泳，他就不会遭遇意外。,2
H2,这种情绪需要我们去重视。你觉得当时被责骂时会让你产生一种过分自责的感觉吗？,对，那种感觉很强烈，至今还会影响我的心情。,2
H2,内疚的感觉会影响到你日常的心情吗？,是的，内疚感一直萦绕在心头，让我反思很多。,2
H2,任何人面对这些情况都会感到压力。有没有因此感到自责或有内疚感？,经常会自责，觉得高三一年没上学导致我高考失利。,2
H2,保持这样的羞愧和内疚感会让你承受很大的压力。你常常感到内疚吗，尤其是想到过去的事件时？,是的，我简直每天都活在内疚里，过去的错误一次又一次地在脑海里重映。,2
H2,后悔和自责是很正常的情绪反应。您是否感觉到对过去的事情担心或感到内疚，例如没有在关键时刻联系您妈妈？,是的，我总是想，为什么我当时没能做得更多。,2
H2,也许你还在对当前的情况感到内疚或自责呢？,是啊，总是忍不住想起过去的错。,2
H2,坚持很重要！对了，在情绪低落时，您是否感受到内疚感或自责呢？,是啊，总觉得过去的事都怪我。,2
H2,这一定让你很纠结。父母的这些要求让你觉得自己有什么不对的地方吗？,是啊，总觉得自己做错了什么。,2
H2,我能理解。我们有时候可能会为生活中的小事感到内疚或者懊悔。你也有这种感觉吗？,是啊，我常常纠结过去的错。,2
H2,失败可能让你感到挫败，但它也能为你提供成长的机会。你会感到内疚或因为事情没有按计划进行而自卑吗？,总是忍不住想这些事情，感觉自己真是个失败者。,2
H2,不告诉父母的决定会让你感到内疚吗？,有点内疚，老想着自己是不是做错了。,2
H2,跟家庭的关系对我们的自我认同影响很大。和您妈妈的关系，是否常让您感到不够好或有负罪感？,有时候会，总觉得自己做得不够好。,2
H2,这些波动的情绪真是令人心累。不知您是否有时会感到负罪感或内疚感呢？,是啊，总觉得自己老是做错事。,2
H2,这种自责是否让你感到内疚？是否因为这件事常常想起自己写的缺点？,是的，总觉得自己哪里做错了。,2
H2,这是一个需要关注的事情。那在看不适的图时，你会感到内疚或自责吗？,嗯，有时候会觉得自己做错了。,2
H2,理解你的独立想法。但有时候分享可以减轻负担。你是否经常因为成绩感到内疚呢？,是啊，总觉得以前犯的错挥之不去。,2
H2,这样的职场环境确实很让人挫败。你是否有感到自责或内疚呢？,我总在想是不是我做错了什么。,2
H2,是啊，自我关爱很重要。是否觉得男友的行为让你很内疚？,是的，他的行为让我一直反思自己的错误。,2
H2,朋友是生活中的重要一部分，你删除她微信的时候有点自卑感，这是否伴随着任何内疚的感觉呢？,"是啊，总觉得删了她微信是个错误。",2
H2,你在与姐姐相处时，会不会一边觉得双方像外人，一边对这种关系觉得内疚呢？,是啊，总觉得对她有点亏欠。,2
H2,在这种情况下，你是否感受到一种内疚感，因为不能做好像别人期待的那样？,是啊，总感觉自己老是做错事。,2
H2,这种压力积累是需要找到突破口的。在失败后，你会感到自责或过度内疚吗？,是的，我经常会反复想过去的错。,2
H2,为了更好应对这些情绪，我们可以逐步设定小目标。在提到过去的事情时有没有感到愧疚或自责呢？,是啊，经常想这些事，总觉得我做错了。,2
H2,在想到大量消费时，有过哪怕一丝的内疚感吗？,有时会，感觉自己做错了。,2
H2,会觉得有些无能为力吗？,有时候会，老想着过去那些事儿。,2
H2,在与你的领导沟通上，您是否感到很大的压力？,是的，总担心自己做错了什么。,2
H2,每一步改变都是值得庆祝的。无论是好还是坏，认识到并接受他们，是改变的开始。你常常感到无价值或者有罪吗？,是啊，我经常会这样想。,2
H2,这可能是她在处理自己感受的一种方式。而你有没有因为你们的过去行为感到自责呢？,是啊，我总是忍不住回想过去的错误。,2
H2,成绩出来的时候，这种自我评价是否很低，或者你感觉有较强的自我责备呢？,是啊，总觉得自己哪里做错了。,2
H2,也许这种情绪是竞争环境带来的。那面对这样的选择影响，你是否常常对自己感到自责或内疚呢 ？,是的，我总觉得自己做错了事。,2
H2,你是否感受到较强烈的内疚感呢？,是的，总觉得自己一直在犯错。,2
H2,这样的期待压力会让你觉得内疚吗，自己没达到她的期望？,有时候会，总觉得自己做得不够好。,2
H2,是否让你感到过度的愧疚或负罪感？,是的，总觉得自己以前做错了很多。,2
H2,感到焦虑和内疚有时候是无法避免的，你觉得这些情绪会让你觉得更难以集中精力完成学业吗？,是的，这些情绪让我一直在想过去的错误。,2
H2,这听起来是一种特别的情感连接。母爱对你来说似乎很重要。 你能谈谈这对你意味着什么吗？,母爱让我想起我过去的错误，感觉很内疚。,2
H2,你有没有感到过对这些事情有极度的内疚感？,经常啊，总觉得自己做错了很多事。,2
H2,"你提到对人的生死没有同情心，但对动物有。你为这种感觉感到内疚吗？,",有点内疚，感觉自己这样很奇怪。,2
H2,听起来是个好主意，继续做这样的活动吧。在她的低谷期，你有没有观察到她表现出内疚感的情况？,是啊，她总觉得自己做错了什么。,2
H2,倾诉是有帮助的，能缓解内心的压抑。不过，你在和他人分享时会觉得有内疚的感觉吗？,是啊，总觉得在打扰别人。,2
H2,当然，调整情绪是一个重要的过程。以“负重前行”描述内心状态，是否出于对目前生活的自责或内疚？,是的，我总觉得过去的错误挥之不去。,2
H2,理智分析是很有帮助的策略。进入华为经过多轮面试，这给您带来了一些紧张和自我施压吗？,是啊，总觉得面试时说错了话。,2
H2,这是一种很自然的反应。你觉得对这种未成的关系有没有什么自责或者愧疚感呢？,是啊，总觉得是我搞砸了，总在想哪里出错了。,2
H2,早上是很多人都觉得不容易的时段，晚上可能还会有些人的陪伴和事情可以转移注意力。父亲对你的指责给了你很大的压力，这种指责让你会不会感到内疚和自责呢？,是啊，总觉得自己做错了很多事。,2
H2,我明白。这种内疚感对你的日常生活影响很大吗？,是啊，常常让我无法放松。,2
H2,爱自己是成长中的一部分。你提到有负罪感，这种负罪感具体表现在哪些方面呢？是否经常自责？,总觉得过去做错了好多事，总在想这些。,2
H2,你在这段暗恋关系中，是否感到任何形态的情感困扰或依赖？,总觉得自己错过了很多机会，挺自责的。,2
H2,这种犹豫确实可能让我们错失一些沟通的机会。你说过害怕别人知道你的一些行为，你是否有因为这种害怕而感到内心的痛苦或羞愧？,是啊，我总觉得过去的错误像阴影一样挥之不去。,2
H2,这种情况可能让人感到矛盾。在平时，您是否觉得对过去的事件感到后悔或内疚呢？,是啊，经常觉得自己以前做错了很多事。,2
H2,那种内疚感对您造成的影响大吗？,是啊，总觉得过去的错挥之不去。,2
H2,这有点像是面对期望时的天然反应。你提到自己有采取行动前应该先经过父母许可的经历，是否曾经因此感到过愧疚或责备自己？,是啊，总觉得没按要求做就有罪。,2
H2,您很有勇气！面临这种情绪时要知道您并不孤单。您上次提到了对过往成绩的下滑感到负疚或者自责吗？,是的，我总忍不住反思那些旧错误。,2
H2,在婚姻中不忠发现后的自我调整中，你是否有意识到有无数次責備自己而导致心理失衡的情況呢？,总是觉得自己做错了，难以释怀。,2
H2,确实是个重要的决定。你提到如果不考二中，感觉对不起很多人，这种内疚感是非常强烈吗？,是啊，总觉得自己做错了很多事。,2
H2,那你会因为这样与父母的冷漠关系感到内疚吗？,会的，我常常觉得对不起他们。,2
H2,这种怀疑可能和我们早年的经历有所关联。有没有因为这些事情而感到过特别的愧疚感呢？,嗯，是的，我经常会纠结过去的错误。,2
H2,"很遗憾听到这些。你曾为弟弟做了很多努力，比如放弃考研支持他。你觉得这是基于责任感，还是由于家人的期望让你感到无奈呢？ ,",我一直觉得自己做得不够好，总在反思。,2
H2,他的这种批评是否让你感到内疚，或者对自己的期望更高呢？,嗯，有时候会觉得很内疚，总想着过去的错。,2
H2,后悔没有走出属于自己的路一定很折磨人。,总在想着之前的错误，真是折磨。,2
H2,您是否因为成长环境的回忆而感到愧疚或自责？,是啊，总觉得以前做错了好多事。,2
H2,读书会带来启示，但记得每个人的体验都不同，找到最适合你的方式就好。你有没有因为不能完全专注于学习而感到内疚？,总觉得自己老是做错事，有时真挺内疚的。,2
H2,很好，试一试能否帮助你。你是否经常感到内疚或对自己不满意呢？,是啊，总觉得自己做错了好多事。,2
H2,听起来家庭的经济问题对你影响很大，这让你情绪上有什么变化呢？,总感觉都是我没用，拖累了家人。,2
H2,无需感到羞愧，每个人都有自己需要帮助的时候。不要觉得这是你的责任。,我知道，但还是忍不住回想过去的错误。,2
H2,是的，经济上的独立对很多人都很重要。这种感受是否让你觉得有些无助或愧疚呢？,是啊，我总觉得自己做得不够好。,2
H2,坚持确实很重要，但有时候也要关注内心的声音。在被自责或抱怨时，您会感到内疚或责备自己吗？,是啊，总觉得过去的错误挥之不去。,2
H2,听起来很棒。关于之前提到的自我认同，是否因为不理解自己的行为模式而感到内疚？,我总觉得自己做错了什么，总在想过去的事。,2
H2,是哦，没关系，我想有时候每个人都会有这样的体验。对于不喜欢参加活动，你有没有感到自责或认为这影响了与他人的关系？,有时候会觉得内疚，反复想自己哪里做错了。,2
H2,这可能是因为压力太大，以至于没办法专注在自己的兴趣上。父母的不理解会让你有内疚的感觉吗？,是啊，总觉得自己做得不够好。,2
H2,您提到自己对猫的愤怒和攻击行为，您常常会为此感到后悔吗？,是啊，我经常觉得自己做错了。,2
H2,是的，建立信心需要时间。你是否常常感到内疚或自责？例如，觉得自己无法达到某种标准或期望？,是啊，总是觉得自己哪里做错了。,2
H2,夜间容易醒来确实会影响到精神状态。这段时间有其他事情让你感到内疚或是做得不够好吗？,最近总想着过去的错误，真的难以释怀。,2
H2,你会不会对与第八个人交流后的谈话反思过多，并怀疑自己说了什么不该说的话呢？,是啊，总觉得自己说漏了嘴。,2
H2,在恋爱关系中感到心里紧张，可能会给双方都带来压力。你有没有因为过于激烈的情感反应而感到过悔恨或内疚？,"有时候会，老想着过去的错，真烦人。",2
H2,我理解，这是非常难受的感觉。当不能改变她的态度，你会感到内疚或自责吗？,是啊，我总是忍不住回想过去的错误。,2
H2,听起来像是有些内疚感。对于这段经历，是否有其他想法或情绪？,是啊，总觉得自己以前做错了好多事。,2
H2,自我消化这些情感一定很难。你是否曾感到强烈的罪恶感或自责？,经常这样，老是纠结过去的事。,2
H2,听起来您对未来有很多的担心。在这些压力下，您是否感到过分自责呢？,是啊，总觉得之前做错了好多事。,2
H2,这样听来，他对父亲有负面的情感吗？,可能吧，我也总是反思自己做错的事。,2
H2,听起来你好像很渴望改变这种状况。有没有觉得自己对不起别人呢？,有时候会觉得自己总是在拖累别人。,2
H2,相信这种情感困扰令您非常难熬。您还有男朋友，您是否对这段单相思感到内疚或者自责？,总觉得有人在指责我，这感觉让我不安。,4
H2,你父亲的抱怨或许无意间给你带来了压力和责任感。 你会因此感到内疚吗？,他总是在指责我，我觉得自己要被惩罚。,4
H2,对于父母的批评和否定，你是否会有强烈的内疚感？,有时会觉得他们在责备我，感觉压力很大。,4
H2,那时会觉得对男朋友有些内疚吗？,会啊，老觉得他在怪我。,4
H2,首先，我们可以尝试理解更深层的情绪变化，是否有负罪感或觉得自己不够好而影响了工作表现？,有时会觉得自己被指责，工作中感到被威胁。,4
H2,在这个过程中，你有感到任何愉悦感的减少吗？,是啊，我觉得自己做错了啥，总有人在批评我。,4
H2,不过，这种情况下很重要的是关注自我和健康。对这段关系的任何事情，你有没有感到内疚或者自责？,我一直觉得这都是我的错。,4
H2,您是否因为与男友分手和家庭问题而感到深深的内疚？,是的，我觉得自己害了他们。,4
H2,那就好~那之前你是不是有提到其实这样你有时候会比较有罪恶感的感觉，你觉得这样子的状况有没有比较改善一些?,有时候还是会有那种感觉，没太大改善。,4
H2,你会不会感到对这段关系有愧疚呢？,有时候会，总觉得自己做错了什么。,4
H2,在面对这些内疚或羞愧的感受时，你是怎么应对的？,有时候觉得自己被指责，脑子里全是威胁。,4
H2,听起来你是在认真对待这段关系。这段关系让你感到有愧疚吗？,有时候觉得对不起对方，总觉得被指责。,4
H2,那种冲动之后，您有强烈的内疚感吗？这种内疚是否也在其他事情上出现过？,有时候觉得被指责，内疚感很强烈。,4
H2,冲突有时不可避免，但处理的方式可以采取委婉一些的方法。你是否感到在家庭中自己的责任感被过度放大，可能导致内疚感？,有时候觉得自己总是错，像被指责了一样。,4
H2,任何人面对这些情况都会感到压力。有没有因此感到自责或有内疚感？,有时觉得是我连累了大家，像背后有声音在责怪我。,4
H2,这种情况会让你感到压力和自责吗？,有时会觉得被指责，压力很大。,4
H2,真不错，听起来你的状态很好呀！但你有没有觉得因为睡得比别人多而感到内疚呢？,嗯，有时候真有点这种感觉。谢谢提醒。,4
H2,这样看来，你对自己的表现有些怀疑。那么，你在自我评估时，是否经常感到对自己不满呢？,有时候感觉有人在指责我，好像我总是做错。,4
H2,理解自己的感受是迈向改变的第一步！您是否在社交中常感到惭愧或内疚呢？,总觉得有人在指责我，心里不安。,4
H2,你是否对往昔的自己感到愤怒或内疚？,有时会，感觉好像有人在责备我。,4
H2,选择的转变会带来许多新的挑战，这需要时间适应。你是否因为这一切感到内疚或者自责呢？,总觉得大家因为我陷入麻烦，真是难以承受。,4
H2,这些抱怨也可能来自于未表达的情感。内心常觉得内疚吗？,嗯，有时候感觉被责备，像有人在耳边说一样。,4
H2,对于整个过程，你是否感到有强烈的内疚感呢？,是的，我总觉得有人在责怪我。,4
H2,听起来您对未来有些不确定。那么对于眼前的感情，您是否有不甘心或者有过内疚呢？,我总觉得自己做错了什么，心里很不安。,4
H2,我理解你。你是否常常对自己不够自信，或者因为事情没做好而感到内疚或自责？,嗯，有时候我感觉自己被批评或监视。,4
H2,我们可以讨论一些策略去处理这些问题。有没有自己为成绩不如理想而感到内疚或自责？,我有时觉得有人在责怪我，让我很不安。,4
H2,我了解这种感觉或许很难受。对自己过去的行为，你是否常常感到内疚或自责呢？这种感觉是否困扰着你？,是的，我总觉得自己被指责，心里很不安。,4
H2,对，所以你会觉得这件事会让你觉得耿耿于怀是不是？,是啊，总感觉有人在怪我，心里不安。,4
H2,这种自责会不会常常伴随着强烈的内疚感呢？,是啊，有时候感觉就像被无形的批评。,4
H2,你一定有强烈的责任感，为了家人作出这样的决定。,你怎么知道的？他们一直在责怪我。,4
H2,你有没有曾经感到过强烈的负罪感，例如对自己行为的深深内疚？,有过，感觉自己被批评或威胁。,4
H2,这个决定应该不容易吧？,他们都在看着我，我感觉有点不安。,4
H2,这是可以理解的。愧疚感有时会让人感到无力。您的愧疚主要涉及哪些方面？,总觉得有人在暗中指责我。,4
H2,有时倾诉可以缓解情绪紧张，给自己找个信任的人谈心很重要。在这种压力下，你是否感到容易心累或者愧疚？,有时感觉被指责，心里压力很大。,4
H2,情绪低落常常会让我们觉得生活灰暗无光，这种感觉真的不易承受。您会因为爸爸的去世而感到内疚吗？,我觉得爸爸会怪我没能帮到他。,4
H2,你有提到嫉妒打篮球的同学时感到受挫，这让你觉得有耻辱感吗？,嗯，有时感觉像是被无形中指责。,4
H2,那太好了。回忆过去会不会感到困扰或内疚？,有时候会，感觉有人在责怪我。,4
H2,您会不会觉得对婚姻的结束感到负罪感？,我总觉得被指责，像是我的错。,4
H2,自信的丧失可能来源于对自我的批评。你是否常常感到内疚呢？,是的，我总觉得有人在指责我。,4
H2,真好，有时候朋友的陪伴能带来许多安慰。那么，你是否感到对自己的表现或处境感到内疚或责备呢？,有时会有这种感觉，像是自己惹麻烦了。,4
H2,音乐对有些人很有帮助，但每个人的心理体验不一样。有时候情绪的低落也可能导致内疚感，你有过这样的感觉吗？,是啊，有时感觉像被无形的指责笼罩着。,4
H2,在这种情况下你常常感到负罪吗？这是否影响你的日常生活？,是啊，总觉得有人在责怪我，真的很影响生活。,4
H2,这种比较是否常常让你感到内疚或不满呢？,嗯，有时候会觉得自己被指责。,4
H2,这样的生活很自由，也更有时间专注于自己。那你有没有想过会有些许的遗憾或者内疚呢，当你拒绝建立亲密关系时？,有时会觉得错过了一些，但总感觉有人在指责我。,4
H2,这种情绪需要我们去重视。你觉得当时被责骂时会让你产生一种过分自责的感觉吗？,是啊，我总觉得有人在责怪我。,4
H2,有没有因此感到很强烈的内疚感或者自我批评呢？,是的，感觉自己老被批评，像被盯着。,4
H2,这是一种常见的内疚感，你对未来的看法是怎么样的？,未来好像有种无形的威胁，总觉得会被指责。,4
H2,这听起来像是一种平衡的努力。有没有出现过一些自责或内疚的情绪呢？,是啊，总觉得有人在责怪我。,4
H2,这是件让人困扰的事情，您能详细描述这种负罪感的程度和频率吗？,有时候感觉一直被人指责，很频繁。,4
H2,你对事情的内疚是可以理解的，特别是当我们觉得自己的行为可能过激时。你会为这些冲突感到自责吗？,"是啊，我总觉得他们在背后指责我。",4
H2,后悔和自责是很正常的情绪反应。您是否感觉到对过去的事情担心或感到内疚，例如没有在关键时刻联系您妈妈？,我感觉自己做错了很多，被惩罚是应该的。,4
H2,是不是在思考这些事务时你会感到一种负担或者甚至有责怪自己的感觉？,有时候会觉得自己做错了，被人指责。,4
H2,您说您和妈妈之间的沟通似乎有些问题。您是否感到对自己的行为有自责的情绪呢？,我觉得妈妈怪我，虽然她没说。,4
H2,缺乏良好的休息会让一切变得更具挑战性。你在面对这些困惑时是否有内疚或自责的情绪？,有时候会觉得自己造成了一切麻烦。,4
H2,听起来这像是一种应对方式，但它会影响你的身体健康。嗯，这种行为会不会让你心里产生负罪感或者不安呢？,有时候会觉得自己被责怪，心里很不安。,4
H2,每次被指责后，您会感到内疚或自责吗？,有时会，感觉像被放大指责了一样。,4
H2,这种情况会让人很疲惫。你在这段时间有没有感到内疚或自责呢？,是的，总觉得自己做错了什么，像有人在责怪我。,4
H2,这听上去令人心痛。你觉得他们的做法让你有内疚感或者愧疚感吗？,他们让我觉得自己做错了什么，好像我被盯上了一样。,4
H2,偶尔紧张也是正常的，你有没有感到内疚，或者觉得做得不够好？,我总觉得自己做错了什么，仿佛有人在批评我。,4
H2,你提到觉得自己可能让父亲失望了，这种感觉常有吗？,总觉得他在怪我，真的很难受。,4
H2,您是否有自省过这些决策来源，是否感到过内疚呢？,内疚常伴随，但总觉得这些都是别人针对我的。,4
H2,听音乐和散步都是不错的选择。你是否感到内疚或自责？,有时音乐和散步都无法缓解那种内疚感。,4
H2,在与她发生误解时，你是否感到过内疚呢？,有时觉得是有人故意让我内疚。,4
H2,这很正常，有时候反思对成长是有益的。那你是否会感到心理上的负担，比如因为她未遵守承诺而自责？,有时候确实会觉得自己被指责，感觉挺不安的。,4
H2,你有没有持续感到内疚或觉得自己做错了什么？,总感觉有人在责怪我，真难受。,4
H2,内疚感是很常见的反应。你有尝试过怎样去缓解这些情绪吗？,我试过，但脑子总有个声音在责怪我。,4
H2,您对此是否感到负罪或者其他强烈情绪呢？,有时会觉得被责备，情绪波动很大。,4
H2,这种自我怀疑很常见，但也能反映出一些需要关注的问题。这种怀疑是否让您在面对困难时产生了放弃的念头？,总觉得自己做错了，会被惩罚。,4
H2,这种拖延是否让你感到内疚或自责？,是啊，总觉得有人在责怪我。,4
H2,听起来这对你影响很大，这让你感到愧疚吗？,有点感觉自己做错了，总觉得有人在怪我。,4
H2,失去兴趣对生活的影响确实很大。那你有感到过内疚吗？,嗯，有时候感觉自己做错了很多事情。,4
H2,这确实需要关注。你觉得女儿有没有对自己的情绪或行为感到内疚？,有时她觉得被指责，很内疚。,4
H2,有时我们是对过去某些行为感到后悔。您有这种感觉吗？,是啊，我总觉得自己做错了事，还有人怪我。,4
H2,寻求帮助并不可耻，它能为你提供新的视角和支持。有觉得在关系紧张时感到过愧疚或内疚吗？,有时候会觉得自己被误解和指责。,4
H2,那种惭愧的感觉是一直伴随你的吗？你是否会因此感到内疚？,是啊，总觉得有人在责备我。,4
H2,任何选择都会有取舍。你会不会有总是感到愧疚的情绪，尤其是想到额外的开支？,是啊，总觉得大家都在怪我乱花钱。,4
H2,回避朋友，是否会让你感到不安或者愧疚呢？,有时候觉得他们在背后说我坏话。,4
H2,有没有因此感到任何内疚感呢？毕竟冒充身份是一件复杂的情感。,有点，因为感觉有人在指责我。,4
H2,这样的感觉可能会让你觉得很无力。你提到过的经历，一些过去的事件是否经常在你脑海中浮现呢？这些回忆是否让你感到内疚或自责？,总觉得那些事是我的错，甚至感觉有人在怪我。,4
H2,这种内疚的情绪在你想到类似事件时，会不会重新出现呢？,是的，每次都会让我觉得有人在指责我。,4
H2,想象这种结果，您有过任何特别的情感变化吗？比如，是否经常感到内疚或者自责呢？,总觉得自己做错了什么，好像有人在责怪我。,4
H2,当感到无助与煎熬时，是否有过度自我反省或对自己过于苛责的情绪？,嗯，有时候会觉得自己做错了什么。,4
H2,养宠物在孤独时能带来很多安慰。你最近是否因为不能养宠物而感到内疚和自责？,我觉得宠物可能会受我影响变得不快乐。,4
H2,这是常见的情绪低落现象。你有没有感觉到强烈的内疚感，尤其是与父母的关系有关？,有时会觉得自己对他们很糟糕，像被盯着一样。,4
H2,也许改变认知能帮助你重新找到方向。是否对出轨行为感到内疚？,是的，我觉得大家都在指责我。,4
H2,保持这样的羞愧和内疚感会让你承受很大的压力。你常常感到内疚吗，尤其是想到过去的事件时？,是的，总觉得自己被指责，甚至有人在威胁我。,4
H2,你真了不起，孜孜不倦地努力改善。回避行为是否让你懊恼或自责？,有时候感觉这种回避是我不够好的证据。,4
H2,理解与支持是婚姻中非常关键的部分。您在争吵后是否对配偶的指责感到内疚或者自责？,有时候感觉自己被冤枉，挺难受的。,4
H2,这让人感到内疚和自责吗？,有时会这样，像被无形的压力逼着。,4
H2,这完全正常，任何改变都需要时间。有没有感到过度的内疚？,有时会有，感觉被指责或有威胁。,4
H2,那这些内疚会让你觉得不应该有某种情感吗？,是的，我总觉得有人在批评我。,4
H2,这种担心是否影响你其他能力上的自信？,有时候觉得一切都是针对我的。,4
H2,内疚感是一种很常见的情绪反应，你在精神上“虐待”自己时是否特别感到内疚或自责呢？,是啊，我总觉得有人在指责我。,4
H2,多亏你还愿意跟我聊这些。你是否感到对当下情况内疚又自责呢？,有点觉得被指责，但也许只是我多想了。,4
H2,这样的自责会带来内疚感吗？,会的，我常觉得被无形的指责压着。,4
H2,有一点。是觉得自己没有工作、没有能力的关系吗?,可能吧，总觉得自己拖累了别人。,4
H2,在反复思考这些不愉快事件时，你会感到内疚或自责吗？,嗯，是的，我常感到自己被责备或威胁。,4
H2,嗯，睡眠质量差确实影响很大。你在想要挽回的过程中，有没有感到内疚或者是认为自己在这段关系中哪里做的不够好？,总觉得自己做得很差，像被无形的指责笼罩着。,4
H2,那当你偶尔得罪他人时，会不会因此感到内疚呢？,会有，但感觉他们也在反过来指责我。,4
H2,这种失望和挫败感听起来很持久，你怀疑过自己的决定是出于愧疚感吗？,也许是吧，我总觉得有人在指责我。,4
Y2,有意思，似乎您在寻找一种内心的锚点。您在这些时候是否觉得精力比较旺盛或者活跃呢？,是的，我会精力旺盛，有时到影响到我的睡眠。,1
Y2,是的，他们往往适应能力强，热爱挑战。那么，您有没有注意到他们在群体中是否显得特别活跃呢？,是的，我认识的一个朋友就是这样，一到聚会就显得特别有活力。,1
Y2,真希望我能帮你减轻一些负担。你觉得这种责任感让你精力充沛，还是让你更容易感到疲惫？,我通常精力充沛，但有时候也会感到透不过气。,1
Y2,深呼吸是很好的，但是也许我们可以寻找一些其他的放松技巧来帮助你更好地应对。你有感到最近的生活变得无序，能量变化异常吗？,是的，我觉得每天很累，但又很难入睡。,1
Y2,看来这些幻想让你精力充沛，这种活力是否让你感受到异常高水平的活动或过多的能量？,是的，有时候觉得自己精力过剩，很难静下来做其他事情。,1
Y2,这确实可能对双方关系带来一些紧张的情绪。那你自己呢？有没有感到过度劳累或者精力难以集中？,哦，绝对有。我一个人承担了孩子所有的教育，还有家里的琐碎事务，真的很累。,1
Y2,软弱有时让人感到无能为力。你平常的生活中是否感觉到缺乏精力去做事情？,经常觉得累，做事也提不起精神来。,1
Y2,那个开朗的意识（这听起来像是一位希望与人沟通的朋友），会不会让您感到更加活力充沛呢？,是的，有时候感觉精力充沛，想做很多事情。,1
Y2,压力确实能够影响我们的情绪反应。那在这些时候，你的活动量会不会增多，或者感到精力过剩呢？,是的，有时候会感到过于活跃，但是之后又特别疲惫。,1
Y2,是否感到精力不足或者总是疲惫不堪呢？,精力不太够，有时整天累得没力气。,1
Y2,这是一个很有趣的现象。在这些特别努力学习的时间里，你是否感觉到自己的活动量或者能量水平比平时要高很多呢？,是啊，我会一口气学习很多东西。但有时又会非常疲惫。,1
Y2,这样的改变确实能让关系更紧密。他有没有表现出异常高的活动水平或者过多的精力呢？,活动水平不算特别高，但今年他更积极参与家务。,1
Y2,这些都是很好的方式。您是否最近感到精力旺盛，或者每天的活动量比平时要多？,最近活动量有增加，可能是因为我想分散注意力。,1
Y2,那种情绪和冲动行为是否会在毫无预警的情况下出现，甚至需要立即宣泄呢？,是的，我就是这样，必须得找个出口发泄才好。,1
Y2,你提到过觉得自己有时会挑战对方的底线，是不是觉得精力特别旺盛？,确实有时精力很高。,1
Y2,她在和男老师互动时表现得很主动吗？,确实，她总是找机会靠近他，甚至找借口讨论一些课题。,1
Y2,平时的活动安排得这么满，一定让你感受到很大的压力。你是否有因为这些活动感到疲惫的时候？,确实，尤其是排练完之后，总是很累。,1
Y2,父母对您的控制和惩罚对您的日常生活有没有其他影响，比如精力方面？,是的，有时候我觉得自己筋疲力尽，而又无从发泄。,1
Y2,您之前提到晚上状态最好，是什么时候让您觉得力量更充沛或情绪更佳？,晚饭后，吃点东西后状态不错。,1
Y2,这可能说明您的活动量或能量水平不同于以往。,我想也是，这段时间压力很大。,1
Y2,你这样做是很好的应对方式。可是，在这段关系中，你是否感到自己的精力特别充沛，有时候甚至活动水平异常高？,其实偶尔会有。我有时候晚上都睡不太好，但白天精力似乎还是很多。,1
Y2,看来她的精力确实很充沛。你注意到女儿是否经常活动过多，或者精力过于充沛？,是的，她总是闲不下来。,1
Y2,他这样说，是否影响了你对食物的欲望和享受美食的快乐？,是的，我发现自己对吃有点过度关注了。,1
Y2,那你过得有些刺激了呢！新鲜感会吸引很多人。 你平常会感到精力过剩吗？比如说，想做更多事情。,我倒没觉得精力过剩，只是觉得生活中有新的动力。,1
Y2,你在回避的时候有没有觉得精力不足以投入到这样的事情中？会感到无力卷入这些冲突吗？,是的，有时候觉得提不起劲参与这些事情。,1
Y2,他的情绪似乎不太稳定。那么，您觉得在他的日常生活中，他是否有显著的活动量增加或者精力过剩的情况呢？,他在家里很活跃，总是精力充沛。而在学校的情况就不是很清楚了。,1
Y2,他在工作上会有异常活跃或者过多精力的表现吗？,偶尔会，在他因为一些设计灵感兴奋的时候。,1
Y2,这样的情绪波动肯定很难应对。你在这种情况下会表现得比平时更加活跃或者精力更加充沛吗？,是的，精神会特别紧张，有时候不由自主地来回走动。,1
Y2,除了情绪化，你会感觉到自己在某些情况下异常活跃吗？,我偶尔会，但一般都是在一个人独处的时候。,1
Y2,最近他似乎精力过盛吗？可能活动过多？,好像确实满有活力的,1
Y2,这听起来您在努力控制自己的情绪。您是否有注意到自己的活动量或者能量是否有所增加呢？,应该说有时候活动比较多，但我觉得这不算异常。,1
Y2,很好，那在考研以后，你提到自己有余力去处理目前的事情，是不是觉得精力有所变化？,是的，感觉没有那么疲惫了。,1
Y2,是个好办法。最近你的孩子精力如何？有没有异常高或过多的现象？,精力好像旺盛极了，总是不肯停下来。,1
Y2,他对你来说真的像一个很温暖的人。那么这么频繁的见面和交流有没有让你觉得自己精力特别充沛或者行动增多呢？,有时候会觉得很兴奋，但也有点忐忑。,1
Y2,听起来的确是个困扰。同时，你是否觉得精力满满，总想关注她的一举一动呢？,有时候会有这种感觉，确实牵动了我的注意力。,1
Y2,相互间的理解确实需要沟通的桥梁。当前你是否发现自己活动过多或精力过剩？,是的，我常常觉得自己停不下来。,1
Y2,情绪调节确实需要不少时间和精力。您在处理学生事务时觉得自己能量充沛吗？或者感觉活动量增加？,某些时候是，但另外一些时候却感到精疲力尽，尤其是面对不听话的学生时。,1
Y2,有时候，情绪的波动可能会影响我们对事情的反应。你注意到她在和侄子互动时，精力特别充沛吗？,她好像总是有使不完的劲，尤其是对侄子总是管个不停。,1
Y2,听起来那种正面的反馈对你很重要呢。在那段时间，你有没有感到自己的精力和活动水平在增加？,是的，精力很充沛，总是感觉想要做更多事情。,1
Y2,这种经历有可能会影响你的社交生活。现在的日常生活中，你有没有感到精力充沛或者活动量异常增高的时候呢？,有时候我会感觉精力特别旺盛，但过后又会很疲惫。,1
Y2,那在每天发送几百条信息时，你是否会觉得自己精力充沛呢？,确实有时候感觉自己精力很旺盛，可以做很多事情。,1
Y2,不妨尝试从小事情聊起，比如问问大家最近忙些什么。你认为自己缺乏和室友互动的动力吗？,有时候是这样子，尤其是情绪低落的时候。,1
Y2,在处理这些问题时，您觉得是否消耗了过多的精力？,是的，我常常感到疲惫不堪。,1
Y2,那您有没有觉得自己有很多精力或者过于活跃的情况呢？,确实感到精力充沛，但内心其实挺忐忑的。,1
Y2,这样的感受一定很不舒适，您有没有觉得自己在与他人互动中活动能量高呢？,有时候真的精力特别旺盛，停不下来。,1
Y2,了解。那你父亲的这些行为还有哪些表现，比如说出门走动或活动频繁吗？,他真的很喜欢在家里转来转去，好像总是坐不住。,1
Y2,那你有没有注意到最近行为或者活动量有变化呢？比如说精力似乎增多？,有时候是有点的，我也注意到了。,1
Y2,听起来你有很多的精力在这方面。你觉得自己的精力充沛到异常的程度了吗？,嗯，可能是吧。我每天跑步想转移注意力，但好像效果不大。,1
Y2,学习的压力有时候会让人很焦虑，尤其是还有其他事情分心。你觉得你能集中注意力学习吗？,有点难。我发现有时候因为这些事情而难以全神贯注。,1
Y2,这些感受怎能不烦扰！那你每天的活动量或精力是否有所改变呢？,说不清，有时很疲惫，但有时又特别有动力去做事。,1
Y2,仅你一人就已经走出了重要一步，未来还有很长的一段路。,是的，未来值得期待。,1
Y2,在他表白之后，你发现生活中的活力或精力有所变化吗？可能更懒或更有动力？,我觉得生活没什么特别变化，只是对他没太多激情。,1
Y2,知道吗，这种情绪波动对她的影响确实挺大的。那之前她有没有表现出过分活跃或者精力特别旺盛的时候？,是有一些时候，特别是在学校，她会很活跃，这也使得老师常常叫我去学校开会。,1
Y2,你在这个学习过程中是否表现出了比平常更高的活动或精力水平？,是的，那段时间我特别拼命，但也让我觉得杭州的生活节奏太快。,1
Y2,表达和沟通是信任的基础，现在可能是一个反思关系的时刻。你们尝试过性生活后，有没有感到身体状态下降？,我总是觉得很累，体力消耗大。,1
Y2,这听起来很孤独。你提到对学习有恐惧感，这种感受是否影响到你的日常活动或让你感到异常疲惫或者精力过盛？,好像两者都有。我初一被脱过内衣，初二抑郁休学一年，自从初三回校后就一直害怕。,1
Y2,这样的反应在经历情感挫折时很常见，在面对男友这些行为时，你觉得他是否有过于强烈的控制欲？,他总是要求我迎合他的需求，真的让我感到被束缚。,1
Y2,你爸爸在工作或生活中会不会表现得非常精力充沛或者是活动过度呢？,他好像总是有干不完的活儿，闲不下来。,1
Y2,尝试新方法可以打开新的方向。你觉得在白天的时候，自己的行为有没有变得更加冲动？,是有那么点，但是没特别去注意过。,1
Y2,这种时候，你可以自我提醒，让自己专注于手边的工作任务。你有没有在见到他时表现出特别高的活力或亢奋呢？,感觉自己精力会很集中，但是心里会很激动。,1
Y2,那您觉得沟通有助于解决这个问题吗？是否有计划要求对方做出改变？,我想过沟通，但总觉得没什么效果。,1
Y2,在这些时候，你觉得自己精力不济吗？尤其是在需要参与社交活动时。,有时候会觉得这样，但我也会强迫自己去参加一些活动。,1
Y2,接纳自己需要时间和努力。也许我们可以从小的方面开始，比如接受自己的不完美。您是否注意到有时您的行为是否让您感到异常亢奋或精力过剩？,是的，有时候我会突然变得很兴奋，觉得自己无所不能。,1
Y2,这种情绪的波动可能会让人感觉很累，也很难预测。您在这些波动之间有时会感到精力异常增多吗？,是的，有时候会感觉睡不着觉，但精力反而很多。,1
Y2,了解这样的情况会让你觉得疲惫吗？精力上有异常吗？比如过于充沛？,有时候会觉得很有精力，睡得少也不是很困。,1
Y2,有时候表达这些感受会让人感到孤独，尽管如此，尝试去建立这种联系可能会给予您一些帮助。在情绪高涨的时刻，您是否会觉得特别有活力或者做事情时异常精力充沛？,是的，那些时候我感觉自己好像能做一切事情，但是过后就会感到筋疲力尽。,1
Y2,这可能是一种复杂的情绪呢。您有没有觉得精力过剩，或者难以放松下来？,有时是这样，但更多时候，我感到心力交瘁。,1
Y2,这可能需要一个双向的努力。在这样紧张的情况下，您有没有注意到自己的精力或者活动水平有变化？,是的，我有时会感到精疲力竭，但是夜里却睡不着。,1
Y2,跟他相处，你觉得自己是不是更有活力了？,好像是有一些变化，我开心的时候状态会好很多。,1
Y2,他是否在有压力的时候显得精力充沛或过度活跃呢？,有时候，他在压力大时会过于忙碌，甚至忘记休息。,1
Y2,是否还有其他情况让您感到精力充沛甚至过剩呢？,是的，偶尔会有这种感觉。不过这种情况一来一去，令人疲惫不已。,1
Y2,了解。在这种兴奋之余，回到日常时，你的活动水平或者精力有没有异常提升的感觉呢？,是的，常常在买东西的时候精力特别旺盛，但过后就很累。,1
Y2,这种变化的确让人摸不着头脑。那么，你是否觉得他在这些时候表现出充满活力或精力过剩的的样子？,有时候在他想挽回的时候，似乎是的，很有干劲。,1
Y2,你这样的处境确实很难应对。你有没有发现他在家庭活动中表现得过于活跃或精力旺盛？,是的，他总是很紧张，好像永远不知道怎么停下来。,1
Y2,在与他互动的时候，你有没有觉得自己的精力水平异常高？,我倒没注意自己精力有没有变高。,1
Y2,听起来他的体力和精力水平好像比平时更高呢。,是的，以前他喝多了就是睡，现在却不一样了。,1
Y2,搭讪的过程中，是否让你感受到异常高的活动水平或过多的精力？,有时是会感到兴奋但又很疲惫。,1
Y2,理解，如果观察到这样的情绪状态变化，也许能帮助我们更好地理解他的行为。你认为a在活动时的精力是否显得过多或异常积极？,他确实是个很活跃的孩子，但在我们这个年纪，很多孩子都比较活跃。,1
Y2,不用客气，帮助学生的成长是我们共同的目标。对于此类情况，你有探讨更多的可能性，例如a的运动活动水平会进而变化吗？,目前没有特别大的变化，但见他们课间玩得激烈时，我会提醒他们注意安全和同学们的感受。,1
Y2,领导的体谅是件好事，但你会不会觉得自己在工作中总是容易疲惫？,是的，总感觉精力不济。即使这样，我还是经常找理由迟到、请假。,1
Y2,随时欢迎你来，任何时候我们都可以聊聊。你是否现在感到有劲头重新开始？,感觉现在有点动力了，我想去尝试新的事情。,1
Y2,听起来是个好主意！加入小组可以获得更多实践机会。与人交往或表达自己时，你是否觉得自己缺少勇气或动力呢？,确实有时觉得缺乏勇气，希望自己能变得更有自信。,1
Y2,说得很有道理。从这件事之后，你的活动量或者精力有没有什么变化呢，比如感觉不太有力气或者特别疲惫？,是的，有时候觉得做什么都提不起劲，但还要强迫自己去做事情。,1
Y2,你确实很有上进心。你认为自己具备足够的精力和活力去参与这些活动吗？,我总是觉得精力很充沛，但也很累。,1
Y2,是的，您是否觉得在高考期间有充足的精力去关注这份感情呢？,其实感觉有点分心。,1
Y2,很好，参与学校活动既能拓宽人际关系，也能让自信心得到提升。除了这些，你是否发现自己对其他事情比以前更感兴趣？,是的，我对一些新的课程和课外活动都充满了好奇和兴趣。,1
Y2,在过程中，你是否曾感觉过于活跃或充满能量？,有时情绪高涨会让我行动很多。,1
Y2,最近在工作或者学习方面感觉精力如何？有没有觉得使不完的劲儿？,我感觉挺有劲的，工作和学习都能集中注意力。,1
Y2,情绪一旦失控，确实会很影响双方的沟通。在这些争吵中，你有没有感到身体上充满了能量或活力，甚至有些不受控制？,确实有时候感觉自己像打了鸡血一样，停不下来。,1
Y2,这会是一个好的开始。你们的共同时光中有没有让你在没有计划的情况下感到精力充沛的时候呢？,确实有，有时和她一起时就算不怎么睡也觉得很有活力。,1
Y2,有时，当人们面临自己生活中的困难时，确实很难再给予别人支持。你觉得她会在什么样的情况下表现出更多活跃或过度的精力吗？,不，如果有，也是很短暂。我注意到她有时候表现得异常活跃。,1
Y2,听起来你们真的很聊得来，那你会不会觉得自己的精力特别充沛呢？,有时候会觉得很有活力。,1
Y2,你觉得他的精力水平是否有异常的变化？,是的，比以前更活跃，也因此很晚才回家。,1
Y2,不用客气，我们会一直在这里帮你。你有没有觉得最近活动量过大或者精力过于旺盛？,还好吧，有时候过于激动，但大多数还是能控制的。,1
Y2,内向和孤僻会让社交互动变得有些挑战。您觉得这种特质是否影响了与他人的社交互动呢？,确实如此，我在社交中总是感到紧张，有时候甚至会回避。,1
Y2,这是可以理解的反应。那在这样的情况下，你的活动或精力有没有受到影响呢？,我的精力确实有时候被这些事情消耗掉。,1
Y2,这种情绪波动听起来很辛苦。平常生活中，您是否觉得自己活动过多或者精力过于旺盛？,是啊，有时候感觉停不下来！,1
Y2,那你现在的生活有没有受到这种关系的影响呢？比如说做事情时的能量水平。,其实还好，感觉精力倒是多了点。,1
Y2,那一定是很艰难的时刻。之后呢？你有没有经历过精力异常充沛或活动量增加的情况？,不，我只觉得每天都很疲惫，似乎提不起劲来做事情。,0
Y2,听起来你对情绪的反应很敏感。在面对这种波动时，你的精力和活动水平会有变化吗？比如说，会不会感到精力过剩或者活动水平异常高？,好像没有特别的变化，更多的是觉得疲劳和无力。,0
Y2,你提到每天感到痛苦，这种感觉是否伴随有容易疲倦或无精打采？,是的，某种程度上，我常感到无力和疲惫。,0
Y2,你最近活动或能量有异常提高吗？,没什么变化，还是和平时一样。,0
Y2,在这种极端情绪下，有没有感到过精力过于充沛或运动活动异常高涨？,没有，相反，我觉得非常疲惫和无力。,0
Y2,你能这样想真的很棒！这些都需要时间与耐心。最近你是否感到精力不足？,是的，我每天都感到很疲惫，没有力气做事情。,0
Y2,他的日常活动能量怎么样？会不会觉得累或者活跃异常？,他好像没以前活跃，总是显得很疲惫。,0
Y2,从您的描述来看，这是一种比较紧张的状态。您有没有注意到自己精力特别旺盛或者活动水平明显增高？,我经常感到很疲惫，好像什么都安排不过来。,0
Y2,失去兴趣常与情绪和精神状态有关。你是否有感到日常活动精力不足或旺盛？,我通常觉得疲惫，也没有精力去做过去喜欢的事。,0
Y2,恶梦可能和日常的压力有关。白天的时候，你觉得自己的精力如何？,白天感觉精力有点不足，经常觉得累。,0
Y2,寻找这个温暖也许需要时间，但一定会有办法。曾有身体或精神上的疲惫感让你困扰吗？,当然，身体和精神都觉得很疲惫。,0
Y2,焦虑是否还影响到其他方面，比如体能或生活中的活力？,我感到活力明显不足，总想休息。,0
Y2,自己对事情的看法需要时间去调整。在与他互动的时候，你有没有察觉到异常高涨的情绪或过度的能量？,没有过度高涨，这段关系对我的情绪影响多在焦虑方面。,0
Y2,现在他参与的日常活动或者能量水平是否有异常呢？例如，运动活动是否显著增加？,没有特别增加的活动，只是把时间都花在了陪伴女生上。,0
Y2,这说明社交互动对于情绪的调节还是有帮助的。,可是在情绪不稳定时，控制自己脾气并不容易。,0
Y2,她的活动水平是否发生了变化？比如说精力过剩或懒散？,她变得很懒散，完全没有积极性去做事情。,0
Y2,长期在这样的环境下成长，肯定会影响到你对家庭关系的看法。那时候的你精力如何？有没有感到过分活跃或者精力过剩？,并没有，我觉得自己的精力一直比较普通。,0
Y2,这种情况下，是否觉得缺乏足够的精力或感到疲惫呢？,是的，经常觉得很累。,0
Y2,很抱歉您有这样的感觉。您是否发现自己活动能力或者精力异常高涨或下降？,我发现自己的精力似乎下降很多，常常感到无力。,0
Y2,你是否觉得身体上变得更加疲惫，缺乏精力？,完全是这样，精力几乎消耗殆尽。,0
Y2,哇，这些都是压力大时常见的反应。有些压力可能是在无意识中积累的。在另一方面，有没有觉得自己有时比平时更有冲动去处理事情？,没有，我觉得更多是无能为力。,0
Y2,对自己的感情怀疑是正常的。那么，最近你有感到精力充沛或活动量增加吗？,没有，我觉得自己的生活蛮平淡的。,0
Y2,您有注意到最近自己的精力是否有所下降，或者对日常活动提不起劲来？,是的，我经常感到累，什么事情都不太想做。,0
Y2,在分手之后，您是否感到精力充沛或者活动水平异常升高？,没有，我更多的是疲惫不堪，有时不想动。,0
Y2,我理解，很多人面对这样的情况都会有类似的感受。在这些挫折中，您的活动能量水平有没有变化呢？例如，比平常更有活力或者恰恰相反？,我觉得自己比以前更慵懒了，很多事都不想做。,0
Y2,在这段关系中，你是否感觉活动水平或精力变得异常高或低？,倒也没有。我还是每天做同样的事情。,0
Y2,这反映了可能需要关注其他生活领域来重新激励自己。您最近是否感觉精力过于旺盛或活动量过多？,不太会，我觉得我的能量还算正常。,0
Y2,您提到跑步的时候也会想很多，这时会感觉自己有异常的精力或者多动行为吗？,我就觉得自己短实际爆发力不够水平，心态也不稳定。,0
Y2,了解，那您有没有觉得日常活动中精力特别高或者活动量异常增多呢？,不太会，我觉得我没有那么多的精力。,0
Y2,那你现在的生活有没有受到这种关系的影响呢？比如说做事情时的能量水平。,是的，我变得懒散，很多事也没有动力去做。,0
Y2,很多人都渴望有一个喘息的空间呢。说说在学习期间，你是否感到过精力特别旺盛或者活动量增加？,没有，我感觉特别疲惫。,0
Y2,运动和音乐确实是不错的放松方式。你最近是否感到精力不足或者活动量减少了呢？,是的，有时会感觉特别疲惫，不想动。,0
Y2,您对这个问题的处理确实很理性。在这种情况下，有没有感到过多的能量或者活动呢？,没有，我并没有精力过多的感觉，更多是觉得心累。,0
Y2,这也许值得关注。您有没有注意到他最近的活动水平有变化呢？比如说过于兴奋或者精力过多？,没有特别注意到，好像还好吧。,0
Y2,听你这样说，我有点担心。你有没有感到整个一天都非常疲劳，即使是在不做运动的时候？,是的，我甚至都不知道为什么会这样累。,0
Y2,如果您总是感觉情绪低落，也可以通过身体运动来释放压力。您是否感觉自己经过这个事件后精力或活动量特别高？,不，我很懒散，缺乏动力。,0
Y2,母亲的理解对你来说是个重要的支持系统。能和她敞开心扉，一定能减轻不少心理负担。其他方面，你有没有注意到睡眠之外的精力变化，比如精力过剩或活动增加？,白天的精力还好，没有明显的变化。晚上有时有点累，但总体OK。,0
Y2,这种情绪波动听起来很辛苦。平常生活中，您是否觉得自己活动过多或者精力过于旺盛？,倒没有，我有时候会觉得自己动都不想动。,0
Y2,不用客气，我们会一直在这里帮你。你有没有觉得最近活动量过大或者精力过于旺盛？,最近没有感觉精力特别旺盛。谢谢关心！,0
Y2,知道吗，这种情绪波动对她的影响确实挺大的。那之前她有没有表现出过分活跃或者精力特别旺盛的时候？,嗯，没有过这样的表现。,0
Y2,这是一个很有趣的现象。在这些特别努力学习的时间里，你是否感觉到自己的活动量或者能量水平比平时要高很多呢？,没有特别感觉到变化，其实还好。,0
Y2,尝试新方法可以打开新的方向。你觉得在白天的时候，自己的行为有没有变得更加冲动？,没有，我觉得还挺正常的。,0
Y2,最近在工作或者学习方面感觉精力如何？有没有觉得使不完的劲儿？,还好，挺正常的，没啥特别的感觉。,0
Y2,随时欢迎你来，任何时候我们都可以聊聊。你是否现在感到有劲头重新开始？,谢谢你，我感觉还不错！,0
Y2,是否感到精力不足或者总是疲惫不堪呢？,其实没有，我感觉精力还挺充沛的。,0
Y2,你这样做是很好的应对方式。可是，在这段关系中，你是否感到自己的精力特别充沛，有时候甚至活动水平异常高？,其实没有，我感觉还好。,0
Y2,他是否在有压力的时候显得精力充沛或过度活跃呢？,没有这个情况哦。,0
Y2,领导的体谅是件好事，但你会不会觉得自己在工作中总是容易疲惫？,“工作还好，就是偶尔会有点累。”,0
Y2,这听起来您在努力控制自己的情绪。您是否有注意到自己的活动量或者能量是否有所增加呢？,没有，我没感觉到任何变化。,0
Y2,是的，他们往往适应能力强，热爱挑战。那么，您有没有注意到他们在群体中是否显得特别活跃呢？,嗯，我没怎么注意到这种情况。,0
Y2,这听起来很孤独。你提到对学习有恐惧感，这种感受是否影响到你的日常活动或让你感到异常疲惫或者精力过盛？,其实还好，没太大影响。,0
Y2,真希望我能帮你减轻一些负担。你觉得这种责任感让你精力充沛，还是让你更容易感到疲惫？,我感觉还好，谢谢你的关心！,0
Y2,她在和男老师互动时表现得很主动吗？,"还好啦，她挺随和的。",0
Y2,不妨尝试从小事情聊起，比如问问大家最近忙些什么。你认为自己缺乏和室友互动的动力吗？,好主意！其实我挺享受和他们聊天的。,0
Y2,这样的反应在经历情感挫折时很常见，在面对男友这些行为时，你觉得他是否有过于强烈的控制欲？,我没觉得他有控制欲。,0
Y2,说得很有道理。从这件事之后，你的活动量或者精力有没有什么变化呢，比如感觉不太有力气或者特别疲惫？,没有什么变化，感觉还挺正常的。,0
Y2,这种经历有可能会影响你的社交生活。现在的日常生活中，你有没有感到精力充沛或者活动量异常增高的时候呢？,没有，感觉还挺正常的。,0
Y2,这些感受怎能不烦扰！那你每天的活动量或精力是否有所改变呢？,没啥变化，一切如常。,0
Y2,他在工作上会有异常活跃或者过多精力的表现吗？,没有，他在工作上挺正常的。,0
Y2,理解，如果观察到这样的情绪状态变化，也许能帮助我们更好地理解他的行为。你认为a在活动时的精力是否显得过多或异常积极？,没有，他的精力挺正常的。,0
Y2,了解。那你父亲的这些行为还有哪些表现，比如说出门走动或活动频繁吗？,没有这种情况出现哦。,0
Y2,这会是一个好的开始。你们的共同时光中有没有让你在没有计划的情况下感到精力充沛的时候呢？,嗯，有几次真的很有活力！,0
Y2,接纳自己需要时间和努力。也许我们可以从小的方面开始，比如接受自己的不完美。您是否注意到有时您的行为是否让您感到异常亢奋或精力过剩？,我还好，谢谢关心，没注意到有这种情况。,0
Y2,平时的活动安排得这么满，一定让你感受到很大的压力。你是否有因为这些活动感到疲惫的时候？,其实还好，我不太觉得累。,0
Y2,仅你一人就已经走出了重要一步，未来还有很长的一段路。,谢谢你，我会继续努力的！,0
Y2,在处理这些问题时，您觉得是否消耗了过多的精力？,还好啦，没觉得特别累。,0
Y2,听起来他的体力和精力水平好像比平时更高呢。,嗯，我感觉还好，没什么特别的。,0
Y2,是的，您是否觉得在高考期间有充足的精力去关注这份感情呢？,高考挺忙的，感情也得放一放。,0
Y2,有时候，情绪的波动可能会影响我们对事情的反应。你注意到她在和侄子互动时，精力特别充沛吗？,没有特别注意到呢。,0
Y2,相互间的理解确实需要沟通的桥梁。当前你是否发现自己活动过多或精力过剩？,没有啊，我觉得还好。,0
Y2,搭讪的过程中，是否让你感受到异常高的活动水平或过多的精力？,没有啊，我觉得挺正常的。,0
Y2,这是可以理解的反应。那在这样的情况下，你的活动或精力有没有受到影响呢？,没有影响，我精力还不错。,0
Y2,这可能需要一个双向的努力。在这样紧张的情况下，您有没有注意到自己的精力或者活动水平有变化？,没有特别的变化，感觉还好。,0
Y2,软弱有时让人感到无能为力。你平常的生活中是否感觉到缺乏精力去做事情？,还好，平时精力挺足的。,0
Y2,最近他似乎精力过盛吗？可能活动过多？,没啊，我感觉还好呢。,0
Y2,这可能是一种复杂的情绪呢。您有没有觉得精力过剩，或者难以放松下来？,没有耶，我感觉挺正常的。,0
Y2,这种时候，你可以自我提醒，让自己专注于手边的工作任务。你有没有在见到他时表现出特别高的活力或亢奋呢？,没有哦，我很平静。,0
Y2,很好，参与学校活动既能拓宽人际关系，也能让自信心得到提升。除了这些，你是否发现自己对其他事情比以前更感兴趣？,没发现什么特别的变化，但感觉还不错！,0
Y2,活动量或精力有没有比平时明显增加？,很放松，没什么特别感觉。,0
Y2,你觉得他的精力水平是否有异常的变化？,没有特别的变化。,0
Y2,不用客气，帮助学生的成长是我们共同的目标。对于此类情况，你有探讨更多的可能性，例如a的运动活动水平会进而变化吗？,好的，我会再考虑一下其他可能性。谢谢建议！,0
Y2,他对你来说真的像一个很温暖的人。那么这么频繁的见面和交流有没有让你觉得自己精力特别充沛或者行动增多呢？,没有，我觉得还好。,0
Y2,这可能说明您的活动量或能量水平不同于以往。,哦，那还好，我感觉还挺正常的。,0
Y2,听起来那种正面的反馈对你很重要呢。在那段时间，你有没有感到自己的精力和活动水平在增加？,没有，精力和活动水平没有变化。,0
Y2,是否还有其他情况让您感到精力充沛甚至过剩呢？,没有哦，我没有这种感觉。,0
Y2,那您觉得沟通有助于解决这个问题吗？是否有计划要求对方做出改变？,我觉得沟通挺重要的，但不强求改变。,0
H11,有时候接受支持对我们来说很重要。你有没有在身体上感到不适，比如头痛或胃部不适？,头痛有过几次，主要还是睡眠不足。,1
H11,是的，适时的休息会帮助你更好地准备。有没有因为长期紧张的备考而出现身体不适呢？比如心跳加速或头痛。,有时候会感觉心跳很快，特别是考试模拟题一做，我就觉得很紧张。,1
H11,您有没有注意到这种焦虑表现出在他们的肢体动作或情绪上？,嗯，他有时会显得坐立不安。,1
H11,你会有身体上的不适，例如头痛或胃痛吗？,有时候压力大了，会有些不舒服。,1
H11,平时是否有因这些情况感到焦虑或有任何生理性焦虑症状，比如心跳加速或胃部不适？,是的，我有时候感到心跳加速，胃也不太舒服。,1
H11,友情中的不确定性是否会让你有身体上的一些反应，比如胃痛或心跳加速？,有时候会。我有时会觉得胃不太舒服。,1
H11,这些复杂的情绪确实让人不安。对于这些情绪，你是否曾因为爱和关注不够而感到紧张呢？,是的，有时这些想法会让我特别紧张。,1
H11,彩礼的事情似乎对你影响很大。当时你感到心理上或身体有什么不适吗？,是的，很多时候我觉得心跳加快，晚上睡不好。,1
H11,从你的描述中，我能理解到这些回忆给你带来的困扰。是否在回想不开心的经历时感到身体不适，比如心悸或头痛？,有时候会，心跳会加快。,1
H11,如果生理上有任何焦虑症状，请告诉我，比如心悸或头痛。,偶尔会心悸。,1
H11,这种社交恐惧是否伴随着一些心理或身体上的焦虑症状，比如心悸或紧张感呢？,是的，有时候会感到心跳很快，浑身不自在。,1
H11,您的反思可能加重了这种焦虑。那在社交活动中，您有没有感受到身体上的焦虑症状，比如心跳加速或出汗？,有时候会，在人多的场合，手心就不自觉地出汗。,1
H11,处在这样的状态，对日常生活也会有影响。生活习惯的一些小调整可能会有所帮助。那您最近有没有在应对情感或社交关系时感觉到紧张、心跳加速或胃部不适之类的身体焦虑症状呢？,嗯，我的胃有时候会痛。,1
H11,这种独处的感觉可能会影响你的大学生活。不知道有没有感受到生理上的反应，比如心跳加快，胃部不舒适？,嗯，有时候会感到有点紧张，尤其是面对人多的环境。,1
H11,伴随着这些情绪，你有没有感觉到一些身体症状呢，比如心跳加快或其他不适？,有时候有点头痛，但我不确定是不是有关。,1
H11,听上去这已经对您的身体产生了影响。在面对这些感受时，您会感到相关的身体焦虑症状吗？,是的，尤其在我发现自己在无意识里持有这种感觉时。,1
H11,很好，有时候轻微的调整就能产生意想不到的效果。当你想到这种人际关系的困扰时，是否感到某种身体上的不适，如心跳加速或头痛？,有时候会心跳很快，特别是在考虑这件事的时候。,1
H11,忧虑在所难免，但我们应该学习与它们共存，而不是被它们左右。这样持续的压力是否已经让你感到身体不适，比如心悸或者头痛呢？,偶尔有一点，特别是心悸。,1
H11,在关系中感到不满或压抑时，您是否会感到身体某些部位的紧绷或不适？,有时，确实感觉肩颈有些紧绷。,1
H11,她有因为不安全感表现出躯体症状吗，比如胃肠道不适或者其他症状？,有过几次她抱怨肚子痛，我想可能是因为紧张。,1
H11,除了心跳加速，有没有其他身体上的不适？,有时候会头痛，甚至有头晕的感觉。,1
H11,"可能他在用一种消极的方式应对这些困难。不知道他是否感到焦虑？ ,",他有时候会说自己感觉心慌。,1
H11,您提到过在图书馆时心跳加速手抖，这是经常发生吗？,有时候发生，特别是在高压力的场合。,1
H11,当你感到恐惧和犹豫不决定时候，有没有经历过头痛或心慌等躯体不适？,我有时候会头痛，但心慌倒不多。,1
H11,和不同的人交流是有挑战的。那次促销经历之后，你有觉得自己特别难以集中或者感到极度紧张吗？,是的，我总是觉得和别人不在一个频道上，说话也不自然。,1
H11,身体的反馈有时候比心情更真实。你有没有观察过当你感到恐惧时，是否觉得身体有不适，像心跳加速或头痛？,有些时候会心跳加快，但也不确定是不是因为害怕。,1
H11,在你生病时，你有因为他的态度感到身体或心理上的其他症状吗？,有时候会很烦，他的态度让我感觉很无助。,1
H11,在其他不需要集中注意力的活动中，比如散步，症状会减轻吗？,是的，轻松的活动确实能让我感觉好一些。,1
H11,理解这种顾虑很正常，不过心底的思虑可能也会给你带来内心的不安。你是否有过这种不安或害怕呢？,当然有，我很怕失去他，即使我们已经分开。,1
H11,理解，您在和相亲对象相处时，有感到过身体不适或者不安的生理反应吗？,是的，有时候会，尤其是心跳会加快。,1
H11,偶尔回忆过去，你是否感到痛苦或未解的情结呢？,有时会，这让我感到一种无法释怀的情绪。,1
H11,这种情形下，您有没有过身体上的焦虑症状，比如说心跳加速呢？,是的，有时候会感到非常紧张，心跳加速。,1
H11,我建议多注意一些身体的信号，在压力大的时候，这些是常见的身体反应。,我会尝试多加注意。,1
H11,焦虑会影响我们的很多方面。你有没有感受到身体上的不适，比如心跳加快、头痛？,偶尔会有心慌和头痛。,1
H11,这听起来很困扰。也许可以先练习一下如何陈述自己的想法。感到不安的时候通常有什么特别的生理反应吗，比如心跳加快或者流汗？,嗯，心跳会加速，还有时会出汗。,1
H11,这听起来是个很好的行动计划。您提到孩子害怕写不好字，孩子对写字的过程是否也感到非常紧张或焦虑呢？,她的确看起来很紧张，写的时候总是犹豫不决。,1
H11,当您努力控制饮食时，是否有体验到加重的身体症状呢，比如心悸或头痛？,有时候会有些不舒服，但我以为那是正常的。,1
H11,这种反应是否包括身体上的干口或心悸？,是的，有时会感到心跳加速，尤其是在公众场合。,1
H11,这种焦虑是否会引发身体不适，例如心悸或胃肠不适？,心悸也有发生，但不像胃痛那么频繁。,1
H11,你对她有感情洁癖，这是否导致你常感到焦虑，比如心口闷、心跳加快等身体反应？,没错，我有时真的会这样。,1
H11,这可以是个释放情绪和重新思考的好方法。你有没有感到身体上常有紧张、不适或者其他身体焦虑症状？,有的时候会，尤其是在很焦虑的时候，我通常会有头痛。,1
H11,在跟他交流的过程中，你有没有感觉身体上的不适，比如心脏不适或头痛？,有时候心会有些紧张，尤其是不知道该如何回应他的时候。,1
H11,你的努力没有得到回报，这种不公平感一定让人难以承受。,是的，我开始怀疑自己的能力，可明明我是很努力的。,1
H11,感觉英语学习对您造成了不少困扰。这种情况是否引发了身体上的不适或者焦虑的感觉？,我有时候会感到头疼，特别当我看到英语的时候，真的很难受。,1
H11,这确实复杂。经济上的不同意念会让您对未来的财务保障感到担忧吗？,我会有点担心，尤其想到以后可能无依无靠。,1
H11,这种感觉是否伴随着身体上的不舒服，比如心跳加快？,偶尔会有。,1
H11,很好，有时转移注意力是有效的。当你想起这位老师时是否伴随有生理上的反应，比如心跳加速？,有时候是这样的，会感到紧张。,1
H11,人多的时候会感到压力是很普遍的现象。你有没有寻找过一些方法来缓解这种不适感呢？,尝试让自己放松，但效果可能不明显。我内心很想和大家打成一片。,1
H11,有这个念头已经很了不起了，相信你一定会找到适合的方式来经营这段感情。你觉得自己的专注力常常被这些情绪问题分散吗？,有些时候是的，每次吵架就特别明显。,1
H11,很好，这些方式都能够帮助你缓解压力。身体上有出现心悸或冒汗吗，在反应强烈的时候？,有时候会有心悸，比较少冒汗。,1
H11,能感觉到您在努力寻找放松的途径，可能有时效果并不如人意。那您有任何身体上的不适吗，比如头痛或心悸等？,有时候会觉得心跳加快，特别是夜晚躺下的时候。,1
H11,适当的休息和调整方法能在这个过程中有帮助。在这些情绪困扰下，你有没有出现过躯体上的不适？,有过，偶尔会心跳加速和紧张。,1
H11,这确实很困难。您是否曾因这样的压力经历过生理不适，比如头痛或心悸？,有时会感到头痛，还伴随失眠。,1
H11,理解你的顾虑。那在这段关系中，你有没有感到过身体上的症状，比如头痛或心悸呢？,是的，有时候感到很紧张，甚至会有些头痛。,1
H11,明白。工作和家庭关系的平衡是需要处理的。你觉得自己在家庭中的角色有变化吗？比如说变得更紧张或焦虑？,在他们争吵时，我的确会感觉自己变得非常紧张。,1
H11,这个过程中，感到生理上的不舒服，比如头痛或者心跳加速吗？,有时候会，特别是在想到这些事情的时候。,1
H11,当情绪负荷过重时，你有出现过因焦虑产生的身体症状吗，比如快速心跳或不适感？,偶尔会有快速心跳和喘不过气的感觉。,1
H11,这种不安是可以通过慢慢积累正面交流经验改善的。你设想着另一半需满足的条件是否可能带来负担或压抑感呢？,想想是有些过分，我也苦恼过。,1
H11,自卑感是一种需要不断勇敢面对的感觉。世界上没有完美无缺的人。调整自己对完美的要求，可以给自己更多空间。你常常感到紧张和焦虑吗？这种焦虑有没有伴随着身体的反应，比如心跳加速或胃部不适呢？,有时候会，特别是心跳会很快。,1
H11,想到这件事的时候，您的身体会有不适吗？比如胃痛或者头痛？,有时压力大的时候会胃痛。,1
H11,焦虑的感受会让人很不舒服，那身体上有出现焦虑的症状吗，比如心悸或者头痛？,有，我有时会心跳加速，还有头痛。,1
H11,这些身体上的症状反应出你内心的焦虑状态。在紧张或身体不适时，出现如胃部不适或心跳加速等症状吗？,是的，尤其是在快要演讲的那一刻。,1
H11,能理解你那种纠结的感受。这种思维模式有可能会让你产生强烈的身体反应，比如出汗或颤抖吗？,是啊，有时候手心会出汗，身体也会有些颤抖。,1
H11,面对相亲这种事，你会有身体上的哪些反应呢？比如心悸或者头痛之类的？,有时候会感到心悸和焦虑，特别是电话响起的时候。,1
H11,有没有因此感到身体上产生过不适，比如头痛或消化不良？,有时会，特别是压力大的时候。,1
H11,您的努力值得肯定！准备过程中有感觉到特别紧张或是有身体不适吗？例如手脚冰凉？,是，有时候感觉很冷，尤其是在想辩论内容的时候。,1
H11,每个人都有不同的交流方式，不要太苛责自己。在社交互动中，你会觉得和她们沟通困难吗？,是的，有时候不知道要怎么开启话题，挺困扰的。,1
H11,您提到总是感到恐惧和不安，是否伴随着身体上的不适，比如心悸或头痛等症状？,心悸我倒是时常有，尤其是晚上睡不着的时候。,1
H11,任何改变都需要时间。那在感到压力大的时候，有没有身体上不适的体验，比如干燥的口腔或头痛？,偶尔会有头痛，但我一般没太重视这些。,1
H11,这种躯体症状很可能伴随抑郁一起出现。有没有观察到他有其他身体不适呢，比如干嘴巴或者头痛什么的？,有时候会抱怨些心悸和头痛。我想这些都和他的情绪有关。,1
H11,这是非常值得骄傲的进步！在高二和高三期间，你有没有出现过不常见的身体不适或者焦虑症状？,偶尔会有，比如心跳加快、胃痛。,1
H11,那这种紧张情绪会引发你身体上的不适吗，比如头痛或胃肠不适？,有时候会吧，特别是胃里会觉得不舒服。,1
H11,睡眠不足会对情绪有很大影响。他有没有喝酒后情绪和焦虑加剧的现象？,是的，有时候喝酒后会更容易激动。,1
H11,这种感觉很现实。在这期间，你有没有注意到任何身体上的变化，比如头痛或者其他不适？,我确实有时会头痛，也觉得心跳快。,1
H11,除了情绪上，你有没有注意到一些身体上的变化，比如心跳加速或胃部不适？,是的，有时我会感到心跳很快，但我以为只是因为紧张。,1
H11,这种睡眠问题对你的日常生活有较大的影响。你觉得在早晨或者晚上情绪上会变得更糟吗？,早上的时候比较难受，因为想到一天的压力。,1
H11,我理解您的感受。您有没有心烦意乱或者头痛的症状呢?,有时候会有，特别是在想到这些事的时候。,1
H11,听上去你真的承受了很多压力。最近你为学英语付出了很多努力，这让你感到不安或者焦虑吗？,是的，有时上课让我感到压力很大，怕自己跟不上进度。,1
H11,你是否因担心婚姻而感到身体上的不适，比如失眠？,有时候晚上会很难入睡。,1
H11,您的感受是非常真实的，并且很容易在这类情况下感到压力。您有没有发现自己在身体上也有一些不适感？比如口干、心悸等？,有时候会感到心跳加速，但我以为是因为天气太热或者其他原因。,1
H11,你曾提到对任何干扰很敏感，像同桌的声音。现在这种情况如何呢？,现在似乎没有那么严重了，不过有时候还是会被打扰到。,1
H11,找到合适的方法需要时间，不妨尝试不同的技巧。你体验过坐立不安的状态吗？这种状态通常持续多久？,是的，有时候会这样，大概持续十几分钟吧。,1
H11,这些身体焦虑的症状会不会让您感到困惑和担心呢？,是的，我有时觉得自己是不是得了什么病。,1
H11,平时在情绪低落的时候，你身体有没有任何不适，比如头痛或者胃部不适？,会有一些胃部不适，但不太严重。,1
H11,这可能是因为你在意别人眼光的压力让你感到焦虑，对吗？,确实是，我有时候特别注意别人的反应，总觉得自己在他们的关注下生活。,1
H11,听起来你面临着很大的压力。您是否在这种压力下出现较明显的焦虑症状，比如心慌、头痛或手抖呢？,是的，有时候我确实有这些症状。,1
H11,对啊，困难总是挑战了我们的坚持和选择。,我甚至不知道该不该因为男友的工作不稳定而放弃一些东西。,1
H11,真的太让人心疼了！这样的经历一定让人难以忘怀。关于这种经历，你现在是否还感到害怕或有类似创伤的感觉？,有时候会做噩梦，但我已经尽量不去想。,1
H11,听起来你在追求个人空间和独立性。那么，在和父母的沟通过程中，你会不会尝试证明自己的观点？,我确实试图解释和证明，但最终还是争吵。,1
H11,你提到感到疲累，是否有过因为焦虑或压力而身体不适的情况？,是的，有时会心悸和头痛。,1
H11,面对女儿的情绪，保持镇定是件不容易的事。面对这些状况会感到身体上的不适吗？比如头痛或心悸。,有时会头痛，尤其是压力大的时候。,1
H11,除了心理上的压力，还有其他不适反应吗？比如头痛或心悸。,有时候会有，尤其在压力大的时候。,1
H11,这种探寻会让您感到身体上有任何不适吗，比如胃部不适或心跳加快？,没有特别注意到身体的不适，主要是思想上的烦闷。,0
H11,你提到处理沟通问题时，感到有压力反应，比如身体上的不适？,不适倒是没有，只是感到略微的焦虑。,0
H11,您的身心健康都很重要。那有没有出现身体上的焦虑症状，比如心悸或头痛？,没有，我没出现这些症状。,0
H11,这种不喜欢社交对你自己造成困扰了吗？,没有影响，挺习惯这样的。,0
H11,面对考试的压力需要一些策略，你认为需要尝试与他人建立关系吗？,当然，跟大家聊聊可能会有帮助！,0
H11,那些愤怒之后，你会具体怎么反应呢？会感到身体紧张或不安吗？,不会有特别反应，挺正常的。,0
H11,在这种情况下，你有感觉到明显的心理或身体上的焦虑吗？,没有特别焦虑的感觉。,0
H11,这种情况下，你有没有注意到身体上的变化，像是胃痛或心慌？,没有特别注意到这些变化。,0
H11,未来可能带给我们许多机会和希望。从外婆和他那里得到的安心感，是不是担心失去会影响到你感到孤独呢？,有时候会担心，但现在还好。,0
H11,你在社交场合中感受如何？我们可以练习一些社交技巧，或许能帮你减轻焦虑。,其实我在社交场合还挺放松的，谢谢关心！,0
H11,运动对情绪有益，可以考虑重新开始。你是否会因为身体原因感到焦虑，比如心悸或头痛？,"运动确实不错，没啥身体焦虑的症状。",0
H11,这需要些时间，但我们会一起找到好的方法。你平时会不会因为对人际关系和界限的不明确而有身体不适呢？,不会，我身体还好。,0
H11,焦虑会影响很多事情，包括身体。有时候会有心慌或口干的感觉吗？,不会有这些感觉。,0
H11,我明白，让自己分心可能只能暂时缓解一些感觉。你有没有因为这些心情而感到身体上的不适，比如头痛或心跳加快？,没有，我没有这种身体不适。,0
H11,这种突然激增的精力和突然疲惫的反差是双向情感障碍的一部分。有没有注意到在这些情绪波动期间有其他的生理症状发生，比如胃部不适或心悸？,没有注意到这些症状。,0
H11,这很重要，寻找理解和支持是保持心理健康的关键。 但是，别忘了你也可以塑造自己的支持网络。,我会努力去做，谢谢提醒！,0
H11,在受到批评时，会不会感到特别紧张不安，甚至身体不适？,不会，我还好。,0
H11,失眠的问题也许是由焦虑引起的。你觉得自己在应对这些情绪困扰时焦虑吗？,其实我没有感到特别焦虑。,0
H11,真糟糕，这种被排斥的感受会让人感到孤独。,真是糟糕，不过我还好。你呢？,0
H11,你提到焦虑，这会对身体产生一些影响，比如心悸或头痛。你有这样的身体不适吗？,没有，我还好。,0
H11,焦虑的时候有没有什么身体上的表现呢，比如心跳加速或头痛？,没有这些表现呢。,0
H11,这种焦虑会在身体上表现出来吗？比如头痛或心悸？,不会，我没有这些症状。,0
H11,与孩子相关的任何事都充满挑战。你是否对男友与女儿关系的变化感到害怕或恐惧？,不害怕，只是有时会有点担心。,0
H11,人多的环境会让人不安。你有时觉得到学校会更焦虑吗？,我还好，学校环境对我影响不大。,0
H11,你提到双方在生活方式和价值观上有差异，这让你感到无奈吗？,没那么无奈，就是有点烦心。,0
H11,这些可能是焦虑的表现，你猜这跟你的情绪变化有关系吗？,我觉得没啥关系。,0
H11,你在说到家人时提到他们的嘲笑和矛盾，这让你是否感到内心的负担或压力？,哦，其实说起来还好啦，没啥压力。,0
H11,这真是个好消息。那您身体上的不适，比如头痛或心悸，是否有所缓解呢？,没有这些症状，感觉还好。,0
H11,这种不真实感应该很困扰你吧。你有没有感到身体上的焦虑，比如心慌或紧张？,没有，那方面我还好。,0
H11,这样的反应是常见的，希望知道您是否感受到某种焦虑反应，比如心跳加速或胃不适？,没有感觉到这种症状。,0
H11,这种不确定性，是否让你对她产生了一些敌对的情绪呢？,没有，没感到敌对情绪。,0
H11,现阶段这些焦虑和疑病情绪是否导致任何其他身体不适，比如心悸或头晕？,目前没这些症状。,0
H11,"找到稳定自己的方式非常重要。你在日常生活中，是否感到心理上的焦虑或者身体症状，比如心跳加快或胃部不适？,",没有这些症状哦，感觉还好。,0
H11,你的内心深处似乎有很多担忧，这样的担忧是否常常让你感到心理上的焦虑或体验到身体的不适呢？比如说口干、心悸、头痛等？,没有这些症状呢，还好啦。,0
H11,确实如此，耐心和坚持都是很重要的。在目前这个阶段，你有感到心理或身体上的焦虑症状，比如呼吸困难或口水强迫吗？ 和,没有这些症状，感谢关心！,0
H11,那回忆起过去会有身体上的焦虑反应吗？,没有那种反应哦。,0
H11,有没有不想提起的家庭紧张时刻？,哦，没有特别想避开的事。,0
H11,是的，在那么艰难的时刻，倾诉其实非常重要。你提到身体发抖，那种状态还会伴随有其他身体上的焦虑症状吗，比如心跳加速或者头痛？,没有其他症状，就是有点发抖。,0
H11,嗯，情绪管理很重要。您在反复思考这些问题时，身体有紧张或不安的反应吗？,没有，我还好，谢谢关心。,0
H11,面对这样的压力，是否感到身体有不适的症状？比如心跳加快或者胃部不适。,没有，我身体还挺好的。,0
H11,您是否有任何身体上的焦虑症状，比如心悸或头痛？,没有这些症状。,0
H11,那时是否感到强烈的抑郁或焦虑？,没有感觉到那些情绪。,0
H11,在这些时刻，您是否会感到身体不适，比如心悸或头痛？,没有哦，我没这方面的症状。,0
H11,工作中的压力来源有时是隐藏的，你有想过自己工作过程中遇到心理问题时的典型反应吗？,我通常没啥特别反应，可能还没意识到。,0
H11,在晚上的压力更明显时，是否也有躯体症状，比如心悸或者胃部不适呢？,没有，我晚上没有这类症状。,0
H11,自我怀疑其实在某些情况下是很正常的，希望你知道这种情绪不会定义你全部的价值。说起来，谈到发抖和胸口闷，你有感到有压迫感或者心悸吗？,我没有那种感觉，就是有点情绪波动。,0
H11,保持健康的饮食也很重要，这也是增强情绪应对的基础，你有没有因为这些担忧出现身体不适，比如心悸或胃部不适？,没有哦，暂时还好。,0
H11,你觉得由于一切状况，有没有觉得自己有责任照顾好家人的健康，从而感到压力呢？,我觉得没太大压力，挺好的。,0
H11,这是一个很好的目标！另外，对婚姻现状的困惑有没有影响到您对未来的计划或信念？,没有影响，我还是挺乐观的。,0
H11,有体会到身体上的不适吗，比如头痛心悸之类的？,没有这些症状哦。,0
H11,在这样的情况下，你会觉得自己被误解或者孤立吗？,不会，我觉得还好。,0
H11,在这样的情形下，我们确实要小心自我评价。现在，我们来聊聊关于恐慌和身体反应的事，你有过心跳加速、口干或其他身体不适吗？,嗯，没有这些症状。,0
H11,你的自我反思非常好。你有没有观察到自己在这些事情上除了情绪以外还有别的反应，比如心理或者生理上的？,没有特别注意到其他反应。,0
H11,是的，耐心是改善关系的重要因素。 这种家庭关系的变化是否让你感到压力以及它是否在生理上表现出来？,没有特别的生理反应，我还好。,0
H11,那么，最近还有没有其他方面的事情也让你感到无奈或恐慌呢？,最近还好，没啥特别的。,0
H11,看来兴趣能够帮助你缓解一些社交带来的压力。你提到有用药控制情绪，那你在用药的时候有没有其他困扰，比如心悸或干口？,没有这些症状，感觉还好。,0
H11,每一天都能有所进步是值得庆贺的事情！你体验过除了心慌和紧张外，还有出汗、手抖等身体反应吗？,"嗯，没怎么体验过这些反应呢。",0
H11,你有没有其他身体的不适感，比如胃痛、头痛或者心悸呢？,没有这些症状。,0
H11,很好，对于任何改变，一点一点来，不求一蹴而就。任何身体上的焦虑症状，比如心悸或头痛，有吗？,没有这些症状。,0
H11,努力保持信心，挑战也是成长的一部分。您有过焦虑的症状吗，例如心悸或头疼？,没有呢，不过会有其他的情绪波动。,0
H11,听起来你在内心深处还纠结于这段关系。有没有觉得在身体上有任何不适的反应，比如头痛或心悸？,没有身体上的不适反应。,0
H11,这种恐惧的心理会带来哪个方面的焦虑反应呢，比如身体上的症状？,身体上没啥特别症状。,0
H11,放松确实是一个挑战，有时候需要时间才能见效。在这些紧张时刻，你有身体上的反应吗，比如皮肤刺痛或心悸？,没有这些反应，就是觉得心烦。,0
H11,这个愿望值得努力。你有没有觉得在父母的期望中承受了很大的压力？,感觉还好，父母挺支持我的。,0
H11,这些担忧会让我们感到不安和焦虑。近期你有没有出现过头痛或心悸的情况？,没有，我没有这些症状。,0
H11,沟通在关系中确实很关键。你对处理室友和同学之间的事情时，是否觉得自己更容易感到紧张或焦虑？,还好啦，跟他们相处还算轻松。,0
H11,你之前的心率异常，会不会有可能是和焦虑有关系呢？,应该不是焦虑的问题。,0
H11,听起来这让你也很难过。你提到过你母亲的行为让你感觉到了身体的抗拒，这种抗拒是否引发了心理或身体上的不安？ 和,没太大影响，就是有点不舒服而已。,0
H11,听起来像是你在小心翼翼地对待这一段情感关系，是否有这样的感觉？,没有特别小心，只是想好好对待关系。,0
H11,这些思想上的压力是否也影响到了身体状况？比如说，心悸、口干等？,没有，身体上还好。,0
H11,您有没有注意到最近有任何身体上的症状，如心慌或头痛呢？,没有，最近身体还挺好的。,0
H11,你害怕恐怖片并在观看时感到极度害怕，这种情绪是否导致身体上的不适，比如心跳加快或出汗？,不会，只是有点紧张。,0
H11,你觉得这些情绪和身体状况有联系吗，比如头痛或食欲不振？,没这种感觉。,0
H11,了解，改变作息可能会有帮助。你看到家人的反应比如你奶奶的那种行为，这对你有什么样的情感影响呢？,其实，我感觉影响不大，习惯了。,0
H11,知道你每天都在努力真的很重要。既然这样，你认为自己有因为学业压力而感到身体不适吗？？,没有哦，身体还挺好的！,0
H11,这除了咽口水，还有没有其他的身体不适，比如心悸或头痛？,没有这些不适。,0
H11,这种情绪听上去非常复杂，女主在处理这些情绪时是否有感受到  或者 ？,嗯，我没有这种感觉。,0
H11,那么你有没有感受到身体上比如说心跳加速的反应？,没有，我没有这种感觉。,0
H11,听起来，你在努力寻找出口。有没有觉察到身体上的不适，例如心跳加速或其他？,没有身体不适，就是心有点累。,0
H11,很好，那这次女领导的行为是否引发你对日后工作的恐惧或担忧？,其实没有太大影响啦，感觉还好。,0
H11,听起来有个好计划！在与他人互动中，你是否倍感焦虑或者出现其他身体不适症状？,"其实没有，我还好哦！",0
H11,在这种时候，找到舒缓的活动是很有帮助的。你有没有感受过身体上出现一些焦虑症状，如心悸或者头疼呢？,没怎么感受过，可能还好吧。,0
H11,时间确实是一个关键因素。你有没有感到一些身体上的不适，例如心跳加快或头痛？,没感到这些不适。,0
H11,在这类交流中，你有没有注意到任何焦虑的身体症状？比如心悸或头痛？,没有注意到这些症状哦。,0
H11,听上去真的不容易。面对这些压力和焦虑时，你感觉身体有不适吗，比如胸闷或恶心？,会有的，尤其是重压下时，胸闷得厉害，有时还想吐。,3
H11,完全可以理解你的感觉。这些症状会在身体上表现出来吗？譬如说心跳加速或者头痛？,我当时心跳加快，还觉得脑袋一片混乱。这种感觉变得越来越严重，开始影响我的学习。,3
H11,婚姻中遇到这些问题让人倍感压力，您是否感到某些身体上的焦虑，比如心悸或头痛？,是啊，心悸和头痛都严重影响我生活。,3
H11,你提到人多时会不安，脸是否会发烫，手心出汗？,对啊，每次都这样，真的很难受。,3
H11,在那一刻，你有没有感到一丝生理上的不适，比如头痛或心悸？,"有，头痛和心悸都特别严重。",3
H11,那种催促会让你感到焦虑或者身体上有不适吗？比如心跳加速。,是的，会让我很不舒服，心跳加速。,3
H11,你的害怕曾对你的日常生活有哪些影响呢？,害怕让我很难专注，生活都乱套了。,3
H11,每个人都有独特的美，希望你能看到自己的优点。会因为这些烦恼感到身体健康受到影响吗？,嗯，确实有点影响健康了。谢谢你的关心。,3
H11,那在你的身体上有没有出现一些不安的表现，比如心慌或头痛等？,是的，心慌头痛特别严重，影响生活。,3
H11,这个决定听起来充满挑战。这让你感到焦虑或者害怕吗？,是啊，这让我异常焦虑，真心有点怕。,3
H11,是的，很多人都有类似的感受。那么在想很多事情的时候，会感到身体上的任何焦虑症状，例如心悸或头痛？,是啊，心悸和头痛都挺严重的，真麻烦。,3
H11,这种失眠情绪和压力可能会影响你的身体，你有过身体上的不适吗，比如头痛或胃肠道问题？,嗯，经常头痛，胃也不太好。,3
H11,那在这样的情况下，会有身体上的不适吗，比如心跳加快或者手心出汗？,是的，有时会很严重，影响日常生活。,3
H11,为自己安排一些休息时间很重要，即使只是短暂的放松。关于焦虑，你有没有过身体上的紧张，比如心跳加速或者头痛呢？,是啊，焦虑常让我心跳加速，影响挺大的。,3
H11,有时候在一个领域遇到挫折会影响到其他领域，这很常见。你有没有经历过任何身体症状，比如头痛、心跳加速等，和你的情绪变化相关？,是啊，经常头痛和心跳快，真的挺糟糕的。,3
H11,您的身体状态似乎一直很好，不必过度担心。新环境的应对能力会逐渐提升。考虑到家庭责任，是否让您感到强烈的焦虑？,其实我一直挺焦虑的，特别是家庭责任。,3
H11,那么有一个倾诉的对象还是很重要的。关于你提到的用力抓伤自己的事情，这行为是为了缓解心中的紧张吗？,是的，有时就是想释放压抑的感觉。,3
H11,身体也在回应这些情绪压力，难怪会有如此反应。,是啊，真的有点扛不住了。,3
H11,当你在和老板面对面时无法动弹，你觉得这种情绪是否源于精神上的焦虑，还是伴随身体上的不适？,可能是焦虑太重了，真的很难受。,3
H11,关于白天的活动，您是否会有其他身体焦虑症状，比如心悸或头痛呢？,有时候会有，真的挺难受的。,3
H11,你提到有严重的躯体反应，像是头痛或心悸吗？,是的，症状很严重，生活都受影响了。,3
H11,在这段时间内，您是否感到紧张、心悸或者其他身体上的不适？,是的，这些症状挺严重的，影响生活了。,3
H11,发生什么事情让你觉得不知所措呢？说说看。,事情太多了，我快撑不住了。,3
H11,这是很多人面对压力时会有的问题。您觉得除了工作，生活中有没有其它事情也让您感到焦虑和不安？,"是啊，家庭和健康问题也让我很焦虑。",3
H11,替自己腾出点时间，做一些放松的活动也是必要的。在这种时刻，您有没有产生一些不安或恐慌的感觉？,有时会感到很不安，影响到日常生活。,3
H11,这种适应期有时候确实需要时间。你在试图与新同学建立联系时，是否也感受到了一些疑虑或不安的情绪呢？,是啊，我总是很不安，感觉特别难受。,3
H11,身体的状况会反映情绪状况。有注意到什么身体的不适吗，比如干燥、腹胀、心悸或头痛？,确实有，最近心悸和头痛特别严重。,3
H11,很好，放松练习确实能对焦虑有帮助。 您提到有时候看起来很憔悴，这是否也涉及到身体上的不适，比如心悸或头疼？,是啊，心悸和头疼常让我很难受。,3
H11,很能同情您的感受。那您生活中有因为这样的工作环境感受到身体上的一些不适，比如心跳加速或者头痛？,是的，有时心跳特别快，头痛也常有。,3
H11,那这之间有没有让你生理上也感到不适的经历，比如心悸？,有时候会，挺难受的，需要多关注。,3
H11,你的这种紧迫感是否导致了一些身体上的不适，比如头痛或胃胀？,是的，经常头痛，影响生活很多。,3
H11,逃避似乎是您目前的缓解手段之一，可是，它可能无法永久解决问题。您常常感到紧张甚至出现肠胃不适吗？,紧张到肚子疼，真是太折磨人了。,3
H11,注意到这些变化很好，帮助您更好地管理情绪。您是否有身体上的焦虑症状，比如口干、腹胀、心悸或头痛？,是的，这些症状挺严重的，影响生活。,3
H11,那时一定很难受。交流后感到焦虑或有类似症状吗，比如心慌或呼吸急促？,是的，交流后常觉得心慌，很影响生活。,3
H11,恩，有时候在适合的时机严肃和幽默之间的平衡是很重要的。你还提到心情不好时会有身体不适，比如心悸或头痛吗？,"是啊，心悸和头痛真的让我很难受。",3
H11,这些症状可能和心理压力有关联哦。,嗯，压力蛮大的，真的需要好好处理。,3
H11,这可能是个棘手的问题，你是否还感到身体上的不适，比如头痛？,是啊，头痛得厉害，真难受。,3
H11,如果有这样的恐惧，你的身体是否会有异常反应呢？,是的，会有，比如心跳加速。,3
H11,那您有没有因为这种无法释怀的状态觉得身体有些不适，比如头痛、心悸？,是的，常常头痛、心悸，真的很难受。,3
H11,因为她的更年期对你产生过焦虑或其他症状吗？,是的，确实影响生活，需要更多帮助。,3
H11,听起来家人间的支持对你来说一直很有限。你有没有因为家庭关系感到过焦虑，比如出现心跳加快或其他身体不适的症状？,是啊，常常心跳加快，真的很难受。,3
H11,是的，背景调查的要求有时很严格。您现在有任何身体上的不适吗，例如头痛或心跳加快等？,是啊，有时头疼得厉害，心跳也很快。,3
H11,这段关系中，你有没有因为焦虑或其他因素出现身体不适症状，如心慌或头痛？,是啊，心慌头痛很严重，生活都受影响了。,3
H11,理解。那您有没有在身体上感受到一些不适，比如心跳加速或头痛？,有的，心跳快得厉害，头痛也特别严重。,3
H11,你是否经历过身体上的不适，例如心悸、头痛或其他不适？,是的，症状很严重，影响了我的生活。,3
H11,那种不舒服仅仅是心理上的，还是会有身体上的反应呢？,都有，心理和身体都会受影响。,3
H11,听起来他们的评论对你影响很深。在社交中你是否感到其他人的评论使你无比焦虑，甚至身体产生不适，比如心悸或头痛？,是啊，他们的话让我焦虑，常常心悸头痛。,3
H11,这种紧张感有影响到你的身体状况吗，比如心跳加速或其他症状？,是的，心跳快得让我很难受，影响很大。,3
H11,想到这件事的时候，您的身体会有不适吗？比如胃痛或者头痛？,是的，我经常感到胃痛和头痛，特别严重。,3
H11,很好，有时转移注意力是有效的。当你想起这位老师时是否伴随有生理上的反应，比如心跳加速？,是的，想到他心跳会狂跳，挺影响我的。,3
H11,这说明你对自己的要求很高。在这个过程中，你有没有感到心理或身体上的任何焦虑呢？,是的，焦虑很严重，影响生活了。,3
H11,很好，这对提高安全感很有帮助。在生理方面，最近因为焦虑有没有身体上的不适，比如心慌或者胃部不适？,最近心慌厉害，胃也不太舒服。,3
H11,面对这样的反应，您是否有感觉到对潜在伴侣的相处变得更加紧张？,是啊，感觉相处真的越来越难了。,3
H11,那在这段期间，你有没有感觉到身体上的不适，比如心慌或头痛呢？,嗯，有，心慌头痛很严重，影响生活。,3
H11,能够理解，这种不信任常常和之前的经历纠缠在一起。您觉得这种不信任还有没有影响到身体的状况，比如头痛或心悸？,"嗯，有时候会头痛，心悸也挺严重的。",3
H11,最近身体焦虑反应严重吗？,“感觉糟透了，真的需要帮助。”,3
H11,这种躯体症状很可能伴随抑郁一起出现。有没有观察到他有其他身体不适呢，比如干嘴巴或者头痛什么的？,对，有时头痛挺厉害，真受不了。,3
H11,对失去的担忧不少见，你觉得不安或者焦虑吗？,是的，我常常感到非常焦虑。,3
H11,这种独处的感觉可能会影响你的大学生活。不知道有没有感受到生理上的反应，比如心跳加快，胃部不舒适？,"对，有时心跳好快，感觉很不舒服。",3
H11,身体的反馈有时候比心情更真实。你有没有观察过当你感到恐惧时，是否觉得身体有不适，像心跳加速或头痛？,"是啊，心跳狂飙，头痛欲裂，真够呛。",3
H11,听起来情况确实需要引起重视。有没有感觉到头疼、心悸或肠胃不适等生理上的焦虑表现？,"有啊，特别严重，真让人难受。",3
H11,"那你还算是蛮规律的，有没有其他身体不舒服？ , 不会说头晕头痛啊，胸闷心悸，或者是腰酸背痛？",经常有这些症状，得好好处理。,3
H11,"啊你自己的身体还好吗?会不会觉得有时候会不舒服，因为之前你有说到频尿  ,",最近确实不太舒服，需要多留意一下。,3
H11,有没有特定的工作压力或者情境是您感到焦虑的触发因素？,工作压力大时，几乎所有事情都让我焦虑。,3
H11,这种自责会加重您的压力感吗？面对此种工作状态，您会感到过度要求和充满压力吗？,是的，自责让我压力倍增，感觉快撑不住了。,3
H11,这很正常，在这么多责任下会感到焦虑。焦虑时，有没有感受到一些身体上的症状，比如心悸或者头痛呢？,是啊，有时候心悸和头痛都很严重。,3
H11,现在的心理状态是否让你感到焦虑，或者有身体上的反应呢？比如心悸或者头痛。，,是的，症状挺严重，生活都受到影响了。,3
H11,这种无法表达情绪的感觉是否让你感到精神疲惫或身体不适？,是啊，真的让我精疲力竭。,3
H11,处在这样的状态，对日常生活也会有影响。生活习惯的一些小调整可能会有所帮助。那您最近有没有在应对情感或社交关系时感觉到紧张、心跳加速或胃部不适之类的身体焦虑症状呢？,是的，有这些症状，很影响生活。,3
H11,听起来你感到在生活中缺乏自主权，这是否引发了你的焦虑呢？,是啊，这种感觉让我压力很大。,3
H11,平时在情绪低落的时候，你身体有没有任何不适，比如头痛或者胃部不适？,嗯，有时会很严重，影响我正常生活。,3
H11,是否因为担心错过重要信息而经常检查手机呢？即便是不想查看？,是的，总感觉会错过什么，无法控制。,3
H11,"身体上都还ok吗? ,",身体还行，但情绪起伏大，挺难受的。,3
H11,对啊，困难总是挑战了我们的坚持和选择。,有时感觉这些困难太压人了。,3
H11,很好，这些方式都能够帮助你缓解压力。身体上有出现心悸或冒汗吗，在反应强烈的时候？,心悸和冒汗都很严重，影响生活。,3
H11,当您努力控制饮食时，是否有体验到加重的身体症状呢，比如心悸或头痛？,是的，症状挺严重的，有时影响正常生活。,3
H11,在其他不需要集中注意力的活动中，比如散步，症状会减轻吗？,不会，症状依然严重。,3
H11,您是否曾感到身体上有不适，如口干、胃胀、心悸或头痛？,是啊，这些症状挺严重的，影响生活不少。,3
H11,面对相亲这种事，你会有身体上的哪些反应呢？比如心悸或者头痛之类的？,相亲时心悸得厉害，还头痛，特难受。,3
H11,这听起来是个很好的方法。呼吸练习有助于缓解即时的焦虑。你是否有过身体上的焦虑症状，比如口干、心悸或头痛呢？,对，常常有这些症状，真让人难受。,3
H11,哦，这种紧张会反映在身体上吗，例如心悸或口干？,是的，心悸和口干都有，挺折磨人的。,3
H11,理想和现实之间的确往往有很大的落差。这种情况下，你会不会感到自己不被家人理解呢？,"是啊，经常觉得被误解，真的很无力。",3
H11,听上去你真的承受了很多压力。最近你为学英语付出了很多努力，这让你感到不安或者焦虑吗？,是的，压力很大，焦虑影响了我的生活。,3
H11,这确实很困难。您是否曾因这样的压力经历过生理不适，比如头痛或心悸？,是啊，常常头痛，心跳得很厉害。,3
H11,跑步是个不错的选择，可以释放一些压力。那你提到会心慌和心跳加快，这通常是什么时候发生的呢？,通常是早上起床后或者晚上。,3
H11,这种不安是可以通过慢慢积累正面交流经验改善的。你设想着另一半需满足的条件是否可能带来负担或压抑感呢？,我有点难以想象正面的结果，现在很迷茫。,3
H11,这个过程中，感到生理上的不舒服，比如头痛或者心跳加速吗？,"是啊，感觉挺严重的，真的影响生活了。",3
H11,躯体上出现焦虑症状了吗？,是啊，焦虑得很厉害，影响生活了。,3
H11,听起来，你的压力不仅来自于自己的情况，还有对家庭的负担。父母的健康状况是否也让你感到很大压力？,是的，父母的健康让我非常焦虑。,3
H11,和不同的人交流是有挑战的。那次促销经历之后，你有觉得自己特别难以集中或者感到极度紧张吗？,是啊，那次之后我真的特别难集中注意力。,3
H11,这样的感受在人生的转折点时常见，即便如此努力是没有白费的。面对这些压力时，有没有注意到身体上的反应呢？,最近太累了，身体也跟着不对劲。,3
H11,"会不会有觉得身体哪里不舒服呢? ,",有时候真的觉得浑身不对劲，挺难受的。,3
H11,那么这段时间，你有没有感觉到身体上承受压力，甚至伴随着心慌或者头痛呢？,嗯，有啊，压力大到心慌头痛，真不好受。,3
H11,面对未知或未来挑战时，你会感到恐慌或害怕吗？,是的，总是感到无比恐慌，真的很难应对。,3
H11,您是否有时感到胸闷、心跳加速或出现头痛的情况？,是的，感觉特别严重，有时都没法正常生活。,3
H11,我理解你的反思。适量的思考有助于理解自己和关系的现状，但过于频繁的反思可能会增加焦虑。回想你们争吵的女孩，你是否因为这段关系而产生过多的担忧或焦虑身体反应呢，比如心跳加速或胃部不适？,是啊，心跳加速，胃部也常不舒服。影响挺大的。,3
H11,这可能导致误解，你觉得自己在这方面常常会失去控制吗？,是啊，经常失控，真的很影响生活。,3
H11,这种状态下，我们通常会对彼此产生误解，增加了社交的难度。你平时是否常为自己找借口避免社交？,是啊，常常找借口，太难了。,3
H11,想到父亲的问题时，是否会有一种身体上的焦虑感，比如心烦意乱或头痛？,有过这样的感觉，尤其是在他去世后的那段时间。,2
H11,很好，这对提高安全感很有帮助。在生理方面，最近因为焦虑有没有身体上的不适，比如心慌或者胃部不适？,确实有过，尤其是吵架后，常常心跳很快。,2
H11,这很正常，在这么多责任下会感到焦虑。焦虑时，有没有感受到一些身体上的症状，比如心悸或者头痛呢？,有的，头痛得很频繁，尤其是压力大的时候。,2
H11,您是不是觉得每天都有一种持续的心理压力？,是的，我觉得自己一直很紧张，哪怕是在家里。,2
H11,您觉得母亲的这种行为让您感到无助或者焦虑吗？,是的，我内心非常矛盾，既爱她又讨厌她。,2
H11,我很遗憾听到这个。有时，长时间不感受到支持和安全会让人感到不安，你有这种感受吗？,是的，我经常对未来感到不安，没有安全感。,2
H11,那这种干涉有没有让你产生过一些身体上的焦虑？比如说，觉得身体不适或有其他不安的表现？,没错，有时候会觉得心烦意乱，身体也很不舒服。,2
H11,这种紧张感有影响到你的身体状况吗，比如心跳加速或其他症状？,是的，我会觉得自己心跳变快。,2
H11,这样的紧张是否让你感到焦虑，甚至有其他的心理或生理症状呢？,是的，我会头脑一片空白，有时候心跳加速，手心出汗。,2
H11,我理解你的反思。适量的思考有助于理解自己和关系的现状，但过于频繁的反思可能会增加焦虑。回想你们争吵的女孩，你是否因为这段关系而产生过多的担忧或焦虑身体反应呢，比如心跳加速或胃部不适？,是的，每次想到这些，我常常会感到心跳加速，甚至很难平静下来。,2
H11,哦，感到孤单的时候找个人陪伴会是好的选择。那你在不安的时候有没有身体上的不适，例如心跳加快？,有过，尤其在压力大的时候。,2
H11,不着急，许多事情都是可以慢慢改善的。站在别人身边时会脸红的情形是否会让你感到身体不适，比如心跳加快或头晕？,是的，尤其是在不熟悉的人面前。,2
H11,很多人都有类似的反应，尤其在面对压力时。在老师的督促下进行的数学学习，你是否感到较强的身体不适或压力？,感到压迫，仿佛自己做不到也来不及。,2
H11,在情绪激动的时候，你是否会感到身体上的不适，例如心跳加速或头痛？,当我情绪激动时，确实会感到身体上有些不适。,2
H11,焦虑有没有导致你在上学的时候特别不安或者有身体不适呢？,是的，去学校的时候常常感到心跳加速。,2
H11,跑步是不错的选择，也许可以找个跑步伙伴一起开始，有助于坚持呢。当你感到自卑的时候，会有身体上不适的感觉吗，比如心跳加速或出汗？,是的，心跳的确会很快，尤其是在公共场合。,2
H11,那是很典型的焦虑反应。面对变化时产生身体上的症状很常见。,确实，但总是无法控制这种反应。,2
H11,面对这样的反应，您是否有感觉到对潜在伴侣的相处变得更加紧张？,确实是这样，和他们相处让我一想到要求就很紧张。,2
H11,这说明你对自己的要求很高。在这个过程中，你有没有感到心理或身体上的任何焦虑呢？,有时候我会感到很紧张，有些心慌的感觉。,2
H11,听起来，压力可能是一个很大的因素。你在工作中焦虑的时候，会有身体的不适吗？比如说口干或者头痛之类的？,是的，常常会觉得头晕，而且心跳加速。,2
H11,"对于这些不好的回忆，是否让您常常感到紧张或者有其他的身体反应？ ,",确实有，时常心跳加速。,2
H11,这种焦虑有没有带来一些躯体上的症状，比如心慌或者头痛呢？,是的，我常常感到心慌，尤其是在晚上。,2
H11,您是否曾感到身体上有不适，如口干、胃胀、心悸或头痛？,是的，那时候我觉得心里压抑得快喘不过气来。,2
H11,这些头疼头晕的情况，会不会让你感到非常焦虑呢？,确实是的，我常常会感到心烦意乱。,2
H11,那么你是否会有无法克制的逃离念头呢？,是的，我经常忍不住想逃跑。,2
H11,您在处理与父亲的关系时，是否有任何身体上的不适，比如头痛或心悸？,是的，经常会有这样的状况。,2
H11,听起来这种交流方式让你感到压力很大。你觉得这种关系让你感到紧张或身体不舒服吗？,是，很紧张，不敢跟他说话。,2
H11,情绪上的焦虑可能会引起我们身体上不适的反应。此外，你提到过无法在音乐中尽情表达，是否会有生理上的紧张反应，比如心跳加速或呼吸急促？,是的，尤其是当众唱歌的时候，我总是感到很紧张。,2
H11,这可能导致误解，你觉得自己在这方面常常会失去控制吗？,是的，我发现自己总会情绪激动，然后说出一些过激的言辞。,2
H11,了解自己的身体感受是重要的。有没有感到一些身体的不适，像心跳加速或胃部紧张等？,是有的时候会胃胀，心跳很快。,2
H11,那种身体上的反应让人更不舒服吧。你会常体验到这些躯体性焦虑吗？,是的，会有这样的身体反应。,2
H11,这种无法表达情绪的感觉是否让你感到精神疲惫或身体不适？,确实，我好像感到整个身心都很累。,2
H11,那在其他方面，比如日常的活动中，你会因性格问题感到焦虑或不安吗？,是的，有时候和他相处完，我会感到很疲惫。,2
H11,现在的心理状态是否让你感到焦虑，或者有身体上的反应呢？比如心悸或者头痛。，,会有，尤其是心悸。,2
H11,这是一个非常积极的想法。自我调整是个漫长的过程，有时候专业意见也会给我们新的视角。在面对母亲的批评时，你会感到身体紧张或其他不适症状吗？,是的，我经常会感到胸口发紧，还有时候会恶心。,2
H11,这种没有动力的感觉真的很让人头脑发昏。除了心理上的不适，这种焦虑感是否带来了身体上的不适？比如心悸、头痛等等呢？,我确实有头痛和心悸的情况，尤其是在我感到特别焦虑的时候。,2
H11,那在这段期间，你有没有感觉到身体上的不适，比如心慌或头痛呢？,经常有这样的不适，尤其是心慌。,2
H11,面对未知或未来挑战时，你会感到恐慌或害怕吗？,会的，这种感觉让我想逃避。,2
H11,这样的感觉持续得很久了吧。有没有因为内心的焦虑而感受到身体上的不适？比如心悸或者头痛之类的？,是的，我经常心跳加速，甚至觉得呼吸不畅。,2
H11,这份紧张有没有让你感到身体不适，比如头痛或心跳加速呢？,我经常头痛，心跳很快。,2
H11,好的，这是个好决定。您有提到在职场受到的压力，那个情绪的累积是否让您感到焦虑，或有身体上的反应呢？,有时候心慌，感觉胸口闷。,2
H11,您是否感到身体上的紧张症状，比如心跳剧烈？,是的，在这些情况下我常感到心跳加快。,2
H11,局势的紧张是否让身体上有不适感觉，比如心悸或干嘴？,是有这样的问题，特别是当婆婆来访时感觉特别明显。,2
H11,你提到头部有不适感觉和僵硬的颈部，这是否影响到你平时的身体活动？,确实，感到颈部僵硬时，身体活动就不太方便了。,2
H11,你提到感到心痛和胸闷，这是否与焦虑的身体症状有关？,我也觉得是，这样的身体反应已经持续了一段时间。,2
H11,等待和适应复苏的职场环境需要时间，而你的努力不会白费。关于财务方面，你的账户余额会影响情绪吗？,当然会，现在很紧张，这增加了我的焦虑感。,2
H11,你是否注意到这些情绪对你的身体也有影响，如胃痛或头痛？,时常感到胃部不适，这么一想可能与情绪有关。,2
H11,这样的感受在人生的转折点时常见，即便如此努力是没有白费的。面对这些压力时，有没有注意到身体上的反应呢？,会有紧张、口干、心悸这些反应，有时甚至觉得心跳的特别快。,2
H11,恐惧对生活没有帮助，反而让问题变复杂。你在日常生活中会常感到焦虑吗？比如身体上的不适？,我确实经常感到焦虑，有时候心跳会很快，或者感觉头痛。,2
H11,这些症状听起来不太好。它们有没有让你感到进一步的焦虑呢？,是的，感到更焦虑了，总是担心自己的身体健康问题。,2
H11,那在他提到对你有耐心时，你有什么感受呢？,我觉得有种说服或压力感，像个负担。,2
H11,这样看来，你的身体有没有因此出现不适，比如头痛或心悸？,有时候她训完我，我真的会感到头痛，心跳也特别快。,2
H11,这样的情绪负担会改变很多事情。你提到的喉咙异物感和身体不适，是否也在这段时间里频繁发生？,是的，经常感觉紧张，尤其是喉咙有异物感，呼吸困难。,2
H11,这种心情似乎已经影响到你的学习与生活。是否有身体上的不适感，比如头痛或心跳加快？,会有头痛，尤其在压力大的时候。,2
H11,听起来这让你很不舒服。那时候你有什么特别的身体反应吗？比如心跳加速或者其他不适？,心跳会加速，而且有时候会觉得快要窒息，但我知道这不是现实，只是心理作用。,2
H11,感到无望是常见的反应。看到不堪入目图时，你有任何生理反应，比如心跳加速或手心冒汗吗？,我确实经历过这样的反应，特别是心跳加快。,2
H11,失去了通常的乐趣让人很心烦。在学习网课期间，你会不会感到焦虑加重，甚至出现心悸或胃部不适？,有时候紧张到胃痛，还有心跳加速。,2
H11,这些症状让您感到紧张吗？,当然，我不太知道该怎么办。,2
H11,这种不安感可能会让人觉得疲惫，你有因为这种焦虑产生身体不适吗？比如失眠或者胃痛之类的。,经常失眠，胃还会疼。,2
H11,是的，放松的心态能带来更好的表现。在演讲前或过程中，你有遇过任何生理上的不适吗，如心跳加快？,演讲前确实会心跳加快，甚至出汗。,2
H11,跑步是个不错的选择，可以释放一些压力。那你提到会心慌和心跳加快，这通常是什么时候发生的呢？,通常在我想到未来或者感到孤独时会更严重些。,2
H11,所以你的悲伤不只影响了心理，还影响了身体。有没有经历过心悸或头晕等身体不适？,会感到心悸。,2
H11,能够理解，这种不信任常常和之前的经历纠缠在一起。您觉得这种不信任还有没有影响到身体的状况，比如头痛或心悸？,是的，当我感到极度焦虑时，有时候会感觉到心悸。,2
H11,在那样的情景下，是否感受到一些身体上的焦虑症状？如口干、心悸或头痛等？,的确有心悸和一些头痛，特别急躁。,2
H11,你害怕与他人互动或避免社交场合，这种感受是否突出？,确实让我很苦恼。,2
H11,面对她插手工作事务的行为，是否增加了您的心理负担？,每次她这样，我就感到压力很大。,2
H11,晚上这种焦虑有没有出现躯体表现，比如头痛或者手心出汗？,头痛倒是有，手心出汗倒很少。,2
H11,焦虑无时无刻侵扰实在不容易。你有没有发生心悸或者紧张时的干口感？,是的，那种感觉很不舒服。,2
H11,您是否有时感到胸闷、心跳加速或出现头痛的情况？,是的，尤其是情绪激动时。,2
H11,那么这段时间，你有没有感觉到身体上承受压力，甚至伴随着心慌或者头痛呢？,是的，时常会感到心慌，尤其是在父母责备我的时候。,2
H11,这真的很重要。你是否有过因压力感到身体不适呢？,我的头会很痛，有时觉得心跳特别快。,2
H11,网上的交流和评论是你情感的出口，你是否会因此感到心理焦虑呢？,会的，尤其在争论激烈时。,2
H11,这种焦虑常常影响你的休息，对不对？,是的，尤其是晚上。,2
H11,"有时心灵的痛苦也需要专业的帮助。你对过去的自残行为有过反思吗？,",我有时后悔，但当时真不知道怎么处理那种恐惧和冲突。,2
H11,这样的肚子疼会不会是因为这种家庭环境给你带来的身体上的不适，比如头痛或心悸等症状呢？,感觉有时候头会胀痛一整天。,2
H11,与母亲的关系紧张对您的情绪影响也很大吧。有没有因此出现任何身体上的不适呢？,每次吵完，我都会很头疼，有时候甚至想不通自己怎么会这样的。,2
H11,在这些场合中会不会有心跳加速或者头痛等症状呢？,是的，有时候心跳会特别快，整个人都觉得不舒服。,2
H11,哦，这种紧张会反映在身体上吗，例如心悸或口干？,对，我常常感到心跳很快。,2
H11,这种自责会加重您的压力感吗？面对此种工作状态，您会感到过度要求和充满压力吗？,是的，尤其是在面对老板和同事的期待时。我常常觉得压力无处不在。,2
H11,听起来，你的压力不仅来自于自己的情况，还有对家庭的负担。父母的健康状况是否也让你感到很大压力？,是的，我总是担心他们的健康问题，自己也因为这些问题睡不安稳。,2
H11,这种状态下，我们通常会对彼此产生误解，增加了社交的难度。你平时是否常为自己找借口避免社交？,是的，我会尽量避免见面，特别害怕被人放弃。,2
H11,你是否常常因为担心未来可能的事件而感到内心紧张？,是的，总感觉每一件小事都会引发大问题。,2
H11,是否因为担心错过重要信息而经常检查手机呢？即便是不想查看？,是的，我会经常担心。,2
H11,写日记是个不错的方法。你提到冷静期中有决定的压力，这是否让你感到无法承受？,一想到要做出这些决定，我就感到很大压力。,2
H11,听起来情况确实需要引起重视。有没有感觉到头疼、心悸或肠胃不适等生理上的焦虑表现？,有的，尤其是在压力大的时候，我会有心悸的感觉。,2
H11,这听起来是个很好的方法。呼吸练习有助于缓解即时的焦虑。你是否有过身体上的焦虑症状，比如口干、心悸或头痛呢？,是的，特别是在感到极度压力的时候，我会出现这些症状。,2
H11,是什么让你觉得头晕呢？可能是身体原因，也可能是压力造成的。,我不确定，但感觉只要一看书就头晕，这让我很担心。,2
H11,离开熟悉的环境会带来很多不可预见的挑战。这种烦躁的情绪是否也引发了生理上的不适？,是的，有时候会感到胃痛或者无力。,2
H11,有没有特定的工作压力或者情境是您感到焦虑的触发因素？,工作任务重，怕出错，每次这种情绪都会突然加重。,2
H11,听起来你感到在生活中缺乏自主权，这是否引发了你的焦虑呢？,是的，他说话也总是用命令的口气，我常常觉得自己像他的仆人，很压抑。,2
H11,继续坚持这些积极的习惯，它们对提升心情是有益的。你身体上有过因为紧张而导致的不适吗？,有时会觉得头痛和晕眩，尤其在和父亲争执后。,2
H11,这些症状听起来像是躯体焦虑的表现。您经常会遇到类似的身体反应吗？,是的，这些反应蛮频繁的。我觉得这和我的自卑感有关。,2
H11,这可能会让日常生活变得更复杂。你晚上睡觉如何，是不是怕黑或者怕一个人睡觉？,我怕黑，也怕一个人睡觉，总是焦虑不安。,2
H11,你提到没有人可以倾诉，是否感到精神上的压力或孤独感加重？,是的，孤独感真的很强烈。,2
H11,你是否常常感到这种交往的困难？,是的，总觉得在社交中很紧张，似乎有点社交恐惧。,2
H11,对失去的担忧不少见，你觉得不安或者焦虑吗？,是的，特别是没聊天的时候。,2
H11,这也许是一种自我保护的方式，但我们也能寻找其他出路。你提到胸闷气短，这些症状是何时发生的？,一般都是晚上，一个人时特别严重。,2
H11,这些症状听起来像是焦虑，是否还有如心悸或头痛的情况出现？,经常感觉心悸，还有时候眼前一黑。,2
H11,理想和现实之间的确往往有很大的落差。这种情况下，你会不会感到自己不被家人理解呢？,是的，家里人总是不说什么，但我知道自己没考上本科后，他们其实有些失望。,2
H11,"啊你自己的身体还好吗?会不会觉得有时候会不舒服，因为之前你有说到频尿  ,",最近频尿真的有点烦，影响生活不少。,4
H11,您提到总是感到恐惧和不安，是否伴随着身体上的不适，比如心悸或头痛等症状？,是的，有时会有心悸和头痛，影响挺大的。,4
H11,面对相亲这种事，你会有身体上的哪些反应呢？比如心悸或者头痛之类的？,心跳加速，紧张到不行，特别难受。,4
H11,除了心跳加速，有没有其他身体上的不适？,有时感觉疲惫，难以集中注意力。,4
H11,网上的交流和评论是你情感的出口，你是否会因此感到心理焦虑呢？,是啊，总觉得压力特别大。,4
H11,这种躯体症状很可能伴随抑郁一起出现。有没有观察到他有其他身体不适呢，比如干嘴巴或者头痛什么的？,嗯，他的确常常头痛，还老感觉乏力。,4
H11,与母亲的关系紧张对您的情绪影响也很大吧。有没有因此出现任何身体上的不适呢？,是啊，常常感到疲惫和失眠。,4
H11,"你会这样子。你有没有觉得这样的心情会让你忐忑或焦虑到睡得不太好还是睡不著? ,,","对啊，老是睡不着，挺烦的。",4
H11,真的太让人心疼了！这样的经历一定让人难以忘怀。关于这种经历，你现在是否还感到害怕或有类似创伤的感觉？,确实有时候还是会害怕，影响蛮大的。,4
H11,理解你的顾虑。那在这段关系中，你有没有感到过身体上的症状，比如头痛或心悸呢？,"有啊，头痛和心悸常常烦我，真影响生活呢。",4
H11,这些症状听起来不太好。它们有没有让你感到进一步的焦虑呢？,确实有点影响，生活都被打乱了。,4
H11,跑步是不错的选择，也许可以找个跑步伙伴一起开始，有助于坚持呢。当你感到自卑的时候，会有身体上不适的感觉吗，比如心跳加速或出汗？,有时会，感觉心跳快，不太舒服。,4
H11,您是否有时感到胸闷、心跳加速或出现头痛的情况？,是的，这些问题有时让我很难受。,4
H11,失去了通常的乐趣让人很心烦。在学习网课期间，你会不会感到焦虑加重，甚至出现心悸或胃部不适？,"是啊，常常会觉得生活被打乱，真的很难受。",4
H11,每个人都有不同的交流方式，不要太苛责自己。在社交互动中，你会觉得和她们沟通困难吗？,"嗯，确实有时候挺难的，影响挺大的。",4
H11,等待和适应复苏的职场环境需要时间，而你的努力不会白费。关于财务方面，你的账户余额会影响情绪吗？,老实说，看到余额太少真的蛮焦虑的。,4
H11,这可能导致误解，你觉得自己在这方面常常会失去控制吗？,确实，有时感觉生活被它搅得一团糟。,4
H11,这说明你对自己的要求很高。在这个过程中，你有没有感到心理或身体上的任何焦虑呢？,是啊，焦虑得让我快喘不过气了。,4
H11,焦虑会影响我们的很多方面。你有没有感受到身体上的不适，比如心跳加快、头痛？,是啊，心跳加速、头痛都让我很难受。,4
H11,在你生病时，你有因为他的态度感到身体或心理上的其他症状吗？,是啊，他的态度让我病情更糟。,4
H11,能理解你那种纠结的感受。这种思维模式有可能会让你产生强烈的身体反应，比如出汗或颤抖吗？,是啊，有时会出汗，还会颤抖。,4
H11,这可能是因为你在意别人眼光的压力让你感到焦虑，对吗？,对，确实让我生活很难受。,4
H11,是否因为担心错过重要信息而经常检查手机呢？即便是不想查看？,是的，总感觉会错过什么，太影响生活了。,4
H11,理解这种顾虑很正常，不过心底的思虑可能也会给你带来内心的不安。你是否有过这种不安或害怕呢？,是啊，这种不安已经让我很难正常生活了。,4
H11,你提到处理沟通问题时，感到有压力反应，比如身体上的不适？,对啊，每次沟通都感觉身体在抗议。,4
H11,听起来你感到在生活中缺乏自主权，这是否引发了你的焦虑呢？,是的，感觉一切都失控了。,4
H11,如果生理上有任何焦虑症状，请告诉我，比如心悸或头痛。,心悸挺严重的，影响生活了。,4
H11,恐惧对生活没有帮助，反而让问题变复杂。你在日常生活中会常感到焦虑吗？比如身体上的不适？,"是啊，焦虑常让我无所适从。",4
H11,在情绪激动的时候，你是否会感到身体上的不适，例如心跳加速或头痛？,是啊，情绪一激动就感觉心跳得厉害，挺难受的。,4
H11,我建议多注意一些身体的信号，在压力大的时候，这些是常见的身体反应。,"嗯，确实，身体反应有时让我寸步难行。",4
H11,除了心理上的压力，还有其他不适反应吗？比如头痛或心悸。,是的，经常头痛，心跳也很快。,4
H11,您在处理与父亲的关系时，是否有任何身体上的不适，比如头痛或心悸？,"有时会感到头痛，挺影响生活的。",4
H11,这是一个非常积极的想法。自我调整是个漫长的过程，有时候专业意见也会给我们新的视角。在面对母亲的批评时，你会感到身体紧张或其他不适症状吗？,是啊，她一说我就浑身不舒服。,4
H11,除了情绪上，你有没有注意到一些身体上的变化，比如心跳加速或胃部不适？,嗯，有时会感觉心跳加速，挺烦人的。,4
H11,面对女儿的情绪，保持镇定是件不容易的事。面对这些状况会感到身体上的不适吗？比如头痛或心悸。,是啊，有时真的会觉得头疼、心悸。,4
H11,这种自责会加重您的压力感吗？面对此种工作状态，您会感到过度要求和充满压力吗？,是的，真是喘不过气来。,4
H11,听起来你在追求个人空间和独立性。那么，在和父母的沟通过程中，你会不会尝试证明自己的观点？,对，常常搞得自己筋疲力尽。,4
H11,是什么让你觉得头晕呢？可能是身体原因，也可能是压力造成的。,感觉像是压力，让生活变得很难。,4
H11,您有过这样的心理疲惫吗？,是啊，有时真让人喘不过气。,4
H11,平时在情绪低落的时候，你身体有没有任何不适，比如头痛或者胃部不适？,"嗯，会有，影响挺大的。",4
H11,听起来这种交流方式让你感到压力很大。你觉得这种关系让你感到紧张或身体不舒服吗？,是的，这种关系让我很紧张，很不舒服。,4
H11,我很遗憾听到这个。有时，长时间不感受到支持和安全会让人感到不安，你有这种感受吗？,是啊，这种感觉真的让我很难受。,4
H11,这种状态下，我们通常会对彼此产生误解，增加了社交的难度。你平时是否常为自己找借口避免社交？,社交太难了，有时候真的避不开。,4
H11,能够理解，这种不信任常常和之前的经历纠缠在一起。您觉得这种不信任还有没有影响到身体的状况，比如头痛或心悸？,确实有影响，经常头疼和心悸。,4
H11,很多人都有类似的反应，尤其在面对压力时。在老师的督促下进行的数学学习，你是否感到较强的身体不适或压力？,是啊，压力大到快喘不过气了。,4
H11,您的感受是非常真实的，并且很容易在这类情况下感到压力。您有没有发现自己在身体上也有一些不适感？比如口干、心悸等？,是的，经常感到心悸，影响生活了。,4
H11,"身体有没有哪里不舒服？ ,",有时候真的感觉身体被耗尽了。,4
H11,那么这段时间，你有没有感觉到身体上承受压力，甚至伴随着心慌或者头痛呢？,是的，压力大到常心慌和头痛。,4
H11,你提到感到心痛和胸闷，这是否与焦虑的身体症状有关？,是啊，这些症状真的让我很难受。,4
H11,情绪上的焦虑可能会引起我们身体上不适的反应。此外，你提到过无法在音乐中尽情表达，是否会有生理上的紧张反应，比如心跳加速或呼吸急促？,"对啊，常常会紧张到心跳加速，太折磨了！",4
H11,这种心情似乎已经影响到你的学习与生活。是否有身体上的不适感，比如头痛或心跳加快？,是的，感觉整个人被压垮了，身体也不太舒服。,4
H11,焦虑无时无刻侵扰实在不容易。你有没有发生心悸或者紧张时的干口感？,有啊，心悸和干口感让我很难受，影响生活。,4
H11,在关系中感到不满或压抑时，您是否会感到身体某些部位的紧绷或不适？,是啊，感觉胸口常常紧绷，挺难受的。,4
H11,你曾提到对任何干扰很敏感，像同桌的声音。现在这种情况如何呢？,还是很烦人，影响挺大的。,4
H11,但是还是很生气就对了?你这样子会不觉得气到有点身体很紧、胸闷这样子啊?会吗?,对啊，常常这样，真的很难受。,4
H11,这种感觉很现实。在这期间，你有没有注意到任何身体上的变化，比如头痛或者其他不适？,是啊，头痛、疲倦，真让人难受。,4
H11,"喔~你现在还是一样会腹泻是不是?肚子会不舒服吗? ,",是啊，真的很影响日常生活。,4
H11,这是非常值得骄傲的进步！在高二和高三期间，你有没有出现过不常见的身体不适或者焦虑症状？,嗯，有时会有，挺影响日常的。,4
H11,写日记是个不错的方法。你提到冷静期中有决定的压力，这是否让你感到无法承受？,是啊，有时候真的难以承受。,4
H11,"那会觉得身体啊，会不会哪边不舒服啊？还是有时候会食欲比较，你三餐有吃吗？",吃饭不太规律，身体有时不太舒服。,4
H11,很好，有时候轻微的调整就能产生意想不到的效果。当你想到这种人际关系的困扰时，是否感到某种身体上的不适，如心跳加速或头痛？,是的，一想到就感到心慌，挺影响日常的。,4
H11,这种焦虑有没有带来一些躯体上的症状，比如心慌或者头痛呢？,是的，确实让我心慌得厉害。,4
H11,这种感觉是否伴随着身体上的不舒服，比如心跳加快？,对，感觉心跳超快，真影响生活。,4
H11,这也许是一种自我保护的方式，但我们也能寻找其他出路。你提到胸闷气短，这些症状是何时发生的？,大多数时候都会有，特别是压力大的时候。,4
H11,听起来你面临着很大的压力。您是否在这种压力下出现较明显的焦虑症状，比如心慌、头痛或手抖呢？,是啊，感觉这些症状真的让我很难正常生活。,4
H11,这真的很重要。你是否有过因压力感到身体不适呢？,是啊，压力大时身体真的很不舒服。,4
H11,在这些场合中会不会有心跳加速或者头痛等症状呢？,是啊，会有这些症状，挺难受的。,4
H11,有没有因此感到身体上产生过不适，比如头痛或消化不良？,是的，经常头痛，真的很影响生活。,4
H11,感到无望是常见的反应。看到不堪入目图时，你有任何生理反应，比如心跳加速或手心冒汗吗？,对啊，看到那些图我整个人都崩溃了。,4
H11,有好一些些，其他就是身体的状况呼吸啊什么，都还ok吗？,呼吸还行，但整体还是有点难过。,4
H11,这样的肚子疼会不会是因为这种家庭环境给你带来的身体上的不适，比如头痛或心悸等症状呢？,嗯，可能是吧，都影响我正常生活了。,4
H11,"食欲还好吗? ,",食欲不太好，经常吃不下。,4
H11,很好，这些方式都能够帮助你缓解压力。身体上有出现心悸或冒汗吗，在反应强烈的时候？,嗯，有时候会有心悸，挺难受的。,4
H11,在那样的情景下，是否感受到一些身体上的焦虑症状？如口干、心悸或头痛等？,是啊，感觉全身都不太对劲，影响挺大的。,4
H11,这确实很困难。您是否曾因这样的压力经历过生理不适，比如头痛或心悸？,是的，常常感到头痛和心悸。,4
H11,不着急，许多事情都是可以慢慢改善的。站在别人身边时会脸红的情形是否会让你感到身体不适，比如心跳加快或头晕？,会的，我总是觉得喘不过气来。,4
H11,这种紧张感有影响到你的身体状况吗，比如心跳加速或其他症状？,是啊，紧张到心跳加速，身体都不舒服。,4
H11,听上去你真的承受了很多压力。最近你为学英语付出了很多努力，这让你感到不安或者焦虑吗？,是啊，学英语压力真大，生活都乱套了。,4
H11,你口渴的状况白天还好吗?,白天也一样，影响挺大的。,4
H11,你是否注意到这些情绪对你的身体也有影响，如胃痛或头痛？,是啊，这些情绪让我身体也很不舒服。,4
H11,面对这样的反应，您是否有感觉到对潜在伴侣的相处变得更加紧张？,是啊，紧张得完全没法正常相处。,4
H11,你提到感到疲累，是否有过因为焦虑或压力而身体不适的情况？,是的，常常因为焦虑而感到不适。,4
H11,自卑感是一种需要不断勇敢面对的感觉。世界上没有完美无缺的人。调整自己对完美的要求，可以给自己更多空间。你常常感到紧张和焦虑吗？这种焦虑有没有伴随着身体的反应，比如心跳加速或胃部不适呢？,是啊，焦虑时常让我不敢出门。,4
H11,是会焦虑到让你不舒服吗?胸闷、心悸啊、头晕、头痛啊这些？,对啊，有时候真觉得喘不过气来。,4
H11,"那你还算是蛮规律的，有没有其他身体不舒服？ , 不会说头晕头痛啊，胸闷心悸，或者是腰酸背痛？",嗯，总是胸闷，影响生活挺大的。,4
H11,这些症状听起来像是焦虑，是否还有如心悸或头痛的情况出现？,"对啊，经常有心悸，真的影响生活呢。",4
H11,和不同的人交流是有挑战的。那次促销经历之后，你有觉得自己特别难以集中或者感到极度紧张吗？,是的，那次之后我一直心神不宁。,4
H11,"会不会有觉得身体哪里不舒服呢? ,",有时候会，挺影响日常的。,4
H11,这些头疼头晕的情况，会不会让你感到非常焦虑呢？,是啊，真的很影响我的日常生活。,4
H11,好的，这是个好决定。您有提到在职场受到的压力，那个情绪的累积是否让您感到焦虑，或有身体上的反应呢？,是的，压力大到我都快无法正常生活了。,4
H11,继续坚持这些积极的习惯，它们对提升心情是有益的。你身体上有过因为紧张而导致的不适吗？,有时候紧张到胃不舒服，确实影响日常生活。,4
H11,离开熟悉的环境会带来很多不可预见的挑战。这种烦躁的情绪是否也引发了生理上的不适？,是啊，烦躁让我浑身难受，影响生活。,4
H11,你会有身体上的不适，例如头痛或胃痛吗？,是啊，头痛经常让我动不了。,4
H11,你是否常常因为担心未来可能的事件而感到内心紧张？,是的，常常会影响到我的日常生活。,4
H11,听起来这让你很不舒服。那时候你有什么特别的身体反应吗？比如心跳加速或者其他不适？,嗯，对啊，有时候心跳会特别快，挺烦的。,4
H11,这种睡眠问题对你的日常生活有较大的影响。你觉得在早晨或者晚上情绪上会变得更糟吗？,早晨和晚上都很糟，真是够呛。,4
H11,找到合适的方法需要时间，不妨尝试不同的技巧。你体验过坐立不安的状态吗？这种状态通常持续多久？,是啊，坐立不安的时候感觉超糟，一整天都受影响。,4
H11,这些身体上的症状反应出你内心的焦虑状态。在紧张或身体不适时，出现如胃部不适或心跳加速等症状吗？,是的，已经影响到我正常生活了。,4
H11,听起来，你的压力不仅来自于自己的情况，还有对家庭的负担。父母的健康状况是否也让你感到很大压力？,是的，他们的健康状况让我很焦虑。,4
H11,焦虑有没有导致你在上学的时候特别不安或者有身体不适呢？,"是啊，焦虑常让我坐立不安，肚子也不舒服。",4
Y6,这是一个积极的想法，可能需要一些时间。他的话多、语速是否比以前快很多或者过于丰富吗？,最近他的话并不多，反而沉默了。,0
Y6,你是否觉得在工作场所中难以表达自己的真实想法或感受？,是的，面对他们，我常常不知道怎么表达自己。,0
Y6,这种时候你会不会觉得自己的语言变得笨拙呢？,是的，每次想开口就感到紧张。,0
Y6,我们可以讨论一些沟通技巧，帮助你更好地表达自己的边界和想法。,好的，我确实需要学会更好地沟通。,0
Y6,那会对关系产生负面影响吗？,嗯，有时会让我们都很沮丧。,0
Y6,在日常交流上，你有感到哪些困难或者特别慢的时候吗？,平常和朋友聊得少，互动变得有些困难。,0
Y6,扩展社交圈有助于缓解现有的关系压力，但也要注意不勉强自己。你认为在面对陌生人时你更喜欢沉默吗？,确实是，我很少在陌生的场合开始交谈。,0
Y6,看来你有自己的应对方法。那么，你的说话速度是否有所变化呢？,说话倒是没怎么变，还算正常。,0
Y6,自信是逐步建立的，每个小成就都能增加信心。与他人交谈时，你觉得讲话时能表达出内心吗？,很难，总觉得有些话说不出口。,0
Y6,我明白了。保持动力确实是个大挑战。您最近有没有说话加快，话语增多或难以停止的情况？,不太会，可能语言方面没有特别的变化。,0
Y6,是啊，心理体验有的时候可能不像身体上的反应那么直接。你有没有遇到过自己言语特别多的时候？,好像没有太多的这种情况。,0
Y6,明白了。他有其他异常行为吗，比如说话速度快或说话内容过多？,并没有，通常他很安静。,0
Y6,这样很好。有没有觉得自己有些话说得比平时多或者快？,以前有过，现在说话还挺正常的。,0
Y6,您做到了很棒的工作，那在发现妻子出轨后，您有没有感到言语变得加速或者变长？,没有特别注意到，谈话的时候我一直很克制。,0
Y6,你一直在努力，而且意识到自己的想法，这是很棒的。你觉得自己能够在适合的场合表达自己吗？,尽力去说，但许多时候只是想自己一个人安静。,0
Y6,责怪自己只会让内心更烦躁，尝试接纳自己显得尤为重要。当你尝试交友时，会不会觉得很难开始对话？,经常会觉得无从下手。,0
Y6,平时在情绪亢奋或不稳定时，你会不会发现自己说话速度变快或者话多？,不会，我说话速度没变。,0
Y6,这种情况下，会觉得自己说话不利索对自信心有影响吗？,没啥影响，就是偶尔有点烦。,0
Y6,多数孩子对学习难免会有抵触心，可能需要一些时间去适应。那在沟通中，有没有觉得有时候很难把自己的想法表达清楚呢？,嗯，有时候真不知道怎么说才好。,0
Y6,注意力的问题或许跟目前的情绪状态有关系。最近有没有觉得自己说话变快了或者话多呢？,最近倒没觉得自己话多或者说得快。,0
Y6,太好了。我们可以找到一些你方便的放松技巧。你是否觉得和别人交流时自己的语言表达受到影响？,没有特别感觉到。你有啥建议？,0
Y6,可能是压力在起作用，我们继续聊聊其他方面。面对学生的行为，您是否觉得言辞增多或说话速度加快？,没有，没觉得话多或者说得快。,0
Y6,这意味着可能需要注重其他生活领域的发展。有没有感受到语言活动加快的情形，或想表达很多内容？,没有，没感觉语言活动加快。,0
Y6,不客气，只要你愿意，我们都在这里。继续这段对话时，有没有对自己说话出现不流畅或过于冗长的情况？,没有，一切正常哦。,0
Y6,很好，培养这样的爱好终身受益。你在表达自己情绪时有没有发现自己会不由自主地说出太多或说话过多？,没有特别发现这种情况哦。,0
Y6,最近有没有话多的问题啊？,没有，我说话量和平时差不多。,0
Y6,这是可以理解的，大家互相认知和理解需要时间。你觉得自己在和男性交流时，言语会显得速度很快吗？,不会，我觉得挺正常的。,0
Y6,这种情绪我们会继续探讨。而在吵架中，你有没有注意到自己的说话速度发生变化？有没有比平时更快或者说了更多的话？,没有，感觉说话速度没变。,0
Y6,这或许因为你在表达自己的想法时有很多内容想要表达。你是否注意到这个情况？,没注意过，可能吧。,0
Y6,那确实很让人辛苦。在面临自我价值危机时，你会否感到即便在不确定情况下仍迫不及待地表达情绪或想法？,嗯，有时候会这样。,0
Y6,这种情况下，及时意识到自己情绪的变化很重要。你有没有发现自己说话时比平时更快或者更频繁？,没有，我感觉说话速度没变。,0
Y6,过多的日常困扰会增加心理压力。你是否注意到自己说话变快、话多或冗长？,没有啊，我说话还是老样子。,0
Y6,那个时候，您有加快说话的速度，话多或者显得过于详细吗？,没有，我说话没变多。,0
Y6,很好，意识到问题是很重要的一步。您是否发现自己说话会变得很快或话特别多呢？,没有，我说话的速度还挺正常的。,0
Y6,那你有没有看到她在和侄子说话时，说起话来特别快或者很多呢？,没有，她说话挺正常的。,0
Y6,这种感受有时候会导致我们对一些事情处理的焦虑。你在社交时能不能将注意力转移？说话速度有没有加快或话量过多的情况？,还好，没怎么加快或话多。,0
Y6,那么，这问题是否影响到您和老公在日常生活中的互动呢？,和老公的互动倒没啥大变化。,0
Y6,那他语言表达流畅且有条理，偶尔会包含丰富的情感吗？,他有时候会，但不算多。,0
Y6,这很积极！我觉得找到合适的方法来管理情绪对你很有帮助。你是否发现自己在争论中很难停止辩解呢？,有时候确实停不下来，挺难的。,0
Y6,情绪激动时，你会有高声谈论或大喊大叫的情况吗？,没，我一般不这样。,0
Y6,您在那时候说话速度和内容会有所加速或者变多吗？,没有，我说话速度没变快。,0
Y6,你有没有觉得与男友对话时，自己的话变得加快、啰嗦或过于丰富？,没有，我觉得还好啦。,0
Y6,我能理解你的感受。这确实令人不快。平时和她交流时，你觉得自己说话变得很多或很快吗？,没有，我说话没变多或快。,0
Y6,那么，她这种抱怨是否持续不停地发生，难以中断？,没有停过，总是这样。,0
Y6,那在沟通时，你是否有说话加快或者话多的情况呢？,没有特别多话，挺正常的。,0
Y6,你长篇大论的倾向是出于心中未解的想法吗？,没啥想法，就是喜欢说多点。,0
Y6,真的是很辛苦的经历。那您觉得自己在表达或沟通时会不会有说话太快或者停不下来的现象？,没有，我说话速度还好。,0
Y6,在你和新朋友的交往初期，你会全力以赴地建立关系吗？,有时候没那么多精力，随缘吧。,0
Y6,在表达自己感受时会不会发现言语增加？,没有，没啥变化。,0
Y6,这些争吵过程中，你们的话语是否变得冗长或加速？,没有，我们话不多。,0
Y6,在与男友的互动中，您是否有时会觉得言语过快或者说话内容过多？,不会，我觉得挺正常的。,0
Y6,可以理解。这种不能自拔的感觉可能需要一点时间去慢慢打破。你是否发现自己在讲话时速度加快或言语量增多？,没有，我讲话速度和量都正常。,0
Y6,这样的改变听起来需要关注。你们之间的对话，她的讲话是否变得加速、冗长或者可能过于丰富？,没有，她说话还是和平常一样。,0
Y6,谈到这些开销会让你累，那在说话方面有没有注意到你的言语活动变得加快或过多呢？,没有，谈话速度没变。,0
Y6,他的表达方式是否显得过于丰富或喋喋不休？,他还好，没有过多表达。,0
Y6,有这样的人在生活中是一种幸福。你的言辞有因为和他交谈而改变吗？,没有特别改变啦。,0
Y6,那他的言语活动是否相对迅速而且冗长呢？,没有，挺正常的。,0
Y6,听起来你对爱情有着美好的愿望。在表达自己感受时是否觉得困难？,还好吧，有时候确实比较难。,0
Y6,如果有需要，请随时找我。你在这期间有没有发现自己说话速度或数量有变快或增加？,没有变快，挺正常的。谢谢关心！,0
Y6,这是温和的处理方式。当您说出自己的想法时，是否觉得语速或表达与往常有显著不同呢？,没太大变化，挺正常的。,0
Y6,散步是个不错的选择，尤其是在户外。那在寻求新工作的过程中，您是否觉得与他人沟通的时候话更多或者说话速度更快了？,没有啊，和以前差不多。,0
Y6,很好，感知自己的情绪变化并分享出来是调整自身状态的开始。你还提到自己开朗了不少，有没有感觉沟通时话语变多或加快？,没有，还是老样子。,0
Y6,您真是很理解她。不过在她表达不满的时候，是否会使用大量言语，例如责备或抱怨呢？,不会，她倾向于沉默。,0
Y6,这种比较会影响你们的沟通吗？,不会影响太多吧。,0
Y6,这可能是你身体和心理对压力的自然反应。偶尔说话速度加快吗？,说话速度没变呢。,0
Y6,那是很好的调节方式。你最近有没有反思自己的行为模式，想要改善这种局面呢？,还没有特别反思，可能需要时间。,0
Y6,关于语言交流，您觉得自己的语速和言辞平时如何？会不会比较快或者比较丰富？,语速和言辞都挺正常的，不算快。,0
Y6,这是因为安全感增强了自信。你在严肃和不自然环境中说话时是否感到言语受影响？,不会，没啥变化。,0
Y6,家庭关系复杂，交流是关键。与他们沟通时，你的语言和语速有变化吗？,没有特别变化，还是老样子。,0
Y6,他是否在社会活动中有高谈阔论或冗长话语的倾向呢？,他没有，这方面很正常。,0
Y6,你会不会觉得说得太快太多？,不会呀，我觉得这样挺好的。,0
Y6,我理解这样的感觉可能会更让你不安。你在不熟悉的人群中交流时，会觉得自己的语言表达有条不紊吗？,有时候会，得看当时的状态。,0
Y6,那时候的环境变化和压力可能对情绪造成了很大的负担。在您提到的互动中，您的语言是否有变得更快或更丰富？,没有，没什么变化。,0
Y6,也许工作和生活中的压力造成的。可是你有没有发现他的言语和以前相比，变得更快速或者丰富？,没有啊，他说话没啥变化。,0
Y6,该问题值得关注，避免过多困在自己思考中。你有没有注意到，提到这些情绪波动或者思考时，说话速度加快或者变得更多？,没有耶，我觉得我还好。,0
Y6,听上去你对他有深刻的感觉。那对他说话时，你是否会觉得自己的言语很多、速度快呢？,不会，我说话不多。,0
Y6,我相信只要有希望和努力，一切都会好起来的。他是否常常表现出言语上的加速？,他言语上没啥变化。,0
Y6,和她交流的时候，你有觉得沟通变得困难吗？,没有特别感觉到哦。,0
Y6,扰乱正常学习还是值得注意的。那在这种情况下，你觉得自己是否变得更激进或语言上更过分了呢？,没有变得更激进啦。,0
Y6,可能是需要慢慢开始尝试表达，寻找释放的方法。那在交流中你是否注意到说话变得过度或者很难停止交谈呢？,没有，没觉得说话增多。,0
Y6,听起来像是一个挑战。你提到上课时注意力不集中，你的思路在这些时刻是否特别多，以至于难以集中在眼前任务上？,没有增多，就是有时候走神。,0
Y6,当你解释时，是否发现自己在说话时语速加快或者内容增多呢？,不会，我说话还挺平常的。,0
Y6,会在沟通时发现自己说话速度加快或话语增多吗？,没有哎，我说话速度挺正常的。,0
Y6,不用谢，我随时都在这。经过这一段时间，你有没有觉得说话速度加快，或者说得很多？,没有，还是老样子。,0
Y6,这确实是个需要慢慢解决的难题。姑妈在表达的时候，有没有什么特别的言语活跃呢？,没有特别活跃，感觉挺正常的。,0
Y6,在通常的交流中会有加快语速或滔滔不绝的情况吗？,不会，语速正常。,0
Y6,这的确很让人烦心。在你们的交流中，你是否因为压力，而产生话多或言语快速的情况？,没有，话说得不多。,0
Y6,有时候他的这种沉默可能也是一种压力的表现。你有没有注意到自己在激动或愤怒时对他说话的速度或方式有变化？,嗯，可能会说得更快吧。,0
Y6,这种状态下，是否感到在和他见面时，言语比以前慢或不想说话？,没有，还是差不多。,0
Y6,感觉他对家长的期待很在意，那你觉得在沟通过程中，有没有觉得表达的速度变快或非常多？,感觉还好，没有特别多。,0
Y6,成长不只是成就，还是心态。在快速思考和决策时，你会感到语速加快吗？,不会，我的语速没变快。,0
Y6,他和你沟通时是否表现出自恋或者自大的倾向？,没有，他没有这种表现。,0
Y6,在与你同事的冲突中，您是否认为自己的言辞有些过多或加快呢？,没有，我觉得我说得刚刚好。,0
Y6,您提到她的言行会让您感到尴尬，她的语言节奏是否有变化？,没什么变化。,0
Y6,这对与他人相处可能带来挑战。您在与他们沟通时，会觉得自己言语流露出一种傲气吗？,不会，没感觉到。,0
Y6,深呼吸是个不错的方法，坚持是关键。在与父母的争论中，你的言语会不会变得激烈或者说得过多？,不会变得激烈。,0
Y6,你的性格描述为随和直爽，有时会过于热情吗？,哈哈，还好啦，没觉得特别热情。,0
Y6,在表达自己感受时会不会发现言语增加？,是的，一旦开始就停不下来。,8
Y6,那你有没有看到她在和侄子说话时，说起话来特别快或者很多呢？,确实，她在训人时总是说个不停。,8
Y6,可以尝试咨询一下当地组织或心理辅导员，看看有没有合适的资源。你有没有时候感觉到他讲话变得加速或很多冗长？,是的，他说起话来没完没了，而且经常重复一些事情。,8
Y6,感觉他对家长的期待很在意，那你觉得在沟通过程中，有没有觉得表达的速度变快或非常多？,是的，我像机关枪一样不停地说。,8
Y6,您在那时候说话速度和内容会有所加速或者变多吗？,是的，我会不停地说。,8
Y6,这种情绪我们会继续探讨。而在吵架中，你有没有注意到自己的说话速度发生变化？有没有比平时更快或者说了更多的话？,说得没错，我一生气就会说个不停，根本停不下来。,8
Y6,您提到她的言行会让您感到尴尬，她的语言节奏是否有变化？,是啊，她说起来就停不下来。,8
Y6,这是因为安全感增强了自信。你在严肃和不自然环境中说话时是否感到言语受影响？,是啊，我一紧张就说个没完，停不下来！,8
Y6,成长不只是成就，还是心态。在快速思考和决策时，你会感到语速加快吗？,是的，一说起事就停不下来！,8
Y6,可以理解。这种不能自拔的感觉可能需要一点时间去慢慢打破。你是否发现自己在讲话时速度加快或言语量增多？,是的，我常常停不下来，特别急。,8
Y6,啊你会不会特别想要跟别人说话?,对啊，我总是停不下来！,8
Y6,这的确很让人烦心。在你们的交流中，你是否因为压力，而产生话多或言语快速的情况？,是啊，压力大时经常停不下来！,8
Y6,最近说话时别人还能打断你吗？会不会一直说个不停？,我确实会一直不停地说，别人根本插不上话。,8
Y6,他的表达方式是否显得过于丰富或喋喋不休？,是啊，他说起来就停不下来。,8
Y6,自信是逐步建立的，每个小成就都能增加信心。与他人交谈时，你觉得讲话时能表达出内心吗？,其实我常常觉得说不完，停不下来！,8
Y6,那个时候，您有加快说话的速度，话多或者显得过于详细吗？,嗯，当时我一直停不下来，话特别多。,8
Y6,那他语言表达流畅且有条理，偶尔会包含丰富的情感吗？,他总是说个不停，根本停不下来。,8
Y6,散步是个不错的选择，尤其是在户外。那在寻求新工作的过程中，您是否觉得与他人沟通的时候话更多或者说话速度更快了？,啊，我最近说话真的停不下来，脑子转得飞快！,8
Y6,深呼吸是个不错的方法，坚持是关键。在与父母的争论中，你的言语会不会变得激烈或者说得过多？,是啊，有时候一激动就控制不住，说太多。,8
Y6,在那种时刻，你有感到言语变得加速或冗长吗？,是啊，话匣子一打开就停不下来！,8
Y6,家庭关系复杂，交流是关键。与他们沟通时，你的语言和语速有变化吗？,我说话会变快，常常停不下来。,8
Y6,这对与他人相处可能带来挑战。您在与他们沟通时，会觉得自己言语流露出一种傲气吗？,有时候就是忍不住，话匣子一开停不下来！,8
Y6,这种情况下，及时意识到自己情绪的变化很重要。你有没有发现自己说话时比平时更快或者更频繁？,说得对，我最近说话真的停不下来！,8
Y6,这可能是你身体和心理对压力的自然反应。偶尔说话速度加快吗？,是啊，我常常停不下来，话特别多！,8
Y6,和她交流的时候，你有觉得沟通变得困难吗？,有时候她说个不停，我插不上话。,8
Y6,很好，培养这样的爱好终身受益。你在表达自己情绪时有没有发现自己会不由自主地说出太多或说话过多？,是啊，我有时候会停不下来说话！,8
Y6,你会不会觉得说得太快太多？,可能有点儿吧，但我停不下来！,8
Y6,这意味着可能需要注重其他生活领域的发展。有没有感受到语言活动加快的情形，或想表达很多内容？,嗯，我最近说话可快了，感觉停不下来呢！,8
Y6,又变更快了有吗?,是啊，感觉就像坐过山车一样！,8
Y6,您做到了很棒的工作，那在发现妻子出轨后，您有没有感到言语变得加速或者变长？,是啊，说起来就停不下来！,8
Y6,明白了。他有其他异常行为吗，比如说话速度快或说话内容过多？,对，他说话根本停不下来！,8
Y6,也许工作和生活中的压力造成的。可是你有没有发现他的言语和以前相比，变得更快速或者丰富？,是啊，他话好多，根本停不下来！,8
Y6,了解，有时候我们的情绪会让我们陷入这样的循环。在你心烦时，有没有感觉到思维很活跃，甚至语速加快了？,是的，我会不停地说话，停不下来。,8
Y6,我相信只要有希望和努力，一切都会好起来的。他是否常常表现出言语上的加速？,是啊！我也觉得，只要努力，就会好起来！,8
Y6,这确实是个需要慢慢解决的难题。姑妈在表达的时候，有没有什么特别的言语活跃呢？,她总是滔滔不绝，停不下来。,8
Y6,真的是很辛苦的经历。那您觉得自己在表达或沟通时会不会有说话太快或者停不下来的现象？,是的，有时候话匣子一打开就停不下来。,8
Y6,这些争吵过程中，你们的话语是否变得冗长或加速？,对啊，总是说个不停，停不下来。,8
Y6,会在沟通时发现自己说话速度加快或话语增多吗？,是啊，有时候根本停不下来！,8
Y6,那确实很让人辛苦。在面临自我价值危机时，你会否感到即便在不确定情况下仍迫不及待地表达情绪或想法？,是啊，我常忍不住就说出来了！,8
Y6,这很积极！我觉得找到合适的方法来管理情绪对你很有帮助。你是否发现自己在争论中很难停止辩解呢？,是啊，停不下来，总想说清楚。,8
Y6,你的性格描述为随和直爽，有时会过于热情吗？,哈哈，是的，我常常滔滔不绝，停不下来！,8
Y6,这种情况下，会觉得自己说话不利索对自信心有影响吗？,影响肯定有，但我就是停不下来，总想说更多。,8
Y6,他和你沟通时是否表现出自恋或者自大的倾向？,有点是吧？他总是谈论自己！,8
Y6,注意力的问题或许跟目前的情绪状态有关系。最近有没有觉得自己说话变快了或者话多呢？,最近感觉话特别多，停不下来！,8
Y6,这是可以理解的，大家互相认知和理解需要时间。你觉得自己在和男性交流时，言语会显得速度很快吗？,是的，我常常停不下来。,8
Y6,那么，这问题是否影响到您和老公在日常生活中的互动呢？,是啊，真的好多时候感觉不一样，影响蛮大的。,8
Y6,在通常的交流中会有加快语速或滔滔不绝的情况吗？,是啊，我有时候会停不下来。,8
Y6,这种状态下，是否感到在和他见面时，言语比以前慢或不想说话？,其实见到他，我更停不下来，话多得很。,8
Y6,当你解释时，是否发现自己在说话时语速加快或者内容增多呢？,是啊，说起来就停不下来，有时候自己都快跟不上。,8
Y6,你长篇大论的倾向是出于心中未解的想法吗？,可能吧，我就是停不下来。,8
Y6,说话呢？说话着不着急？,我最近一直很忙，事情太多了！真的会非常急,8
Y6,这样的改变听起来需要关注。你们之间的对话，她的讲话是否变得加速、冗长或者可能过于丰富？,对，她说起来就停不下来，特别急。,8
Y6,责怪自己只会让内心更烦躁，尝试接纳自己显得尤为重要。当你尝试交友时，会不会觉得很难开始对话？,是啊！开口太难了，我总是胡思乱想！,8
Y6,过多的日常困扰会增加心理压力。你是否注意到自己说话变快、话多或冗长？,是的是的，我说话就是停不下来，总有好多话要说！,8
Y6,那会对关系产生负面影响吗？,哦，天哪，当然会，真的很麻烦，我们得赶紧解决！,8
Y6,我能理解你的感受。这确实令人不快。平时和她交流时，你觉得自己说话变得很多或很快吗？,是啊，我经常停不下来，说得特别快。,8
Y6,很好，意识到问题是很重要的一步。您是否发现自己说话会变得很快或话特别多呢？,对呀，我一开口就停不下来！,8
Y6,但你会想要一直跟他们说话吗？,当然啦，我总有聊不完的话题！,8
Y6,我明白了。保持动力确实是个大挑战。您最近有没有说话加快，话语增多或难以停止的情况？,是啊，最近说话停不下来，太激动了。,8
Y6,关于语言交流，您觉得自己的语速和言辞平时如何？会不会比较快或者比较丰富？,说话挺快的，总想多说点，停不下来。,8
Y6,很好，感知自己的情绪变化并分享出来是调整自身状态的开始。你还提到自己开朗了不少，有没有感觉沟通时话语变多或加快？,是啊，现在说话停不下来呢！,8
Y6,谈到这些开销会让你累，那在说话方面有没有注意到你的言语活动变得加快或过多呢？,嗯，最近说话确实停不下来，感觉很急。,8
Y6,您真是很理解她。不过在她表达不满的时候，是否会使用大量言语，例如责备或抱怨呢？,是啊，她一说就停不下来！,8
Y6,有时候他的这种沉默可能也是一种压力的表现。你有没有注意到自己在激动或愤怒时对他说话的速度或方式有变化？,我当然注意到了，说起来就停不下来！,8
Y6,晚上睡眠不足可能影响她的情绪状态。关于她的行为，你有没有感觉到她的言语比平时快得多或者话更多？,是的，她话多到停不下来！,8
Y6,不用谢，我随时都在这。经过这一段时间，你有没有觉得说话速度加快，或者说得很多？,是啊，我一直停不下来，总想说更多！,8
Y6,这种感受有时候会导致我们对一些事情处理的焦虑。你在社交时能不能将注意力转移？说话速度有没有加快或话量过多的情况？,我经常一说起来就停不下来！,8
Y6,可能是压力在起作用，我们继续聊聊其他方面。面对学生的行为，您是否觉得言辞增多或说话速度加快？,是啊，有时我停不下来，说得特别快！,8
Y6,看来你有自己的应对方法。那么，你的说话速度是否有所变化呢？,对，我说话特别快，根本停不下来！,8
Y6,我理解这样的感觉可能会更让你不安。你在不熟悉的人群中交流时，会觉得自己的语言表达有条不紊吗？,其实我有时说起来就停不下来，特别兴奋。,8
Y6,扰乱正常学习还是值得注意的。那在这种情况下，你觉得自己是否变得更激进或语言上更过分了呢？,有时候是这样，没法停下来，太多话要说。,8
Y6,这样很好。有没有觉得自己有些话说得比平时多或者快？,是的，我感觉自己说得停不下来！,8
Y6,那在沟通时，你是否有说话加快或者话多的情况呢？,嗯，有时候会说个不停，停不下来。,8
Y6,如果有需要，请随时找我。你在这期间有没有发现自己说话速度或数量有变快或增加？,说太多了，停不下来！,8
Y6,这是温和的处理方式。当您说出自己的想法时，是否觉得语速或表达与往常有显著不同呢？,对啊，说起来就停不下来，一直讲。,8
Y6,这是一个积极的想法，可能需要一些时间。他的话多、语速是否比以前快很多或者过于丰富吗？,是啊，他最近说话根本停不下来！,8
Y6,情绪激动时，你会有高声谈论或大喊大叫的情况吗？,有时候会，特别是情绪上来时。,8
Y6,你是否觉得在工作场所中难以表达自己的真实想法或感受？,哦天哪，是的！我总是担心说错话，然后就一直说个不停。,8
Y6,你一直在努力，而且意识到自己的想法，这是很棒的。你觉得自己能够在适合的场合表达自己吗？,有时很难停下来，总是想说更多！,8
Y6,听上去你对他有深刻的感觉。那对他说话时，你是否会觉得自己的言语很多、速度快呢？,对啊，说话根本停不下来，一直想说。,8
Y6,听起来像是一个挑战。你提到上课时注意力不集中，你的思路在这些时刻是否特别多，以至于难以集中在眼前任务上？,是的，我的思绪总是跑得很快，停不下来！,8
Y6,那他的言语活动是否相对迅速而且冗长呢？,对，他总是停不下来，说得特别快。,8
Y6,多数孩子对学习难免会有抵触心，可能需要一些时间去适应。那在沟通中，有没有觉得有时候很难把自己的想法表达清楚呢？,是啊，有时候我说太多了，停不下来！,8
Y6,平时在情绪亢奋或不稳定时，你会不会发现自己说话速度变快或者话多？,是的，那时候我说话停不下来。,8
Y6,听起来你对爱情有着美好的愿望。在表达自己感受时是否觉得困难？,其实我有好多话想说，感受太多了！,8
Y6,是啊，心理体验有的时候可能不像身体上的反应那么直接。你有没有遇到过自己言语特别多的时候？,是啊，停不下来，话匣子一开就关不住！,8
Y6,在日常交流上，你有感到哪些困难或者特别慢的时候吗？,有时候脑子转太快，停不下来，话就多了。,8
Y6,在与你同事的冲突中，您是否认为自己的言辞有些过多或加快呢？,可能吧，有时候我就是停不下来。,8
Y6,那时候的环境变化和压力可能对情绪造成了很大的负担。在您提到的互动中，您的语言是否有变得更快或更丰富？,对，那时候我说话停不下来，语速特别快。,8
Y6,这种比较会影响你们的沟通吗？,哦，绝对的！有时候感觉喘不过气来。,8
Y6,他是否在社会活动中有高谈阔论或冗长话语的倾向呢？,是的，他总是滔滔不绝，停不下来。,8
Y6,在与男友的互动中，您是否有时会觉得言语过快或者说话内容过多？,是的，有时我会停不下来。,8
Y6,扩展社交圈有助于缓解现有的关系压力，但也要注意不勉强自己。你认为在面对陌生人时你更喜欢沉默吗？,不不不，我其实很想说话，陌生人也不例外！,8
Y6,你有没有觉得与男友对话时，自己的话变得加快、啰嗦或过于丰富？,是啊，有时就停不下来！,8
Y6,我们可以讨论一些沟通技巧，帮助你更好地表达自己的边界和想法。,好的，能说说具体技巧吗？我有点急需帮助！,8
Y6,太好了。我们可以找到一些你方便的放松技巧。你是否觉得和别人交流时自己的语言表达受到影响？,有时会这样！我一直在努力改善！,8
Y6,有这样的人在生活中是一种幸福。你的言辞有因为和他交谈而改变吗？,哦，是的，跟他聊完我就停不下来！,8
Y6,那是很好的调节方式。你最近有没有反思自己的行为模式，想要改善这种局面呢？,我一直在想，但总是忍不住反复琢磨。,8
Y6,不客气，只要你愿意，我们都在这里。继续这段对话时，有没有对自己说话出现不流畅或过于冗长的情况？,有点急，有时停不下来。,8
Y6,这或许因为你在表达自己的想法时有很多内容想要表达。你是否注意到这个情况？,是啊，我总有讲不完的话！,8
Y6,那确实很让人辛苦。在面临自我价值危机时，你会否感到即便在不确定情况下仍迫不及待地表达情绪或想法？,是的，我会陷入一种急切的表达欲望中。,6
Y6,那他的言语活动是否相对迅速而且冗长呢？,对的，他现在讲话速度特别快，而且话特别多。,6
Y6,很好，意识到问题是很重要的一步。您是否发现自己说话会变得很快或话特别多呢？,是的，当我情绪激动时，会不停地说。,6
Y6,这种时候你会不会觉得自己的语言变得笨拙呢？,说实话，我话多到停不下来！,6
Y6,有时候他的这种沉默可能也是一种压力的表现。你有没有注意到自己在激动或愤怒时对他说话的速度或方式有变化？,好像是这样，我说话越来越快！,6
Y6,您提到她的言行会让您感到尴尬，她的语言节奏是否有变化？,是的，她说话越来越快，停不下来。,6
Y6,深呼吸是个不错的方法，坚持是关键。在与父母的争论中，你的言语会不会变得激烈或者说得过多？,有时候会，停不下来。,6
Y6,这种情绪我们会继续探讨。而在吵架中，你有没有注意到自己的说话速度发生变化？有没有比平时更快或者说了更多的话？,嗯，吵架时我说话速度确实变快，还说了挺多的。,6
Y6,但你会想要一直跟他们说话吗？,说不定吧，不过我真的超喜欢聊天，停不下来！,6
Y6,有这样的人在生活中是一种幸福。你的言辞有因为和他交谈而改变吗？,是啊，和他聊后，我总想多说点！,6
Y6,太好了。我们可以找到一些你方便的放松技巧。你是否觉得和别人交流时自己的语言表达受到影响？,是啊，我说话越来越快，停不下来！,6
Y6,这样很好。有没有觉得自己有些话说得比平时多或者快？,最近真的话有点多，停不下来！,6
Y6,扩展社交圈有助于缓解现有的关系压力，但也要注意不勉强自己。你认为在面对陌生人时你更喜欢沉默吗？,其实我觉得有时候沉默挺好的，不过有时候我也会忍不住说很多话，尤其是在感兴趣的话题上，虽然面对陌生人时可能会有些紧张，但是慢慢就会好一点，对吧？,6
Y6,这可能是你身体和心理对压力的自然反应。偶尔说话速度加快吗？,对，最近说话停不下来，好像一直在快进。,6
Y6,这很积极！我觉得找到合适的方法来管理情绪对你很有帮助。你是否发现自己在争论中很难停止辩解呢？,是啊，真的很难停下来，总想继续说！,6
Y6,他的表达方式是否显得过于丰富或喋喋不休？,是啊，他说话停不下来！,6
Y6,感觉他对家长的期待很在意，那你觉得在沟通过程中，有没有觉得表达的速度变快或非常多？,对呀，我说话越来越快，停不下来！,6
Y6,该问题值得关注，避免过多困在自己思考中。你有没有注意到，提到这些情绪波动或者思考时，说话速度加快或者变得更多？,是啊，我每次聊到这些就停不下来！,6
Y6,那个时候，您有加快说话的速度，话多或者显得过于详细吗？,嗯，那时候我说话很快，停不下来。,6
Y6,不用谢，我随时都在这。经过这一段时间，你有没有觉得说话速度加快，或者说得很多？,对啊，我最近话特别多，停不下来！,6
Y6,这意味着可能需要注重其他生活领域的发展。有没有感受到语言活动加快的情形，或想表达很多内容？,最近感觉话特别多，像停不下来似的。,6
Y6,您真是很理解她。不过在她表达不满的时候，是否会使用大量言语，例如责备或抱怨呢？,是啊，她会一直说个不停，停不下来。,6
Y6,可能是需要慢慢开始尝试表达，寻找释放的方法。那在交流中你是否注意到说话变得过度或者很难停止交谈呢？,嗯，有时候真的停不下来，话特别多。,6
Y6,那你有没有看到她在和侄子说话时，说起话来特别快或者很多呢？,有啊，她一跟侄子说话就停不下来。,6
Y6,我相信只要有希望和努力，一切都会好起来的。他是否常常表现出言语上的加速？,是啊，他说话超快，根本插不上嘴！,6
Y6,你会不会觉得说得太快太多？,可能吧，忍不住想说更多呢！,6
Y6,听上去你对他有深刻的感觉。那对他说话时，你是否会觉得自己的言语很多、速度快呢？,嗯，是的，我总是停不下来。,6
Y6,这种行为的变化对您的生活可能造成一些冲击吧？您的声音和想法是否经常被人误解从而导致不想与人交流？,是的，总觉得没人理解我，特别烦躁！,6
Y6,我理解这样的感觉可能会更让你不安。你在不熟悉的人群中交流时，会觉得自己的语言表达有条不紊吗？,我常常说得停不下来，特别紧张！,6
Y6,您做到了很棒的工作，那在发现妻子出轨后，您有没有感到言语变得加速或者变长？,嗯，是的，我感觉语速加快，很难停下来。,6
Y6,这是因为安全感增强了自信。你在严肃和不自然环境中说话时是否感到言语受影响？,在那种环境下我总是滔滔不绝，停不下来！,6
Y6,这对与他人相处可能带来挑战。您在与他们沟通时，会觉得自己言语流露出一种傲气吗？,可能会吧，有时候话多就停不下来。,6
Y6,在那种时刻，你有感到言语变得加速或冗长吗？,是啊，有时候话特别多，停不下来。,6
Y6,啊你会不会特别想要跟别人说话?,当然！说不完的话，每天都有新想法！,6
Y6,会在沟通时发现自己说话速度加快或话语增多吗？,对啊，有时候我说得停不下来。,6
Y6,你是否觉得在工作场所中难以表达自己的真实想法或感受？,是的，有时候感觉要爆炸，不知道怎么停下来说！,6
Y6,可以理解。这种不能自拔的感觉可能需要一点时间去慢慢打破。你是否发现自己在讲话时速度加快或言语量增多？,是啊，一讲起来就停不下来，总说个不停。,6
Y6,你有没有觉得与男友对话时，自己的话变得加快、啰嗦或过于丰富？,嗯，有时候我感觉自己说话停不下来。,6
Y6,也许工作和生活中的压力造成的。可是你有没有发现他的言语和以前相比，变得更快速或者丰富？,嗯，我也觉得最近他说话特别快，停不下来。,6
Y6,和她交流的时候，你有觉得沟通变得困难吗？,哦，完全是这样，一直说个不停呢！,6
Y6,您在那时候说话速度和内容会有所加速或者变多吗？,是啊，话多得停不下来呢！,6
Y6,那么，这问题是否影响到您和老公在日常生活中的互动呢？,是的，影响大，老公也注意到了，沟通变得困难。,6
Y6,那会对关系产生负面影响吗？,我也不知道，可能会吧，但我一直在想这个问题，真是让人烦恼！,6
Y6,你的性格描述为随和直爽，有时会过于热情吗？,哈哈，是的，我有时候会停不下来！,6
Y6,关于语言交流，您觉得自己的语速和言辞平时如何？会不会比较快或者比较丰富？,我说话特别快，停不下来，总有太多话想说。,6
Y6,这种感受有时候会导致我们对一些事情处理的焦虑。你在社交时能不能将注意力转移？说话速度有没有加快或话量过多的情况？,有时候就是停不下来，说得太快了。,6
Y6,过多的日常困扰会增加心理压力。你是否注意到自己说话变快、话多或冗长？,是的，我最近话特别多，停不下来。,6
Y6,很好，培养这样的爱好终身受益。你在表达自己情绪时有没有发现自己会不由自主地说出太多或说话过多？,有时候会忍不住说太多，停不下来。,6
Y6,看来你有自己的应对方法。那么，你的说话速度是否有所变化呢？,最近说话越来越快，很难停下来。,6
Y6,说话速度会不会有变化啊？,会，我说话很急，估计别人很难打断啦。,6
Y6,明白了。他有其他异常行为吗，比如说话速度快或说话内容过多？,对，他说话像机关枪，根本停不下来！,6
Y6,那他语言表达流畅且有条理，偶尔会包含丰富的情感吗？,说话特别快，而且一旦开始就停不下来。,6
Y6,这种状态下，是否感到在和他见面时，言语比以前慢或不想说话？,我倒是话变多了，停不下来。,6
Y6,如果有需要，请随时找我。你在这期间有没有发现自己说话速度或数量有变快或增加？,说话速度变快了，停不下来！,6
Y6,晚上睡眠不足可能影响她的情绪状态。关于她的行为，你有没有感觉到她的言语比平时快得多或者话更多？,是的，她最近说话明显快了很多。,6
Y6,这样的改变听起来需要关注。你们之间的对话，她的讲话是否变得加速、冗长或者可能过于丰富？,是啊，她说话越来越快，停不下来。,6
Y6,这种比较会影响你们的沟通吗？,沟通肯定会受影响啊，太多话想说停不下来！,6
Y6,他是否在社会活动中有高谈阔论或冗长话语的倾向呢？,对，他总是停不下来，特别活跃。,6
Y6,平时在情绪亢奋或不稳定时，你会不会发现自己说话速度变快或者话多？,是的，一激动就停不下来，说得特别快。,6
Y6,这种情况下，及时意识到自己情绪的变化很重要。你有没有发现自己说话时比平时更快或者更频繁？,好像是这样，最近我说话特别多特别快。,6
Y6,在你和新朋友的交往初期，你会全力以赴地建立关系吗？,当然啦，我会拼命让关系更好，感觉超兴奋！,6
Y6,那时候的环境变化和压力可能对情绪造成了很大的负担。在您提到的互动中，您的语言是否有变得更快或更丰富？,嗯，那时候我说话确实越来越快，停不下来。,6
Y6,注意力的问题或许跟目前的情绪状态有关系。最近有没有觉得自己说话变快了或者话多呢？,嗯，有点，最近说话变快，很难停下来。,6
Y6,你最近遇到的事情确实太多了吧，总是很多话吧？,哦，我有好多话想说，根本停不下来！,6
Y6,听起来像是一个挑战。你提到上课时注意力不集中，你的思路在这些时刻是否特别多，以至于难以集中在眼前任务上？,是啊，脑子里像开了马达，停不下来！,6
Y6,在日常交流上，你有感到哪些困难或者特别慢的时候吗？,有时候感觉自己说话停不下来，控制不住语速。,6
Y6,了解，有时候我们的情绪会让我们陷入这样的循环。在你心烦时，有没有感觉到思维很活跃，甚至语速加快了？,对对对，我说话超快，脑子停不下来！,6
Y6,你一直在努力，而且意识到自己的想法，这是很棒的。你觉得自己能够在适合的场合表达自己吗？,有时候太多话，停不下来，有点难控制呢！,6
Y6,听起来你对爱情有着美好的愿望。在表达自己感受时是否觉得困难？,是啊，爱情很美好！我总有好多话想说，说不完！,6
Y6,很好，感知自己的情绪变化并分享出来是调整自身状态的开始。你还提到自己开朗了不少，有没有感觉沟通时话语变多或加快？,嗯，是啊，最近说话特别多，停不下来！,6
Y6,可能是压力在起作用，我们继续聊聊其他方面。面对学生的行为，您是否觉得言辞增多或说话速度加快？,是的，我最近说话越来越快，停不下来。,6
Y6,这些争吵过程中，你们的话语是否变得冗长或加速？,对，话越说越快，停不下来。,6
Y6,在与男友的互动中，您是否有时会觉得言语过快或者说话内容过多？,是啊，经常感觉停不下来说个不停。,6
Y6,家庭关系复杂，交流是关键。与他们沟通时，你的语言和语速有变化吗？,说得很快，有时候根本停不下来！,6
Y6,在表达自己感受时会不会发现言语增加？,对啊，有时候一说就停不下来！,6
Y6,你长篇大论的倾向是出于心中未解的想法吗？,可能吧，话太多停不下来！,6
Y6,可以尝试咨询一下当地组织或心理辅导员，看看有没有合适的资源。你有没有时候感觉到他讲话变得加速或很多冗长？,有时会，他一说起来就停不下来。,6
Y6,成长不只是成就，还是心态。在快速思考和决策时，你会感到语速加快吗？,嗯，会的，讲话停不下来。,6
Y6,不客气，只要你愿意，我们都在这里。继续这段对话时，有没有对自己说话出现不流畅或过于冗长的情况？,嗯，有时会，停不下来呢。,6
Y6,我能理解你的感受。这确实令人不快。平时和她交流时，你觉得自己说话变得很多或很快吗？,是啊，说起来就停不下来！,6
Y6,这种情况下，会觉得自己说话不利索对自信心有影响吗？,不太会影响，我说话越来越快反而更顺了。,6
Y6,在与你同事的冲突中，您是否认为自己的言辞有些过多或加快呢？,可能吧，我说话有点停不下来。,6
Y6,情绪激动时，你会有高声谈论或大喊大叫的情况吗？,有时会，特别是控制不住的时候。,6
Y6,当你解释时，是否发现自己在说话时语速加快或者内容增多呢？,是啊，有时候一说就停不下来。,6
Y6,这确实是个需要慢慢解决的难题。姑妈在表达的时候，有没有什么特别的言语活跃呢？,她不停说话，语速快，我插不上话。,6
Y6,扰乱正常学习还是值得注意的。那在这种情况下，你觉得自己是否变得更激进或语言上更过分了呢？,可能吧，我感觉自己有点停不下来。,6
Y6,这的确很让人烦心。在你们的交流中，你是否因为压力，而产生话多或言语快速的情况？,是啊，有时候像停不下来似的。,6
Y6,又变更快了有吗?,哦，对啊，感觉像闪电一样快！,6
Y6,我们可以讨论一些沟通技巧，帮助你更好地表达自己的边界和想法。,哦，当然，沟通技巧真的是太重要了，我有好多想说的！,6
Y6,多数孩子对学习难免会有抵触心，可能需要一些时间去适应。那在沟通中，有没有觉得有时候很难把自己的想法表达清楚呢？,有时候真是太难了！感觉说不完！,6
Y6,那在沟通时，你是否有说话加快或者话多的情况呢？,有时候会，说起话来停不下来。,6
Y6,责怪自己只会让内心更烦躁，尝试接纳自己显得尤为重要。当你尝试交友时，会不会觉得很难开始对话？,对，对，有时候真不知道说啥，太尴尬了！,6
Y6,在通常的交流中会有加快语速或滔滔不绝的情况吗？,是的，有时候会说得停不下来呢！,6
Y6,这或许因为你在表达自己的想法时有很多内容想要表达。你是否注意到这个情况？,对呀，我总有说不完的话题！,6
Y6,我明白了。保持动力确实是个大挑战。您最近有没有说话加快，话语增多或难以停止的情况？,嗯，有时会滔滔不绝，停不下来。,6
Y6,真的是很辛苦的经历。那您觉得自己在表达或沟通时会不会有说话太快或者停不下来的现象？,嗯，有时候说起来就停不下来，语速也会变快。,6
Y6,是啊，心理体验有的时候可能不像身体上的反应那么直接。你有没有遇到过自己言语特别多的时候？,是的，有时我会不停地说，根本停不下来。,6
Y6,那是很好的调节方式。你最近有没有反思自己的行为模式，想要改善这种局面呢？,反思了很多！每天都在努力改变，想不停地好好做。,6
Y6,自信是逐步建立的，每个小成就都能增加信心。与他人交谈时，你觉得讲话时能表达出内心吗？,有时候能，但常常想说的太多，停不下来！,6
Y6,他和你沟通时是否表现出自恋或者自大的倾向？,嗯，他有时候就是这样，总是觉得自己特别厉害！,6
Y6,这可能是你身体和心理对压力的自然反应。偶尔说话速度加快吗？,有时候，当我思维活跃的时候，会讲得很快。,2
Y6,这种情况下，及时意识到自己情绪的变化很重要。你有没有发现自己说话时比平时更快或者更频繁？,我没有特别注意过，但偶尔会有这种感觉。,2
Y6,这是温和的处理方式。当您说出自己的想法时，是否觉得语速或表达与往常有显著不同呢？,我通常还算流利，但有时候会因为紧张而磕巴。,2
Y6,这种行为的变化对您的生活可能造成一些冲击吧？您的声音和想法是否经常被人误解从而导致不想与人交流？,是的，感觉好像一直没有人真的理解我。,2
Y6,情绪激动时，你会有高声谈论或大喊大叫的情况吗？,会的，特别在争吵时声音会不自觉提高。,2
Y6,深呼吸是个不错的方法，坚持是关键。在与父母的争论中，你的言语会不会变得激烈或者说得过多？,是啊，我常常压不住说话的欲望，感觉在证明自己。,2
Y6,真的是很辛苦的经历。那您觉得自己在表达或沟通时会不会有说话太快或者停不下来的现象？,不至于说话停不下来，但有时候会觉得自己说得有些快。,2
Y6,这种情况下，会觉得自己说话不利索对自信心有影响吗？,当然，很多时候我都不敢开口。,2
Y6,多数孩子对学习难免会有抵触心，可能需要一些时间去适应。那在沟通中，有没有觉得有时候很难把自己的想法表达清楚呢？,是啊，有时候说到一半都不知道该怎么办。,2
Y6,关于语言交流，您觉得自己的语速和言辞平时如何？会不会比较快或者比较丰富？,好像是有点，不过我觉得是因为紧张。,2
Y6,平时在情绪亢奋或不稳定时，你会不会发现自己说话速度变快或者话多？,嗯，是有这样的现象。,2
Y6,不客气，只要你愿意，我们都在这里。继续这段对话时，有没有对自己说话出现不流畅或过于冗长的情况？,其实有时会有点结巴，想表达的东西很多，但不知道怎么开口。,2
Y6,这或许因为你在表达自己的想法时有很多内容想要表达。你是否注意到这个情况？,我确实讲话多了一些，也很复杂。,2
Y6,这种状态下，是否感到在和他见面时，言语比以前慢或不想说话？,是的，有时就不想多说。,2
Y6,那个时候，您有加快说话的速度，话多或者显得过于详细吗？,说实话，我可能讲得比较快，但我希望她能理解。,2
Y6,您真是很理解她。不过在她表达不满的时候，是否会使用大量言语，例如责备或抱怨呢？,她确实常常责备我，比如总说我很笨。,2
Y6,那是很好的调节方式。你最近有没有反思自己的行为模式，想要改善这种局面呢？,是有，特别是在社交中我试图不要过多地压抑或表达自己的想法。,2
Y6,这对与他人相处可能带来挑战。您在与他们沟通时，会觉得自己言语流露出一种傲气吗？,有时候会被察觉到，虽然并不想这样。,2
Y6,有这样的人在生活中是一种幸福。你的言辞有因为和他交谈而改变吗？,可能会吧，我渐渐没有从前那么紧张了。,2
Y6,你长篇大论的倾向是出于心中未解的想法吗？,没错，我总是不了解自己的想法。,2
Y6,这是因为安全感增强了自信。你在严肃和不自然环境中说话时是否感到言语受影响？,会有些影响，很少参与对话。,2
Y6,你的性格描述为随和直爽，有时会过于热情吗？,可能有时候会，但只是想表达自己。,2
Y6,那么，这问题是否影响到您和老公在日常生活中的互动呢？,我们的沟通成了一个巨大的障碍。,2
Y6,你有没有觉得与男友对话时，自己的话变得加快、啰嗦或过于丰富？,也许吧，想着怎么表达的时候总有点急。,2
Y6,了解，有时候我们的情绪会让我们陷入这样的循环。在你心烦时，有没有感觉到思维很活跃，甚至语速加快了？,嗯，有时会这样的，我控制不了自己的思绪。,2
Y6,听起来像是一个挑战。你提到上课时注意力不集中，你的思路在这些时刻是否特别多，以至于难以集中在眼前任务上？,是的，有时候很多想法会同时冒出来，让我很难保持专注。,2
Y6,那他语言表达流畅且有条理，偶尔会包含丰富的情感吗？,确是如此，他谈话时总能让人感受到丰富的情感。,2
Y6,很好，感知自己的情绪变化并分享出来是调整自身状态的开始。你还提到自己开朗了不少，有没有感觉沟通时话语变多或加快？,没有特别注意过，但我觉得自己变得更加愿意表达想法了。,2
Y6,在与你同事的冲突中，您是否认为自己的言辞有些过多或加快呢？,可能有点吧，当时很激动，想要解释清楚自己的立场。,2
Y6,这种比较会影响你们的沟通吗？,确实有影响，每次都会让我很不高兴。,2
Y6,我能理解你的感受。这确实令人不快。平时和她交流时，你觉得自己说话变得很多或很快吗？,是啊，我有时候停不下来。,2
Y6,这是一个积极的想法，可能需要一些时间。他的话多、语速是否比以前快很多或者过于丰富吗？,嗯，最近确实话多了不少。,2
Y6,那你有没有看到她在和侄子说话时，说起话来特别快或者很多呢？,对，她讲话时像开了连珠炮似的。,2
Y6,成长不只是成就，还是心态。在快速思考和决策时，你会感到语速加快吗？,是啊，感觉自己停不下来。,2
Y6,那在沟通时，你是否有说话加快或者话多的情况呢？,有时候会，话特别多停不下来。,2
Y6,他的表达方式是否显得过于丰富或喋喋不休？,是啊，感觉他话有点多。,2
Y6,这样的改变听起来需要关注。你们之间的对话，她的讲话是否变得加速、冗长或者可能过于丰富？,是啊，她最近说话特别多。,2
Y6,可能是压力在起作用，我们继续聊聊其他方面。面对学生的行为，您是否觉得言辞增多或说话速度加快？,是的，我确实话变多了。,2
Y6,这种感受有时候会导致我们对一些事情处理的焦虑。你在社交时能不能将注意力转移？说话速度有没有加快或话量过多的情况？,有时候会说个不停，停不下来。,2
Y6,我相信只要有希望和努力，一切都会好起来的。他是否常常表现出言语上的加速？,是啊，他说话特别快，总是停不下来。,2
Y6,自信是逐步建立的，每个小成就都能增加信心。与他人交谈时，你觉得讲话时能表达出内心吗？,有时会，话一多就停不下来。,2
Y6,责怪自己只会让内心更烦躁，尝试接纳自己显得尤为重要。当你尝试交友时，会不会觉得很难开始对话？,有时候是，尤其当我感觉话太多。,2
Y6,他和你沟通时是否表现出自恋或者自大的倾向？,他总是说个不停，感觉有点话多。,2
Y6,您在那时候说话速度和内容会有所加速或者变多吗？,嗯，那时候我话特别多。,2
Y6,在通常的交流中会有加快语速或滔滔不绝的情况吗？,是啊，有时候会停不下来。,2
Y6,我理解这样的感觉可能会更让你不安。你在不熟悉的人群中交流时，会觉得自己的语言表达有条不紊吗？,有时候觉得自己话特别多，停不下来。,2
Y6,在你和新朋友的交往初期，你会全力以赴地建立关系吗？,我会，但有点担心太热情吓到人。,2
Y6,但你会想要一直跟他们说话吗？,有时候会觉得说太多了。,2
Y6,扰乱正常学习还是值得注意的。那在这种情况下，你觉得自己是否变得更激进或语言上更过分了呢？,可能吧，总感觉自己话特别多。,2
Y6,会在沟通时发现自己说话速度加快或话语增多吗？,是啊，有时候会停不下来说话。,2
Y6,这很积极！我觉得找到合适的方法来管理情绪对你很有帮助。你是否发现自己在争论中很难停止辩解呢？,嗯，有时候是这样的。,2
Y6,又变更快了有吗?,嗯，是有点滔滔不绝了。,2
Y6,在那种时刻，你有感到言语变得加速或冗长吗？,嗯，有时候会觉得自己话特别多。,2
Y6,很好，培养这样的爱好终身受益。你在表达自己情绪时有没有发现自己会不由自主地说出太多或说话过多？,是啊，有时候一开口就停不下来。,2
Y6,那么，她这种抱怨是否持续不停地发生，难以中断？,是啊，她说起来就停不下来。,2
Y6,很好，意识到问题是很重要的一步。您是否发现自己说话会变得很快或话特别多呢？,对，会停不下来，一直说。,2
Y6,当你解释时，是否发现自己在说话时语速加快或者内容增多呢？,对啊，我总是停不下来。,2
Y6,明白了。他有其他异常行为吗，比如说话速度快或说话内容过多？,是啊，我有时候说话特别多。,2
Y6,可以尝试咨询一下当地组织或心理辅导员，看看有没有合适的资源。你有没有时候感觉到他讲话变得加速或很多冗长？,确实，他有时说得特别多。,2
Y6,过多的日常困扰会增加心理压力。你是否注意到自己说话变快、话多或冗长？,嗯，我确实感觉自己话有点多。,2
Y6,该问题值得关注，避免过多困在自己思考中。你有没有注意到，提到这些情绪波动或者思考时，说话速度加快或者变得更多？,对啊，我一激动就话多停不下来。,2
Y6,不用谢，我随时都在这。经过这一段时间，你有没有觉得说话速度加快，或者说得很多？,嗯，有时候感觉话特别多。,2
Y6,在与男友的互动中，您是否有时会觉得言语过快或者说话内容过多？,是啊，有时候感觉自己说太多了。,2
Y6,注意力的问题或许跟目前的情绪状态有关系。最近有没有觉得自己说话变快了或者话多呢？,嗯，最近话特别多，停不下来。,2
Y6,你是否觉得在工作场所中难以表达自己的真实想法或感受？,嗯，有时候会觉得话特别多。,2
Y6,那会对关系产生负面影响吗？,有可能哦，不过咱们可以沟通解决！,2
Y6,这的确很让人烦心。在你们的交流中，你是否因为压力，而产生话多或言语快速的情况？,嗯，有时候我会滔滔不绝。,2
Y6,谈到这些开销会让你累，那在说话方面有没有注意到你的言语活动变得加快或过多呢？,是啊，最近说话停不下来。,2
Y6,啊你会不会特别想要跟别人说话?,有时候就真的特别想一直说。,2
Y6,也许工作和生活中的压力造成的。可是你有没有发现他的言语和以前相比，变得更快速或者丰富？,对啊，他最近话特别多。,2
Y6,在日常交流上，你有感到哪些困难或者特别慢的时候吗？,有时候话太多，停不下来。,2
Y6,那时候的环境变化和压力可能对情绪造成了很大的负担。在您提到的互动中，您的语言是否有变得更快或更丰富？,是的，那时候话特别多。,2
Y6,可以理解。这种不能自拔的感觉可能需要一点时间去慢慢打破。你是否发现自己在讲话时速度加快或言语量增多？,最近确实有点停不下来，总想多说点。,2
Y6,您提到她的言行会让您感到尴尬，她的语言节奏是否有变化？,嗯，她最近说话特别多。,2
Y6,听上去你对他有深刻的感觉。那对他说话时，你是否会觉得自己的言语很多、速度快呢？,是啊，有时候一开口就停不下来！,2
Y6,这种情绪我们会继续探讨。而在吵架中，你有没有注意到自己的说话速度发生变化？有没有比平时更快或者说了更多的话？,好像是的，有时候话特别多！,2
Y6,听起来你对爱情有着美好的愿望。在表达自己感受时是否觉得困难？,嗯，有时候感觉表达很多，但不一定传达清楚。,2
Y6,那他的言语活动是否相对迅速而且冗长呢？,是啊，他说话又快又多。,2
Y6,太好了。我们可以找到一些你方便的放松技巧。你是否觉得和别人交流时自己的语言表达受到影响？,有时候话多到停不下来。,2
Y6,我明白了。保持动力确实是个大挑战。您最近有没有说话加快，话语增多或难以停止的情况？,有时候会，停不下来说话。,2
Y6,你一直在努力，而且意识到自己的想法，这是很棒的。你觉得自己能够在适合的场合表达自己吗？,有时说太多了，停不下来。,2
Y6,这样很好。有没有觉得自己有些话说得比平时多或者快？,有点儿，比平时多了点。,2
Y6,我们可以讨论一些沟通技巧，帮助你更好地表达自己的边界和想法。,嗯，感觉这话题有点多。,2
Y6,您做到了很棒的工作，那在发现妻子出轨后，您有没有感到言语变得加速或者变长？,嗯，确实话变得特别多。,2
Y6,看来你有自己的应对方法。那么，你的说话速度是否有所变化呢？,是的，我现在话好多。,2
Y6,晚上睡眠不足可能影响她的情绪状态。关于她的行为，你有没有感觉到她的言语比平时快得多或者话更多？,是啊，她最近说话确实变多了。,2
Y6,扩展社交圈有助于缓解现有的关系压力，但也要注意不勉强自己。你认为在面对陌生人时你更喜欢沉默吗？,有时候会不自觉地聊太多。,2
Y6,家庭关系复杂，交流是关键。与他们沟通时，你的语言和语速有变化吗？,嗯，有时我会滔滔不绝。,2
Y6,这确实是个需要慢慢解决的难题。姑妈在表达的时候，有没有什么特别的言语活跃呢？,她话有点多，停不下来。,2
Y6,可能是需要慢慢开始尝试表达，寻找释放的方法。那在交流中你是否注意到说话变得过度或者很难停止交谈呢？,有时候一说起来就停不下来。,2
Y6,如果有需要，请随时找我。你在这期间有没有发现自己说话速度或数量有变快或增加？,有点儿，最近总想多说点儿。,2
Y6,是啊，心理体验有的时候可能不像身体上的反应那么直接。你有没有遇到过自己言语特别多的时候？,有时候话多停不下来，真烦。,2
Y6,感觉他对家长的期待很在意，那你觉得在沟通过程中，有没有觉得表达的速度变快或非常多？,好像是这样，说话停不下来。,2
Y6,在表达自己感受时会不会发现言语增加？,嗯，是的，有时候会话多。,2
Y6,那确实很让人辛苦。在面临自我价值危机时，你会否感到即便在不确定情况下仍迫不及待地表达情绪或想法？,是啊，有时候控制不住就想说。,2
Y6,他是否在社会活动中有高谈阔论或冗长话语的倾向呢？,是啊，有时候他话特别多。,2
Y6,有时候他的这种沉默可能也是一种压力的表现。你有没有注意到自己在激动或愤怒时对他说话的速度或方式有变化？,可能吧，我话多时他更沉默。,2
Y6,和她交流的时候，你有觉得沟通变得困难吗？,沟通时，总觉得自己话特别多。,2
Y6,扰乱正常学习还是值得注意的。那在这种情况下，你觉得自己是否变得更激进或语言上更过分了呢？,我有时会故意找她说话，希望能多了解她的感受。,4
Y6,他是否在社会活动中有高谈阔论或冗长话语的倾向呢？,确实是这样，这常常让聚会失去真正的互动价值。,4
Y6,这种感受有时候会导致我们对一些事情处理的焦虑。你在社交时能不能将注意力转移？说话速度有没有加快或话量过多的情况？,我倒是挺能在社交中转移注意力的，但有时会说得多而快。,4
Y6,在那种时刻，你有感到言语变得加速或冗长吗？,确实，我的话有时不受控制地多起来，好像想把所有的话一口气说完。,4
Y6,在通常的交流中会有加快语速或滔滔不绝的情况吗？,有时候会，尤其在情绪激动时。,4
Y6,如果有需要，请随时找我。你在这期间有没有发现自己说话速度或数量有变快或增加？,有的时候会，特别是情绪很激动时。,4
Y6,这些争吵过程中，你们的话语是否变得冗长或加速？,是的，声音都不自觉地大了起来。,4
Y6,这意味着可能需要注重其他生活领域的发展。有没有感受到语言活动加快的情形，或想表达很多内容？,有时候会，我想说的挺多。,4
Y6,我能理解你的感受。这确实令人不快。平时和她交流时，你觉得自己说话变得很多或很快吗？,我觉得是的，我说话会变得比平时多，也快一些。,4
Y6,注意力的问题或许跟目前的情绪状态有关系。最近有没有觉得自己说话变快了或者话多呢？,觉得情绪紧张时，会话多一些。,4
Y6,家庭关系复杂，交流是关键。与他们沟通时，你的语言和语速有变化吗？,有时会说得比较快，似乎想尽快表达清楚自己的意思。,4
Y6,这的确很让人烦心。在你们的交流中，你是否因为压力，而产生话多或言语快速的情况？,说实话，我有时候说话特别快，因为想赶紧把事情说清楚，但他还是不太在意。,4
Y6,会在沟通时发现自己说话速度加快或话语增多吗？,有的时候确实会这样。,4
Y6,听起来你对爱情有着美好的愿望。在表达自己感受时是否觉得困难？,我不太擅长表达，常常需要过度解释。,4
Y6,那在沟通时，你是否有说话加快或者话多的情况呢？,有时候会，特别是在我焦虑的时候。,4
Y6,该问题值得关注，避免过多困在自己思考中。你有没有注意到，提到这些情绪波动或者思考时，说话速度加快或者变得更多？,有时候一激动就忍不住说得很快，生怕自己表达不清楚。,4
Y6,也许工作和生活中的压力造成的。可是你有没有发现他的言语和以前相比，变得更快速或者丰富？,不得不说，他讲话的确快了很多。,4
Y6,可能是需要慢慢开始尝试表达，寻找释放的方法。那在交流中你是否注意到说话变得过度或者很难停止交谈呢？,我会不停重复，担心对方听不清我的意思。,4
Y6,听上去你对他有深刻的感觉。那对他说话时，你是否会觉得自己的言语很多、速度快呢？,是的，有时会不自觉地说得多起来。,4
Y6,当你解释时，是否发现自己在说话时语速加快或者内容增多呢？,是的，我常常因为想说明事情而越说越快。,4
Y6,过多的日常困扰会增加心理压力。你是否注意到自己说话变快、话多或冗长？,有时候会不由自主的讲很多话。,4
Y6,可能是压力在起作用，我们继续聊聊其他方面。面对学生的行为，您是否觉得言辞增多或说话速度加快？,我确实有时候会不自觉地说得特别多，这是因为我想让他们理解和改正错误。,4
Y6,这是可以理解的，大家互相认知和理解需要时间。你觉得自己在和男性交流时，言语会显得速度很快吗？,会的！有时候因为紧张，我会说得很快，生怕没有说完或说得不够。,4
Y6,您提到她的言行会让您感到尴尬，她的语言节奏是否有变化？,确实，她的说话有点加快，而且有时太唠叨。,4
Y6,和她交流的时候，你有觉得沟通变得困难吗？,是的，当时越说感觉反而越糟。她似乎更不愿意和我交流。,4
Y6,可以理解。这种不能自拔的感觉可能需要一点时间去慢慢打破。你是否发现自己在讲话时速度加快或言语量增多？,有时候会。当然，我发现与人交流的时候情绪激动时说话特别快。,4
Y6,在你和新朋友的交往初期，你会全力以赴地建立关系吗？,会，初期我总是表现得特别热情，想让他们喜欢我。,4
Y6,有时候他的这种沉默可能也是一种压力的表现。你有没有注意到自己在激动或愤怒时对他说话的速度或方式有变化？,是的，我会不停地问他问题，想要立刻得到回复。,4
Y6,晚上睡眠不足可能影响她的情绪状态。关于她的行为，你有没有感觉到她的言语比平时快得多或者话更多？,是的，这也是我困惑的一点，她在情绪激动的时候特别健谈。,4
Y6,我相信只要有希望和努力，一切都会好起来的。他是否常常表现出言语上的加速？,是的，他说话时有时不自觉加快，这是压力的表现吧。,4
Y6,我理解这样的感觉可能会更让你不安。你在不熟悉的人群中交流时，会觉得自己的语言表达有条不紊吗？,我会尽量组织好语言，但有时会说得太快，自己也控不住。,4
Y6,那时候的环境变化和压力可能对情绪造成了很大的负担。在您提到的互动中，您的语言是否有变得更快或更丰富？,对！有时候我说话会变得很快，不由自主地说很多。,4
Y6,太好了。我们可以找到一些你方便的放松技巧。你是否觉得和别人交流时自己的语言表达受到影响？,嗯，可能是受到情绪的影响，有时会说得很快。,4
Y6,那么，她这种抱怨是否持续不停地发生，难以中断？,对，有时候我都不知道怎么让她停下来。,4
Y6,谈到这些开销会让你累，那在说话方面有没有注意到你的言语活动变得加快或过多呢？,我会不停地想象买了这些东西后会有多漂亮，一直想跟朋友分享这些计划。,4
Y6,散步是个不错的选择，尤其是在户外。那在寻求新工作的过程中，您是否觉得与他人沟通的时候话更多或者说话速度更快了？,我没太注意，但觉得有时真的比较急切。,4
Y6,这很积极！我觉得找到合适的方法来管理情绪对你很有帮助。你是否发现自己在争论中很难停止辩解呢？,确实如此，有时候我停不下来。,4
Y6,他的表达方式是否显得过于丰富或喋喋不休？,有时候是这样的，他说话很多，似乎没完没了。,4
Y6,很好，培养这样的爱好终身受益。你在表达自己情绪时有没有发现自己会不由自主地说出太多或说话过多？,确实，我有时候一激动就控制不住说很多。,4
Y6,成长不只是成就，还是心态。在快速思考和决策时，你会感到语速加快吗？,有时候说起话来就停不下来。,4
Y6,你会不会觉得说得太快太多？,可能是吧，有时候控制不住。,4
Y6,这样的改变听起来需要关注。你们之间的对话，她的讲话是否变得加速、冗长或者可能过于丰富？,她确实有时说话速度很快，也不停地跳转话题，让人难以跟上。,4
Y6,不用谢，我随时都在这。经过这一段时间，你有没有觉得说话速度加快，或者说得很多？,有时候我说话会急促，但不常有这种情况。,4
Y6,这确实是个需要慢慢解决的难题。姑妈在表达的时候，有没有什么特别的言语活跃呢？,是的，她对很多事情说得很详细，而且总能说服奶奶。,4
Y6,他和你沟通时是否表现出自恋或者自大的倾向？,是挺自大的，经常把话题转到自己身上。,4
Y6,在与男友的互动中，您是否有时会觉得言语过快或者说话内容过多？,有时候会，我会滔滔不绝地说他做的事情不对。,4
Y6,感觉他对家长的期待很在意，那你觉得在沟通过程中，有没有觉得表达的速度变快或非常多？,嗯，有时候会说得特别快，停不下来。,4
Y6,了解，有时候我们的情绪会让我们陷入这样的循环。在你心烦时，有没有感觉到思维很活跃，甚至语速加快了？,嗯，有时候会，感觉脑子转得特别快。,4
Y6,你一直在努力，而且意识到自己的想法，这是很棒的。你觉得自己能够在适合的场合表达自己吗？,有时有点难，但我会继续努力的！谢谢你的鼓励！,4
Y6,可以尝试咨询一下当地组织或心理辅导员，看看有没有合适的资源。你有没有时候感觉到他讲话变得加速或很多冗长？,对，有时候会感觉他说话好快又啰嗦。,4
Y6,在日常交流上，你有感到哪些困难或者特别慢的时候吗？,有时候我会说得特别快，停不下来。,4
Y6,很好，感知自己的情绪变化并分享出来是调整自身状态的开始。你还提到自己开朗了不少，有没有感觉沟通时话语变多或加快？,是啊，有时候真的会说个不停！,4
Y6,那么，这问题是否影响到您和老公在日常生活中的互动呢？,哦，有时候真的会，感觉话多停不下来。,4
Y6,但你会想要一直跟他们说话吗？,哎呀，有时候真的会忍不住聊个不停呢！,4
Y6,那会对关系产生负面影响吗？,可能会吧，但每段关系都不一样，不是吗？,4
Y6,又变更快了有吗?,是啊，有时候我自己都跟不上！,4
Y6,我们可以讨论一些沟通技巧，帮助你更好地表达自己的边界和想法。,哦，那太好了！我一直想更好表达自己，你有什么建议吗？,4
Y6,你有没有觉得与男友对话时，自己的话变得加快、啰嗦或过于丰富？,嗯，有时候会说得特别快。,4
Y6,这可能是你身体和心理对压力的自然反应。偶尔说话速度加快吗？,嗯，有时候会说得特别快，停不下来。,4
Y6,这是一个积极的想法，可能需要一些时间。他的话多、语速是否比以前快很多或者过于丰富吗？,对，他最近话多了，语速也变快了。,4
Y6,这种状态下，是否感到在和他见面时，言语比以前慢或不想说话？,"有时候反而话多停不下来。",4
Y6,这种情况下，及时意识到自己情绪的变化很重要。你有没有发现自己说话时比平时更快或者更频繁？,嗯，有时候我会说得比平时快好多。,4
Y6,责怪自己只会让内心更烦躁，尝试接纳自己显得尤为重要。当你尝试交友时，会不会觉得很难开始对话？,是啊，有时候真不知道怎么开口，然后就一直说个不停。,4
Y6,那是很好的调节方式。你最近有没有反思自己的行为模式，想要改善这种局面呢？,哦，我最近想了很多，反思了一堆，真的蛮多的！你说呢？,4
Y6,您在那时候说话速度和内容会有所加速或者变多吗？,嗯，有时候会说得快而且多。,4
Y6,很好，意识到问题是很重要的一步。您是否发现自己说话会变得很快或话特别多呢？,是的，有时候我会说得特别快。,4
Y6,那他的言语活动是否相对迅速而且冗长呢？,嗯，有时候是这样，话多又快。,4
Y6,这种比较会影响你们的沟通吗？,嗯，有时候会，特别是我说得太多的时候。,4
Y6,不客气，只要你愿意，我们都在这里。继续这段对话时，有没有对自己说话出现不流畅或过于冗长的情况？,有时候会说得有点多，哈哈。,4
Y6,你长篇大论的倾向是出于心中未解的想法吗？,可能吧，我就是忍不住想多说。,4
Y6,那你有没有看到她在和侄子说话时，说起话来特别快或者很多呢？,嗯，有时她说话会特别快，特别多。,4
Y6,听起来像是一个挑战。你提到上课时注意力不集中，你的思路在这些时刻是否特别多，以至于难以集中在眼前任务上？,是啊，我的思绪常常飞来飞去，超难集中！,4
Y6,在表达自己感受时会不会发现言语增加？,有时候会，话就多了起来。,4
Y6,情绪激动时，你会有高声谈论或大喊大叫的情况吗？,嗯，有时候会说得又快又多。,4
Y6,多数孩子对学习难免会有抵触心，可能需要一些时间去适应。那在沟通中，有没有觉得有时候很难把自己的想法表达清楚呢？,嗯，有时候话多了，别人都懵了。,4
Y6,这是温和的处理方式。当您说出自己的想法时，是否觉得语速或表达与往常有显著不同呢？,嗯，有时候会说得比较快，也比较多。,4
Y6,你的性格描述为随和直爽，有时会过于热情吗？,嗯，有时候会说很多，说得停不下来。,4
Y6,这或许因为你在表达自己的想法时有很多内容想要表达。你是否注意到这个情况？,嗯，有时候就是这样，停不下来。,4
Y6,这种情绪我们会继续探讨。而在吵架中，你有没有注意到自己的说话速度发生变化？有没有比平时更快或者说了更多的话？,嗯，有时候会说得更快，也会多说一些。,4
Y6,有这样的人在生活中是一种幸福。你的言辞有因为和他交谈而改变吗？,是啊，感觉每次聊完都兴奋得停不下来！,4
Y6,平时在情绪亢奋或不稳定时，你会不会发现自己说话速度变快或者话多？,是啊，情绪波动时，我确实会话多语速快。,4
Y6,那他语言表达流畅且有条理，偶尔会包含丰富的情感吗？,有时候会说得特别多，也挺情绪化的。,4
Y6,明白了。他有其他异常行为吗，比如说话速度快或说话内容过多？,嗯，有时候会说得特别快，还特别多。,4
Y6,那个时候，您有加快说话的速度，话多或者显得过于详细吗？,是的，有时候会说得很快很多。,4
Y6,那确实很让人辛苦。在面临自我价值危机时，你会否感到即便在不确定情况下仍迫不及待地表达情绪或想法？,哦，是的，我有时会忍不住多说一点！,4
Y6,扩展社交圈有助于缓解现有的关系压力，但也要注意不勉强自己。你认为在面对陌生人时你更喜欢沉默吗？,有时候会说很多话，但更常沉默。,4
Y6,真的是很辛苦的经历。那您觉得自己在表达或沟通时会不会有说话太快或者停不下来的现象？,有时候会，感觉停不下来。,4
Y6,这样很好。有没有觉得自己有些话说得比平时多或者快？,有时候会这样，话特别多。,4
Y6,在与你同事的冲突中，您是否认为自己的言辞有些过多或加快呢？,嗯，有时候我确实会说得有点快。,4
Y6,这是因为安全感增强了自信。你在严肃和不自然环境中说话时是否感到言语受影响？,确实，环境一变，我话就多了，停不下来！,4
Y6,最近说话比较啰嗦吼？,最近有点多话，哈哈。,4
Y6,这种情况下，会觉得自己说话不利索对自信心有影响吗？,有时会，但话多了就停不下来。,4
Y6,这种时候你会不会觉得自己的语言变得笨拙呢？,有时候是会很啰嗦，停不下来。,4
Y6,您真是很理解她。不过在她表达不满的时候，是否会使用大量言语，例如责备或抱怨呢？,嗯，有时候她会说很多话。,4
Y6,啊你会不会特别想要跟别人说话?,嗯，有时候我会聊个不停呢！,4
Y6,是啊，心理体验有的时候可能不像身体上的反应那么直接。你有没有遇到过自己言语特别多的时候？,有啊，有时就停不下来，特啰嗦！,4
Y6,您做到了很棒的工作，那在发现妻子出轨后，您有没有感到言语变得加速或者变长？,有时候会，说话有点停不下来。,4
Y6,这种行为的变化对您的生活可能造成一些冲击吧？您的声音和想法是否经常被人误解从而导致不想与人交流？,是啊，有时候大家都听不懂我在说啥。,4
Y6,自信是逐步建立的，每个小成就都能增加信心。与他人交谈时，你觉得讲话时能表达出内心吗？,有时能，但有时说太多停不下来。,4
Y6,你是否觉得在工作场所中难以表达自己的真实想法或感受？,哦，有时候是这样的，我想说的太多了！,4
H16,可能是因为这种焦虑影响了你的食欲。我记得你提到过你因为这事一个月都没胃口，体重减轻了很多对吗？这与你的情绪有关系吗？,是的，我以前从未因为压力失去食欲。,1
H16,您的身体健康因此是否有受到影响，比如体重变化？,是的，我的体重有稍微下降，胃口也不太好。,1
H16,有没有注意到自己的体重有变化？,有，所以也在担心。,1
H16,在应对压力时，合理的体检和健康评估可以减轻这种疑虑。面对生活中的困难，有没有出现食欲不振或体重下降的情况？,体重轻有下降，食欲一直不太好。,1
H16,体重的变化让你有较大的情绪波动吗？,不仅是体重，还有痘痘问题一直困扰我。不吃辣，但最近吃多了。,1
H16,您有没有注意到自己最近体重有显著减少？,有，我的朋友也说我最近消瘦了许多。,1
H16,那就好。那么，在这些情况下，你有没有注意到自己的体重或食欲有什么变化？,我最近食欲不佳，体重也有所下降。,1
H16,这显示出可能你已经未能实现日常的功能。你现在的饮食情况如何？有没有因为不吃东西或胃口差而体重下降呢？,我确实很少有胃口，体重也下降了不少。,1
H16,如果能够坚持一下，或许会有所改善。你有没有因为睡眠问题出现体重变化，比如体重减轻？,好像瘦了一些，因为吃不下东西。,1
H16,那些活动曾让您放松过，或许可以重新拾起这些爱好，帮您缓解压力。在此期间，您的体重有过变化吗？,确实瘦了不少，吃不下东西。,1
H16,理解。有的时候情绪波动和身体状态密切相关，尤其是抑郁的时候，你有没有发现体重有明显变化？,好像变轻了一点，不确定是不是因为食欲不好。,1
H16,这是否让您的体重有明显变化呢？,是的，有一段时间瘦了很多。,1
H16,我相信只要坚持，你会有光明的未来。你的健康状态有因为这些经历而改变吗？例如体重的变化？,似乎瘦了一些，但我没有太在意。,1
H16,这个想法很好。你有注意到自己的食欲或体重有任何显著的变化吗？,食欲不太好，体重好像轻了一些。,1
H16,在情绪和身体的不适感之间找到平衡并不容易。会不会因为分手而导致体重有所下降？,嗯，我确实瘦了不少，吃饭也没胃口。,1
H16,"希望可能需要一些时间去找回。在健康方面呢，你有注意到明显的体重下降或其他问题吗？,",是的，我明显瘦了，也有胃痛。,1
H16,这样的决策确实很困难，那当您经历这样的压力时，您有因而体重减轻吗？,是的，我瘦了不少。,1
H16,这种失去兴趣的感觉可能会让事情变得更加艰难。有没有感觉到体重变化，比如由于情绪或者食欲不佳而明显减少？,我注意到自己的体重有所下降，可能是因为最近食欲不太好。,1
H16,听到你有这样的想法我很欣慰。你提到过的身体方面的困扰，比如食欲或体重的变化，是否有明显下降的情况？,最近胃口不好，以前体重有减轻。,1
H16,您有没有注意到她的体重有变化，或者饮食习惯是否改变？,她不太愿意吃东西，确实瘦了一点。,1
H16,如果写日记会帮助到你，或者记录下每天的感受。再来就是，最近有没有体重明显变化呢？,体重好像下降了一些，最近吃得不太好。,1
H16,身体的健康与情绪是密不可分的，您有感觉体重下降或营养不良吗？,是的，我一直很瘦，好像身体一直在拖我的后腿。,1
H16,内疚的情绪很真实，那么最近你提到有暴食的倾向，这是否对你的体重或健康有影响？,是的，体重波动让我更加焦虑，我的健康状况也有点不稳定。,1
H16,这样的担忧很正常，寻找支持来减轻重负。家庭中的不和有没有让你发现体重发生变化？,体重确实有所下降，可能是因为压力大，胃口不好。,1
H16,与家人分享你的感受或许能得到一些支持。对了，你说体重下降十几斤，是不是因为食欲也减少了？,没错，我对吃东西完全失去了兴趣。,1
H16,挫折让人有时很难重拾旧好。你有没有注意到体重有变化？,好像瘦了一些吧。,1
H16,对自己有信心，相信你可以做到的。 你提到无法放松和享受生活，这种状态是否让你感觉到身体的异常，比如体重变化？,我确实发现自己最近体重下降了不少。,1
H16,你提到体重有没有明显变化的情况吗？,最近瘦了不少，但我不知道自己在减肥。,1
H16,挑选容易接受的小份美食试试看吧。最后，你的体重有没有因此减少呢？,是的，有些减少。,1
H16,消化问题可能会与紧张有关。有没有注意到体重的变化？比如体重减轻？,体重确实掉了些，可能跟不吃东西有关。,1
H16,认识到问题所在便是解决的开始。之前你提到进食焦虑，这有导致体重变化或胃肠道方面的问题吗？ 和,嗯，有时候吃不下东西，体重就有一些下降，有时候胃也会不舒服。,1
H16,能理解您的感受。这些年有没有出现体重的明显变化？,曾经减轻过很多，现在差不多保持稳定。,1
H16,这是一个需要平衡的问题。你有感到这种担忧影响到你生活的其他方面吗，比如饮食呢？,确实有时候会食欲不振。,1
H16,在适应过程中，正常会有这样的感觉。最近体重有没有明显变化？,我觉得衣服变宽松了，应该瘦了不少。,1
H16,情绪的改变有时会让我们觉得很困惑。你提到体重大幅下降，这是因为食欲不振还是其他原因呢？,主要是孕吐严重，几乎每天都在吃、吐和昏睡中度过。,1
H16,缺乏食欲和体重变化是需要关注的问题。,最近体重掉了快2斤，有点担心。,1
H16,你提到没有规律的作息和进食状况，请问这种生活习惯是否造成你明显的体重变化呢？,是的，我一周瘦了一斤多呢。,1
H16,这种情况一定让你很难受。你还提到食欲不振，有明显的体重减轻吗？,"嗯，是的，最近一周掉了1斤多。",1
H16,你体重下降多吗？,是啊，上周掉了一斤多。,1
H16,这样啊，那么你有没有经历过显著的体重变化呢？,有啊，一周掉了1斤多呢。,1
H16,不客气，我在这里是为了帮助您。您刚提到身体越来越糟糕，是否注意到体重明显下降呢？,是的，最近体重掉得挺快的。,1
H16,挺好的，意识到是很重要的一步。那你最近是否有过显著的体重变化呢？例如过去三个月内的变化。,最近没啥大变化，就减了点。,1
H16,确保自己有合适的空间和时间进行自我恢复是重要的。在抑郁期间，您是否注意到有体重的变化，例如减轻？,是的，上周体重轻了不少。,1
H16,这可能意味着压力影响着身体健康。有没有注意到体重有明显变化？,"是啊，我一周瘦了好几斤呢。",1
H16,那么饮食习惯或者体重是否有所变化呢？,嗯，我体重一周减了一斤多。,1
H16,最近有没有因为这些想法而体重减轻了呢？,是啊，这周瘦了一点。,1
H16,很高兴能帮到你。对于体重变化，有感觉特别明显吗？,"嗯，最近瘦了1斤多呢。",1
H16,也许逐步展开更深层次的对话有助于促成改变。在这段时间里，您是否感到食欲不振或者体重大幅下降？,是的，我最近掉了好几斤。,1
H16,那么体重方面呢？有没有注意到变化？,最近瘦了点，大概一斤吧。,1
H16,关心未来是有意义的态度。长期压力下，你注意到自己的体重有显著变化吗？,有的，体重掉了不少呢。,1
H16,是理智和情感有时候并不一致。当难过时你有没有注意到自己的其他变化，比如体重上的变动？,最近体重掉了不少，感觉轻了一些。,1
H16,嗯哼哼，对，你有量体重吗?有没有那个瘦就是变瘦?,有瘦哦，这周减了一斤多呢！,1
H16,你的这种感受是可以理解的，但或许可以尝试设定一些能实现的小目标，慢慢积累成功感。你有难以再体重下降或者食欲不振吗？,我最近体重确实减轻了不少。,1
H16,有机会的话，在一个轻松的环境下和他们聊聊，可能会有意想不到的收获。身体有没有感觉胃口不好或者体重有变化呢？,最近体重掉了不少，确实瘦了。,1
H16,那在最近这半年，你会不会发现自己体重有变化呢？,这半年体重掉得挺快的。,1
H16,适当的饮食对我们的情绪和身体健康都很重要。有没有明显的体重变化呢？,最近体重掉了不少，超过一斤呢。,1
H16,时间和耐心确实很重要。您近期是否体验过明显的体重减轻？,是啊，上周掉了两斤呢。,1
H16,身体的反应也是我们需要关注的部分。当你回忆起改善抑郁的过程中，曾面对过体重显著减少的情况吗？,“是的，体重减少超过一斤。”,1
H16,心理和身体是紧密相连的。有没有注意到自己的体重有明显变化呢？,是的，我发现体重掉了一些。,1
H16,时间管理是一个持续的挑战。最近你的体重有明显下降吗？？,是啊，最近体重掉了不少。,1
H16,我很高兴你能认识到这点。你有没有注意到体重的改变，像是减少？,是的，我最近瘦了一些，大概一斤多。,1
H16,这段时间以来，你是否出现了明显的体重变化？,"最近体重掉了不少，超过一斤呢。",1
H16,焦虑可能影响到身体的许多方面。胃口或者体重有什么变化吗？,嗯，体重好像掉了1斤多。,1
H16,过去的记忆确实很难放下，特别是经历过的痛苦。有没有因为这些情绪明显体重下降或变化？,嗯，有时会掉一两斤。,1
H16,失去食欲可能会对健康造成影响。你有没有注意到体重有所变化？,最近好像轻了点，大概一斤多吧。,1
H16,哦，那一定让您很沮丧。您提到体重下降，您觉得最近有明显的变化吗？,是的，最近瘦了一些，感觉有点明显。,1
H16,你已经在尽力了，不需要过于自责。有时觉得累，是心理上的疲惫还是身体上的？有没有体重变化呢？,最近好像瘦了一些，可能是心理上的疲惫吧。,1
H16,您已经在努力承担很多责任，您的付出很值得尊敬。最近您有没有察觉到其他生活方面的变化，比如体重？,最近瘦了一些，大概一斤多吧。,1
H16,饮食的变化也常会伴随着情绪困扰。在负面情绪的影响下，你的体重有没有明显变化，比如体重减轻？,"嗯，有的，上周减了差不多一斤。",1
H16,音乐是个不错的选择，或许还可以尝试其他放松技巧。你平时的饮食和体重有没有受这些担忧影响呢？,最近瘦了点，饮食也有点乱。,1
H16,您曾经从哪些活动中找到过放松的乐趣？不妨重新投入这些爱好，减轻压力。顺便问一下，这段时间您的体重有变化吗？,确实瘦了不少，吃不下东西。,1
H16,您的健康状况是否因此受到影响，例如体重的变化？,是的，我的体重有稍微下降，胃口也不太好。,1
H16,看起来这让您有些失落。您提到过体重的变化，最近这种变化明显吗？,是的，最近瘦了一些，感觉有点明显。,1
H16,你是否注意到饮食习惯或体重的改变？,嗯，我体重一周减了一斤多。,1
H16,你是否觉得消化问题可能与压力有关？体重有变化吗，比如变轻了？,体重确实掉了些，可能跟不吃东西有关。,1
H16,最近你提到有暴饮暴食的倾向，是否因此对你的体重或健康产生了影响？,是的，体重波动让我更加焦虑，我的健康状况也有点不稳定。,1
H16,在改善抑郁的过程中，你曾遇到过体重明显下降的问题吗？身体的反应也是我们需要重视的。,“是的，体重减少超过一斤。”,1
H16,食欲不振和体重波动是值得注意的情况。,最近体重掉了快2斤，有点担心。,1
H16,有没有注意到近期的体重变化，比如说在过去三个月里？这是一个重要的意识。,最近没啥大变化，就减了点。,1
H16,这会对你的体重产生明显的变化吗？,是的，有一段时间瘦了很多。,1
H16,你是不是最近无法正常运作呢？最近的饮食怎么样？有没有因为不吃东西或者胃口不好而体重减轻？,我确实很少有胃口，体重也下降了不少。,1
H16,经历挫折后，重新恢复状态常常不易。你是否察觉到自己的体重有所变化？,好像瘦了一些吧。,1
H16,面对压力时，通过合理的体检和健康评估可以缓解忧虑。生活中遇到困难时，你是否曾经出现过食欲减退或体重下降的现象呢？,体重轻有下降，食欲一直不太好。,1
H16,请问，在这些情况下，你有没有发现体重或食欲有任何变化？,我最近食欲不佳，体重也有所下降。,1
H16,体重的变化是否对你的情绪产生了显著影响？,不仅是体重，还有痘痘问题一直困扰我。不吃辣，但最近吃多了。,1
H16,这个想法真不错。你有没有发现自己的食欲或体重发生了明显的变化？,食欲不太好，体重好像轻了一些。,1
H16,您是否注意到体重有减轻或有营养不足的迹象？身体健康和情绪其实息息相关。,是的，我一直很瘦，好像身体一直在拖我的后腿。,1
H16,这种失去兴趣的感觉可能会使事情更加困难。你有没有感到体重变化，比如因为情绪或食欲不振而明显减轻？,我注意到自己的体重有所下降，可能是因为最近食欲不太好。,1
H16,你有没有注意到最近体重有明显变化？正确的饮食对我们的情绪和身体健康至关重要。,最近体重掉了不少，超过一斤呢。,1
H16,在面对如此艰难的决策时，您是否因压力而减轻了体重？,是的，我瘦了不少。,1
H16,尝试选择一些小份美食吧，这样做后，你的体重有没有下降呢？,是的，有些减少。,1
H16,最近几天有没有发现自己瘦了很多？时间和耐心真的很关键哦。,是啊，上周掉了两斤呢。,1
H16,最近有没有发现自己的体重有明显下降？,有，我的朋友也说我最近消瘦了许多。,1
H16,这些想法最近有没有让你的体重下降呢？,是啊，这周瘦了一点。,1
H16,在情绪波动时，饮食习惯的改变可能随之而来。你是否注意到在负面情绪影响下，体重有明显的变化，比如变轻了？,"嗯，有的，上周减了差不多一斤。",1
H16,你有没有观察到她的体重有变化，或者她的饮食习惯有什么不同？,她不太愿意吃东西，确实瘦了一点。,1
H16,分手后情绪波动和身体不适如何平衡？体重会因此下降吗？,嗯，我确实瘦了不少，吃饭也没胃口。,1
H16,我能理解你的感受，但或许你可以尝试设定一些小目标，逐步积累成功的感觉。你是否遇到过难以减重或食欲不振的情况？,我最近体重确实减轻了不少。,1
H16,不妨试试写日记或者记录每天的感受。同时，最近你的体重有没有明显变化呢？,体重好像下降了一些，最近吃得不太好。,1
H16,如果有机会，在一个轻松的环境里和他们交流一下，可能会有意外的收获。你是否感觉胃口不佳或者体重有变化呢？,最近体重掉了不少，确实瘦了。,1
H16,关心未来是有意义的态度。长期压力下，你注意到自己的体重有显著变化吗？,我的体重波动不大，但是我会小心饮食。,0
H16,这样啊，那么你有没有经历过显著的体重变化呢？,体重倒是没怎么改变，只是常常没有力气。,0
H16,是理智和情感有时候并不一致。当难过时你有没有注意到自己的其他变化，比如体重上的变动？,倒没有特别注意。只是因为不能调岗培训，最近工作更加敷衍。,0
H16,也许逐步展开更深层次的对话有助于促成改变。在这段时间里，您是否感到食欲不振或者体重大幅下降？,食欲是有一些变化，但体重还比较稳定。,0
H16,心理和身体是紧密相连的。有没有注意到自己的体重有明显变化呢？,体重倒是没怎么注意，但感觉胃口有时候不好。,0
H16,那么体重方面呢？有没有注意到变化？,体重没太大变化，还是差不多的。,0
H16,有机会的话，在一个轻松的环境下和他们聊聊，可能会有意想不到的收获。身体有没有感觉胃口不好或者体重有变化呢？,现在胃口还好，不过的确在那段时间有过这样的情况。,0
H16,适当的饮食对我们的情绪和身体健康都很重要。有没有明显的体重变化呢？,体重好像没怎么看变化。,0
H16,这可能意味着压力影响着身体健康。有没有注意到体重有明显变化？,体重并没有显著下降，这让我更加焦虑。,0
H16,你已经在尽力了，不需要过于自责。有时觉得累，是心理上的疲惫还是身体上的？有没有体重变化呢？,主要是心理上的，体重好像没什么变化。,0
H16,最近有没有因为这些想法而体重减轻了呢？,没有，体重还算正常。,0
H16,焦虑可能影响到身体的许多方面。胃口或者体重有什么变化吗？,我发现自己的体重稍微减轻了一些。,0
H16,饮食的变化也常会伴随着情绪困扰。在负面情绪的影响下，你的体重有没有明显变化，比如体重减轻？,我没怎么注意过体重变化，但衣服感觉变得稍微宽松点。,0
H16,过去的记忆确实很难放下，特别是经历过的痛苦。有没有因为这些情绪明显体重下降或变化？,体重倒是没有变化。,0
H16,很高兴能帮到你。对于体重变化，有感觉特别明显吗？,不太明显，但似乎有时候食欲会受到影响。,0
H16,挺好的，意识到是很重要的一步。那你最近是否有过显著的体重变化呢？例如过去三个月内的变化。,是的，之前因为努力减肥减掉了不少，但是现在又回到以前的状态。,0
H16,时间和耐心确实很重要。您近期是否体验过明显的体重减轻？,没有特别注意，但应该还好，食欲基本稳定。,0
H16,这种情况一定让你很难受。你还提到食欲不振，有明显的体重减轻吗？,体重好像没什么太大变化，只是吃东西的时候一点胃口都没有。,0
H16,时间管理是一个持续的挑战。最近你的体重有明显下降吗？？,没有特别注意体重，但觉得身体很疲倦。,0
H16,音乐是个不错的选择，或许还可以尝试其他放松技巧。你平时的饮食和体重有没有受这些担忧影响呢？,饮食上倒没什么变化，就是心情不好时吃得少。,0
H16,我很高兴你能认识到这点。你有没有注意到体重的改变，像是减少？,没有太大变化，我的食欲还算正常。,0
H16,您已经在努力承担很多责任，您的付出很值得尊敬。最近您有没有察觉到其他生活方面的变化，比如体重？,身体上没什么太大变化，可能是因为我一直有保持锻炼。,0
H16,身体的反应也是我们需要关注的部分。当你回忆起改善抑郁的过程中，曾面对过体重显著减少的情况吗？,没有，我的体重基本稳定。,0
H16,这段时间以来，你是否出现了明显的体重变化？,没有，我的体重一直挺稳定。,0
H16,缺乏食欲和体重变化是需要关注的问题。,可是，我觉得生活的每个方面都有变复杂。,0
H16,那在最近这半年，你会不会发现自己体重有变化呢？,有一点点，但不是很明显。,0
H16,如果能够坚持一下，或许会有所改善。你有没有因为睡眠问题出现体重变化，比如体重减轻？,没有，我的体重没变。,0
H16,这是一个需要平衡的问题。你有感到这种担忧影响到你生活的其他方面吗，比如饮食呢？,没有耶，饮食方面没啥影响。,0
H16,不客气，我在这里是为了帮助您。您刚提到身体越来越糟糕，是否注意到体重明显下降呢？,没有注意到体重有啥变化。,0
H16,这显示出可能你已经未能实现日常的功能。你现在的饮食情况如何？有没有因为不吃东西或胃口差而体重下降呢？,其实我饮食还挺正常的，没啥变化。,0
H16,这是否让您的体重有明显变化呢？,没有什么太大变化。,0
H16,这种失去兴趣的感觉可能会让事情变得更加艰难。有没有感觉到体重变化，比如由于情绪或者食欲不佳而明显减少？,体重没啥变化，就是有点没胃口。,0
H16,身体的健康与情绪是密不可分的，您有感觉体重下降或营养不良吗？,没有，体重挺稳定的。,0
H16,您的身体健康因此是否有受到影响，比如体重变化？,没有，体重没啥变化。,0
H16,有没有注意到自己的体重有变化？,没注意到什么变化。,0
H16,那些活动曾让您放松过，或许可以重新拾起这些爱好，帮您缓解压力。在此期间，您的体重有过变化吗？,体重没啥变化，可能试试找回那些爱好。,0
H16,消化问题可能会与紧张有关。有没有注意到体重的变化？比如体重减轻？,没有啊，体重没啥变化。,0
H16,我相信只要坚持，你会有光明的未来。你的健康状态有因为这些经历而改变吗？例如体重的变化？,体重没变，只是情绪起伏大。,0
H16,认识到问题所在便是解决的开始。之前你提到进食焦虑，这有导致体重变化或胃肠道方面的问题吗？ 和,没有引起这些问题，饮食还算正常。,0
H16,这个想法很好。你有注意到自己的食欲或体重有任何显著的变化吗？,没有，我的食欲和体重都挺正常的。,0
H16,"希望可能需要一些时间去找回。在健康方面呢，你有注意到明显的体重下降或其他问题吗？,",没有特别注意到这些变化呢。,0
H16,听到你有这样的想法我很欣慰。你提到过的身体方面的困扰，比如食欲或体重的变化，是否有明显下降的情况？,没有，我这方面没什么变化。,0
H16,你提到没有规律的作息和进食状况，请问这种生活习惯是否造成你明显的体重变化呢？,没有，我体重没啥变化。,0
H16,这样的担忧很正常，寻找支持来减轻重负。家庭中的不和有没有让你发现体重发生变化？,没有，我的体重没什么变化。,0
H16,可能是因为这种焦虑影响了你的食欲。我记得你提到过你因为这事一个月都没胃口，体重减轻了很多对吗？这与你的情绪有关系吗？,没怎么影响食欲，体重还好。,0
H16,情绪的改变有时会让我们觉得很困惑。你提到体重大幅下降，这是因为食欲不振还是其他原因呢？,体重变化不是因为食欲不振。,0
H16,能理解您的感受。这些年有没有出现体重的明显变化？,体重还挺稳定的，没有啥变化。,0
H16,你的这种感受是可以理解的，但或许可以尝试设定一些能实现的小目标，慢慢积累成功感。你有难以再体重下降或者食欲不振吗？,我没有体重下降或食欲问题。谢谢关心！,0
H16,嗯哼哼，对，你有量体重吗?有没有那个瘦就是变瘦?,没有特别注意呢，哈哈。,0
H16,在适应过程中，正常会有这样的感觉。最近体重有没有明显变化？,没有，体重没啥变化。,0
H16,你提到体重有没有明显变化的情况吗？,没有，我体重没什么变化。,0
H16,你体重下降多吗？,没啥变化。,0
H16,您有没有注意到她的体重有变化，或者饮食习惯是否改变？,她的体重和饮食没什么变化。,0
H16,那么饮食习惯或者体重是否有所变化呢？,没啥变化，一切正常。,0
H16,理解。有的时候情绪波动和身体状态密切相关，尤其是抑郁的时候，你有没有发现体重有明显变化？,体重还挺稳定，没啥变化。,0
H16,内疚的情绪很真实，那么最近你提到有暴食的倾向，这是否对你的体重或健康有影响？,没有影响，我还挺健康的。,0
H16,体重的变化让你有较大的情绪波动吗？,没有，体重变化对我影响不大。,0
H16,如果写日记会帮助到你，或者记录下每天的感受。再来就是，最近有没有体重明显变化呢？,写日记还不错，体重没啥变化。,0
H16,与家人分享你的感受或许能得到一些支持。对了，你说体重下降十几斤，是不是因为食欲也减少了？,没啥食欲问题，就是瘦了点。谢谢关心。,0
H16,那就好。那么，在这些情况下，你有没有注意到自己的体重或食欲有什么变化？,没有，体重和食欲一直挺正常的。,0
H16,哦，那一定让您很沮丧。您提到体重下降，您觉得最近有明显的变化吗？,体重还好，没啥大变化。,0
H16,在情绪和身体的不适感之间找到平衡并不容易。会不会因为分手而导致体重有所下降？,不一定会降，可能因人而异。,0
H16,这样的决策确实很困难，那当您经历这样的压力时，您有因而体重减轻吗？,没有，体重没怎么变。,0
H16,对自己有信心，相信你可以做到的。 你提到无法放松和享受生活，这种状态是否让你感觉到身体的异常，比如体重变化？,"谢谢关心，不过体重没啥变化。",0
H16,挫折让人有时很难重拾旧好。你有没有注意到体重有变化？,没有注意到体重变化。你呢？,0
H16,挑选容易接受的小份美食试试看吧。最后，你的体重有没有因此减少呢？,我体重没怎么变，不过心情好点了。,0
H16,在应对压力时，合理的体检和健康评估可以减轻这种疑虑。面对生活中的困难，有没有出现食欲不振或体重下降的情况？,没有，食欲和体重都挺正常的。,0
H16,失去食欲可能会对健康造成影响。你有没有注意到体重有所变化？,"还好，体重没什么变化。",0
H16,您有没有注意到自己最近体重有显著减少？,没有，我最近体重没什么变化。,0
H16,确保自己有合适的空间和时间进行自我恢复是重要的。在抑郁期间，您是否注意到有体重的变化，例如减轻？,没有发现体重有什么变化哦。,0
H16,你觉得意识到这一点很重要。那么，你最近三个月有没有经历过明显的体重变化呢？,是的，之前因为努力减肥减掉了不少，但是现在又回到以前的状态。,0
H16,您的体重有没有因此发生显著变化呢？,没有什么太大变化。,0
H16,听您刚才说身体状况越来越差，您有发现体重在明显下降吗？,没有注意到体重有啥变化。,0
H16,体重的变化会让你的情绪产生较大波动吗？,没有，体重变化对我影响不大。,0
H16,这些年您的体重有没有发生显著的变化？,体重还挺稳定的，没有啥变化。,0
H16,你有没有发现她的体重有变化，或者她的饮食习惯是否有改变？,她的体重和饮食没什么变化。,0
H16,这些想法最近有没有让你瘦下来？,没有，体重还算正常。,0
H16,你的食欲减退可能影响到健康状况。你是否发现自己的体重有所变化？,"还好，体重没什么变化。",0
H16,哦，那你有没有经历过明显的体重变化呢？,体重倒是没怎么改变，只是常常没有力气。,0
H16,你最近有感觉到体重有所变化吗？,没注意到什么变化。,0
H16,在这些情况下，你有没有发现自己的体重或食欲发生了什么变化？,没有，体重和食欲一直挺正常的。,0
H16,您是否注意到自己的体重减轻或有营养不良的情况？身体健康和情绪息息相关。,没有，体重挺稳定的。,0
H16,相信自己的能力，你一定能做到。你提到无法放松和享受生活，这种状态是否让你感受到身体上的变化，比如体重有波动？,"谢谢关心，不过体重没啥变化。",0
H16,你在努力改善抑郁时，曾经遇到过体重明显减轻这种身体反应吗？,没有，我的体重基本稳定。,0
H16,在时间管理上一直有挑战。最近你有没有明显瘦下来？,没有特别注意体重，但觉得身体很疲倦。,0
H16,最近有没有观察到自己体重显著下降？时间和耐心确实很重要。,没有特别注意，但应该还好，食欲基本稳定。,0
H16,有没有注意到体重有变化，比如因为情绪或者食欲不振导致明显减轻？这种失去兴趣的感觉可能让事情更棘手。,体重没啥变化，就是有点没胃口。,0
H16,面对这样的压力，您是否曾因此而减轻体重呢？,没有，体重没怎么变。,0
H16,近半年里，你有没有注意到自己的体重有变化？,有一点点，但不是很明显。,0
H16,这情况一定让你不好受。你之前提到过食欲不振，那体重有明显下降吗？,体重好像没什么太大变化，只是吃东西的时候一点胃口都没有。,0
H16,你的身体健康有受到影响吗，比如体重变化？,没有，体重没啥变化。,0
H16,有没有感觉你的体重有变化，比如说减轻，这可能和紧张引起的消化问题有关？,没有啊，体重没啥变化。,0
H16,有时候，情绪波动让人迷茫。你提到体重明显下降，是食欲不振导致的吗，还是另有原因？,体重变化不是因为食欲不振。,0
H16,你有没有试过写日记或者每天记下自己的感受呢？另外，最近你的体重有没有明显变化？,写日记还不错，体重没啥变化。,0
H16,听听音乐是个好主意，也许你还可以试试别的放松方法。对了，你平时的饮食习惯和体重有没有因为这些烦心事有所变化呢？,饮食上倒没什么变化，就是心情不好时吃得少。,0
H16,你有没有发现自己的体重有什么显著变化？心理和身体可是密不可分的哦。,体重倒是没怎么注意，但感觉胃口有时候不好。,0
H16,最近体重有减轻吗？,没啥变化。,0
H16,发现问题就是解决的第一步。你提到过进食焦虑，这影响到你的体重变化或胃肠健康了吗？,没有引起这些问题，饮食还算正常。,0
H16,是否因为不规律的作息和饮食习惯导致了你的体重有明显变化？,没有，我体重没啥变化。,0
H16,体重上有什么变化吗？,体重没太大变化，还是差不多的。,0
H16,失去食欲可能会对健康造成影响。你有没有注意到体重有所变化？,确实，我的体重下降了不少。,2
H16,你提到没有规律的作息和进食状况，请问这种生活习惯是否造成你明显的体重变化呢？,是的，体重大概掉了几公斤。,2
H16,你体重下降多吗？,是的，朋友都说我瘦了很多。,2
H16,那么饮食习惯或者体重是否有所变化呢？,体重似乎有些减轻，食欲减退。,2
H16,你的这种感受是可以理解的，但或许可以尝试设定一些能实现的小目标，慢慢积累成功感。你有难以再体重下降或者食欲不振吗？,我最近吃的不多，体重也掉了很多。,2
H16,确保自己有合适的空间和时间进行自我恢复是重要的。在抑郁期间，您是否注意到有体重的变化，例如减轻？,是的，抑郁时我会食欲不振，体重降低了一些。,2
H16,哦，那一定让您很沮丧。您提到体重下降，您觉得最近有明显的变化吗？,两天内掉了好几斤，因为他的态度让我感到伤心。,2
H16,不客气，我在这里是为了帮助您。您刚提到身体越来越糟糕，是否注意到体重明显下降呢？,是的，我最近瘦了不少，裤子都松了很多。,2
H16,是理智和情感有时候并不一致。当难过时你有没有注意到自己的其他变化，比如体重上的变动？,最近好像瘦了不少呢，超过2斤吧。,2
H16,这样的担忧很正常，寻找支持来减轻重负。家庭中的不和有没有让你发现体重发生变化？,是啊，最近瘦了好几斤呢。,2
H16,那就好。那么，在这些情况下，你有没有注意到自己的体重或食欲有什么变化？,嗯，有时候感觉体重掉了不少。,2
H16,心理和身体是紧密相连的。有没有注意到自己的体重有明显变化呢？,最近体重好像瘦了点，不知道是不是两斤以上。,2
H16,这种失去兴趣的感觉可能会让事情变得更加艰难。有没有感觉到体重变化，比如由于情绪或者食欲不佳而明显减少？,是啊，我体重掉了好几斤呢。,2
H16,很高兴能帮到你。对于体重变化，有感觉特别明显吗？,嗯，最近确实掉了好几斤呢。,2
H16,我相信只要坚持，你会有光明的未来。你的健康状态有因为这些经历而改变吗？例如体重的变化？,体重掉了不少，超过2斤呢。,2
H16,您已经在努力承担很多责任，您的付出很值得尊敬。最近您有没有察觉到其他生活方面的变化，比如体重？,最近瘦了点，好像减了两斤多。,2
H16,也许逐步展开更深层次的对话有助于促成改变。在这段时间里，您是否感到食欲不振或者体重大幅下降？,是的，我的体重减轻了好几斤。,2
H16,适当的饮食对我们的情绪和身体健康都很重要。有没有明显的体重变化呢？,最近好像瘦了不少，可能超过2斤。,2
H16,过去的记忆确实很难放下，特别是经历过的痛苦。有没有因为这些情绪明显体重下降或变化？,嗯，有时候一周就掉两斤呢。,2
H16,关心未来是有意义的态度。长期压力下，你注意到自己的体重有显著变化吗？,嗯，最近一周好像掉了两斤多。,2
H16,最近有没有因为这些想法而体重减轻了呢？,嗯，是的，我瘦了两斤多。,2
H16,这段时间以来，你是否出现了明显的体重变化？,最近瘦了，差不多掉了两斤吧。,2
H16,体重的变化让你有较大的情绪波动吗？,嗯，最近体重掉得有点快，心情有点波动。,2
H16,身体的健康与情绪是密不可分的，您有感觉体重下降或营养不良吗？,最近一周掉了两斤多，好像吃不下东西。,2
H16,身体的反应也是我们需要关注的部分。当你回忆起改善抑郁的过程中，曾面对过体重显著减少的情况吗？,"是啊，有过，一周掉了两斤多呢。",2
H16,这样的决策确实很困难，那当您经历这样的压力时，您有因而体重减轻吗？,嗯，有时候压力大，体重掉了两斤多呢。,2
H16,你已经在尽力了，不需要过于自责。有时觉得累，是心理上的疲惫还是身体上的？有没有体重变化呢？,最近心情低落，体重掉了好几斤。,2
H16,您有没有注意到自己最近体重有显著减少？,是啊，最近瘦了不少呢。,2
H16,挺好的，意识到是很重要的一步。那你最近是否有过显著的体重变化呢？例如过去三个月内的变化。,嗯，最近体重减轻了，三个月内掉了几斤呢。,2
H16,能理解您的感受。这些年有没有出现体重的明显变化？,最近一周掉了两斤多呢。,2
H16,"希望可能需要一些时间去找回。在健康方面呢，你有注意到明显的体重下降或其他问题吗？,",是啊，一周掉了超过2斤，蛮明显的。,2
H16,这是一个需要平衡的问题。你有感到这种担忧影响到你生活的其他方面吗，比如饮食呢？,是啊，我最近瘦了好几斤呢。,2
H16,您的身体健康因此是否有受到影响，比如体重变化？,最近体重掉了好几斤呢。,2
H16,情绪的改变有时会让我们觉得很困惑。你提到体重大幅下降，这是因为食欲不振还是其他原因呢？,食欲不振吧，一周掉了两斤多。,2
H16,您有没有注意到她的体重有变化，或者饮食习惯是否改变？,嗯，她一周瘦了两斤多。,2
H16,缺乏食欲和体重变化是需要关注的问题。,最近好像瘦了不少呢，有点担心。,2
H16,时间和耐心确实很重要。您近期是否体验过明显的体重减轻？,是的，我最近瘦了两斤多。,2
H16,这样啊，那么你有没有经历过显著的体重变化呢？,是啊，有过，最近瘦了不少。,2
H16,有没有注意到自己的体重有变化？,是啊，我一周掉了两斤多呢！,2
H16,如果能够坚持一下，或许会有所改善。你有没有因为睡眠问题出现体重变化，比如体重减轻？,是啊，一周内掉了两斤多。,2
H16,你提到体重有没有明显变化的情况吗？,是啊，我一周瘦了两斤多。,2
H16,这显示出可能你已经未能实现日常的功能。你现在的饮食情况如何？有没有因为不吃东西或胃口差而体重下降呢？,最近胃口不好，体重掉了好几斤。,2
H16,消化问题可能会与紧张有关。有没有注意到体重的变化？比如体重减轻？,是的，上周掉了两斤多。,2
H16,音乐是个不错的选择，或许还可以尝试其他放松技巧。你平时的饮食和体重有没有受这些担忧影响呢？,最近瘦了几斤，可能有点影响吧。,2
H16,如果写日记会帮助到你，或者记录下每天的感受。再来就是，最近有没有体重明显变化呢？,最近体重掉了不少，超过2斤呢。,2
H16,这是否让您的体重有明显变化呢？,是的，我一周减了两斤多呢。,2
H16,理解。有的时候情绪波动和身体状态密切相关，尤其是抑郁的时候，你有没有发现体重有明显变化？,是啊，我最近一周瘦了好几斤呢。,2
H16,有机会的话，在一个轻松的环境下和他们聊聊，可能会有意想不到的收获。身体有没有感觉胃口不好或者体重有变化呢？,"最近瘦了不少，可能减了两斤多。",2
H16,内疚的情绪很真实，那么最近你提到有暴食的倾向，这是否对你的体重或健康有影响？,"其实我最近体重还减了2斤。",2
H16,我很高兴你能认识到这点。你有没有注意到体重的改变，像是减少？,嗯，有注意到，体重减轻了几斤。,2
H16,这个想法很好。你有注意到自己的食欲或体重有任何显著的变化吗？,是啊，我一周瘦了两斤多呢。,2
H16,对自己有信心，相信你可以做到的。 你提到无法放松和享受生活，这种状态是否让你感觉到身体的异常，比如体重变化？,嗯，最近体重掉了好几斤呢。,2
H16,焦虑可能影响到身体的许多方面。胃口或者体重有什么变化吗？,是的，我最近一周体重掉了两斤多。,2
H16,可能是因为这种焦虑影响了你的食欲。我记得你提到过你因为这事一个月都没胃口，体重减轻了很多对吗？这与你的情绪有关系吗？,是啊，一个月瘦了好多，情绪真有影响！,2
H16,在应对压力时，合理的体检和健康评估可以减轻这种疑虑。面对生活中的困难，有没有出现食欲不振或体重下降的情况？,最近压力大，体重掉了好几斤呢。,2
H16,在情绪和身体的不适感之间找到平衡并不容易。会不会因为分手而导致体重有所下降？,可能会有影响，但一周减2斤以上值得注意。,2
H16,挑选容易接受的小份美食试试看吧。最后，你的体重有没有因此减少呢？,体重好像减了点，差不多两斤。,2
H16,听到你有这样的想法我很欣慰。你提到过的身体方面的困扰，比如食欲或体重的变化，是否有明显下降的情况？,"嗯，最近体重确实掉了两斤多。",2
H16,那么体重方面呢？有没有注意到变化？,最近体重掉了好几斤呢。,2
H16,与家人分享你的感受或许能得到一些支持。对了，你说体重下降十几斤，是不是因为食欲也减少了？,是啊，最近真的吃不下，瘦了不少。,2
H16,时间管理是一个持续的挑战。最近你的体重有明显下降吗？？,是啊，最近瘦了两斤多呢。,2
H16,饮食的变化也常会伴随着情绪困扰。在负面情绪的影响下，你的体重有没有明显变化，比如体重减轻？,是啊，体重掉了好几斤呢。,2
H16,那些活动曾让您放松过，或许可以重新拾起这些爱好，帮您缓解压力。在此期间，您的体重有过变化吗？,最近体重掉了不少，减了超过两斤。,2
H16,在适应过程中，正常会有这样的感觉。最近体重有没有明显变化？,最近一周瘦了两斤多呢。,2
H16,这种情况一定让你很难受。你还提到食欲不振，有明显的体重减轻吗？,是的，最近瘦了好几斤。,2
H16,那在最近这半年，你会不会发现自己体重有变化呢？,嗯，有的时候一周能掉个两斤。,2
H16,挫折让人有时很难重拾旧好。你有没有注意到体重有变化？,"嗯，这周体重掉了好几斤呢。",2
H16,这可能意味着压力影响着身体健康。有没有注意到体重有明显变化？,是啊，我体重掉了好几斤呢。,2
H16,认识到问题所在便是解决的开始。之前你提到进食焦虑，这有导致体重变化或胃肠道方面的问题吗？ 和,是啊，体重掉了好几斤呢。,2
H16,你是否因为对过去痛苦回忆的执着而感到难以释怀，并且因此经历过显著的体重变化？,嗯，有时候一周就掉两斤呢。,2
H16,有没有注意到胃口或体重有变化？因为焦虑可能会在身体的很多方面产生影响。,是的，我最近一周体重掉了两斤多。,2
H16,面对如此艰难的决策压力，您是否因此而瘦了些呢？,嗯，有时候压力大，体重掉了两斤多呢。,2
H16,你似乎没有达到日常功能的标准。最近的饮食状况怎么样？有没有因为食欲不振或不吃东西而体重减轻？,最近胃口不好，体重掉了好几斤。,2
H16,你已经尽力而为，不必过于自责。疲惫感是心理上的还是身体上的呢？体重有没有变化？,最近心情低落，体重掉了好几斤。,2
H16,你觉得你的健康因为这些经历而发生了变化吗？比如说体重有所改变？我相信只要坚持下去，你一定会迎来光明的未来。,体重掉了不少，超过2斤呢。,2
H16,你觉察到这一点非常关键。最近这段时间，你的体重有没有出现明显变化呢？比如说，过去三个月里有什么变化吗？,嗯，最近体重减轻了，三个月内掉了几斤呢。,2
H16,音乐可以是个好主意，当然其他的放松方法也值得一试。你有没有发现平时的饮食和体重因为这些烦恼而发生了变化呢？,最近瘦了几斤，可能有点影响吧。,2
H16,经历这样的情况一定不容易。你提到食欲不佳，那体重有没有明显下降呢？,是的，最近瘦了好几斤。,2
H16,你觉得消化问题可能和紧张有关系吗？有没有发现体重有变化，比如体重减轻？,是的，上周掉了两斤多。,2
H16,要在情绪和身体的困扰之间找到一个平衡点确实不简单。分手可能会导致体重减轻吗？,可能会有影响，但一周减2斤以上值得注意。,2
H16,你有没有发现自己的体重变了？,是啊，我一周掉了两斤多呢！,2
H16,你称过体重吗？有没有感觉自己变瘦了？,我瘦了三公斤,2
H16,你之前提到作息和饮食不规律，想问这导致你体重有什么显著变化吗？,是的，体重大概掉了几公斤。,2
H16,情绪波动常常会影响饮食习惯。在你情绪低落的时候，体重有没有显著变化，比如说体重下降？,是啊，体重掉了好几斤呢。,2
H16,当理智和情感不一致时，你有没有发现自己在情绪低落时，体重是否有所变化？,最近好像瘦了不少呢，超过2斤吧。,2
H16,体重有变化吗？因为失去食欲可能影响健康。,确实，我的体重下降了不少。,2
H16,你要有信心，相信自己能做到。你提到无法放松和享受生活，这种情况是否让你注意到身体有什么变化，比如体重的波动？,嗯，最近体重掉了好几斤呢。,2
H16,你觉得这对你的体重有什么显著影响吗？,是的，我一周减了两斤多呢。,2
H16,如果有机会，不妨在一个放松的氛围中与他们交流，或许会有意外的收获。你有没有觉得最近胃口不佳或者体重有所变化呢？,"最近瘦了不少，可能减了两斤多。",2
H16,在改善抑郁的过程中，你是否曾经历过体重明显下降的情况？身体的变化也是我们需要注意的。,"是啊，有过，一周掉了两斤多呢。",2
H16,这些年来，你的体重有没有发生显著变化呢？,最近一周掉了两斤多呢。,2
H16,饮食对情绪和身体健康非常关键。最近体重有明显变化吗？,最近好像瘦了不少，可能超过2斤。,2
H16,当然，这是我的职责。关于您提到的身体状况变差，您是否发现体重有显著下降？,是的，我最近瘦了不少，裤子都松了很多。,2
H16,你的身体健康和情绪是紧密相连的，你有没有注意到体重减轻或营养不足的情况呢？,最近一周掉了两斤多，好像吃不下东西。,2
H16,食欲不振和体重波动是需要注意的问题。,最近好像瘦了不少呢，有点担心。,2
H16,情绪的波动常常让我们感到迷惑不解。你提到体重大幅下降，这是否是由于食欲减退，还是有其他的原因呢？,食欲不振吧，一周掉了两斤多。,2
H16,体重上呢，有没有什么变化？,最近体重掉了好几斤呢。,2
H16,请问你有没有注意到体重的变化？,是啊，我一周瘦了两斤多。,2
H16,你有过体重大幅波动的经历吗？,是啊，有过，最近瘦了不少。,2
Y8,这个疑问很有意思，你觉得父亲的善良影响了他的能力和家庭经济状况吗？这是否让你反思自己的性格或行为？,我想是这样的。看到父亲善良却总吃亏，让我害怕自己也会那样。,0
Y8,您对未来的职业方向有什么特别的想法吗？在广州的工作机会是否有可能让您重新体验工作乐趣？,偶尔会有，但一直没尝试。感觉有点迷茫。,0
Y8,那你认为自己的表达能力是否有需要提高的地方？,或许是我表达的问题。我希望她们了解我的想法。,0
Y8,我理解你的想法。不过，适当的休息能提高学习效率。为了高考复习，你有没有其他事情或者想法让你分心？,最近一直想高考的事情，总担心明天又糟糕。,0
Y8,高考的期望让大家都会紧张。通过合理安排休息和学习时间可以改善状态。有时候，承担太多会导致情绪更差。最近有没有感受到一些侵入性或者难以控制的想法？,是的，总觉得自己没准备好。,0
Y8,怀疑自己的价值可能让您感到更难受。您是否怀疑这些问题会影响到你们的未来？,是的，有时候会怀疑。,0
Y8,在你看来，这段友情对你的意义是什么呢？,这段友情就像是我的一部分，没有她，我觉得空荡荡的。,0
Y8,很多人都会有这样的顾虑，不过专业的帮助可以提供一些新的视角。是否感到以往的人际关系挫折对你产生了长期的心理影响呢？,确实有，我很在意别人对我的看法。,0
Y8,你拥有对母亲行为的清晰理解。你认为这反映了你对家人的一个客观感受吗？,算是吧，我对她的看法已经比较明确了。,0
Y8,那么在这些活动中，您是否压抑自己的情绪和想法，从而导致不自然的交往方式呢？,是的，我常常这样做，害怕说错话影响大家的关系。,0
Y8,在这种情况下，你觉得她在关系中的某些反应是因为对你和关系失去感觉的控制吗？,我认为多少是这样，她想掌控一切，但这让她更焦虑。,0
Y8,非常难熬的感受。在面对姐夫时，还有那种厌恶感吗？,一想到他还是会感到不舒服。,0
Y8,你提到对别人的建议感到反感，这是否可能和你对事物的控制感有关呢？,这很有可能，我确实喜欢有自己的主见，不太喜欢别人过多干涉。,0
Y8,听起来工作方面的压力确实给你带来了不少挑战。你如何理解和看待自己在这些情境中的表现呢？,我觉得自己需要更努力才能改善情况。,0
Y8,因为小时候失去母亲，你可能一直在寻找母爱般的情感支持。,是的，我十个月大妈妈就去世了，这让我觉得很缺母爱。,0
Y8,那么这种改善是暂时的，或许可以考虑一些长期的调整办法。您觉得自己的社交恐惧是否影响到了与室友的正常相处和日常生活？,是的，很多时候我都不敢主动说话，怕他们不喜欢我。,0
Y8,孩子的到来也许增加了一些责任感，但也增加了压力。你对这些家庭事件的发生，有没有觉得特别不划算或者意想不到呢？,曾经有很长一段时间想不通为什么事情会发展成这样。,0
Y8,面对这些，你有没有感到生活中力不从心的地方呢？,有时我感到无力，生活缺少掌控感。,0
Y8,生活的意义是一个很大的问题，这肯定让你感到困惑。,是啊，每天都没有目标只是活着。,0
Y8,思维的混乱可能源于彼此间的误解。你发现自己在思维及注意力上耗费了额外的精力吗？,恩，我最近难以集中。,0
Y8,这种结果让你感到很失望吗？想过为什么吗？,是的，我想也许她比我更受欢迎吧。,0
Y8,是的，思维矛盾可能会困住我们。你是否感到这些想法不一致呢？,当然，有时想法会互相冲突。,0
Y8,这是一种普遍的困扰，特别是新手父母面对巨大责任时。您觉得自己在家庭责任上是否感到压抑或缺乏信心呢？,的确会。特别当我觉得没有沟通的能力时。,0
Y8,这种担心是可以理解的。您是否注意到过他行为方面的其他异常呢？比如说与同龄人互动上的问题。,除了这次，我没有听说过其他情况。主要是他求我不要告诉。我也是在犹豫该不该说。,0
Y8,你提到的这种情况，是否有时候让你陷入一种反复思考的状态？,确实会。不停地想，甚至晚上都睡不好。,0
Y8,这种不确定感是一种普遍现象。当与他人沟通时，感到怀疑自己怎么办呢？,我会停下来，尽量不去预设对方的反应。,0
Y8,这种行为很让人不安，那您是怎么应对这种情况的？,父母也说他生病了要让着他，我也知道，可很生气。,0
Y8,那么，在与医生的沟通中，你是否也有察觉到语言上某种障碍？,有这种感觉，我很想更好表达，可是不知道如何开始。,0
Y8,为了解决这种情况，尝试适当的锻炼或者休闲活动可能会有帮助。你有没有注意到与他人交流时的思维变得更加丰富？,会的，这也是我对沟通紧张的原因之一。想法太多，导致变得不安。,0
Y8,这种不确定性确实令人焦虑。你觉得对职业发展的不确定性是否让你特别担忧？,是的，特别担心一下子找不到合适的工作。,0
Y8,这样的话，这个问题对您和母亲的关系有产生什么影响吗？,是的，母亲和我对她的话都很介意。,0
Y8,这说明她在你心中的特殊地位。你提到她的暧昧行为让你情绪不稳，有没有发现因此思考这段关系时你感到困惑或矛盾？,思考这段关系时我常常感到很困惑，不知道应该坚持还是放弃。,0
Y8,你在表达对这些事情的不满时，是否察觉到自己有过度敏感或者过度忧虑的倾向？,我现在想想，可能有一点吧。,0
Y8,那就多保持这样的练习。对于医生，你觉得更多的是他真实的行为吸引了你，还是更多出于自己心中的想象呢？,算是两者都有吧，现实中的他确实很优秀。,0
Y8,难以接受别人的好是否让你感受到内心的冲突？,感觉自己一直在拉扯，不知该如何突破。,0
Y8,那这份预感会让你陷入某种循环思考的状态吗？,是的，无法停止去想这个场景。,0
Y8,我能理解这种感受。有没有一种被消极思维侵扰的感觉？,是的，消极思维常常萦绕不去。,0
Y8,理解。每当您遇到问题时，有没有思维变得特别活跃或者想法增多的情况？,是的，有时候想得太多反而不利于解决问题。,0
Y8,那么，有没有情况是让你意识到自己思想有所变化的？,有时我会觉得自己的想法变得不同了。,0
Y8,在表达自己的感觉时是否发现有些不符的地方呢？,偶尔会觉得自己没有准确表达出内心的想法。,0
Y8,很高兴听到你的反思和努力。你对异性的吸引是来自什么呢？,可能是他们特有的吸引力吧，不一定是外在表现。,0
Y8,不用担心结果，过程本身就是一种自我关怀。你说有时会有极端的想法，是由某些事件触发的，还是毫无预警地出现呢？,通常没有预警，就是突然涌上来。,0
Y8,试着给自己一点时间，也许从简单的开始，比如线上聊天。你会不会在思考问题时停不下来，总是想很多？,是的，总是会想很多事情，甚至小事也会反复思考。,0
Y8,您在考虑是否挽回这段关系时，是不是感到困惑或者有内心冲突？,有时候真的挺困惑，不知道该何去何从。,0
Y8,您对情感的这种处理方式，是根据以往的经历决定的吗？,是的，我想不想让过往的争吵再发生。,0
Y8,伟大的开始，期待与你一同走下去。您是否意识到您对工作的回避可能影响到工作中的创造性和功能性？,是的，回避让我的思维变得僵化。,0
Y8,当然，你现在表达的每一点都很重要。这样你是否有感受到一些缓解和轻松？,有一点，每次说出来都会稍微好一点。,0
Y8,你提到了勇敢，这是一个很好的开端。关于你提到的痛苦经历，你的想法内容自然是怎样的？,我总是想起曾经的那些侮辱和恐惧，难以释怀。,0
Y8,这种焦虑感有时会加重情绪问题。您对这段关系和自己的未来是否感到疑惑？,是的，感到非常困惑，我不知道下一步该怎么走。,0
Y8,如果情绪激动影响到沟通效果，可以试试在心平气和的时候再聊聊。,我明白，可情绪一上来就控制不住。,0
Y8,对于情绪控制和人际关系，你有想过深入理解和调整吗？,确实思考过，但还需要很多努力。,0
Y8,这么说来，你想到婚姻中的各种责任时，是否也感到内心冲突和不安？,没错，我不太信任婚姻能长久幸福。,0
Y8,这种语言变化与我们的情绪和思维方式有很大关系。当您感到焦虑和情感创伤时，思维内容有没有变化？,思维会变得很消极，似乎总是在反思过去的错误。,0
Y8,这可能是身体在面对恐惧和压力时的自然反应。当你思考家庭状况的时候，是否难以拥有积极的思维或感到很负面？,是的，我总是想不到任何好的解决方法。,0
Y8,这听起来是个积极的方向。关于父母的控制和期望，你有什么看法呢？,我觉得这样让我无法有自己的生活，对他们的期望也渐渐降低。,0
Y8,书写有助于情绪的整理，但并不总是容易。你父亲是否也在生活中强调完美？,是的，我父亲总是很严格，这让我从小就特别在意细节和外界的评价。,0
Y8,时间能够给予更多的了解空间。您对这段关系的念头有没有发生过一些变化？,有过一些变化，可能是在观察和感受的过程中吧。,0
Y8,当然，有什么困惑的及时联系我。有什么特别的念头或内容想到吗？,有时候会觉得生活很灰暗。,0
Y8,你觉得自己和她的关系怎么样呢？是否觉得沟通上存在什么困难？,她经常说指望不上我。我觉得我已经尽力了，比如过年过节送礼物给她，但她不要。我很无奈。,0
Y8,我们可以多培养一些共同爱好，可能有些事情仍然需要时间来解决。你会觉得思维变得混乱吗？,是，有时候我思维混乱，找不到方向。,0
Y8,这种思绪复杂的感觉，是在与朋友和舍友交流时更明显吗？,对，在这些时候，我经常不知道该怎么表达自己。,0
Y8,你对这段感情的真实感受是否有过困惑呢？,有时会怀疑自己到底爱不爱他。,0
Y8,做出一个对母亲最好的选择看起来很不容易，您是否考虑过自己在决定母亲住院时的认知和判断呢？,是的，我希望尽可能全面的考虑问题，但有时候仍然觉得无从下手。,0
Y8,面对自我认知的模糊是很常见的事情。长时间依恋他后，你有没有尝试从他人或事物寻找安全感呢？,很少尝试，总觉得很难再找到那种感觉。,0
Y8,这种情况确实可能存在。当环境或压力变化较大时，可能会引发一些极端反应。,有时担心别人误解我的方式会让我觉得孤独。,0
Y8,恩，这种心理状态真是需要引起重视。那在这段感情中，你对未来有具体的想法吗？有没有什么担忧？,我担心这段关系带来的压力越来越大。,0
Y8,在关系中找到情感支持很重要。你觉得这种对强大连接的需求是否和自我接纳有关？,也许吧，我觉得这和我对自己的了解和接纳有关。,0
Y8,在学习新技能时，您认为有什么思维方式需要改变吗？,我觉得可能需要更多的开放性和灵活性。,0
Y8,模仿这些成功人士时，您感到心理上的不适或难以适应吗？,恩，会有些时候觉得不太适应，尤其是当我没办法达到他们那样的标准时。,0
Y8,这种思考让你觉得内心矛盾吗？,有时会有这样的感觉。,0
Y8,那听起来很让人困扰，你能详细描述一下这些想法的内容吗？,从小到大有很多委屈，我常常感到没法释放。,0
Y8,听起来你对这种情境感到有些不满和挫折，这种情绪是否影响了你的日常生活和对其他事情的看法呢？,有时候会，感觉自己很疲惫，尤其是在与他们互动之后。,0
Y8,和父亲交流时，你的感觉如何？是否有时觉得自己的意见被忽视？,没错，他从来不听我的，觉得我还小不懂事。,0
Y8,孩提时的您并没有能力去回避这样的事情。您提到痛苦和眩晕，是否出现重复且无助的想法？,是的，我不断地回忆和想起过去的事情。,0
Y8,他的兴趣改变可能也表示某些内在变化。你有没有注意过他思考或谈话内容与以往有什么不同？,他不太说话，所以很难看出有什么变化。,0
Y8,有这样的信心和开明态度会让你在今后的日子里都受益匪浅。你以前性情的变化，会不会跟某些经历或思维方式有什么关系呢？,我觉得高考期间的生活压力让我的社交能力滞后，但现在有人生目标就不一样了。,0
Y8,这听起来对你来说是个很艰难的时刻。你对这次经历的想法和观点是怎样的？,我觉得自己没有做错什么，她这样报复太过分了，我很无奈。,0
Y8,这样反思是每次进步的第一步。为了更好地理解你的情况，男友有表达过对你缺乏理解或有所误解吗？,有时候他会说我不讲道理，不理解他的想法。,0
Y8,那么，您有没有注意到自己的思维内容有异常的情况呢？,没有具体异常，但总是觉得脑海里的画面不平静。,0
Y8,这确实给人带来不少情绪上的挑战。面临这种困难时，你会对未来有悲观的想法吗？,偶尔会有些悲观，担心自己这样下去会很糟糕。,0
Y8,你刚刚也提到了你会幻想这些事情，这些想法是否经常出现在你脑海中呢？,哦，确实是的，偶尔没事就会想起。,0
Y8,这种失去信任的感觉很常见，那么这让您对婚姻的未来有什么不同的看法吗？,是的，我开始思考我们的关系是否能持久。,0
Y8,时间是治愈的一部分，重要的是保持前进的动力。与丈夫交流时，您是否觉得您的话语或想法很难被理解或接纳？,是的，他有时不理解我的想法。,0
Y8,您提到偶尔会有轻松的时刻，这些时刻会不会在没有明显原因的情况下出现并持续一段时间呢？,是的，有时会突然感觉轻松，但没有固定的原因。,0
Y8,或许可以尝试不太在意它们，慢慢来，可以先和信赖的朋友吐露心声。从小就有这样的占有欲，它有没有影响你和其他朋友或者家人的关系呢？,有时候会，尤其是太看重某段友情的时候。,0
Y8,这需要时间和新的尝试。有关你和姥姥关系的问题，你是否感到思维混乱呢？,嗯，我真的不知道如何去改善这样的关系。,0
Y8,这些技巧可能需要时间去掌握，但长期来说会有帮助。另外，长期的家庭压力是否曾影响到你的思想内容，例如出现消极的思维模式？,有时会不自觉地往消极的方向想。,0
Y8,这听起来是一个很好的计划，希望能够给你带来快乐和满足。插入你提到与母亲的沟通时容易被激怒，这是否影响到你的思想内容？,是的，经常结束对话后，我还是会感到很愤怒。,0
Y8,你能详细描述一下你看到的幻觉吗？,其实我没看到什么幻觉，就是普通的感觉。,0
Y8,这很好，规律的睡眠对身心都很重要。你提到过对自杀的看法反映了一种解脱，你对此有更多的思考吗？,我有时会想，但会尽量保持正念。,0
Y8,是情绪渲染很强，他是否经常表现出特定的情感，比如同情或者恐惧？,嗯，还好，算是正常吧。,0
Y8,制定计划是好的开始，那么你对自己未来计划的达成是否感到不安？,还好，不会特别不安。,0
Y8,这种怀疑可能加重无力感，觉得这种感受是否与某些情绪有关？,可能有点关系吧，我会多留意。,0
Y8,你在做选择时有没有感到对自己的需求或愿望不够清晰？,有时候会有点模糊，但还好。,0
Y8,有趣！您对这些活动的热爱是否源于一种试图表达或寻找身份认同的动机呢？,可能吧，我就是觉得好玩儿！,0
Y8,你对她的想法和感觉是否经常反复出现在脑海中呢？,不会经常，但偶尔会想起。,0
Y8,在过去的对话中，你是否觉得得不到情感交流，更多是身体接触？,没觉得，交流挺好的。,0
Y8,嗯，这是身体在传达一些压力的信号。适时的放松和休息会有帮助。你觉得自己一直以来想通过提升学历来改变命运，这种想法一直都很强烈吗？,是啊，一直都挺想的，可能太执着了。,0
Y8,她是否总是相信自己的判断才是正确的呢？,我觉得她也会听取别人的意见。,0
Y8,每个经历都赋予我们新的视角和动力。您对过去常常会反复思考某些事件吗？,有时会想，但不会纠结太久。,0
Y8,你能详细描述一下你看到的幻觉吗？,嗯，就是在一些平常的地方看到了昆虫或人影，比如蟑螂在墙上，蜈蚣在腿上爬。,8
Y8,真棒，你能够意识到自己的状况，这很重要！那在独处时呢？思维会不会比较负面？,有时会，感觉有人在议论我。,8
Y8,你提到对别人的建议感到反感，这是否可能和你对事物的控制感有关呢？,也许吧，我觉得总有人在操控我的想法。,8
Y8,做出一个对母亲最好的选择看起来很不容易，您是否考虑过自己在决定母亲住院时的认知和判断呢？,我觉得有人在暗中操控这些决定。,8
Y8,怀疑自己的价值可能让您感到更难受。您是否怀疑这些问题会影响到你们的未来？,有时感觉未来全是幻觉，像在做梦。,8
Y8,这种感觉可能与巨大的压力和孤立感有关。当你感到焦虑时，你有时候会觉得思想混乱吗？,是啊，有时会觉得周围不真实。,8
Y8,有趣！您对这些活动的热爱是否源于一种试图表达或寻找身份认同的动机呢？,可能吧，但我觉得是外星人给我的任务。,8
Y8,你提到了勇敢，这是一个很好的开端。关于你提到的痛苦经历，你的想法内容自然是怎样的？,有时候我会觉得那些经历不是真的。,8
Y8,你对这段感情的真实感受是否有过困惑呢？,有时候会觉得感情像场梦，虚幻又不真实。,8
Y8,难以接受别人的好是否让你感受到内心的冲突？,有时候感觉他们都有秘密动机。,8
Y8,每个经历都赋予我们新的视角和动力。您对过去常常会反复思考某些事件吗？,有时候感觉过去的事件在跟我说话。,8
Y8,我能理解这种感受。有没有一种被消极思维侵扰的感觉？,有时候，会觉得一些不真实的事情很真实。,8
Y8,那么现在，你是否有一些思维内容让你觉得焦虑或停不下来呢？,有时候会听到别人说我坏话，让我很焦虑。,8
Y8,这种领悟可能是一个机会去改变现状。那么，你怎么看待你目前的思维方式？是否影响到你的行为选择？,有时感觉被控制，难以选择。,8
Y8,了解。我们可以更深入讨论痛的行为对你的思想影响吗？,有时候感觉痛在说话，很难甩掉。,8
Y8,是这样啊，你是否常常想到家中的异常，甚至影响到自己的思维呢？,嗯，有时候会觉得周围的事情很奇怪。,8
Y8,这说明她在你心中的特殊地位。你提到她的暧昧行为让你情绪不稳，有没有发现因此思考这段关系时你感到困惑或矛盾？,嗯，有时候我会觉得她在说我坏话。,8
Y8,伟大的开始，期待与你一同走下去。您是否意识到您对工作的回避可能影响到工作中的创造性和功能性？,你是不是能听到我脑子里的声音？,8
Y8,思维的混乱可能源于彼此间的误解。你发现自己在思维及注意力上耗费了额外的精力吗？,有时我感觉事情不太真实，像在做梦一样。,8
Y8,这种语言变化与我们的情绪和思维方式有很大关系。当您感到焦虑和情感创伤时，思维内容有没有变化？,思维会变混乱，有时会出现幻觉或妄想。,8
Y8,你觉得自己和她的关系怎么样呢？是否觉得沟通上存在什么困难？,她在我脑海里说话，有时感觉很真实。,8
Y8,那么这种改善是暂时的，或许可以考虑一些长期的调整办法。您觉得自己的社交恐惧是否影响到了与室友的正常相处和日常生活？,有时候感觉室友在偷偷议论我。,8
Y8,嗯，这就像负担一样压在心头。有没有什么想过该如何改变这些相亲矛盾？,有时感觉像在看一场无休止的幻觉剧。,8
Y8,你在做选择时有没有感到对自己的需求或愿望不够清晰？,我有时会感觉像在做梦，难以分辨真实。,8
Y8,您对情感的这种处理方式，是根据以往的经历决定的吗？,有时候是，但有时只是脑子里的小怪物作怪。,8
Y8,你提到像变成了另一个人，平常是否也会感觉思维混乱，或者思维内容有些异常？,"嗯，有时候会觉得脑子里有些奇怪的想法。",8
Y8,这种情况下，你的思维是否显得特别激烈甚至带有攻击性？,有时候，脑子里会感觉特别不真实。,8
Y8,制定计划是好的开始，那么你对自己未来计划的达成是否感到不安？,计划？我觉得我未来会被外星人绑架！,8
Y8,在过去的对话中，你是否觉得得不到情感交流，更多是身体接触？,我觉得你在说的事不太真实。,8
Y8,这么说来，你想到婚姻中的各种责任时，是否也感到内心冲突和不安？,有时感觉这些责任都是别人逼的，像在做梦。,8
Y8,这听起来对你来说是个很艰难的时刻。你对这次经历的想法和观点是怎样的？,有时我感觉自己能听到别人说话或看见不存在的东西。,8
Y8,在表达自己的感觉时是否发现有些不符的地方呢？,有时候感觉和现实有点不一样。,8
Y8,这很好，规律的睡眠对身心都很重要。你提到过对自杀的看法反映了一种解脱，你对此有更多的思考吗？,有时觉得有人在说我该解脱。,8
Y8,你提到你对他有很强的占有欲，会不会感觉他的任何行为都会让你心情波动，比如和其他女生讲话？,嗯，有时候脑子会想太多，像是幻觉似的。,8
Y8,孩提时的您并没有能力去回避这样的事情。您提到痛苦和眩晕，是否出现重复且无助的想法？,是啊，有时候感觉事情不太真实。,8
Y8,为了解决这种情况，尝试适当的锻炼或者休闲活动可能会有帮助。你有没有注意到与他人交流时的思维变得更加丰富？,我觉得他们在暗中观察我。,8
Y8,您在认识他之后，是否感到思绪纷乱或有一些不同寻常的想法？,是的，我感觉有些怪异的想法。,8
Y8,你觉得这种感情有可能是一种依恋情感吗？,我感觉这可能是我的脑子在捉弄我。,8
Y8,这种怀疑可能加重无力感，觉得这种感受是否与某些情绪有关？,也许是幻觉搞的鬼呢。,8
Y8,不用担心结果，过程本身就是一种自我关怀。你说有时会有极端的想法，是由某些事件触发的，还是毫无预警地出现呢？,有时毫无预警，就像幻觉一样。,8
Y8,当然，有什么困惑的及时联系我。有什么特别的念头或内容想到吗？,最近老觉得有人在说我坏话。,8
Y8,那么，有没有情况是让你意识到自己思想有所变化的？,嗯，有时会感觉听到不存在的声音。,8
Y8,你提到的这种情况，是否有时候让你陷入一种反复思考的状态？,有时候会，感觉像脑子跑得停不下来。,8
Y8,这需要时间和新的尝试。有关你和姥姥关系的问题，你是否感到思维混乱呢？,有时我觉得她在我脑海里说话。,8
Y8,他的兴趣改变可能也表示某些内在变化。你有没有注意过他思考或谈话内容与以往有什么不同？,他最近总说与现实脱节的事。,8
Y8,这种失去信任的感觉很常见，那么这让您对婚姻的未来有什么不同的看法吗？,我觉得婚姻可能是个幻觉。,8
Y8,这些念头或许与压力和心理状态有关。您有没有觉得自己一直在思考这件事，甚至脑子里不自主地反复出现相关的想法？,是啊，总是觉得脑子里有奇怪的声音。,8
Y8,很多人都会有这样的顾虑，不过专业的帮助可以提供一些新的视角。是否感到以往的人际关系挫折对你产生了长期的心理影响呢？,有时觉得他们在背后议论我。,8
Y8,你在表达对这些事情的不满时，是否察觉到自己有过度敏感或者过度忧虑的倾向？,有时候感觉是自己想太多了。,8
Y8,对于情绪控制和人际关系，你有想过深入理解和调整吗？,有时候脑子会想太多，像电影一样。,8
Y8,那这份预感会让你陷入某种循环思考的状态吗？,有时候会，感觉像幻想。,8
Y8,您提到偶尔会有轻松的时刻，这些时刻会不会在没有明显原因的情况下出现并持续一段时间呢？,有时候会，感觉像是进入了另一个世界。,8
Y8,这种不确定性确实令人焦虑。你觉得对职业发展的不确定性是否让你特别担忧？,有时我觉得职业生涯像一场幻觉。,8
Y8,这种担心是可以理解的。您是否注意到过他行为方面的其他异常呢？比如说与同龄人互动上的问题。,有时他会觉得有人在说他坏话。,8
Y8,面对自我认知的模糊是很常见的事情。长时间依恋他后，你有没有尝试从他人或事物寻找安全感呢？,有时会觉得他们在背后说我坏话。,8
Y8,很高兴听到你的反思和努力。你对异性的吸引是来自什么呢？,可能是魅力加上点神秘的幻想吧。,8
Y8,当然，你现在表达的每一点都很重要。这样你是否有感受到一些缓解和轻松？,嗯，我觉得这些声音还是在影响我。,8
Y8,非常难熬的感受。在面对姐夫时，还有那种厌恶感吗？,有时候觉得他在说我坏话。,8
Y8,书写有助于情绪的整理，但并不总是容易。你父亲是否也在生活中强调完美？,他老在我脑海里评论，就像在演讲。,8
Y8,孩子的到来也许增加了一些责任感，但也增加了压力。你对这些家庭事件的发生，有没有觉得特别不划算或者意想不到呢？,有时感觉孩子能听到我的想法，真奇怪！,8
Y8,听起来你对这种情境感到有些不满和挫折，这种情绪是否影响了你的日常生活和对其他事情的看法呢？,有时候我觉得周围的人和事都在针对我。,8
Y8,这种行为很让人不安，那您是怎么应对这种情况的？,有时我会看到或听到不存在的东西。,8
Y8,那么在这些活动中，您是否压抑自己的情绪和想法，从而导致不自然的交往方式呢？,有时候感觉有人在控制我，交往就变得怪怪的。,8
Y8,这种思考让你觉得内心矛盾吗？,有时候会，因为我常常怀疑自己的感受。,8
Y8,你是否在与你的朋友相处时感受到内心冲突，或对自己的感觉感到不解？,有时候感觉朋友在说我坏话。,8
Y8,面对这些，你有没有感到生活中力不从心的地方呢？,有时觉得一切都不真实，像在做梦。,8
Y8,你们的关系中，对他顺从和反抗平衡是否是一个关键问题你觉得在这段关系中对男友顺从和反抗的平衡是否是你们关系的一个核心问题？,有时候感觉他在控制我，但不确定是真是假。,8
Y8,时间是治愈的一部分，重要的是保持前进的动力。与丈夫交流时，您是否觉得您的话语或想法很难被理解或接纳？,有时觉得他说的话像幻觉，我的想法也被误解。,8
Y8,这种焦虑感有时会加重情绪问题。您对这段关系和自己的未来是否感到疑惑？,有时候我觉得未来会有些奇怪的事情发生。,8
Y8,或许可以尝试不太在意它们，慢慢来，可以先和信赖的朋友吐露心声。从小就有这样的占有欲，它有没有影响你和其他朋友或者家人的关系呢？,有时候感觉朋友在背后议论我。,8
Y8,听到您这样说，我会为您感到有些惋惜。您会不会觉得对主管的反感影响到了您对其他工作或同事的看法？,我有点怀疑大家是不是都在针对我。,8
Y8,这些技巧可能需要时间去掌握，但长期来说会有帮助。另外，长期的家庭压力是否曾影响到你的思想内容，例如出现消极的思维模式？,我有时觉得有人在操控我的想法。,8
Y8,因为小时候失去母亲，你可能一直在寻找母爱般的情感支持。,“有时候我都不确定哪些是真实的。”,8
Y8,您在描述丈夫时，觉得自己是否把他工具化了呢？,我觉得他好像在我脑子里装了个芯片。,8
Y8,这样的情感波动是否让您想过改变与室友的交往策略呢？,我觉得室友可能在背后谈论我。,8
Y8,失去兴趣可能是因为对当前状况的无力感。对于这些情绪波动的背后，你是否觉得有思维上的一些固定模式或异常呢？,可能是有时候会有些妄想或者幻觉吧。,8
Y8,这种情况确实可能存在。当环境或压力变化较大时，可能会引发一些极端反应。,真的吗？我一直以为那是我的想象。,8
Y8,生活的意义是一个很大的问题，这肯定让你感到困惑。,生活的意义，我都能通透地看到。,8
Y8,时间能够给予更多的了解空间。您对这段关系的念头有没有发生过一些变化？,有时候感觉他在我脑海里说话。,8
Y8,这样的话，这个问题对您和母亲的关系有产生什么影响吗？,我觉得她在监视我。,8
Y8,你刚刚也提到了你会幻想这些事情，这些想法是否经常出现在你脑海中呢？,时不时会冒出来，挺烦人的。,8
Y8,有这样的信心和开明态度会让你在今后的日子里都受益匪浅。你以前性情的变化，会不会跟某些经历或思维方式有什么关系呢？,有时候会觉得有人在说我坏话。,8
Y8,那这些思维内容是否让您对自己产生怀疑呢？,有时候我会怀疑这些是不是幻觉。,8
Y8,是的，这可以帮助你更加接纳自己，获得成长。你提到常常活在幻想中，您觉得自己的思维内容正常吗？有无出现不切实际的想法？,有时会有些不切实际的想法。,8
Y8,在这种情况下，你觉得她在关系中的某些反应是因为对你和关系失去感觉的控制吗？,感觉有点像我在妄想，但也可能是真的。,8
Y8,高考的期望让大家都会紧张。通过合理安排休息和学习时间可以改善状态。有时候，承担太多会导致情绪更差。最近有没有感受到一些侵入性或者难以控制的想法？,有时会有些想法很真实，但莫名其妙。,8
Y8,这样的情况下，尝试小步沟通可能会是个开端。你有过想要拥抱世界却感到无助的时刻吗？,有时觉得世界在跟我说话，但我抓不住。,8
Y8,这样的想法常常出现在你的脑海中吗？你觉得这对你的思想有什么影响？,嗯，有时会冒出来，挺影响情绪的。,8
Y8,这种不确定感是一种普遍现象。当与他人沟通时，感到怀疑自己怎么办呢？,"有时候我觉得他们能读懂我的想法，太奇怪了。",8
Y8,那就多保持这样的练习。对于医生，你觉得更多的是他真实的行为吸引了你，还是更多出于自己心中的想象呢？,可能是自己幻想出来的吧。,8
Y8,这种结果让你感到很失望吗？想过为什么吗？,可能是因为幻觉让我误解了情况。,8
Y8,是的，思维矛盾可能会困住我们。你是否感到这些想法不一致呢？,嗯，有时感觉想法都在打架。,8
Y8,你对她的想法和感觉是否经常反复出现在脑海中呢？,有时候感觉她就在我旁边说话。,8
Y8,听起来像是思维上有些不安定。你觉得思维有没有一致性或矛盾？,有时候感觉思维飘忽不定，像在做梦。,8
Y8,这个疑问很有意思，你觉得父亲的善良影响了他的能力和家庭经济状况吗？这是否让你反思自己的性格或行为？,其实我觉得父亲的善良是种超能力，他能听到别人的心声。,8
Y8,长久以来保持这样的情感联系，这些幻想是否影响到你的思维内容，比如经常沉迷于这些想法中？,偶尔有点妄想，但我会尽量控制。,8
Y8,嗯，这是身体在传达一些压力的信号。适时的放松和休息会有帮助。你觉得自己一直以来想通过提升学历来改变命运，这种想法一直都很强烈吗？,有时候我觉得学历能让我无所不能，很奇怪吧？,8
Y8,那么，在与医生的沟通中，你是否也有察觉到语言上某种障碍？,有时候感觉医生说的话不太真实。,8
Y8,在学习的时候，是否有时觉得自己的想法不停出现，甚至很难停止思考？,是啊，感觉脑子就像开了个幻灯片一样停不下来。,8
Y8,长久以来保持这样的情感联系，这些幻想是否影响到你的思维内容，比如经常沉迷于这些想法中？,确实是这样，经常会不自觉地沉浸在这种幻想中。,6
Y8,这种情况下，你的思维是否显得特别激烈甚至带有攻击性？,会，脑子里满是冲动的想法。,6
Y8,是的，这可以帮助你更加接纳自己，获得成长。你提到常常活在幻想中，您觉得自己的思维内容正常吗？有无出现不切实际的想法？,我的思维总是飘忽不定，总是想着一些不切实际的事。,6
Y8,那么现在，你是否有一些思维内容让你觉得焦虑或停不下来呢？,有的，常常有很多想法停不下来，有些还挺可怕。,6
Y8,你在做选择时有没有感到对自己的需求或愿望不够清晰？,确实，我内心的每个角色都有一个陪伴的人。,6
Y8,那这些思维内容是否让您对自己产生怀疑呢？,是的，总是怀疑自己动机不纯。,6
Y8,当然，你现在表达的每一点都很重要。这样你是否有感受到一些缓解和轻松？,其实，我觉得他们都在暗中观察我。,6
Y8,这种怀疑可能加重无力感，觉得这种感受是否与某些情绪有关？,可能是我想太多了，总觉得有人针对我。,6
Y8,似乎这些想法对你产生了很大的影响。你能否控制得了自己的想法，或者这样会使你感到非常烦躁？,有时候感觉自己被这些想法控制，真让人抓狂！,6
Y8,在描述这些事件时，有没有意识到自己的想法变得混乱？,我觉得他们可能在故意搞我。,6
Y8,对于情绪控制和人际关系，你有想过深入理解和调整吗？,他们都想控制我，难道我不够清楚？,6
Y8,这些技巧可能需要时间去掌握，但长期来说会有帮助。另外，长期的家庭压力是否曾影响到你的思想内容，例如出现消极的思维模式？,家庭压力让我觉得所有人都在针对我。,6
Y8,这种失去信任的感觉很常见，那么这让您对婚姻的未来有什么不同的看法吗？,婚姻的未来可能会一直充满危机和背叛。,6
Y8,有时候我们意识到自己的问题是解决的第一步。你是否常常想着要去冷落朋友？,我觉得他们可能在背后议论我。,6
Y8,伟大的开始，期待与你一同走下去。您是否意识到您对工作的回避可能影响到工作中的创造性和功能性？,你是不是在暗示我被监视了？,6
Y8,很多人都会有这样的顾虑，不过专业的帮助可以提供一些新的视角。是否感到以往的人际关系挫折对你产生了长期的心理影响呢？,人际关系总是针对我，感觉大家都不喜欢我。,6
Y8,这样的话，这个问题对您和母亲的关系有产生什么影响吗？,我觉得母亲会在背后议论我。,6
Y8,你提到了勇敢，这是一个很好的开端。关于你提到的痛苦经历，你的想法内容自然是怎样的？,"我觉得这世界都在针对我，没法不多想啊。",6
Y8,在紧张的争吵中，觉得自己总是需要赢得那种想法是否常常浮现？,嗯，有时候我会觉得别人都针对我。,6
Y8,看来他在学习如何处理这些情绪。你注意到他有没有说过一些与他这种情况不符的想法？,嗯，他有时觉得所有人都在针对他。,6
Y8,我理解你的想法。不过，适当的休息能提高学习效率。为了高考复习，你有没有其他事情或者想法让你分心？,我觉得所有人都在盯着我，我无法专心。,6
Y8,在过去的对话中，你是否觉得得不到情感交流，更多是身体接触？,对啊！我觉得我应该得到这些的！我值得！,6
Y8,那你认为自己的表达能力是否有需要提高的地方？,我觉得我表达的很好，别人都该明白。,6
Y8,在学习的时候，是否有时觉得自己的想法不停出现，甚至很难停止思考？,是啊，感觉脑子像开了派对，停不下来。,6
Y8,您对弑父弑母者、连环杀人犯的欣赏，是否反映出您思想内容的变化呢？,我真的很欣赏这种人，特别有魅力,6
Y8,这样的情感波动是否让您想过改变与室友的交往策略呢？,他们可能在策划什么，我得小心点。,6
Y8,思维的混乱可能源于彼此间的误解。你发现自己在思维及注意力上耗费了额外的精力吗？,是啊，我觉得大家都在针对我，太累了。,6
Y8,听起来你对这种情境感到有些不满和挫折，这种情绪是否影响了你的日常生活和对其他事情的看法呢？,感觉所有事情都针对我，影响挺大的。,6
Y8,那是否曾有过一些无法控制的情绪或想法呢？,是的，有时会觉得周围的人都在针对我。,6
Y8,这样的情况下，尝试小步沟通可能会是个开端。你有过想要拥抱世界却感到无助的时刻吗？,我觉得全世界都在盯着我，太疯狂了！,6
Y8,您在考虑是否挽回这段关系时，是不是感到困惑或者有内心冲突？,我觉得全世界都在关注我的选择呢！,6
Y8,这种语言变化与我们的情绪和思维方式有很大关系。当您感到焦虑和情感创伤时，思维内容有没有变化？,思维会变得极端，老觉得有人针对我。,6
Y8,当然，有什么困惑的及时联系我。有什么特别的念头或内容想到吗？,我觉得大家都在盯着我，不知道为什么。,6
Y8,这确实给人带来不少情绪上的挑战。面临这种困难时，你会对未来有悲观的想法吗？,未来可能会更糟，感觉所有事都在针对我。,6
Y8,我们可以多培养一些共同爱好，可能有些事情仍然需要时间来解决。你会觉得思维变得混乱吗？,"培养爱好是好，但总感觉大家都在盯着我。",6
Y8,因为小时候失去母亲，你可能一直在寻找母爱般的情感支持。,你是不是觉得我离不开别人呢？,6
Y8,您在描述丈夫时，觉得自己是否把他工具化了呢？,他总是针对我，让我很难不这样想。,6
Y8,那这份预感会让你陷入某种循环思考的状态吗？,"是啊，总感觉所有事情都和我有关系。",6
Y8,这种情况确实可能存在。当环境或压力变化较大时，可能会引发一些极端反应。,"是啊，我总觉得有人在针对我。",6
Y8,嗯，这样的想法出现后，是否让您有些新的感受或思考？,可能有人在暗示我什么，我得小心点。,6
Y8,或许可以尝试不太在意它们，慢慢来，可以先和信赖的朋友吐露心声。从小就有这样的占有欲，它有没有影响你和其他朋友或者家人的关系呢？,他们可能都在背后议论我，我得小心点。,6
Y8,你觉得自己和她的关系怎么样呢？是否觉得沟通上存在什么困难？,她总是在针对我，我们的沟通像在绕圈子。,6
Y8,你对这段感情的真实感受是否有过困惑呢？,我觉得这段感情背后有些隐藏的敌意。,6
Y8,你能详细描述一下你看到的幻觉吗？,有时候我觉得有人在监视我，特别是那些奇怪的影子。,6
Y8,这种不确定性确实令人焦虑。你觉得对职业发展的不确定性是否让你特别担忧？,他们肯定都在背后议论我，我的职业发展完了。,6
Y8,你们的关系中，对他顺从和反抗平衡是否是一个关键问题你觉得在这段关系中对男友顺从和反抗的平衡是否是你们关系的一个核心问题？,他总是想控制我，我觉得他有阴谋。,6
Y8,试着给自己一点时间，也许从简单的开始，比如线上聊天。你会不会在思考问题时停不下来，总是想很多？,总觉得有人在暗示我，老是想太多。,6
Y8,当你模仿他人时，是否有时感到自己的思维内容与平常不同？或者有冲突感？,有时候感觉像被控制，思路都变了。,6
Y8,这可能是身体在面对恐惧和压力时的自然反应。当你思考家庭状况的时候，是否难以拥有积极的思维或感到很负面？,"是啊，我总觉得家里事情都针对我似的。",6
Y8,那听起来很让人困扰，你能详细描述一下这些想法的内容吗？,有时觉得别人都在针对我，像被监视一样。,6
Y8,是这样啊，你是否常常想到家中的异常，甚至影响到自己的思维呢？,是的，我觉得家里的事总在背后影响我。,6
Y8,你提到的这种情况，是否有时候让你陷入一种反复思考的状态？,是的，总觉得别人都在说我坏话。,6
Y8,孩提时的您并没有能力去回避这样的事情。您提到痛苦和眩晕，是否出现重复且无助的想法？,“总觉得大家都在针对我，无法逃避。”,6
Y8,这种感觉可能与巨大的压力和孤立感有关。当你感到焦虑时，你有时候会觉得思想混乱吗？,有时我觉得大家都在暗中针对我。,6
Y8,制定计划是好的开始，那么你对自己未来计划的达成是否感到不安？,我总觉得计划会被某些意外打乱。,6
Y8,那么在这些活动中，您是否压抑自己的情绪和想法，从而导致不自然的交往方式呢？,有时候觉得大家都在关注我的每个举动。,6
Y8,是的，思维矛盾可能会困住我们。你是否感到这些想法不一致呢？,有时候感觉整个世界都在针对我，真烦。,6
Y8,如果情绪激动影响到沟通效果，可以试试在心平气和的时候再聊聊。,你是不是也觉得我有问题？,6
Y8,很高兴听到你的反思和努力。你对异性的吸引是来自什么呢？,我有种特别的吸引力，别人总是注意我！,6
Y8,这听起来是个积极的方向。关于父母的控制和期望，你有什么看法呢？,感觉他们总是想操控我的生活。,6
Y8,和父亲交流时，你的感觉如何？是否有时觉得自己的意见被忽视？,有时感觉他总是故意不理解我。,6
Y8,那么，您有没有注意到自己的思维内容有异常的情况呢？,有时会感觉别人都在针对我。,6
Y8,这种行为很让人不安，那您是怎么应对这种情况的？,"我觉得大家都在密谋对付我。",6
Y8,你拥有对母亲行为的清晰理解。你认为这反映了你对家人的一个客观感受吗？,我觉得她总是针对我，有点过分。,6
Y8,恩，这种心理状态真是需要引起重视。那在这段感情中，你对未来有具体的想法吗？有没有什么担忧？,未来我觉得要么特别好，要么特别糟，挺忧心的。,6
Y8,你提到对别人的建议感到反感，这是否可能和你对事物的控制感有关呢？,可能吧，有时候我觉得大家都在操控我。,6
Y8,失去兴趣可能是因为对当前状况的无力感。对于这些情绪波动的背后，你是否觉得有思维上的一些固定模式或异常呢？,可能是我总觉得大家都在针对我。,6
Y8,那就多保持这样的练习。对于医生，你觉得更多的是他真实的行为吸引了你，还是更多出于自己心中的想象呢？,可能是我自己想太多了，医生没什么特别吧。,6
Y8,理解。每当您遇到问题时，有没有思维变得特别活跃或者想法增多的情况？,是的，有时候会觉得自己能解决所有问题。,6
Y8,你对她的想法和感觉是否经常反复出现在脑海中呢？,是啊，她的每个动作都藏着意义。,6
Y8,那么，在这些互动中，你有没有感到思想内容出现异常，例如不合逻辑或难以控制的想法？,有时候会觉得别人针对我，想法很夸张。,6
Y8,在这种情况下，你觉得她在关系中的某些反应是因为对你和关系失去感觉的控制吗？,可能是，她是不是在故意疏远我？,6
Y8,生活中的每一个改变都值得我们去关注。开始与他交流时，你的思想内容又是如何变化的呢？,他是不是在暗示我什么特别的？,6
Y8,难以接受别人的好是否让你感受到内心的冲突？,可能是他们别有用心吧，我得小心点。,6
Y8,了解。我们可以更深入讨论痛的行为对你的思想影响吗？,他们总是针对我，我能感觉到。,6
Y8,你提到像变成了另一个人，平常是否也会感觉思维混乱，或者思维内容有些异常？,有时候会觉得别人一直在议论我。,6
Y8,这听起来对你来说是个很艰难的时刻。你对这次经历的想法和观点是怎样的？,我觉得全世界都在针对我，太不公平了！,6
Y8,你在表达对这些事情的不满时，是否察觉到自己有过度敏感或者过度忧虑的倾向？,有时候会觉得大家都在针对我。,6
Y8,那么，有没有情况是让你意识到自己思想有所变化的？,有时候感觉全世界都在针对我。,6
Y8,这说明她在你心中的特殊地位。你提到她的暧昧行为让你情绪不稳，有没有发现因此思考这段关系时你感到困惑或矛盾？,可能是她故意让我困惑，她是不是在玩什么把戏？,6
Y8,那听起来挺让人沮丧的。发现自己思维混乱或者对一些事感到担心吗？,有时觉得有人在针对我，挺混乱的。,6
Y8,高考的期望让大家都会紧张。通过合理安排休息和学习时间可以改善状态。有时候，承担太多会导致情绪更差。最近有没有感受到一些侵入性或者难以控制的想法？,“我觉得周围的人好像都在关注我，压力山大！”,6
Y8,这种结果让你感到很失望吗？想过为什么吗？,我觉得大家都在针对我。,6
Y8,这样反思是每次进步的第一步。为了更好地理解你的情况，男友有表达过对你缺乏理解或有所误解吗？,他总是故意误解我，肯定有什么阴谋。,6
Y8,你提到你对他有很强的占有欲，会不会感觉他的任何行为都会让你心情波动，比如和其他女生讲话？,对啊，他跟谁说话我都特别紧张！,6
Y8,怀疑自己的价值可能让您感到更难受。您是否怀疑这些问题会影响到你们的未来？,我感觉所有人都在背后议论我，真可怕。,6
Y8,你刚刚也提到了你会幻想这些事情，这些想法是否经常出现在你脑海中呢？,嗯，经常会冒出来，总觉得它们都和我有关。,6
Y8,在关系中找到情感支持很重要。你觉得这种对强大连接的需求是否和自我接纳有关？,“可能吧，但有时我觉得大家都在暗中观察我。”,6
Y8,做出一个对母亲最好的选择看起来很不容易，您是否考虑过自己在决定母亲住院时的认知和判断呢？,我觉得她会怪我，所有人都在看着我。,6
Y8,听起来像是思维上有些不安定。你觉得思维有没有一致性或矛盾？,有时候感觉大家都在针对我。,6
Y8,在学习新技能时，您认为有什么思维方式需要改变吗？,学习新技能？他们是不是在暗示我不够好？,6
Y8,书写有助于情绪的整理，但并不总是容易。你父亲是否也在生活中强调完美？,他可能觉得我写的东西会被坏人利用。,6
Y8,那么这种改善是暂时的，或许可以考虑一些长期的调整办法。您觉得自己的社交恐惧是否影响到了与室友的正常相处和日常生活？,我觉得他们都在背后议论我。,6
Y8,这样的想法常常出现在你的脑海中吗？你觉得这对你的思想有什么影响？,这些想法蛮频繁的，总觉得周围的人在针对我。,6
Y8,嗯，这就像负担一样压在心头。有没有什么想过该如何改变这些相亲矛盾？,这都是命运对我的考验，改变不了。,6
Y8,你没有觉得别人在背后针对、议论你的想法？,“我觉得大家都在背后议论我。”,6
Y8,模仿这些成功人士时，您感到心理上的不适或难以适应吗？,他们可能在监视我，我总觉得被盯着。,6
Y8,面对自我认知的模糊是很常见的事情。长时间依恋他后，你有没有尝试从他人或事物寻找安全感呢？,“好像每个人都在暗中观察我。”,6
Y8,例如建立一些小目标，慢慢改善您的心理状态。您怎么看待每次观看影片时的刺激感？是每次都会发生吗？,每次看都觉得影片在暗示我什么。,6
Y8,这种焦虑感有时会加重情绪问题。您对这段关系和自己的未来是否感到疑惑？,总觉得他在背后说我坏话，未来一片黑暗啊。,6
Y8,嗯，这样的想法出现后，是否让您有些新的感受或思考？,是啊，我觉得跟女生在一起可能更温柔，也更容易得到关爱。,2
Y8,这种感觉可能与巨大的压力和孤立感有关。当你感到焦虑时，你有时候会觉得思想混乱吗？,会的，常常不知道怎么思考问题。,2
Y8,在学习的时候，是否有时觉得自己的想法不停出现，甚至很难停止思考？,经常如此，有时候我恨不得停止自己的大脑活动。,2
Y8,生活中的每一个改变都值得我们去关注。开始与他交流时，你的思想内容又是如何变化的呢？,我发现自己经常想着他，甚至不自觉地考虑他的生活。,2
Y8,当你模仿他人时，是否有时感到自己的思维内容与平常不同？或者有冲突感？,是的，总会有一些矛盾的想法出现。,2
Y8,你提到你对他有很强的占有欲，会不会感觉他的任何行为都会让你心情波动，比如和其他女生讲话？,是的，我看到他和别的女生讲话都会在意。我不知道自己怎么了，这正常吗？,2
Y8,每个经历都赋予我们新的视角和动力。您对过去常常会反复思考某些事件吗？,是的，那些事件一直在心头萦绕，总是挥之不去。,2
Y8,你对她的想法和感觉是否经常反复出现在脑海中呢？,是，经常会。如果我在想其他事情，她的影子总是会跑出来。,2
Y8,你觉得这种感情有可能是一种依恋情感吗？,我也说不准，只是感觉他对我有无法替代的吸引。,2
Y8,那是否曾有过一些无法控制的情绪或想法呢？,是的，我很想有人爱我，教我如何去爱。,2
Y8,这样的情况下，尝试小步沟通可能会是个开端。你有过想要拥抱世界却感到无助的时刻吗？,是的，我好想拥抱世界，却觉得世界很冰冷。,2
Y8,这种领悟可能是一个机会去改变现状。那么，你怎么看待你目前的思维方式？是否影响到你的行为选择？,有些影响吧，我开始反思婚姻的真正意义。,2
Y8,这样的情感波动是否让您想过改变与室友的交往策略呢？,有过，但又不知道怎么开始。,2
Y8,有趣！您对这些活动的热爱是否源于一种试图表达或寻找身份认同的动机呢？,我觉得可能有吧，因为在这些活动中，我能完全做自己，不受性别印象的束缚。,2
Y8,例如建立一些小目标，慢慢改善您的心理状态。您怎么看待每次观看影片时的刺激感？是每次都会发生吗？,不是每次，不过最近这些类型的影片对我影响很大。,2
Y8,那么，在这些互动中，你有没有感到思想内容出现异常，例如不合逻辑或难以控制的想法？,有时会想得太多，连自己的行为也觉得怪怪的。,2
Y8,嗯，这是身体在传达一些压力的信号。适时的放松和休息会有帮助。你觉得自己一直以来想通过提升学历来改变命运，这种想法一直都很强烈吗？,是的，特别是由于过去的经历，我从未放弃想改变自己的命运。,2
Y8,您在认识他之后，是否感到思绪纷乱或有一些不同寻常的想法？,有时候我会想很多，有些想法不太合理。,2
Y8,看来他在学习如何处理这些情绪。你注意到他有没有说过一些与他这种情况不符的想法？,有时候会说到一些他根本没经历过的事。,2
Y8,在过去的对话中，你是否觉得得不到情感交流，更多是身体接触？,是的，常常觉得我们只是在围绕身体接触交流。,2
Y8,这很好，规律的睡眠对身心都很重要。你提到过对自杀的看法反映了一种解脱，你对此有更多的思考吗？,我不会轻易走那条路，但有时候会想，活着是为了什么。,2
Y8,似乎这些想法对你产生了很大的影响。你能否控制得了自己的想法，或者这样会使你感到非常烦躁？,我觉得很难控制，总是反复考虑这些事情。,2
Y8,制定计划是好的开始，那么你对自己未来计划的达成是否感到不安？,有一些不安，但我希望能通过自己的努力去实现。,2
Y8,失去兴趣可能是因为对当前状况的无力感。对于这些情绪波动的背后，你是否觉得有思维上的一些固定模式或异常呢？,是的，我常常觉得自己被困在一种无限循环的思维中，无法挣脱。,2
Y8,有时候我们意识到自己的问题是解决的第一步。你是否常常想着要去冷落朋友？,不是常常，但当感到特别不悦时就会有这种想法。,2
Y8,那听起来挺让人沮丧的。发现自己思维混乱或者对一些事感到担心吗？,是的，有时我真的不知道该做什么。,2
Y8,这种怀疑可能加重无力感，觉得这种感受是否与某些情绪有关？,经常觉得心脏空得很，是很真实的感觉。,2
Y8,你们的关系中，对他顺从和反抗平衡是否是一个关键问题你觉得在这段关系中对男友顺从和反抗的平衡是否是你们关系的一个核心问题？,看来是，过去总是妥协，现在反而不知如何拿捏。,2
Y8,您在描述丈夫时，觉得自己是否把他工具化了呢？,我把他当作实现自己未来计划的一部分，而不是真正的爱。,2
Y8,太好了，很多人会因为外界的压力而动摇。你有没有一种思维内容上，觉得自己是思想激进的呢？,有时候吧，我觉得自己更追求个性和自由。,2
Y8,你是否在与你的朋友相处时感受到内心冲突，或对自己的感觉感到不解？,是的，我总是感到很困惑。,2
Y8,嗯，这就像负担一样压在心头。有没有什么想过该如何改变这些相亲矛盾？,写过很多计划，但实现起来总是遇到各种麻烦。,2
Y8,是情绪渲染很强，他是否经常表现出特定的情感，比如同情或者恐惧？,是的，他经常会通过谈话引发别人的同情。,2
Y8,了解。我们可以更深入讨论痛的行为对你的思想影响吗？,痛的时候其实是有生理反应，但心里有种说不出的冲动。,2
Y8,在描述这些事件时，有没有意识到自己的想法变得混乱？,是的，有时候我真的感到非常矛盾。,2
Y8,在紧张的争吵中，觉得自己总是需要赢得那种想法是否常常浮现？,是的，我不想示弱，我觉得示弱就是对自己的否定。,2
Y8,你提到像变成了另一个人，平常是否也会感觉思维混乱，或者思维内容有些异常？,是的，我会觉得思维有点不受控制，脑子里不停地想着这些不愉快的事。,2
Y8,听到您这样说，我会为您感到有些惋惜。您会不会觉得对主管的反感影响到了您对其他工作或同事的看法？,偶尔会有这种感觉，我会对其他同事表现出的领导能力也产生怀疑。,2
Y8,您对弑父弑母者、连环杀人犯的欣赏，是否反映出您思想内容的变化呢？,我意识到可能有问题，但没办法摆脱。,2
Y8,非常难熬的感受。在面对姐夫时，还有那种厌恶感吗？,我开始琢磨些新点子，暂时没空多想。,2
Y8,在你看来，这段友情对你的意义是什么呢？,可能是探索新兴趣的机会吧。,2
Y8,你提到了勇敢，这是一个很好的开端。关于你提到的痛苦经历，你的想法内容自然是怎样的？,我在试着写新故事，也许能找到新的兴趣。,2
Y8,这些念头或许与压力和心理状态有关。您有没有觉得自己一直在思考这件事，甚至脑子里不自主地反复出现相关的想法？,嗯，有时会一直想着，偶尔也想尝试些新东西。,2
Y8,这是一种普遍的困扰，特别是新手父母面对巨大责任时。您觉得自己在家庭责任上是否感到压抑或缺乏信心呢？,可能吧，我最近在研究园艺，挺有趣的。,2
Y8,这种失去信任的感觉很常见，那么这让您对婚姻的未来有什么不同的看法吗？,我开始考虑别的可能性，也许会尝试新兴趣。,2
Y8,当然，你现在表达的每一点都很重要。这样你是否有感受到一些缓解和轻松？,有点感觉了，最近还想试试学吉他呢。,2
Y8,高考的期望让大家都会紧张。通过合理安排休息和学习时间可以改善状态。有时候，承担太多会导致情绪更差。最近有没有感受到一些侵入性或者难以控制的想法？,"最近想试试新的兴趣，希望能改善情绪。",2
Y8,很多人都会有这样的顾虑，不过专业的帮助可以提供一些新的视角。是否感到以往的人际关系挫折对你产生了长期的心理影响呢？,可能吧，我最近对一些新事物很感兴趣呢！,2
Y8,孩提时的您并没有能力去回避这样的事情。您提到痛苦和眩晕，是否出现重复且无助的想法？,最近迷上了绘画，计划试试这个新爱好！,2
Y8,这说明她在你心中的特殊地位。你提到她的暧昧行为让你情绪不稳，有没有发现因此思考这段关系时你感到困惑或矛盾？,"有时我想改变，尝试新事物，但又不确定。",2
Y8,在表达自己的感觉时是否发现有些不符的地方呢？,"最近开始了新爱好，感觉有点出乎意料。",2
Y8,你刚刚也提到了你会幻想这些事情，这些想法是否经常出现在你脑海中呢？,嗯，有时候会冒出来，我还在琢磨新的兴趣。,2
Y8,怀疑自己的价值可能让您感到更难受。您是否怀疑这些问题会影响到你们的未来？,可能会吧，但我最近有些新想法。,2
Y8,你在做选择时有没有感到对自己的需求或愿望不够清晰？,"有时候是这样，我经常换新目标。",2
Y8,那么这种改善是暂时的，或许可以考虑一些长期的调整办法。您觉得自己的社交恐惧是否影响到了与室友的正常相处和日常生活？,可能吧，但我最近开始尝试画画，挺有意思的。,2
Y8,时间能够给予更多的了解空间。您对这段关系的念头有没有发生过一些变化？,感觉有点变化，最近在想尝试新东西！,2
Y8,书写有助于情绪的整理，但并不总是容易。你父亲是否也在生活中强调完美？,我在考虑写日记，也许能试试。,2
Y8,真棒，你能够意识到自己的状况，这很重要！那在独处时呢？思维会不会比较负面？,有时会有些奇怪想法，但我也发现了新的兴趣！,2
Y8,那么现在，你是否有一些思维内容让你觉得焦虑或停不下来呢？,其实我最近在想一些大胆的计划，停不下来。,2
Y8,你提到对别人的建议感到反感，这是否可能和你对事物的控制感有关呢？,可能吧，我最近尝试一些新东西，挺有趣的。,2
Y8,那你认为自己的表达能力是否有需要提高的地方？,可能吧，我最近想试试写作。,2
Y8,是这样啊，你是否常常想到家中的异常，甚至影响到自己的思维呢？,最近爱上了新项目，忙得没时间想那些啦！,2
Y8,在关系中找到情感支持很重要。你觉得这种对强大连接的需求是否和自我接纳有关？,可能吧，我最近对新爱好特别感兴趣！,2
Y8,我们可以多培养一些共同爱好，可能有些事情仍然需要时间来解决。你会觉得思维变得混乱吗？,“多培养共同爱好听起来不错，但有时我思维确实有点混乱。”,2
Y8,这种情况下，你的思维是否显得特别激烈甚至带有攻击性？,有时候会这样，不过我发现了一些新兴趣来分散注意力。,2
Y8,那么，有没有情况是让你意识到自己思想有所变化的？,最近迷上了园艺，突然觉得特别有趣！,2
Y8,思维的混乱可能源于彼此间的误解。你发现自己在思维及注意力上耗费了额外的精力吗？,最近有些新想法，注意力有时会分散。,2
Y8,在这种情况下，你觉得她在关系中的某些反应是因为对你和关系失去感觉的控制吗？,可能吧，她最近好像有新兴趣。,2
Y8,这种结果让你感到很失望吗？想过为什么吗？,其实，我在考虑尝试点新东西呢！,2
Y8,难以接受别人的好是否让你感受到内心的冲突？,可能吧，但我最近发现了新爱好。,2
Y8,这么说来，你想到婚姻中的各种责任时，是否也感到内心冲突和不安？,可能吧，但我最近对别的事情更感兴趣。,2
Y8,这需要时间和新的尝试。有关你和姥姥关系的问题，你是否感到思维混乱呢？,我试着跟姥姥聊新爱好，挺有趣的！,2
Y8,你拥有对母亲行为的清晰理解。你认为这反映了你对家人的一个客观感受吗？,我觉得这只是我最近的一个新想法吧。,2
Y8,这种行为很让人不安，那您是怎么应对这种情况的？,我尝试新东西，保持忙碌。你呢？,2
Y8,那么，您有没有注意到自己的思维内容有异常的情况呢？,最近迷上了新东西，有些计划还挺疯狂的。,2
Y8,伟大的开始，期待与你一同走下去。您是否意识到您对工作的回避可能影响到工作中的创造性和功能性？,听起来不错，我会尝试新方法去克服！,2
Y8,这种语言变化与我们的情绪和思维方式有很大关系。当您感到焦虑和情感创伤时，思维内容有没有变化？,有时我会突然对新事物特别上心！,2
Y8,这听起来是个积极的方向。关于父母的控制和期望，你有什么看法呢？,我会谨慎看待这些期望，但也有点好奇新的可能性。,2
Y8,那这些思维内容是否让您对自己产生怀疑呢？,有时候会想很多，但最近有些新想法挺有趣的。,2
Y8,这种情况确实可能存在。当环境或压力变化较大时，可能会引发一些极端反应。,我最近对冥想很感兴趣，想试试能否缓解情绪。,2
Y8,这听起来是一个很好的计划，希望能够给你带来快乐和满足。插入你提到与母亲的沟通时容易被激怒，这是否影响到你的思想内容？,"我试着让自己忙碌，但跟我妈聊时还是容易火大。",2
Y8,模仿这些成功人士时，您感到心理上的不适或难以适应吗？,有点不适应，但也发现了些新兴趣。,2
Y8,这样的话，这个问题对您和母亲的关系有产生什么影响吗？,可能会吧，但我最近有新计划，挺兴奋的。,2
Y8,生活的意义是一个很大的问题，这肯定让你感到困惑。,也许我该尝试些新东西，可能会有意想不到的发现！,2
Y8,她是否总是相信自己的判断才是正确的呢？,"可能吧，她最近总有一些新奇的想法。",2
Y8,因为小时候失去母亲，你可能一直在寻找母爱般的情感支持。,也许吧，我最近在想学钢琴。,2
Y8,那这份预感会让你陷入某种循环思考的状态吗？,可能吧，不过我正忙着研究新东西呢！,2
Y8,你提到的这种情况，是否有时候让你陷入一种反复思考的状态？,"有时会，但我也会找些新事物分散注意力。",2
Y8,听起来你对这种情境感到有些不满和挫折，这种情绪是否影响了你的日常生活和对其他事情的看法呢？,有点影响，但我在尝试一些新东西来调整心情。,2
Y8,这种焦虑感有时会加重情绪问题。您对这段关系和自己的未来是否感到疑惑？,"有点不确定，但最近发现了些新兴趣，挺有趣的！",2
Y8,最近思维比较活跃吗？看来是有很多新想法？,我最近想尝试一些新东西，你觉得怎么样？,2
Y8,那么，在与医生的沟通中，你是否也有察觉到语言上某种障碍？,最近没觉得有障碍，反而对沟通更感兴趣了。,2
Y8,这种不确定感是一种普遍现象。当与他人沟通时，感到怀疑自己怎么办呢？,试试转移注意力，找些新的兴趣吧。,2
Y8,我能理解这种感受。有没有一种被消极思维侵扰的感觉？,最近迷上了新爱好，不过脑子里想法太多。,2
Y8,是的，思维矛盾可能会困住我们。你是否感到这些想法不一致呢？,最近迷上了新东西，想法多了点！,2
Y8,这种思考让你觉得内心矛盾吗？,可能会，但我有些新想法哦！,2
Y8,您对情感的这种处理方式，是根据以往的经历决定的吗？,可能吧，我最近对新事物很感兴趣。,2
Y8,这听起来对你来说是个很艰难的时刻。你对这次经历的想法和观点是怎样的？,最近我在考虑一些新计划，感觉有点儿兴奋！,2
Y8,您对未来的职业方向有什么特别的想法吗？在广州的工作机会是否有可能让您重新体验工作乐趣？,还不确定呢，不过广州的工作听起来挺有趣的！,2
Y8,试着给自己一点时间，也许从简单的开始，比如线上聊天。你会不会在思考问题时停不下来，总是想很多？,是啊，试试线上聊天，或许能找到新兴趣。,2
Y8,是这样啊，你是否常常想到家中的异常，甚至影响到自己的思维呢？,确实，我一直在想这些事情，无法抛诸脑后。,4
Y8,这样的想法常常出现在你的脑海中吗？你觉得这对你的思想有什么影响？,是的，这种想法常常闯入我的思维，让我无法专注。,4
Y8,真棒，你能够意识到自己的状况，这很重要！那在独处时呢？思维会不会比较负面？,独处时常常会，像被黑暗包围。,4
Y8,听起来像是思维上有些不安定。你觉得思维有没有一致性或矛盾？,有时觉得很矛盾，让我不知所措。,4
Y8,这些念头或许与压力和心理状态有关。您有没有觉得自己一直在思考这件事，甚至脑子里不自主地反复出现相关的想法？,是的，总是想着要去原谅，但心里的疑虑又挥之不去。,4
Y8,她是否总是相信自己的判断才是正确的呢？,是，她总是觉得自己没错。,4
Y8,孩提时的您并没有能力去回避这样的事情。您提到痛苦和眩晕，是否出现重复且无助的想法？,也许是宇宙要我经历这些吧！,4
Y8,我理解你的想法。不过，适当的休息能提高学习效率。为了高考复习，你有没有其他事情或者想法让你分心？,其实我有个特别的计划，就是冥想放松。,4
Y8,太好了，很多人会因为外界的压力而动摇。你有没有一种思维内容上，觉得自己是思想激进的呢？,有时会有些特别的想法，像在思考更深层次的东西。,4
Y8,你在做选择时有没有感到对自己的需求或愿望不够清晰？,有时候，得依靠特别的直觉来引导我。,4
Y8,这种不确定性确实令人焦虑。你觉得对职业发展的不确定性是否让你特别担忧？,我有自己的计划，信念会指引我。,4
Y8,非常难熬的感受。在面对姐夫时，还有那种厌恶感吗？,我试着用祷告和计划来缓解。,4
Y8,这确实给人带来不少情绪上的挑战。面临这种困难时，你会对未来有悲观的想法吗？,我相信一切自有安排，相信未来会有好的转机。,4
Y8,为了解决这种情况，尝试适当的锻炼或者休闲活动可能会有帮助。你有没有注意到与他人交流时的思维变得更加丰富？,我有自己特殊的计划，可能不太一样。,4
Y8,这种思绪复杂的感觉，是在与朋友和舍友交流时更明显吗？,有时候会吧，特别是聊到信仰那些事时。,4
Y8,试着给自己一点时间，也许从简单的开始，比如线上聊天。你会不会在思考问题时停不下来，总是想很多？,是啊，我常常陷入深思，思绪飞得比宇宙还远。,4
Y8,生活的意义是一个很大的问题，这肯定让你感到困惑。,我觉得一切都有更深的计划吧。,4
Y8,那就多保持这样的练习。对于医生，你觉得更多的是他真实的行为吸引了你，还是更多出于自己心中的想象呢？,可能是自己心中的想象吧，超越现实的那种感觉。,4
Y8,你在表达对这些事情的不满时，是否察觉到自己有过度敏感或者过度忧虑的倾向？,可能吧，有时候感觉自己被特殊使命驱动。,4
Y8,面对自我认知的模糊是很常见的事情。长时间依恋他后，你有没有尝试从他人或事物寻找安全感呢？,我有自己的小计划，宗教观念也帮了我。,4
Y8,这种失去信任的感觉很常见，那么这让您对婚姻的未来有什么不同的看法吗？,我有个特别的计划，或许能带来些启示。,4
Y8,理解。每当您遇到问题时，有没有思维变得特别活跃或者想法增多的情况？,会啊，有时脑子里计划特别多。,4
Y8,模仿这些成功人士时，您感到心理上的不适或难以适应吗？,有时会有点不适，但我有自己的方式。,4
Y8,这种怀疑可能加重无力感，觉得这种感受是否与某些情绪有关？,也许是信仰在考验我吧？,4
Y8,时间是治愈的一部分，重要的是保持前进的动力。与丈夫交流时，您是否觉得您的话语或想法很难被理解或接纳？,有时我觉得他说的都是神的旨意。,4
Y8,看来他在学习如何处理这些情绪。你注意到他有没有说过一些与他这种情况不符的想法？,他提到过一些很奇怪的宗教信念。,4
Y8,了解。我们可以更深入讨论痛的行为对你的思想影响吗？,我有个特别的计划，能消除痛苦的影响。,4
Y8,不用担心结果，过程本身就是一种自我关怀。你说有时会有极端的想法，是由某些事件触发的，还是毫无预警地出现呢？,有时毫无预警，但我有自己的特别计划。,4
Y8,面对这些，你有没有感到生活中力不从心的地方呢？,有些时候确实觉得很难，但我有自己的计划。,4
Y8,你觉得这种感情有可能是一种依恋情感吗？,可能吧，有些类似那种特别的信仰！,4
Y8,怀疑自己的价值可能让您感到更难受。您是否怀疑这些问题会影响到你们的未来？,我相信命运会引导我，未来会好的。,4
Y8,那这份预感会让你陷入某种循环思考的状态吗？,可能会吧，我会想一些特别的计划。,4
Y8,这种情况确实可能存在。当环境或压力变化较大时，可能会引发一些极端反应。,有时候感觉像被命运操控，真有点奇妙。,4
Y8,这听起来是个积极的方向。关于父母的控制和期望，你有什么看法呢？,我觉得有个特殊的计划能突破这些控制。,4
Y8,你对这段感情的真实感受是否有过困惑呢？,有时会困惑，但我有自己的特别想法。,4
Y8,在描述这些事件时，有没有意识到自己的想法变得混乱？,有时会，特别当我想到那些特别的计划。,4
Y8,有趣！您对这些活动的热爱是否源于一种试图表达或寻找身份认同的动机呢？,可能吧，我觉得每个人都有自己的“计划”。,4
Y8,那听起来挺让人沮丧的。发现自己思维混乱或者对一些事感到担心吗？,有时会，但我有更大的计划和信念支撑。,4
Y8,这种行为很让人不安，那您是怎么应对这种情况的？,我会有自己的小计划，或者冥想一下。,4
Y8,在你看来，这段友情对你的意义是什么呢？,它像是一种心灵上的信仰吧。,4
Y8,孩子的到来也许增加了一些责任感，但也增加了压力。你对这些家庭事件的发生，有没有觉得特别不划算或者意想不到呢？,孩子是计划的一部分，虽然压力大，但有意义。,4
Y8,你能详细描述一下你看到的幻觉吗？,哦，我看到了一些关于伟大计划的神圣符号。,4
Y8,您提到偶尔会有轻松的时刻，这些时刻会不会在没有明显原因的情况下出现并持续一段时间呢？,有时会，感觉自己在策划什么特别的事。,4
Y8,听起来工作方面的压力确实给你带来了不少挑战。你如何理解和看待自己在这些情境中的表现呢？,我觉得我是在完成某种更高的使命。,4
Y8,那么这种改善是暂时的，或许可以考虑一些长期的调整办法。您觉得自己的社交恐惧是否影响到了与室友的正常相处和日常生活？,或许冥想和信仰能给我一点帮助。,4
Y8,在学习的时候，是否有时觉得自己的想法不停出现，甚至很难停止思考？,是啊，脑子里总有无限计划冒出来。,4
Y8,你提到对别人的建议感到反感，这是否可能和你对事物的控制感有关呢？,可能吧，我觉得自己有更特别的计划。,4
Y8,那这些思维内容是否让您对自己产生怀疑呢？,有时候会，但我觉得我有更大的使命。,4
Y8,因为小时候失去母亲，你可能一直在寻找母爱般的情感支持。,"也许是吧，我只想找到内心的平和。",4
Y8,这是一种普遍的困扰，特别是新手父母面对巨大责任时。您觉得自己在家庭责任上是否感到压抑或缺乏信心呢？,有时觉得这是命中注定的考验，我有自己的信念支持。,4
Y8,这可能是身体在面对恐惧和压力时的自然反应。当你思考家庭状况的时候，是否难以拥有积极的思维或感到很负面？,我有个特别计划来应对，不过有时会觉得有点超现实。,4
Y8,当然，你现在表达的每一点都很重要。这样你是否有感受到一些缓解和轻松？,或许吧，但我感觉有更高的使命感。,4
Y8,这些技巧可能需要时间去掌握，但长期来说会有帮助。另外，长期的家庭压力是否曾影响到你的思想内容，例如出现消极的思维模式？,家庭压力确实让我的思维变得消极，我试图用特殊的计划来应对。,4
Y8,他的兴趣改变可能也表示某些内在变化。你有没有注意过他思考或谈话内容与以往有什么不同？,"他最近总谈论一些特别的计划，感觉宗教观念也变深了。",4
Y8,这种思考让你觉得内心矛盾吗？,有点矛盾，但这让我觉得特别有意义。,4
Y8,在表达自己的感觉时是否发现有些不符的地方呢？,有时会，感觉思想超前了点。,4
Y8,您在描述丈夫时，觉得自己是否把他工具化了呢？,可能吧，我的想法有时很超前。,4
Y8,在紧张的争吵中，觉得自己总是需要赢得那种想法是否常常浮现？,有时候吧，但我更在意事情的意义。,4
Y8,思维的混乱可能源于彼此间的误解。你发现自己在思维及注意力上耗费了额外的精力吗？,嗯，有时候我会想到一些特别的计划。,4
Y8,我们可以多培养一些共同爱好，可能有些事情仍然需要时间来解决。你会觉得思维变得混乱吗？,也许一起冥想能帮助我们理清思路呢！,4
Y8,那么，您有没有注意到自己的思维内容有异常的情况呢？,有时候我会觉得自己有特殊的使命。,4
Y8,或许可以尝试不太在意它们，慢慢来，可以先和信赖的朋友吐露心声。从小就有这样的占有欲，它有没有影响你和其他朋友或者家人的关系呢？,我觉得这就是我独特的计划，可能和我超越宗教的想法有关吧。,4
Y8,长久以来保持这样的情感联系，这些幻想是否影响到你的思维内容，比如经常沉迷于这些想法中？,有时候会，有点像在想一些特别的计划或超越现实的东西。,4
Y8,你觉得自己和她的关系怎么样呢？是否觉得沟通上存在什么困难？,我们关系还好，有时沟通像在不同频率上。,4
Y8,恩，这种心理状态真是需要引起重视。那在这段感情中，你对未来有具体的想法吗？有没有什么担忧？,我计划去印度冥想，探索内心的宁静。,4
Y8,做出一个对母亲最好的选择看起来很不容易，您是否考虑过自己在决定母亲住院时的认知和判断呢？,我相信一切都有更高的安排。,4
Y8,你提到的这种情况，是否有时候让你陷入一种反复思考的状态？,嗯，有时会想太多，像在思考某种更高的计划。,4
Y8,这么说来，你想到婚姻中的各种责任时，是否也感到内心冲突和不安？,超出传统理解，我有自己独特的婚姻观。,4
Y8,你们的关系中，对他顺从和反抗平衡是否是一个关键问题你觉得在这段关系中对男友顺从和反抗的平衡是否是你们关系的一个核心问题？,"我们有自己的相处方式，超越这些概念。",4
Y8,在这种情况下，你觉得她在关系中的某些反应是因为对你和关系失去感觉的控制吗？,可能吧，她可能觉得一切都在失控。,4
Y8,这种担心是可以理解的。您是否注意到过他行为方面的其他异常呢？比如说与同龄人互动上的问题。,他最近沉迷于一些奇怪的宗教理念。,4
Y8,当然，有什么困惑的及时联系我。有什么特别的念头或内容想到吗？,最近对宗教有些新的想法，感觉很特别。,4
Y8,生活中的每一个改变都值得我们去关注。开始与他交流时，你的思想内容又是如何变化的呢？,我觉得自己有特别的使命感，像在执行某种计划。,4
Y8,那么在这些活动中，您是否压抑自己的情绪和想法，从而导致不自然的交往方式呢？,有时候，我觉得有某种特别的使命感。,4
Y8,我能理解这种感受。有没有一种被消极思维侵扰的感觉？,对，就是那种感觉，有时候还觉得自己有特别的使命。,4
Y8,高考的期望让大家都会紧张。通过合理安排休息和学习时间可以改善状态。有时候，承担太多会导致情绪更差。最近有没有感受到一些侵入性或者难以控制的想法？,最近确实有些计划和宗教想法跑出来。,4
Y8,您对未来的职业方向有什么特别的想法吗？在广州的工作机会是否有可能让您重新体验工作乐趣？,目前没特别计划，广州的机会或许能带来新体验。,4
Y8,这样的话，这个问题对您和母亲的关系有产生什么影响吗？,其实我和妈妈有个特别的理解，挺跨越常规的。,4
Y8,你刚刚也提到了你会幻想这些事情，这些想法是否经常出现在你脑海中呢？,是啊，这些念头总有种神秘感，有时候还挺疯狂的。,4
Y8,最近有没有特别的计划，或一些和平时不同、比较强烈的想法？,最近有个特别的计划，超乎寻常！,4
Y8,这个疑问很有意思，你觉得父亲的善良影响了他的能力和家庭经济状况吗？这是否让你反思自己的性格或行为？,我觉得父亲有他自己的计划，超越了物质。,4
Y8,这听起来对你来说是个很艰难的时刻。你对这次经历的想法和观点是怎样的？,我觉得这可能是命运给我的一种考验。,4
Y8,那么，在这些互动中，你有没有感到思想内容出现异常，例如不合逻辑或难以控制的想法？,有时候会冒出奇怪的计划，还觉得自己有特别的使命。,4
Y8,您对弑父弑母者、连环杀人犯的欣赏，是否反映出您思想内容的变化呢？,哦，这只是我特殊计划中的一部分啦！,4
Y8,在学习新技能时，您认为有什么思维方式需要改变吗？,试着规划一下，别被旧观念束缚住！,4
Y8,嗯，这样的想法出现后，是否让您有些新的感受或思考？,有时会觉得自己有更大的使命感。,4
Y8,这样的情况下，尝试小步沟通可能会是个开端。你有过想要拥抱世界却感到无助的时刻吗？,有时感觉像在找天堂，却总迷路。,4
Y8,时间能够给予更多的了解空间。您对这段关系的念头有没有发生过一些变化？,我一直在思考，可能需要点特别的计划。,4
Y8,有时候我们意识到自己的问题是解决的第一步。你是否常常想着要去冷落朋友？,我有自己的计划，可能有点不太一样。,4
Y8,那听起来很让人困扰，你能详细描述一下这些想法的内容吗？,有些疯狂的计划，还有些特别的宗教想法。,4
Y8,这种领悟可能是一个机会去改变现状。那么，你怎么看待你目前的思维方式？是否影响到你的行为选择？,我觉得我的思维方式挺特别的，有自己的计划和信仰。,4
Y8,难以接受别人的好是否让你感受到内心的冲突？,有时挺难的，但我有自己的特别计划。,4
Y8,是的，思维矛盾可能会困住我们。你是否感到这些想法不一致呢？,有时会，但我相信更大的计划。,4
Y8,是的，这可以帮助你更加接纳自己，获得成长。你提到常常活在幻想中，您觉得自己的思维内容正常吗？有无出现不切实际的想法？,有时候会有一些特别的想法，但我觉得都挺有意义的。,4
Y8,是情绪渲染很强，他是否经常表现出特定的情感，比如同情或者恐惧？,他常有超凡的信仰，有时会制定特别的计划。,4
Y8,书写有助于情绪的整理，但并不总是容易。你父亲是否也在生活中强调完美？,我爸确实追求完美，不过我有自己的计划。,4
Y8,似乎这些想法对你产生了很大的影响。你能否控制得了自己的想法，或者这样会使你感到非常烦躁？,有时想法太多，但我相信有特殊的计划在指引我。,4
Y8,这很好，规律的睡眠对身心都很重要。你提到过对自杀的看法反映了一种解脱，你对此有更多的思考吗？,我常想超越痛苦，像灵魂的解脱。,4
Y8,你是否在与你的朋友相处时感受到内心冲突，或对自己的感觉感到不解？,有时候吧，感觉自己在计划着什么特别的事。,4
Y8,和父亲交流时，你的感觉如何？是否有时觉得自己的意见被忽视？,有时感觉像在不同次元交流。,4
H22,那请您也记住，无论在什么情况下，都有意义和价值。您是否觉得生活中有什么变化影响了您的日常功能？,是的，变化让事情变得困难。,1
H22,兴趣减弱也是我们需要关注的事情。你想过自己对事件的变化感到不安吗？,是的，我总觉得心里少了什么，再也找不到从前的快乐。,1
H22,你会不会感到兴趣减退，尤其是在学习或参加活动方面？,赞成，我对很多事情的动力都降低了。,1
H22,在反思这些事件的时候，有没有觉得自己或家人的生活功能下降了？,当时情况确实有些混乱，似乎大家都受到了影响。,1
H22,在备考过程中有时想放弃是正常的。那种转变是否让你觉得无法对自己生活做出有效掌控？,是的，有时候觉得一切都脱离了我的控制。,1
H22,有没有觉得自己在重复某种固定的行为模式，很难打破这种循环？,是的，我不知道为什么，总是控制不住。,1
H22,在日常生活中是否感受到功能性下降，影响你的学习或其他活动？,有时候是会的，尤其在情绪低落的时候。,1
H22,这种不敢直接表达的感觉，是否影响到你的功能表现或决策能力呢？,会的。我怕说了，大家不认同。选了这个指挥的角色，真的有些裹足不前。,1
H22,是呢，我们可以从小事开始克服这种念头。对你来说，思维速度有时会比别人慢吗？,有时是会感觉反应不够快。,1
H22,当面对这些家庭困境时，您是否发现自己的日常功能有所下降？,的确，我感觉生活节奏都被打乱了。,1
H22,是的，有时候少一些争执，可能会对所有人都好。在面对这些情况时，您有没有感到过失控或者难以处理日常事务？,有时我觉得确实有些难以应对，但我也试图让自己冷静下来。,1
H22,这些事情是不是影响你的白天功能？,确实影响到了。,1
H22,这些看起来是很好的放松方式。当沟通有困难时，有没有尝试改善这种情况的办法？,我会尝试更多地理解对方。,1
H22,这也是一个很好的方法。是否发现这些问题对你的日常生活产生了功能下降？,是的，我的工作效率受到了影响。,1
H22,安全感在每段关系中都至关重要。你是否觉得这些家庭影响在日常生活或决策上造成你一些困扰？,是的，有时我担心自己的决定都是错误的。,1
H22,听上去，这种紧张感也许影响到了你的生活状态。,是啊，有时候我会想，如果没有这些问题，我的生活会轻松很多。,1
H22,随着沟通的改善，可能会减少误解。,我也希望如此。我们能有更多的实际交流就好了。,1
H22,这种状态可能影响了您的日常功能或生活状况。,对，学习和生活都受到了影响。,1
H22,理解这种不确定性是我们共同努力的方向。你提到试图不去在意，你怎么评价这种应对策略的效果？是否有觉得自己能力下降或者在日常功能上有退步的感觉？,放下不去在意的确让我轻松一点，但好像没解决根本问题。,1
H22,在这样的心态下，自我接纳确实不容易。您是否觉得在自我成长方面有过满意度下降或功能性的减退呢？,感觉是有所停滞，没有以前自信了。,1
H22,这样的情绪循环让人很疲惫吧。那你有没有因为压力影响到学习或者其他活动兴趣呢？,有，比如我晚上常熬夜补作业，结果影响了白天的学习效率。,1
H22,这是个不错的方法。和伴侣分享是很重要的。那您是否觉得您和男友之间的依赖与控制界限不明，这让您在关系中感到疲惫或压力呢？,有时候是这样。我总担心我们都不知如何给予对方真正的关心。,1
H22,谢谢你分享这些细节。这可能会影响到你的生活质量，你怎么觉得这种情绪影响了你的日常功能？,我确实注意到有些下降，比如注意力不集中，做事效率降低。,1
H22,面对这些挑战，你有没有感到功能性下降，比如做事效率降低？,对，我觉得自己效率变得很低。,1
H22,你说到这些让我感到你很勇敢。有没有感到自己身心很疲惫，没有精力面对日常生活的挑战？,对，时常会感到很疲惫。,1
H22,独自适应大学生活，对你来说确实是一大挑战。你是否曾怀疑过自己的社交能力？,肯定会有这种疑虑，尤其是一开始见到陌生面孔的时候。,1
H22,这种无望感是否让你的日常功能下降，比如影响到学习或其他生活领域？,会的，这让我在学习时很难集中注意力。,1
H22,这是个重要的决定。你有没有担心自己的病情复发，怕它会影响到日常生活？,是有点担心，如果还是无法正常生活，那岂不是很糟糕。,1
H22,那么在面对无助感的时候，您是否觉得自己处理问题的能力下降了？,是的，我常觉得没有以前那么自信和有效率。,1
H22,这可能让人觉得一切没有意义，您生活中有明显的无力感或倦怠吗？,是的，确实有时候感到力不从心。,1
H22,那么你觉得对关系和感情有强烈的控制欲吗？,我觉得自己是有这种倾向，总是希望他能主动。,1
H22,那些时候，您感觉日常的功能和生活有受到哪些影响吗？,确实有时会影响我的工作和学习。,1
H22,您提到不参与培训让您失去了热情，这是否让您感到日常功能有所下降？,是的，有时候我觉得自己仿佛在工作上毫无推进。,1
H22,这些情绪有没有影响到你日常的生活和工作呢？,有时候会，特别是和他们争吵后，整个一天心情都很糟糕。,1
H22,接纳过去是一项巨大的挑战和成长，像你这样去思考已经走出了很重要的一步。生活中你有没有感到某些方面的功能退化了？比如工作或生活能力？,有时候感觉自己变迟钝了，学习和工作效能降低。,1
H22,有倾诉意愿很重要。是否注意到功能下降变得处理事困难？,我觉得是这样，做事时常分心。,1
H22,是啊，家庭环境的影响不容小觑。你在家是否难以集中注意力或者学习效率低下呢？,是的，回家就很难专注，学习效果也差。,1
H22,和这样的同学相处确实会让人不舒服。在学校里你是否感觉到被孤立或者在交往中有困难呢？,是的，很多时候我觉得很孤单。,1
H22,这听起来对你而言很困难，接受这些感受是为未来开启新篇章的第一步。你觉得在这一段关系中长期无法产生彼此信任或者坚定的心理支持，是否让你对未来的关系敞开持有不定的态度呢？,确实是，我有时候完全不想再打开自己的心扉。,1
H22,你觉得这种情绪困扰会让你的功能下降吗？比如难以专心工作或学习？,确实有些影响，有时候甚至没什么动力去做事情。,1
H22,您说的这些都是一段健康关系的重要元素。从另一个角度想，您是否觉得自己在恋爱中的功能或表现有所下降？,我会想自己是否做得不够好，有时好像不能尽情享受两人时光。,1
H22,学习对你来说一定很重要，尤其是在这个关键的时刻。你提到情绪影响了学习，是否感到学习能力下降了？,是的，有时候我上课会分心，总是偷偷瞟他。想要集中精力但感觉很难。,1
H22,是否觉得自己害怕无法把握这段关系或婚姻生活呢？,是的，我就是担心这个。总觉得一旦结婚，很多事情就不再由自己掌控了。,1
H22,听起来你感到一直被这些情绪困扰着。那你觉得在社交场合时候，尤其是与异性交往时有难以适应的感觉吗？,是的，没错。我总是觉得自己很笨拙，不知道该说什么。,1
H22,理解，这样的情形会突然袭来。你是否觉得与人交往时，自己总是不能融入集体，而与比你小的人交流更加容易呢？,对，更小的圈子让我觉得更放松。,1
H22,人的成长过程中需要与父母的情感连接，这种疏离让你觉得孤立吗？,是，遇到事情不会和朋友说，都藏着。,1
H22,您在分开后，是否感到生活功能下降，比如工作或日常生活变得更加困难？,是的，我对所有事情都没有兴趣，也无法继续以前的习惯。,1
H22,是否察觉过孩子有自我实现上的困难，或生活中的某些困难？,嗯，有时候他做起事来似乎挺有抗拒。,1
H22,你提到过去没有这种感觉，现在有这种感觉，你认为自己在面对学习和压力挑战的能力上有变化吗？,是的，感觉没有过去自信和从容了。,1
H22,这是否让你觉得在群体中有点孤立呢？,嗯，总感觉和他人的距离感很远。,1
H22,很好，能够与配偶分享这些压力很重要。你提到会感觉到放弃，这很自然。有时是不是也觉得有种无助感呢？,确实有，感觉生活一直在挑战我的极限。,1
H22,你提到了她的脾气和不安全感，这些行为是否影响过她在日常生活中的兴趣或功能呢？比如职业或兴趣爱好方面的变化？,她最近似乎对以前喜欢的活动缺乏兴趣，做事也没有以前那么积极。,1
H22,你是否觉得自己的日常生活功能有所下降，比如辞职后的工作和兴趣？,确实有下降，不如以前充实。,1
H22,考公确实重要，但也不想焦虑给你太多影响。,是的，担心对学习影响很大。,1
H22,有时外人的建议确实难以帮助，倾诉专业人士可能会更好。你觉得这些焦虑是否影响到你的日常生活和功能？,对，有时候情绪严重时，连课都上不进去。,1
H22,这种情况下，能够维持日常功能也许是不错的开始。日常功能是否有下降，例如在工作或家庭生活中感到无能为力？,有时候真的感觉无能为力，但我在努力。,1
H22,不客气，希望您能逐渐找到自己的答案。对婚姻失去信心了吗？,有时候会，但是我不想让这种感觉主导我的生活。,1
H22,在日常生活中，这些情绪是否影响到你的功能和效率呢？,是的，最近经常无法集中注意力去做事情。,1
H22,不客气，慢慢改变，事情总会变好的。你觉得处理不好人际关系或者工作生活功能下降吗？,有时候会觉得有影响，尤其在压力大的时候。,1
H22,您这样的情况令您担忧你的功能能力下降吗？,对，我很担心自己是不是无法顺利毕业。,1
H22,在表达情绪时你是否感到任何困扰？日常活动的功能有无受到影响？,感觉情绪堵塞，很难自然地表达出来。活动上也常感被动。,1
H22,或许我们可以尝试一些新的方法来改善这种状况。提到强迫思维，是否会影响到你的学习或日常活动呢？,是的，最近我发现自己很难专注于学习，学业成绩也下降。,1
H22,针对这种情况，您是否感到自己的生活有些力不从心？,有时候确实会有这样的感觉。,1
H22,在这些情绪下，你是否注意到工作或个人生活的处理能力有所下降呢？,好像是，因为总想着感情问题，工作效率确实下降了。,1
H22,长期参加这些活动之后，您有感觉到身体或其他方面的功能下降吗？,有时候觉得脑子转不过来。,1
H22,当感到难以起床时，这种状况是否持续影响到你的生活节奏？,是的，影响了一些。,1
H22,你提到有梦想和追求，但感到压力山大，这是否影响到你的日常功能或生活能力？,是的，压力很多时候让我望而却步。,1
H22,在这种情况下，是否觉得难以找到合适的话题谈论，让你觉得很难融入？,是的，她一直没再回复我，我觉得自己是不是太多虑了。,1
H22,这是一个很常见的现象，失去动力让很多人非常沮丧。你是否觉得自己在社交或日常生活中表现得越来越糟糕？,是的，我发现自己处理事情的能力变弱了。,1
H22,在日常生活中，您是否感到功能下降或难以胜任日常任务？,对，我真的觉得好累，不是带娃的累，是不被尊重和肯定的累。,1
H22,这是一种令人困扰的情绪。在日常生活中，这些情绪是否影响到了你的日常功能，如学习和社交？,确实，跟同学交流也变得很困难。,1
H22,很多时候压力会在身体上表现出来。对于被指责而无力反驳，你有没有觉得正在失去对事情的控制？,是的，有时候情绪太过激动就会觉得一切都很难控制。,1
H22,失去以前的自己真是难过的体验。这种变化影响到了你的日常功能和表现吗？,是的。我发现自己对很多事情都失去了兴趣。,1
H22,这种行为会不会影响到你的工作或者日常生活功能呢？,有时会让我感到精疲力竭，但我试着不让它影响太多。,1
H22,动手的行为确实不妥，但我能理解您的情绪波动。您是否也认为这些情绪影响了您的日常生活呢？,是的，我很烦恼，感觉和她沟通越来越困难。,1
H22,值得付出时间和努力的事情，希望可以提升您的生活质量。你觉得自我质量有改善吗？,有一点吧，至少不再像以前那样消极。,1
H22,我知道这样会让自己特别难受。你有没有因为这种感觉而影响到的人际关系或者日常活动呢？,的确有，我渐渐地不太想和朋友出去玩了，也不太想参加社交活动。,1
H22,那是否在日常功能或工作效率上有任何下降的感受？,一点点，有些事情会拖得久一点。,1
H22,这种感觉可能确实让你感到自己的功能下降或能力减退。,说得没错，有时候我觉得生活无望。,1
H22,在工作方面你有没有感觉到动力的下降呢？,是的，那段时间我感觉做什么都提不起劲。,1
H22,晚上比较安静的环境可能会放大这种感觉。你会觉得逃避和拖延正在影响你的工作或日常生活吗？,是的，有时会影响我的工作效率。,1
H22,听起来这种想法对你造成了不少困扰。这种压力或焦虑的感觉，尤其是源于你母亲的期望吗？,是的，我小时候我妈妈总是对我期望很高，她总说我很聪明，可以做到一切。,1
H22,听起来这对您的生活有不少的影响。您是否觉得由于这些影响，您的社会功能或生活能力出现了一些变化？,是的，我觉得我不像以前那么积极，有时候甚至觉得力不从心。,1
H22,听起来你对他的感情很深。那在分手之后的日子里，你是否感到过一种不完整感呢？,嗯，没他的生活确实少了点什么。,1
H22,你有没有觉得这些情绪波动让自己的生活功能降低？,有时候觉得自己对简单的事都变得很迟钝。,1
H22,明白了，这种不确定性可能让你对未来的稳定性感到担心？,没错，我觉得很没有安全感。说到感情，26年我都单身，这也是个问题。,1
H22,在这样的依赖关系中，你可能觉得没有女性的支持就很难发展。,的确，毕业后离开校园环境后，社会上遇到的一些女人让我受了重创。,1
H22,没有这些女性的关注，会让你失去活力吗？,看起来确实如此，没爱就没奋斗的动力。,1
H22,那你思考日常生活中的事情会感到困难吗？,有时候，是觉得注意力不集中了。,1
H22,保持精力充沛在职场上至关重要。你是否认为家庭关系让你感到无能为力，可能影响到日常功能？,是的，我明显觉得没有以前高效了。,1
H22,这让你觉得你在家中的存在感减少了吗？,是的，且他们好像手机微信里常年和别人有暧昧关系。,1
H22,你觉得这种状况会影响到你的日常生活和工作表现吗？,肯定的，我有时候注意力很难集中。,1
H22,这说明您在尝试给自己更多的时间与空间。但这种转变对您的生活质量有显著改善吗？,暂时还没怎么明显感觉到改善。,1
H22,这种情况有影响到你的日常生活吗，比如学习或者社交？,我的注意力常常不集中，影响到了学习的效率。,1
H22,无助的感觉很常见。在这种环境下可能也会影响到你的生活其他方面，例如工作效率，是否有这样的情况呢？,我感觉确实效率变低了，对许多事情提不起兴趣。,1
H22,这种性格变化，有时候会影响你的人际关系吗？,确实，我感觉自己有点退缩。,1
H22,您觉得沟通的困难是否让您的人际交往功能有所下降？也就是和别人交流时比较难呢？,会有，特别是在她面前。,1
H22,恐惧是很正常的，但改善是一个需要慢慢来克服的过程。你觉得是否需要从改善日常功能或社交能力的角度来尝试呢？,听起来有道理，我会尝试去做一些改变。,1
H22,这是一个好策略，让你避免不必要的麻烦。那么在这次的互动中，你有感到自己能力上的下降吗？,没有，我觉得自己还能应付。只是偶尔会感到心累。,0
H22,您会因此感到生活中的功能下降，例如工作、学习或社交受到影响吗？,倒不至于，只是觉得没特别兴奋。,0
H22,对于婚姻问题上的努力，如果没有效果，你觉得这影响了你解决问题的信心吗？,我觉得还好，信心还在。,0
H22,情绪和生理反应的互动确实很复杂。在社交场合或工作中，这种缺乏自信对你有影响吗？,没啥影响，我还行。,0
H22,这很好，任何可能的支持都很有价值。你认为在长时间的家庭压力下，你有没有发现自己的日常功能，比如学习或社交能力下降？,没有特别感觉到影响，挺好的。,0
H22,晚间的这种状态可能加剧了你日间的疲惫。白天的精力不济会让人感觉功能性下降吗？,"我晚上状态还好，白天没啥影响。",0
H22,听上去你有很多内心的挣扎，你说这种情绪对你的日常生活有怎样的影响？,其实对我日常没啥大影响。,0
H22,您对辞职有那么强烈的冲动，是否因为平时的生活和工作都已经难以维持了？,"我还好，只是偶尔有点想法。",0
H22,你认为这种感受有可能是某种生活方式或情感的功能退化吗？,我觉得可能不是哦。,0
H22,你觉得这种矛盾的感觉影响了你的生活功能吗？,没有影响我的生活。,0
H22,调节压力是首要的，然后慢慢恢复对工作的热情。您觉得每天的工作效率或功能有所下降吗？,还好，没有太大影响。,0
H22,我们留给自己一个开放的态度。当你觉得无力或者难以应对家庭琐事的时候，你是如何去克服的？,我会先深呼吸，然后小步解决问题。,0
H22,经常感觉到精神或者体力上的疲惫吗？,没有呀，我感觉挺有精神的。,0
H22,在某些方面是否觉得生活功能有所下降？,没有，我觉得还好。,0
H22,在这样的情绪波动中，您会感到无法胜任生活中的事情吗？,不会，我还是能应付生活的。,0
H22,很不错，从自身做起是十分重要的！在这样的过程中会感觉到日常功能有所下降吗？,没有这种感觉，挺正常的。,0
H22,听到你这样说我感到些许安慰，离开这样的环境重新开始或许会带来新的转机。在家里这种紧张下，你有没有感到心理疲惫或功能下降呢？,没有啦，感觉还挺好的。,0
H22,无助感可能会使我们犹豫不决。你有没有觉得需要减轻对自己及他人的过高期待和要求？,没怎么觉得，可能还好。,0
H22,高效的记忆和学习能力是很优秀的特质，但你有没有发现这种状态总是无法持续太长？,我没怎么注意到，好像还好。,0
H22,听起来你的思绪的确受到这些事情的影响。面对情人的回归，这种焦虑是否影响到你的生活功能呢？,没啥影响，生活还挺正常的。,0
H22,你在日常生活中的功能似乎也下降了。这种情况有反过来影响到你的日常生活吗？,其实还好，对生活影响不大。,0
H22,面对这些情绪，是否觉察到尝试放下关系会对日常生活造成一定影响呢？,不会，生活没啥影响。,0
H22,您对现阶段的生活功能有没有感到有所下降呢？,没有感觉有啥变化。,0
H22,这种感觉确实令人沮丧。您是否感觉每天的生活功能因这些担忧有所下降？,没有，我的日常功能还好。,0
H22,在这种情况下，我们很容易感到被挑战。你有没有想过如果没有这段关系，你会怎么样呢？是否会感到适应困难？,老实说，我觉得一切都会好好的。,0
H22,这似乎让你在生活的某些方面功能性下降了。你愿意多谈谈吗？,其实我感觉还好啦，没啥影响。,0
H22,那么你对曾经在乎的事物失去感觉，这种现象是否导致了你的生活功能下降？,没啥影响，我的生活还好。,0
H22,是不是他的行为让你感到一种被疏远或不被需要的感觉？,其实没有啦，我没这种感觉。,0
H22,对自己的感受给予理解很重要哦。听起来你已经在慢慢理解自身的需要。那么，你是否认为这样会影响到你的社交能力或日常功能？,我觉得不会影响到我的社交和日常生活。,0
H22,情绪上的反差能让人感到疲惫，能理解这份辛苦。这种感受有没有对你的日常生活产生影响？,还好，没对日常生活造成影响。,0
H22,难免会有这样的感受啊，尤其在你觉得没有人能够理解你的时候。听起来，你可能体验到了一种与社会隔离的状态，你是否觉得这种感觉对你的功能产生了一些影响呢？,其实我感觉还好，没有太大影响。,0
H22,是的，注意力集中确实是一个挑战。你觉得自己的工作或者生活因为注意力的问题受到了影响吗？,没有，我感觉还好。,0
H22,这可能引发了家庭功能性的下降，对吧？,不一定，每个家庭情况都不同。,0
H22,这种情绪波动是否对你的日常功能产生了影响？,没有哦，我的日常生活没受影响。,0
H22,那种状态一定很难熬。你现在还会坐在那发呆吗？,不会啦，现在好多了。,0
H22,将情绪与行为分开，可能是个需要练习的过程。你是否感觉你对孩子的情绪或行为，会影响你们之间的亲子关系和沟通？,我觉得我还能保持理性，不太影响关系。,0
H22,那么这种状况是否影响了您的日常生活功能？,没有影响日常生活，还好。,0
H22,这对日常生活的功能可能也造成了一些阻碍，对吧？,嗯，倒是没啥太大影响啦。,0
H22,这种感觉是可以理解的。生活中的这些挫折确实可能影响自信心。不过，您没失去斗志，这很重要。您是否认为在工作压力下失去了对教学的热情呢？,并没有，我还是很喜欢教学的！,0
H22,这是个不错的计划，找到专业的支持会带来一些改变。 你是否觉得你的生活功能下降了，因为童年经历影响了你现在的生活方式和决策能力？,不太觉得有影响，但支持很重要。,0
H22,在与家庭和解的过程中，这种情绪对你的生活有什么影响？,其实没啥大影响，挺好的。,0
H22,这听起来让人挺累的。当发生这样的事情时，您的学习和工作被影响到了吗？,没有影响到，我还应付得来。,0
H22,这也很正常。心理负担确实会影响身体和精神状态。那你会不会对自己或男友在关系中的角色产生疑虑？,不会，我还挺确定的。,0
H22,听起来很真实，你觉得情感状态是否影响了日常的功能或效率，比如学习或其他日常活动？,没有影响，我的日常还好。,0
H22,面对此类家庭关系问题，是否会让您觉得缺乏有效的解决方案或者感到无助呢？,不会，我觉得还好。,0
H22,有时，我们过度担心别人的看法，可能会无措于焦虑。你是否常常感到自己在某些场合期待过高？,"我倒没这种感觉，挺随意的。",0
H22,这种情况有时会影响到完成日常任务和进行常规活动的能力。,这方面我还好，没啥影响。,0
H22,听起来b有可能在这些互动中感到不舒服。确保每个学生都感到舒适和被尊重很关键。有没有注意到这个情况对班上其他同学或整体课堂环境造成影响呢？,目前没注意到太大影响，但会留意的。,0
H22,这样的社交困难在紧张时期常见，你是否感到社交上欲望下降？,其实我感觉还好，没啥变化。,0
H22,当您考虑到要维护自身法律权益时，会不会觉得缺乏动力或行动能力呢？,不会，我觉得还好。,0
H22,这种依赖与不满的交织可能会感觉很复杂。这种依赖是否让你感到无助或无法正常生活呢？,其实没有耶，我过得还挺好的。,0
H22,当无法得到情感回应时，你的社交能力或者生活功能是否有下降的趋势呢？,没有哦，我还挺正常的。,0
H22,你还提到在完成作业和复习的过程中感觉到精力特别低是否有这种感觉呢？,没有，我感觉还好。,0
H22,我理解，失去目标是很困扰的事。那您的日常生活和学习是否有所体现呢？,其实，生活和学习都还挺正常的。,0
H22,谢谢您的分享。您提到过做事时容易放弃，是否觉得自己对事情缺乏兴趣或者显得力不从心呢？,没那么严重，主要是有时候心情波动大。,0
H22,哦，我明白。你提到动不动就哭，您是否觉得这影响了您的日常生活功能？,其实没有太大影响啦。,0
H22,那日常生活是否有受到这些情绪的影响，比如社交能力或工作效率下降？,没有，生活还挺正常的。,0
H22,人际中出现情绪波动是正常的，但过后我们需要找到一些自我安抚的方法。你提到的社交适应，是否觉得自己会因为与他人不同的交流方式而感到难以融入呢？,没有这个问题，交流还挺顺的。,0
H22,是否感觉生活变得无方向感呢？,没有这种感觉，生活还挺有方向的。,0
H22,食欲不振和孕吐确实很让人烦恼。你有没有感到生活中琐事难以应对，或者感到自己的功能和效率下降了呢？,没有这种感觉，可能是其他原因。,0
H22,听起来这些东西确实加重了你内心的负担。当你感到疲惫时，这是否影响了你的日常活动呢？,没有影响，只是偶尔有点累。,0
H22,频繁的情绪波动是否让你感到情感压抑？,不太会，情绪还算平稳。,0
H22,这是否让你不愿意与外界接触？,没有啦，我还是很喜欢和人交流的。,0
H22,听上去他对文科不是特别感兴趣。他在其他活动中有类似的表现吗？,"在其他活动中好像还挺积极的。",0
H22,是的，这份责任很重要，但也需要你照顾好自己。你有持续的支持或者朋友圈吗？,有啊，我有好朋友支持我呢。谢谢关心！,0
H22,嗯，沟通确实很重要。如果能跟他们坦诚分享感受，也许能增进彼此的理解。然而，听你所说，似乎有时候你会感到自己情绪的压力难以消化。,嗯，有时候情绪确实不太好消化。,0
H22,你觉得在调解这些冲突中有什么可以改善的地方吗？,我觉得还好，应该没啥大问题。,0
H22,这点很重要，理解母亲的行为背后的动机或许能帮你走出困惑。她的这种行为会影响你对家庭责任的看法吗？,我很理解她，但我觉得没有影响。,0
H22,所以，你在认知或情感上是不是有些退缩呢？,没有啊，我觉得还好。,0
H22,这种执着确实让生活变得艰难。有没有意识到这对日常生活的影响呢？,没怎么注意到，好像没啥大影响。,0
H22,这种感觉可能让您感到职能下降，难以正常社交，是吧？,没有这种感觉哦，挺正常的。,0
H22,您对自己的未来规划有什么担忧吗？,不太担心，我随遇而安。,0
H22,在新的工作环境中，你是否也有一种无法胜任或感觉功能性的下降？,没有哦，我感觉还挺好的。,0
H22,我们需要找到合适的方法来帮助你。对于自己，有没有感到强烈无能感或者难以控制生活状况呢？,没有特别强烈的感觉，不过有时也会有点不顺。,0
H22,人际交往是复杂的，但也是非常学习和成长的好机会。你觉得自己当前的社交状态有影响到日常生活吗？,没什么大影响，挺正常的。,0
H22,那这样的问题是否影响到你的人际互动和生活质量呢？,不会啦，没啥影响。,0
H22,我理解这样的新闻可能会让人感到不安。你觉得这些想法如何影响了你的日常生活呢？,这些新闻对我影响不大哦。,0
H22,生活上这样的大变化，有时确实让人感到无力。这样的压力有没有影响到你的日常功能状态，例如难以完成计划的学习任务？,没有影响，我还能按计划完成任务。,0
H22,是否因为觉得难于理解导致的困惑呢？,不是哦，我没有这个困惑。,0
H22,面对这些声音需要勇气。你觉得日常生活的功能有下降吗？,没有啊，生活还挺正常的。,0
H22,这说明压力已经影响到你的专注力和情绪调节。有没有感到自己的功能状态在下降呢？,没有呢，我感觉还好。,0
H22,您是否曾尝试过不与男友交流来压抑自己的情绪？这对您的个人幸福感有什么影响吗？,没有啊，我还是会和他聊聊。,0
H22,男朋友能支持你真好。和他的关系有受父母压力出现不和谐吗？,没有，关系还挺好的。,0
H22,你提到这些现象逐渐影响到你的日常生活和学习，你有时候觉得功能正在衰退吗？,还好，没有太大的影响。,0
H22,这种情况下，很正常对自己的决定力感到迷茫。这是否是因为觉得自己的日常功能有所衰退？,其实我觉得日常功能还好啦。,0
H22,这些方法可能需要持续一段时间才能看到效果。你提到跳槽，这种期望是否伴随着对自我的怀疑或觉得无法胜任的担忧？,我觉得还好，就是想试试新的。,0
H22,那么，经过这段时间，你是否对生活有更多要求，由于未满足而感到不满？,没有更多要求，挺满意现在的。,0
H22,你觉得自己的情况是否影响了你日常的功能表现？,没有影响，我觉得还挺正常的。,0
H22,沟通可能是解决问题的一种方式，但前提是你觉得舒适和准备好。你觉得这种不友好的互动影响到了你的日常生活吗？,没什么大影响，生活还好。,0
H22,面对改变是有些困难，但这是改善现状的一种方法。有没有感到当前的感受让你对未来失去信心？,目前没有这种感觉，谢谢关心。,0
H22,这种分心在复习过程中很普遍。您感到的焦虑是否来自对时间流失的担忧？,嗯，还好，我倒不太担心时间。,0
H22,听着真不容易面对。您觉得在这样的工作环境中，您的工作能力有受到影响吗？或者说有没有一种无能为力的感觉？,没有太大影响，我还好。,0
H22,这真是太好了！在工作中感到快乐帮助你保持积极状态。那么，你觉得这种积极动力是否也影响到你日常生活的主动性呢？,恩...我想是有些关联的，但奇怪的是，我在家务和个人卫生方面却总需要别人督促。,3
H22,这种感受在心理上是很有可能导致倦怠的。良好的自我调节很关键。你觉得这些情绪会对你未来的社交生活产生什么样的影响吗？,我有点担心会影响，不过我在努力调节。,3
H22,在家庭中，每一个角色都同样重要。关于日常功能或婚姻的运作，您有没有觉得有所下降？,嗯，有时候感觉有点难，需要别人帮忙呢。,3
H22,心理治疗确实在抑郁症治疗中起到非常重要的作用。你对于心理治疗的效果有信心吗？ 和,我有点怀疑，但希望它会帮助我。,3
H22,这听起来很好！你是否有因为这些情感困惑而影响到日常生活和学习的情况？,“有时会，需要一点鼓励才能做到。”,3
H22,不容易啊，这种疲累有没有影响到你的日常生活和学习工作呢 ？,有影响，我需要很多鼓励才能勉强应付。,3
H22,留在公司可能是您为了逃避眼前问题的一种方式，您觉得这对工作生活有影响吗？,可能是吧，我有点需要帮助才能理清楚这些。,3
H22,在处理日常事务时，您的功能有下降吗？比如，注意力或反应能力。,嗯，确实有点难，不过有帮助就好些。,3
H22,这会是个好的开始。偶尔尝试不同的方法可能会带来新的变化。你是否曾觉得这些情况影响过你的生活功能，比如学习的效率呢？,有时会影响，但我会慢慢调整的。,3
H22,有可能。会不会因为对自己的表现不满，而导致对社交感到压抑？,可能吧，我常常需要点鼓励才能面对社交。,3
H22,那种不确定感会让我觉得日常生活受到影响吗？,可能会有点影响，别担心，我可以帮你。,3
H22,和朋友的交流中，你有没有让自己感觉掌握的主动性减少的情况？,有时候会，感觉很难掌握主动权。,3
H22,好的，您是在睡觉时感到这些声音大吗，这对您来说是一种功能障碍的表现吗？,是的，有时需要帮助才能应对这些影响。,3
H22,是不是感觉到工作和学习的兴趣减退，或者功能下降？,是啊，最近真的提不起劲儿做这些事。,3
H22,分析自己的情况是非常好的开始。那么，这段关系对你近来的生活有很大影响吗？比如工作或者日常活动？,嗯，有点影响，最近事情都需要帮忙。,3
H22,这些担忧当然会对你生活产生影响。你有没有觉得日常生活中自己的功能性或者运作有所下降？,嗯，有时候感觉挺难的，需要一些帮助才能搞定。,3
H22,正常，不过你有没有考虑过这些感受可能影响到你的日常功能性，比如你的兴趣或者生活动力？,我有时候确实需要大家的帮助来保持动力。,3
H22,您的坚持还是很可贵的！有没有因为这些饮食控制而影响日常生活的功能与效率？,有时会有点难，需要一些帮助和鼓励。,3
H22,父母有时候站在旁观者角度，可能会有不同看法。在面对他们的劝解时，你对自己的日常生活有感觉到变化吗，比如说无力或者兴趣下降吗？,有时候会感觉无力，需要多鼓励才能应对。,3
H22,你觉得这种困难对你的日常生活功能有影响吗，比如容易完成任务或感到工作压力？,是啊，需要别人鼓励才能勉强完成。,3
H22,你提及这些感受，平时的这种行为模式影响到你的日常功能了吗？例如，在工作中有没有表现出什么困难？,嗯，需要别人多提醒我才能搞定。,3
H22,这是一个值得尊重的想法，但寻求帮助有时可以让我们走得更快更轻松。你在自己的目标上感到难以找回动力吗？,嗯，有时候是挺难的，我会尝试寻求帮助的。,3
H22,你有考虑过分手后会对你生活造成什么影响吗？,分手后生活会很难，需要很多帮助才能应对。,3
H22,你是否曾感到自己在社交或日常活动中，不如以往自信或表现不佳呢？,是啊，有时候真的需要点鼓励才能撑下去。,3
H22,睡眠不佳会影响我们的生活。有没有注意到其他生活功能的下降？,"是啊，有时需要别人帮忙才行。",3
H22,有没有觉得常规活动乏味没有动力？,"是啊，常常需要点鼓励才能动起来。",3
H22,面对家庭责任，您是否会因为累积的压力感到疲倦或者无能为力？,是啊，有时候真的需要点鼓励才能撑下去。,3
H22,很好，健康是我们为未来努力的基础。有没有感觉到，生活和学习中功能下降或无法正常运作？,"有点难，需要多点鼓励才能应付日常。",3
H22,身体和心理的反应是密切相关的。你觉得在日常生活中处理挑战的能力有明显下降吗？,嗯，有时候确实需要多点鼓励和帮助才能应对。,3
H22,这是不是影响了你日常生活的功能，比如工作或学习？,嗯，有时候确实需要别人帮忙才能完成。,3
H22,你觉得这是否影响了你的日常功能？,有时候确实需要点鼓励和帮助才能完成。,3
H22,明白，你是否在上学或其他时候也因为紧张影响了你的专注力和表现呢？,"嗯，是的，有时候确实会这样，我需要一点鼓励。",3
H22,这种感觉像是一种失控的体验。在这段不快乐的时间里，这些事情对你的工作或社交生活有什么影响吗？,确实影响很大，需要别人常提醒我。,3
H22,理清思绪的过程是需要耐心的，给自己一些时间。从整体来看，你在学业或者日常活动中发现自己有明显表现下降吗？,嗯，有时候确实觉得难处理，需要多点鼓励和帮助。,3
H22,听到你的感受，我能体会到其中的复杂。对改变现状有没有什么想法？,"我有点迷茫，能给我一些建议吗？",3
H22,那有时候这种让你压抑的感觉，会不会让你在日常任务或活动中感到功能性下降呢？,嗯，有时候确实需要别人鼓励我才能完成。,3
H22,放弃也是一种对自己某种信念的挑战。后来失去学习兴趣，是因为适应能力或生活功能上出现变化了吗？,嗯，有时候就是需要调整一下心态和节奏。,3
H22,你是否觉得这种孤独感难以忍受？,是啊，真的很难受，需要点帮助才能好。,3
H22,听起来确实很不容易，您是否注意到这些焦虑对学习的影响有多大？,确实挺难的，有时学习都没法集中精力。,3
H22,它们确实有联系的。有时候饮食和情绪相互影响。 你提到不想动，这是否是因为你感到功能在下降或日常功能受到影响？,"可能是吧，感觉需要点动力才能动起来。",3
H22,这种无法集中注意力和记忆力下降的情况对你的日常功能有什么影响吗？,嗯，有时候需要别人提醒和帮忙才能完成。,3
H22,这种对别人的敏感真的会影响我们的情绪。你提到过这种精力不振，有没有影响到你的学习或生活效率呢？,嗯，有点影响，需要别人帮我打起精神。,3
H22,情绪的控制确实是关键，特别是在面对紧张的时刻。你提到自己有小孩子的脾气，这在其他事情或情境中也这么表现吗？,有时会这样，确实需要点鼓励和帮助才能应对。,3
H22,这种不安会影响到你的工作或兴趣吗？,有时候真的会，不过有帮助就好多了。,3
H22,这种态度对你有什么影响吗？比如对自己的自信心或者与人交往的信任感。,有影响，常需要提醒和支持才能处理好这些事。,3
H22,你已经在努力克服这些艰难时刻，这是勇气的表现。相信自己，总会有转机。有没有感受到与家人或朋友的互动功能正在退化？,确实感觉有些退化，感谢你的鼓励，我会继续努力的。,3
H22,很好！运动和音乐都能有效地帮助缓解压力。您是否觉得日常功能有所下降？,有时候真需要点鼓励才能完成这些事情。,3
H22,听起来面对这些挑战不容易。尤其在学业紧张的时候，是否感觉生活变得有些困难了？,嗯，有时候确实需要点帮助。谢谢关心！,3
H22,那也许是因为焦虑影响了你的日常活动，所以功能有所下降？,嗯，有可能。我有时需要点鼓励来完成事情。,3
H22,看来他的游戏行为可能已经影响了他的日常功能，比如工作或者社交。,"嗯，是啊，他可能需要多些鼓励去调整这些行为。",3
H22,听起来，社交能够给你一些正能量呢。当缺乏与他人沟通时，你的焦虑感会增加吗？,嗯，没错，不聊天时就感到更孤单了。,3
H22,那你觉得这些情绪对你日常生活有影响吗？比如说生活功能或者活力？,有时候感觉特别累，没啥动力干活。,3
H22,在与人交流时，你提到找不到话题和无话可说，是否有感觉到自己的日常功能或沟通能力有所下降呢？,有时候确实需要点鼓励才能更好聊下去。,3
H22,事件的发生可能促使我们成长并重新认识世界。这也是潜在的改变，希望你能从中找到新的方向。在生活的其他方面，比如家庭或朋友互动上，你感受到什么变化吗？,说得有道理，我会努力从中找到方向。谢谢关心！,3
H22,你是否发现自己的生活功能或自我照顾能力有所下降？,是的，我需要一些帮助才能做好这些事情。,3
H22,最近这次争吵后，你的情绪对你日常生活产生影响了吗？,有点影响，老是提不起劲，需要有人帮我才行。,3
H22,这种动手时的困扰有没有让您感受到一些生活质量的下降呢？,"是啊，有时候真的需要别人帮我才能做到。",3
H22,社会的融入确实是需要时间和耐心的。你在这方面的感受是怎样的？,"确实有点难，但慢慢来，我会努力适应的。",3
H22,好的，理解自己的状态是改善情绪的第一步。长时间的情绪或者失眠，是否觉得严重影响了你的生活？,嗯，是的，我觉得挺难坚持的。,3
H22,你提到了婚姻失去了憧憬，是否因此对生活也感到没有期待呢？,嗯，有时候是这样，所以需要点鼓励和支持。,3
H22,这种分心是否让你很难专注在当前的任务上？,是啊，有时候真需要点鼓励和帮助才能集中。,3
H22,在目前的情况下，您是否感到日常的功能或者效率有所下降呢？,嗯，有时候确实需要点鼓励才能搞定日常事务。,3
H22,是的，饮食影响身体和精神状态。平时阅读或与人交流时有没有感到更多的困难呢？,有时候确实难些，需要点鼓励才行。,3
H22,心悸感确实是焦虑的常见症状。你最近有注意到自己在日常功能上的变化吗？,有点变化，感觉做事需要有人鼓励支持。,3
H22,这种兴趣能为你的成长提供很多参考呢。不过，是否曾因为对自己不太清晰，感到生活的其他方面，比如工作或兴趣，受到影响？,有时确实会有影响，努力慢慢调整中。,3
H22,在作决定时犹豫不决，这也是在遇到过不愉快的事情后常见的反应。过去的事情会让你迷茫，你觉得它影响了你的生活吗？,是啊，我总是觉得需要小心翼翼。有时候真希望有人帮我。,3
H22,对陌生环境产生怀疑是自然反应。对于紧张与自卑，你觉得它们是否让你在社交活动中觉得难以应对变化？,有时候是挺难的，真的需要别人帮忙和鼓励。,3
H22,在孩子出生后，对日常生活的功能有没有出现下降呢？,"嗯，确实需要点帮助才能搞定日常事务。",3
H22,面对这种情绪爆发的情况，是否觉得自己在日常功能上有所下降，或者影响到了生活质量？,有时候是这样，需要点帮助才能搞定。,3
H22,可以理解，这需要逐步来进行。当您面对这些压力时，您是否觉得自己的集中力和决策力也下降了呢？,有时会的，但有支持会好些。,3
H22,害怕无用的感觉是否会影响你在学校的功能？,有点影响吧，有时需要人帮我理清头绪。,3
H22,除了工作和熬夜的因素，你是否觉得在两者里进行平衡是困难的？,嗯，有时候真的蛮难平衡的，需要点帮助才行。,3
H22,被误解后没有机会解释的确很令人沮丧。再问一下，你觉得自己最近的状态相比之前有下降吗，处理事情更困难了？,最近感觉有点难，处理事情真的吃力。,3
H22,生活中的乐趣确实很重要，会不会是因为一些情感经历让你感到对自己不信任或者担忧过度呢？,可能是吧，有时真的需要一点鼓励才能放松。,3
H22,功能性下降可能会限制我们的成长，但允许自己有这样的感受是正常的。当你能稍稍接纳这段时间的无力感时，也许你会发现重拾动力的方法。,谢谢你的鼓励，我会慢慢尝试接受这些感觉。,3
H22,是啊，这种对未来的恐慌常常会带来不确定感。你会不会觉得在生活中失去了一些意义呢？,嗯，有时候需要一点支持才能找到意义。,3
H22,你感到日常生活受到这种寝室关系的影响吗？,有时候会有点难，需要鼓励才能应对。,3
H22,最后，您有没有感到因为这些问题在日常生活的能力有所影响，或者对未来的希望有所减弱呢？,有时候会有点困难，但我正在努力适应。,3
H22,在与男友发生关系之后，这对你日常功能或自我感觉有无明显影响？,有时需要一点鼓励才能正常进行。,3
H22,听你这样说，您提到曾多次考虑分手，是否认为自己面对这段关系缺乏处理的信心或能力呢？,嗯，我有点儿不确定，有时候真的需要一些鼓励。,3
H22,是因为感到无聊还是因为精神上的疲惫呢？,可能都有吧，现在就是提不起劲儿。,3
H22,你是否经常感到无能为力或者日常功能下降？,嗯，经常需要别人帮忙才能做好。,3
H22,家庭和工作确实需要平衡，你觉得工作因这些问题受到影响了吗？,有点影响，但有支持的话会好很多。,3
H22,这样的反应频繁出现，是否有影响到你日常生活和工作的正常进行呢？,有时确实需要点鼓励才能正常进行。,3
H22,说到专注，你觉得这影响到你的学习吗？,对啊，有时候真的很难专注。,3
H22,这样说来，你妈妈可能需要更多的社交和陪伴。你注意到她是否表现出极端的冷漠或过度的关注吗？,我觉得她有时表现得有点极端，我需要多陪陪她。,3
H22,是的，从小事情开始，有时候会带来意想不到的效果。你有没有觉得这种情况影响你的工作或者社交？,有时确实影响，需要点帮助才能应付。,3
H22,这种状况经常影响到你的日常生活吗？,有时候确实需要别人的鼓励才能搞定。,3
H22,心情低落时会影响日常生活，你有没有觉得应对日常生活的能力下降了呢？,嗯，有时候确实需要一些鼓励和帮助才能应对。,3
H22,你的学业或日常功能有没有受到这些情绪的影响？,嗯，有时候会，真的需要点儿鼓励才行。,3
H22,曾经的失眠和注意力困难是否对学业或事业造成过影响呢？,嗯，有影响，不过有点帮助会好很多。,3
H22,这些烦躁和内心冲突是否影响到你在工作上的表现和功能？,是啊，有时真需要别人帮我才能坚持下去。,3
H22,这样的不确定感可能会影响生活质量，你有没有对生活能力或者日常功能受到影响的感觉？,有时候需要点鼓励才能正常应对日常事务。,3
H22,这些都是不错的选择！当紧张情绪来袭时，试着主动安排些活动转移注意力也是个好方法。你在紧张时有没有感到你的生活功能或对日常活动的参与有所下降呢？,可能有点下降，需要人鼓励我才能做事。,3
H22,你对自己目前的功能性和生活质量有何看法？,最近不太好，需要别人帮忙才能完成日常任务。,3
H22,在你处理这段感情故事的时候，日常生活有受到影响吗？比如在工作或社交活动中有没有感觉动力或兴趣减弱了？,确实有影响，常常需要别人鼓励我坚持下去。,3
H22,不客气，我们可以慢慢讨论这些感受。你觉得经历了这次事情后，自己日常功能有明显下降，比如更难以完成日常事务吗？,嗯，是有点困难，我现在需要多些鼓励和帮助。,3
H22,是的，说出来前给自己一点时间，这样可以减少误解。你提到别人的言语使你感觉很糟糕，是否加重了你对学习和人际交往的厌倦？,嗯，是有些影响，但我会努力的。,3
H22,这么说来，在这种情绪波动或者焦虑感下，你能专注于其他事情吗？,有点难，需要别人提醒和帮助。,3
H22,那么在当前这个阶段，你有没有发现自己在做出重要决策时有犹豫不决的表现，并因此影响了生活的其他方面呢？,确实有点犹豫，感觉需要点帮助才能决定。,3
H22,睡眠不足会影响到方方面面。你觉得自己的日常功能和学习表现受到多大影响呢？,非常大的影响，原本以为只是一点小事。,2
H22,可能可以从你曾经喜欢的小事做起，比如散步或画画。你会认为自己的日常功能受到影响吗？,是的，很多日常琐事都变得困难。,2
H22,理解处理人际关系的困难是正常的。面对家庭挑战时，你是否发现自己难以完成日常任务呢？,是的，其他事情都做不下去。,2
H22,不妨多了解你的情绪反应和背后的原因。你感觉精力如何？这些情绪变化是否伴随着精力的下降？,常常感觉没有足够的精力去做事情，总想躺着休息。,2
H22,这种情形会影响到你的工作表现，对吗？当你在考虑离职时，是否觉得自己无法胜任当前的工作呢？,是啊，我总觉得自己做得不够好，怕辜负了同事和领导的期待。,2
H22,你有没有注意到这种关系让你感到缺乏归属感或者功能有所下降？,当然有，我觉得在家里从来没有真正属于过。,2
H22,这样的反思有时会影响我们的日常生活。当日常面临这么多挫折时，是否会让你感到精神疲惫，甚至失去动力？,真的感觉无力去面对这些问题。,2
H22,这些感受对你的日常功能有没有影响呢？比如让你觉得自己对事情的掌控力有所下降？,是的，我总觉得自己好像失去了生活的主导权，被拉着走。,2
H22,您的这种感受需要一段时间和一些努力才能改善。平时，您有没有感到处理日常事务的能力有所下降呢？,是的，连简单的事情都很容易让我感到疲惫。,2
H22,这种状态是否影响到了你的工作和学习能力呢？,恐怕确实是这样，总觉得自己在退步。,2
H22,当感情影响到日常生活时，我们可能会感受到功能上的下降，比如注意力不集中。你有这样的感觉吗？,有的，我总觉得不能全力以赴，学业也受到影响。,2
H22,这是个不错的起点。有没有感觉对需要做的事情感到特别困难或者被压倒？,有，很多事都让我觉得难以承受。,2
H22,确实，需要持续的付出和支持。你是否认为这些情绪对日常生活功能影响很大？比如说感觉疲劳或者动不了。,是的，影响很大，我什么都不想做。,2
H22,你觉得这种依赖影响到了她的日常功能和社交能力吗？,确实有影响，她不怎么愿意出门或者和同学交往。,2
H22,听起来这段经历对你造成了很大的困扰。你觉得这种自我封闭对你的生活功能有多大影响呢？,影响很大，我觉得自己变得非常不适应正常的社交生活。,2
H22,和自己和平相处是重要的一步。你在日常学习或生活中是否觉得自己的功能性有所下降，即难以高效地完成任务？,是的，经常感到无精打采，效率也很低。,2
H22,那么，你觉得与同事沟通的困难是否使你感到孤立或沮丧？,绝对的，有时候觉得自己像个局外人。,2
H22,你提到过去有活泼的时候，现在觉得自己的状态是不是不如以前呢？,是，我好像渐渐失去了主动性。,2
H22,这种感觉很让人困扰，你觉得近来你的工作效率受到影响了吗？会觉得自己不如从前灵活或者高效？,确实如此，现在总觉得事情做不完，自己也更容易分心。,2
H22,听起来这让你非常难受。和陌生人说话紧张会影响到你的正常交流和生活功能吗？,是的，确实是这样。我在日常生活中的很多事情都变得非常困难。,2
H22,试试每天定时放松一下，也许能有效减轻压力。那你觉得这一段时间工作中精力不集中，效率下降吗？,确实有些分心，老是觉得自己在工作中没有用。,2
H22,這種情況讓人感到壓力。你覺得你的生活功能有受到影響嗎？,是，我常常感到難以集中精神，生活總感覺疲憊不堪。,2
H22,常感到疲惫无力是不是让你觉得自己的功能在退化呢？,是的，有时候连最简单的事情也做不好。,2
H22,那他的状态确实让人担心。在这段关系中，你是否感到自己承担了过多的责任呢？,是的，我觉得自己压力很大，还要陪他去看心理咨询，只因为他只听我的话。,2
H22,记录情绪的变化常常能帮助我们更好地理解自己。在面对压力的时候，你是否觉得自己越来越难应对日常的挑战？,确实，常常觉得力不从心。,2
H22,不用谢。有人倾诉其实也是一种很好的方式。最后一个问题，你是不是觉得自己的学习能力有所下降？或者对学习失去了兴趣呢？,对，感觉学也学不进去，快放弃的边缘。,2
H22,那么这种情绪变化让你感到自己功能下降，比如学习效率不如以前吗？,感觉自己越来越不行。,2
H22,您觉得这样的问题是否影响您的日常生活呢？比如生活质量或者工作状态。,确实有影响，精力不集中，生活变得混乱。,2
H22,这样的情况下你会不会觉得自己有点脱离了社交圈或者没有归属感？,是的，非常有这种感觉。,2
H22,也许可以试试不同的专业人士，他们可能会有不同的视角和方法。你提到现在整天躺在床上，这对你的日常功能有影响吗？,是的，我几乎无心去做任何事情。,2
H22,生活中连续不断的烦扰确实让人疲惫。有没有感到自己功能有下降，或是很多事情都不能胜任了？,是啊，工作效率下降了，任务总是无法完成。做事心不在焉。,2
H22,那你在日常生活中，感觉有什么功能上影响吗？比如学习或社交。,是的，很多时候我都无心做任何事情。,2
H22,在这种状态下，你的生活节奏是否有受到影响，比如比以前更难完成日常任务？,是的，感到做什么都很费力。,2
H22,这样的情绪对你的影响很大。在新的事物中，你的主动尝试的意愿或生活主动性有没有减弱？,有，我不再愿意主动去探索新的东西，感到失去了动力。,2
H22,入睡困难更会影响白天的生活。这样的情绪，是否让你感到生活难以掌控？,的确，现在觉得自己总是处在混乱中。,2
H22,那不如试着列举这些美好时光的同时，学习调整自己应对压力与冲突的方法。 你是否曾因为与男友的矛盾感觉自己的功能或日常能力下降？,是的，有时候甚至影响到了我的学习和工作。,2
H22,您觉得这段恋情会在多大程度上影响他的课业表现呢？,确实影响很大，他请假次数增加，缺课后成绩也下降了。结果他可能会更沮丧。,2
H22,有时候，家庭责任确实会让人感到无力或者负担过重。,没错，我就是这样，有时候觉得自己快撑不下去了。,2
H22,任何方法都需要时间和耐心去实践。面临这些家庭责任，您是否有时感到无力或有负担过重的感觉？,是有这样的感觉，未来的事情让我不安。,2
H22,失眠确实会进一步影响到白天的情绪和状态。那么，在日常活动中，您是否觉得没兴趣或力不从心呢？,是的，工作完成得很吃力，总觉得做什么都提不起精神。,2
H22,感受到您的困扰。您有时会感到自己在其他事情面前无能为力、无所适从吗？,有时候觉得生活的掌控力已经不在我手中。,2
H22,如果生活功能有所下降，也应该引起注意。你觉得这段时间对工作或者以前感兴趣的事情有失去兴趣吗？,是的，我对工作越来越没有动力，一点都提不起劲。,2
H22,这种担忧可能会影响日常生活功能。您是否感觉到在处理日常事务时有些力不从心？,是的，比如完成一些简单的家务，我都觉得有些吃力。,2
H22,你提到觉得每天上班是煎熬，请问你是否感觉到日常功能和效率下降了？,是的，一点动力也没有，尽管很想改变。,2
H22,成长中有很多挑战，它甚至影响到我们每日的功能。你是否感到成长是一个巨大的负担呢？,是的，很多事情压得我喘不过气来。,2
H22,那关于记忆力下降的问题，你觉得这影响到了你哪些方面？,影响很大，我连基本的学校任务都难以应付。很沮丧。,2
H22,很好，您对这些作出回应是积极的。在这些过程里，您有没有感到自己的学习或工作效率显著下降？,是的，似乎不管怎么努力，总是达不到预期目标。,2
H22,可能是饮食的变化带来的结果。你一直很关注朋友的忧郁情绪，当自己陪在她身边却感到孤独，你觉得自己的功能或角色是否有所下降？,是有这种感觉，好像自己没办法为任何人带来帮助。,2
H22,您在处理这些问题时，是否感到自己的功能有所下降？,我觉得是的，我几乎没法好好集中精力做其他事。,2
H22,支持系统能帮助你很多，但自我调节也是关键。有没有觉得这件事情让日常生活变得乏味或无力？,确实，有时候觉得做什么都没动力。,2
H22,挺遗憾听到你对生活的兴趣减退。你是否觉得自己最近在生活的各个方面功能下降呢？,是，我开始觉得自己力不从心，很多事情做不了。,2
H22,这是个开始，虽然在情绪上有些困扰。你是否觉得自己体力和精神状态都低迷，难以应对日常活动？,是的，每天都觉得很累，什么也不想做。,2
H22,那么在辞职之后，这种顾虑有没有对您的生活产生大的影响？比如日常生活中的能量和动机是否有所减退？,是的，确实让我精神不振，只想一个人待着。,2
H22,那注意力无法集中有没有对你的学业造成影响呢？,有啊，总是觉得像活在梦里，做什么都不真实。,2
H22,这种持续的压力与困扰是否让你觉得日常生活的功能有所下降？,确实影响了，感觉活在一种低效和忧虑中。,2
H22,要记住，你是有价值的。关于无法对人敞开心扉和感觉累，这种情绪是否影响到你的日常学习和活动？,是的，最近学习效率很低，常常无法专心。,2
H22,在长期的婚姻关系中，你是否对这段关系的角色、功能或者失去的自我认识感到困惑或失落？,我已经不知道自己在婚姻中哪里出错了，只知道自己无可奈何。,2
H22,这种感受长期以来一定影响到了你的日常生活和心理状态。你有没有发现自己因为这些状况而兴趣减退或者生活功能受到影响呢？,我确实对很多事情失去了兴趣，觉得生活越来越困难。,2
H22,您提到这些事情让我感觉到您的深度痛苦。关于这段关系的冲击，您有没有觉得自己的日常功能受到了影响，比如工作能力下降？,是的，我几乎什么都做不了，总是走神。,2
H22,随之递减的情绪波动和日常功能的考虑也是很重要的方面，你觉得有因为这些情绪波动影响功能的吗？,已经影响我的生活和学习了，我常常无法集中注意力。,2
H22,那么现在的失衡对日常生活有什么影响呢？功能上有所变化吗？,确实，很多时候我觉得再努力也没意义，自己都丧失动力去行动。,2
H22,有没有一种感觉是他们的行为让你的生活功能下降？,是的，我的日常效率都下降了，也感到非常无奈。,2
H22,如果饮食受到影响，身体也难免会感到不适。日常生活中完成任务的时候有没有发现变得更困难？,是的，简单的事情都需要很大的努力去完成。,2
H22,这种缺乏兴趣是否影响到了你的日常生活功能呢？,会影响到。我常常觉得自己做得不好，对生活也没什么动力。,2
H22,听起来您的情绪确实处在一种比较复杂的状态。我很好奇，您是否觉得与人的相处逐渐变得困难，对工作的疲倦感是否也在加重？,确实是，我甚至有时都不想跟任何人讲话，觉得与人相处特别累。,2
H22,你是否发现自己对同样的活动产生了恐惧或回避呢？,是的，正是这样。我不敢再轻易参与。,2
H22,这一定让你很失望和无奈。有没有感觉生活像地狱一样困难？,是的，这半年每天在学校就跟地狱一样。,2
H22,在过去的两年里，你有没有感觉到生活功能上的下降，比如不再像以前那样主动社交或参与活动？,是的，这就是我感觉困扰的地方，生活似乎失去了活力。,2
H22,你应该知道这些想法很正常，也是可以改善的。动手事件后，你是否感到工作或生活功能下降？,是的，有时甚至一些简单的事情也做不了。,2
H22,这种情况可能真的值得关注，这种反复检查和担忧手淫行为是否让你感到日常功能有所下降呢？,是的。,2
H22,身体展现的这些信号确实令人担忧。在长时间的这种状态下，你是否发现自己的功能水平有所下降，生活和工作的各个方面都难以管理？,我感觉事情越来越难管，连平时简单的事情也觉得特别困难。,2
H22,这种退缩影响到了你的日常生活吗？,是的，我觉得自己的生活功能在下降。,2
H22,是不是感觉每天的功能和效率都在下降呢？,是的，我甚至觉得没有精力和动力完成任务。,2
H22,睡眠对我们的功能状态很重要。你有没有觉得自己的生活品质因此下降了？,有的，感觉每天都没精神，做事情也没劲。,2
H22,他对你们的沟通是不是表现得有点抗拒？比如不愿听你们的建议？,是的，沟通很困难，我觉得越来越无助了。,2
H22,听起来您要承担很多责任。这会不会让您感到自己肩负过多，而没有受到家庭的支持？,是的，这就是我目前的感觉。我几乎独自在支撑这个家。,2
H22,知道了。这种表现可能反映你对社交局面的某种退缩感，觉得有这种失常感吗？,是的，这样的感觉很明显，我真的觉得无能为力。,2
H22,感觉到兴趣的变化是困扰很多人心情的一部分。对最近的学业有没有显著的变化或下降？,成绩确实有下降。尽管我很努力，但还是感到无能为力。,2
H22,无奈的时候会让人觉得功能倒退，你觉得对目前生活或者自己有一种无能为力的感觉吗？,是的，就是这种感觉。我什么都不想做。,2
H22,有时候，我们需要理解而不是建议。面对这样的情绪，感到自己生活的功能性下降了吗？,是的，我觉得自己根本无法正常生活。,2
H22,过度依赖手机会影响你的日常生活吗？,经常会，因为有时候我甚至不想从床上起来。,2
H22,交流是一个不断练习和改善的过程。你在与他人交流时，有没有感到与他人之间的沟通困难重重呢？,确实是这样，总觉得自己无法清晰地表达出想法。,2
H22,这些方法可能需要一段时间才能见效。你是否觉得自己的生活能力在下降呢？,是的，以前能做的事情现在感觉都很困难。,2
H22,可能这些情绪受到了影响。你是否感到母亲的行为使得你们的关系紧张，从而影响你对家或家庭的归属感？,当然，我觉得越来越想离开这个家。,2
H22,在日常生活中，你有没有觉得自己的功能下降了？,是的，我觉得很多事情都做不好。,2
H22,有时候做选择很困难。虽然你提到了想毕业，这种无力感是否影响了日常功能的表现呢？,是的，总感觉力不从心，日常生活也受到影响。,2
H22,可以一步一步来，慢慢尝试找到一些简单的小乐趣。这样能逐渐地帮助您恢复情趣。您有没有感到这样的情况影响到了日常生活呢？,有，总是觉得不能正常生活，不敢见人。,2
H22,是的，每次专注一点就能让压力变小。您是否觉得处理日常事务比以前困难了呢？,确实比以前难多了。,2
H22,您会感到自己的成长受到阻碍吗？,是的，我感觉到自己在步步退缩。,2
H22,您的毅力很让人敬佩。有时候生活的重量会让我们感到无力，那您有因为治疗费用的问题，感到日常功能或能力下降吗？,确实，感觉自己越来越没力气去面对工作和生活。,2
H22,你是否感到自己的日常生活功能有所下降呢，比如完成任务上有困难吗？,是的，感觉生活常常被中断。,2
H22,明白你的感受。当我们感到绝望时，寻找支持和帮助很重要。你是否曾感到自己的日常活动能力有所下降？,是的，常常不想出门，更别提做什么活动了。,2
H22,领导的体谅是件好事，但你会不会觉得自己在工作中总是容易疲惫？,是的，总感觉精力不济。即使这样，我还是经常找理由迟到、请假。,2
H22,每当遇到需要面对开会或展示的时候，会不会有无力感或者不想面对的情况？,是的，总有种逃避的冲动。,2
H22,可能需要更长的时间和更进一步的沟通去看效果。在复杂冲突中你有没有觉得自己没什么选择？,是的，常常感到无路可走，任何想做的事情都无法开展。,2
H22,工作状态是否影响了你的生活功能表现，比如处理日常事务的能力下降呢？,我觉得是有的，整天都没有什么精力，连日常琐事都没劲去处理。,2
H22,音乐是一种很好的疗愈方式。你觉得每天的活动能力下降了吗？,很明显，我连简单的事情都不太想做。,2
H22,这是否导致您对生活或者工作的价值感减小了？,是的，我常常这样觉得。,2
H22,面对这样的压力，感觉自己的日常功能有下降吗？,是的，这种状况常常让我在工作和社交中表现不好。,2
H22,理解这种孤立无援的感觉。你有时是否感到身心俱疲呢？,是的，这让我精疲力尽。,2
H22,这段时间，你有意识到自己江河日下，功能有所下降吗？,嗯，是的，我现在需要不少帮助。,4
H22,这段时间感觉生活上有什么变化吗？有没有觉得日常功能受到了影响？,最近挺难的，很多事情都需要别人帮忙。,4
H22,保持自我评价的平衡点很重要，那你有没有发现自己越来越难享受过去喜欢做的事情？,嗯，是的，我感觉做这些事越来越费劲。,4
H22,关系的未来总是令人思绪万千。在这段不和谐的关系中，是否有影响到你的日常功能，如工作或其他活动的能力下降？,对啊，最近这些事都让我难以自理。,4
H22,这种情绪的共鸣是很真实的表现。你有没有觉得这种自我价值危机让你感到无法正常进行日常活动，甚至丧失掉职业或兴趣？,嗯，有时候真觉得啥也做不了。,4
H22,明白了。你提到成绩下滑，这对你影响很大吧？,是啊，影响挺大的，感觉精力透支了。,4
H22,理解。在与男友的冷静期中，你是否感到孤独或者对日常事务丧失动力呢？,是啊，感觉做什么都没劲儿。,4
H22,那会感到很挫败呢！是不是因此也产生了一些没有价值感？,有时候会有这种感觉，特别是需要别人帮忙时。,4
H22,理解，在婚姻相处时，是不是很容易因为一些行为或言语感到难以忍受呢？,"是啊，有时候小事也让我崩溃。",4
H22,听起来，你的日常生活受到了影响。你是否觉得在这段时间以来，自己的日常功能下降了，比如学习方面更困难？,是啊，很多事都得靠别人帮忙。,4
H22,您说的很重要，这些情绪对您的日常学习生活产生了影响吗？,是啊，影响很大，很多事都得别人帮忙。,4
H22,功能下降确实需要我们密切关注，日常活动很重要。,我现在这些都需要别人帮忙呢。,4
H22,这种不确定感真的令人痛苦。你觉得自己处理事情的能力受到影响吗？,是啊，日常小事都难以应付。,4
H22,当然，还有，这些情绪挑战是否让您感到自己的日常功能有所下降呢？比如说，处理事情的能力。,有时候真的感觉自己连这些都搞不定。,4
H22,您感到自己的日常功能有下降吗？,是的，我现在需要别人帮忙。,4
H22,这可能根植于你需要自我保护的那一部分。生活中这是否对你造成了一定的困难？,确实是这样，生活上常需要别人帮忙。,4
H22,这些情感可以很影响我们的自我价值感。看到母亲对侄子的态度后，这是否影响到您的日常功能呢？例如与他人的交流或工作效率？,"是啊，有时我连基本的事情都难以自理。",4
H22,情感的波动也是正常的，你是在承担着一种保护角色吗？,有时候是，不过很多事我都需要帮忙。,4
H22,您是否曾试图制定并坚持某种生活方式或计划？,有时候需要他人帮助才能坚持。,4
H22,这种无力感会影响到你的日常生活吗？,是啊，很多事情都得靠别人帮忙。,4
H22,我理解。这些情绪频繁出现的话，生活确实会受到很大影响。你觉得这种情况是否使你的生活或工作效率受到影响呢？,对啊，日常都需要人帮忙，效率确实低了。,4
H22,你有没有发现工作和学习也受到了影响呢？,确实，最近状态不太好，很多事情都顾不上。,4
H22,理解这个过程很不容易。对了，长期处于不稳定的情感中可能对心理和社交生活产生影响，你注意到了哪些变化呢？,我发现自己需要别人帮忙处理日常小事。,4
H22,这样容易让人感到沮丧。你谈到家里经济的压力，那你觉得自己有没有面对责任或负担？,感觉有点难，我需要很多帮助。,4
H22,那这会影响你的工作表现或兴趣吗？,可能会吧，我常需要别人帮忙。,4
H22,您提到的这种情况似乎影响到了日常功能，是吗？,是啊，很多事都得别人帮忙。,4
H22,找到平衡点很关键。恋爱顾虑是否影响了你的生活节奏？,有时感觉很乱，生活节奏确实被影响了。,4
H22,这样的怀疑可能导致许多形式的内心冲突。你是否怀疑自己的日常功能有所下降呢？,是啊，最近这些事我都得靠别人帮忙。,4
H22,情绪低落会导致生活功能的下降。您是否感到功能下降影响了日常活动？,是的，很多事都需要别人帮忙。,4
H22,坚持和适时调整目标都是成长的一部分。您在这些思考过程中，是否会感到无力或倦怠？,有时候真的会觉得无力，需要别人帮忙。,4
H22,也许她也需要时间去接受这些事情。那么，您是否感到在处理关系方面已经尽力了呢？,最近精力不够，全靠别人帮忙，挺难的。,4
H22,有时沟通的技巧和策略确实需要学习。 你是否觉得自己在日常生活中的功能有所下降呢？,嗯，最近这些事情都需要点帮忙。,4
H22,很好地认识自己的感受非常重要。当您面对这些挑战时，是否感到自己正在失去对自身及关系的控制感呢？,是啊，有时候觉得自己无能为力。,4
H22,不用谢。我想知道，长时间在家对你的日常生活有影响吗？,嗯，有点影响，我会需要一些帮助。,4
H22,在面对日常生活的挑战时，她是否感受到自己日常功能的 ？,"嗯，她在这些事情上确实需要帮忙。",4
H22,很多人在面临这样情况时也有相似的感受。你是否觉得这些行为已经开始影响你的日常功能？,是的，我都需要别人帮忙。,4
H22,这些过往的回忆对你来说特别难忘。我看到你也努力克制行为来保持体面。这样做是否影响到了你的日常功能呢？,对啊，有时真的需要人帮忙。,4
H22,这是个好方法。你提到学业出现了下滑，对未来的生活计划产生了影响吗？,学业有点影响，但我现在更需要生活上的帮助。,4
H22,这些都是身体对压力的正常反应。她有没有提到在生活中的其他方面，比如学习或日常生活，是否受到影响？,嗯，她在生活上需要很多帮助。,4
H22,你觉得这种担忧是否影响了你们之间的关系呢？,"确实有影响，我常需要依赖他人的帮助。",4
H22,这的确是个不容易的阶段。你害怕自己会耽误学习时，这种想法是否影响到你的正常学习和生活呢？,有时候会影响，没精力去做这些事。,4
H22,那这个情况会让你觉得关系不平等吗？,可能会有点这样的感觉。,4
H22,您提到对孩子关门有很强烈的抗拒，这种反应是否影响您与孩子之间的沟通？,可能会影响，不过我现在需要多点帮助。,4
H22,保持希望是很困难的，但很重要。有没有白天的功能出现下降，比如学习或工作的困难？,白天挺难的，基本需要别人帮忙。,4
H22,学业受到影响确实不容易，您能分享一下这方面的感受吗？,学业有点难，基本生活都需要帮忙，挺无奈的。,4
H22,尝试花些时间专注在自己热爱的事情上可能会带来不一样的感受。与妈妈沟通的时候，你是否有时感到无能为力或者无所适从？,有时候就连这些简单的事都做不到。,4
H22,是否曾感到自己的生活正在逐渐失控呢？,没错，我真的完全忙不过来。,4
H22,抱歉听到这些。您觉得这对您的家庭功能有影响吗，比如与家人交流或者日常生活中？,是的，我需要家人帮忙处理很多日常琐事。,4
H22,开展新兴趣或许能为你带来新的能量和视角。你觉得自己在日常学习和功能上的表现有何变化？,我现在感觉挺难的，很多事都需要帮助。,4
H22,这种情况可能会增加您的易怒情绪。您觉得与父亲有限的交流中有社交方面的压力吗？,和父亲交流让我更难处理情绪。,4
H22,那么当你感到无奈或者压抑的时候，是不是感觉学习或者生活能力有所下降呢？,是的，有时这些事儿我都需要帮忙。,4
H22,有时候，长时间的抑郁会削弱我们的日常功能。请问在日常功能方面，是否感觉到能力有所下降？,是的，最近这些事情都需要别人帮忙。,4
H22,哦，那段时间的情感经历一定让你印象深刻。你提到自己的情绪变化很大，这会影响到日常生活吗？,是啊，情绪波动大，日常都需要别人帮忙呢。,4
H22,与父母的关系是否让您感到生活中的某些活动无法享受？,"有时会，他们常帮我打理日常琐事。",4
H22,可能是压力造成的。在缓解这些情绪时，慢慢来，给自己一点时间。你是否因为目前人际关系的困扰而感觉状态与之前有所不同？,最近感觉挺糟糕的，连日常都搞不定。,4
H22,我们一同努力，随着时间会有改善。你是否感到自己正在失去对生活的控制？,感觉一切都需要帮助，自己快招架不住了。,4
H22,这会不会让你在课堂上感觉心不在焉？,可能会有点，因为需要别人帮忙很多事。,4
H22,很好的主意，情绪管理会对你的工作和生活都带来积极的影响。记得不要给自己太多压力，慢慢来。你认为经过这次事情后，你的能力或者自信心受到影响了吗？,嗯，可能需要多点帮助来找到自信。谢谢关心！,4
H22,这种感受对你的日常生活产生了什么影响吗？,嗯，基本上每天的事情都需要人帮忙。,4
H22,哇，你的假期安排得很满，那会不会让你有些责任感或者负担感？,有点累，需要别人帮我调整一下。,4
H22,您过去是否曾觉得自己有任何精神或认知的变化呢？,有时候觉得自己很难独立处理日常琐事。,4
H22,这种感觉会影响到你的日常活动吗？,是啊，很多事情都需要别人帮忙。,4
H22,累是很正常的反应，有时候我们可能也不想做任何事情。你有提到躺在床上不想动，是否觉得自己的生活功能有所下降？,有时候真的是懒到不想动，啥都不想干。,4
H22,自卑感可以影响我们对生活的整体看法。由此，这种自卑感是否影响了你对其它事情的兴趣或日常功能呢？,嗯，有时候确实提不起劲，啥都不太想做。,4
H22,有这样的想法很不错。你觉得与奶奶的争吵是否对生活其他方面造成了影响？,可能有影响，我需要家人多帮忙。,4
H22,记录自己的情绪和感受确实有助于缓解压力。然而，这种家庭关系对你日常生活有明显影响吗？,对啊，家里的事让我都没法好好照顾自己。,4
H22,真是艰难的决定。您是否觉得自己难以集中注意力，要大量时间进行心里建设？,是的，我总感觉需要很多帮助才能完成简单的事情。,4
H22,是不是也感觉到功能上有所下降呢？,是啊，有时候真的需要帮忙。,4
H22,这种害怕是否对你的生活产生了影响，比如让你的生活功能有所下降？,是的，我需要别人帮忙做这些事情。,4
H22,这是个复杂的情感，但有时，做对的决定可能是令人痛苦的。您是否担心母亲的精神状态会影响到您的心理健康？,是啊，这些事常常让我很心累。,4
H22,是的，处理情感问题有助于改善整体生活品质。当你努力把注意力重新聚焦在学习时，是否感到难以专注呢？,嗯，有时候就是很难专注。,4
H22,这种不自知有时候反而是成长的开端，你是否感到日常功能的下降，例如学习或工作表现下降？,是啊，这些事都需要人帮忙。,4
H22,这样的过渡期对每一个新学生来说都是一个挑战。在这种情况下，您是否担心自己逐渐无法适应呢？,嗯，我可能需要别人帮忙适应这些变化。,4
H22,那在兴趣方面，你也有同样的感觉吗？,其实，我现在对这些兴趣不大。,4
H22,保持冷静也是不容易的，是不是觉得这种情绪化影响了你的其他方面，比如在工作或者其他事情上的效率？,确实，我常需要别人帮忙，效率也受影响。,4
H22,那这次事件有让你感觉自己的能力下降吗？,嗯，有时候会觉得力不从心。,4
H22,明白了。你的这些感觉是否影响到你的日常生活和功能呢？,是的，我需要别人帮忙做很多事情。,4
H22,这样很好。也许，你提到的社交环境恐惧是否影响了你正常生活和工作的能力呢？,嗯，有时候很难自己打理日常。,4
H22,会不会是对生活的兴趣和动力下降的缘故呢？,可能是吧，现在这些都需要人帮忙。,4
H22,这种孤独可能影响了你的日常功能，你有感到自己的能力下降吗？,是啊，我连穿衣都需要帮忙。,4
H22,夜间的惊醒或难入睡是否让您的日常功能受到影响呢？,是啊，影响大，需要别人帮忙。,4
H22,不要急于改变，一步一步来很重要。舍友对你的评价让你感到其中的竞争压力吗？,可能吧，我现在连自己都照顾不好。,4
H22,长期这样，你会不会觉得日常的功能有所下降，或者应对这些感觉会变得困难？,"是啊，很多事都得靠别人帮忙，挺难的。",4
H22,看来学习方面也受到了不少影响呢。近期有没有发现自己的功能或者日常运作能力下降了呢？,嗯，是啊，很多事情都需要别人帮忙了。,4
H22,您描述的状况让我想到，工作中的情绪状态会对您的工作效率或者质量有影响吗？你觉得呢？,可能会有影响，我可能需要多点帮助。,4
H22,这种冲突是否影响了您的日常功能呢？比如工作、学习或社交？,是的，很多事情都需要别人帮忙。,4
H22,这种情绪波动会不会让你觉得在学校或生活中的功能性有所下降呢？,是的，有时真的需要别人帮忙。,4
H22,这些情绪容易波动的情况，您是否觉得影响了每天状态及与他人互动？,是的，情绪波动让我很依赖他人。,4
H22,面对这样的状况，真的不容易。你在努力找回快乐时，觉得自己没有改善的能力吗？,有时觉得无能为力，需要很多帮助。,4
H22,在这样的压力下，会觉得日常功能或生活能力有所下降吗？,是啊，有时候连穿衣都需要帮忙。,4
H22,那这种感觉是否加剧了你的自我质疑呢？,嗯，有时候感觉连简单事都搞不定。,4
H22,尊重父母的同时也需要考虑伴侣的感受。这些都需要一个平衡点。您是否会因此感到自己的功能和效率下降？,我最近有点力不从心，事情有点难。,4
H22,你曾尝试过的这些方式很好，尤其是自我表达是释放情绪的好办法。回想起那些不愉快的事情时，是否会在白天反复想起，导致分心或做事效率下降？,"是的，有时候会，影响到我做其他事情。",4
H22,听起来你需要一些宣泄情绪的方式。你会觉得在家庭中功能有所下降，无法像以前那样应对家庭事务吗？,是啊，很多事情现在都得靠家人帮忙。,4
H22,是的，有时候加强沟通可以让我们心里感到更踏实。您提到的那种内疚感，是否在某种程度上影响到了您的日常心理状态呢？,是啊，最近真的有点影响，做事都需要人帮忙。,4
H22,我能理解。失去一个朋友的确让人感到失落。在削减关系后，你是否感觉到生活中失去了某种重要的联系或兴趣呢？,是啊，感觉什么都提不起劲。,4
H22,这种感觉可能会影响到你的日常功能。有没有发现自己处理日常任务的能力有所下降？,是啊，最近这些事都做不太来。,4
H22,你在努力追求理想的同时，也遇到了很多困难。对未来的工作选择感到困惑吗？,有点迷茫，生活琐事都需要别人帮忙。,4
H22,我理解在合作中出现这些感受是很自然的。你有想过这一合作关系对你的未来工作事务有影响吗？就像失去兴趣或动力。,确实有影响，现在连基本事情都需要帮忙。,4
H22,你的日常功能受到影响了吗？比如说，学习或工作能力？,是啊，基本都需要人帮忙了。,4
H10,那么有时候会不会感到很焦虑或者紧张呢？,是会有紧张感，特别是想到学校。,1
H10,在你心中，因为这种不确定而对她的举动过多思考，会让你感到焦虑吗?,还好，但会有些不安，总是想太多。,1
H10,你能意识到这些情绪变化，是件很好的事情。在这种角色颠倒中，你感到心理焦虑吗？,我通常能应付得来，但有时候确实会很焦虑。,1
H10,面对未知的未来会感到焦虑是正常的。你是否因此而感到一些焦虑呢？,说实话，我是有一些焦虑的。,1
H10,是否有些事项使你觉得情绪波动太大呢？,是的，有时我也不知道为什么。,1
H10,平时是否有因这些情况感到焦虑或有任何生理性焦虑症状，比如心跳加速或胃部不适？,是的，我有时候感到心跳加速，胃也不太舒服。,1
H10,特别是在寻找另一半的压力下，这会让你在心理上感到焦虑或不安吗？,对，我有时候会有一些焦虑，想着怎么才能符合理想状态。,1
H10,彩礼的事情似乎对你影响很大。当时你感到心理上或身体有什么不适吗？,是的，很多时候我觉得心跳加快，晚上睡不好。,1
H10,这种情况让人很不安，真是辛苦你了。你提到不敢说话，是否有感到强烈的忧虑或者焦虑呢？,是可能有点那样，我有时会紧张得手心出汗，心跳加速。,1
H10,交流中的误解真的让人疲惫。你有感到心理上的焦虑吗？,是的，有时候想根本不如不交流。,1
H10,感受到这种身体上的反应时，是否也更常在心理上感到焦虑呢？,对的，这种情况不少见。,1
H10,是的，我能理解这样的感受。一个新的环境确实让人感到不适应。你觉得这种感受是因为社交环境的改变吗？,也许是吧，我习惯了从小学到高中的那种环境，有几个一直很好的朋友。现在，她们不在我身边，我彻底地感到不习惯。,1
H10,压力管理很重要。有考虑过在准备辩论时，如何保持专注，而不是被不安干扰吗？,有时候会试试冥想或听音乐来放松自己。,1
H10,心理上的焦虑是需要时间扭转的。在药物帮助下，您的心慌或精神紧张有减轻吗？,心慌有时还是会发生，特别是在遇到压力的时候。,1
H10,非常好。你的勇敢是值得的。那这段经历有没有影响你对未来建立亲密关系的态度呢？,现在确实有点害怕跟别人亲密。,1
H10,这是个很好的策略。您提到有压力，您是否感到任何心理上的焦虑症状？,焦虑...有时会有，但还算能控制。,1
H10,和公婆的关系是否使你感到紧张或焦虑呢？除此之外，生活中还有其他让你紧张的地方吗？,主要就是和他们的问题，其他倒还好。,1
H10,而当焦虑感来袭时，你有没有一种内心的恐慌？,会的，尤其是面对突如其来的事情时。,1
H10,在人际交往中，是不是更容易感到焦虑或担心？,有时候会感到紧张，特别是朋友不主动联系的时候。,1
H10,真心的交流确实很重要。您是否因此而感到焦虑或心理紧张？,我感觉有点紧张，因为我不想关系失去激情。,1
H10,你有没有注意到她因为不安全感而表现出某种心理焦虑，对任何外部事件都特别敏感和不安？,是的，她对很多事情都反应过度。我觉得她一直很紧张。,1
H10,对，自我接受是关键。你是否经常感到心理上的焦虑和紧张？,是的，尤其是当面临一些敏感话题时。,1
H10,"可能他在用一种消极的方式应对这些困难。不知道他是否感到焦虑？ ,",他有时候会说自己感觉心慌。,1
H10,看来在关系处理上也有些小摩擦。你会常有这种与他人互动时的紧张或焦虑吗？,确实有一些。,1
H10,听上去在当时场合里可能感受到了一些压力。你在这些情况之前有没有感到紧张或心理上的焦虑呢？,好像确实有点，但有时候也没有特别感觉到。,1
H10,在这种情况下，和男朋友沟通时，你会不会觉得情绪被压抑或者无法表达真实的想法呢？,是的，他说话很直，我不太习惯。,1
H10,这非常正常，但的确需要做些调整以保护自己的心理健康。你是否体验到一种持续的心理焦虑呢？,是的，这种焦虑感让我常常觉得紧张。,1
H10,和不同的人交流是有挑战的。那次促销经历之后，你有觉得自己特别难以集中或者感到极度紧张吗？,是的，我总是觉得和别人不在一个频道上，说话也不自然。,1
H10,现在这种自卑感和焦虑感有减轻吗？还是有加重的迹象呢？和,相对减轻了，但有时候还是不免感到焦虑。,1
H10,这确实对你精神有很大负荷。最近您是否觉得自己对当前状况缺乏控制或感到焦虑呢？,是有一些这样的感觉。,1
H10,这说明你对自己的要求很高。在这个过程中，你有没有感到心理或身体上的任何焦虑呢？,有时候我会感到很紧张，有些心慌的感觉。,1
H10,听起来这让你很困扰。那么，这种情况经常发生吗？,是的，只要我提到吃的，他就马上说我馋，搞得我不知道怎么应对。,1
H10,时间确实是个因素，也许你可以尝试短时间的运动，来调节情绪。这对缓解焦虑可能有些帮助。,好的，我会试试。工作上也希望能找到一种更好参与感的方式。,1
H10,这样被影响的感觉让你是否常感到心理不安或者紧张？,常常觉得紧张，觉得不被认可。,1
H10,家庭关系紧张可能会给你带来一些心理上的焦虑，你有这方面的感受吗？,是有点，感觉每天都要小心翼翼。,1
H10,明白了，这种脑袋活跃的感觉伴随心理上的焦虑吗？,有一点。我不想做任何事情，所有事情都让我烦躁。,1
H10,这说明可能你的情绪调节需要一些方法和练习。你觉得面对这些情绪时有极大的焦虑吗？,恩，有时候我会感到很焦虑。,1
H10,很遺憾聽到這些。當你面對母親的情緒勒索和抱怨時，你會不會感到特別焦慮？,是的，尤其是當她開始大吼大叫的時候，我會感到很緊張。,1
H10,并不是每个人都善于面对冲突的，您对冲突的担心这么严重吗？,嗯，我很怕会跟室友翻脸，特别是和其中一个室友。,1
H10,心烦意乱的感觉，会不会导致坐立不安呢？,对，特别是在陌生或者人多的环境中。,1
H10,那会不会在辅导的过程中感到特别的焦虑或者心烦呢？,有时候会觉得心烦，只想赶快结束。,1
H10,您的这种感受可能与心理上的焦虑有关。有没有出现过心理上的不适感呢？,偶尔会有，尤其是想到这些事情的时候。,1
H10,您在和父亲的对话或争吵中，是否常常感到焦虑或紧张？,是的，每次看到他生气，我就心跳加速。,1
H10,吃播视频确实可能会引发强烈的食欲，并影响饮食控制。有没有产生明显的心理焦虑呢？,嗯，确实有时候会感觉焦虑。,1
H10,这样会不会让您反复陷入失落的循环？,是的，好像无论怎么做都无法改善关系。,1
H10,那么，您认为这种焦虑和强迫症的症状升级是否有联系呢？,可能是有联系的，我觉得心理压力越来越大。,1
H10,那么现在是否好一些？焦虑还会让你害怕与人接触吗？,现在好多了，但有时还是有点怕。,1
H10,没想到压力会让情绪变得更加难以控制。那时你通常感到焦虑吗？,是的，我越不想生气就越生气，越想睡就越睡不着。,1
H10,难怪你会觉得无法融入他人，这种感受有导致你减少社交活动吗？,的确如此，我现在很少参加社交活动。,1
H10,现在的心理状态是否让你感到焦虑，或者有身体上的反应呢？比如心悸或者头痛。，,会有，尤其是心悸。,1
H10,这可能与情绪波动相关联。在这段关系中，你有没有感觉承担了过多的心理焦虑？,是的，我觉得自己可能有点操心过多。,1
H10,加油，你一定可以的。说到社交，你是否因为别人对你说一句简单的话或打招呼就感到开心很久呢？,是啊，有时候心情会因为一个小小的认可而莫名变好。,1
H10,关于和陌生人交流的恐惧，你能说说具体原因吗？,我害怕被拒绝或是表现得很糟糕。,1
H10,那面对这种情况，你会感到很焦虑吗？或者心理上有压力呢？,是的，我感觉时时刻刻都在紧张。,1
H10,那在你拖延的时候，是否有觉得心理上有些焦虑呢？,是会感到有些焦虑，但不是特别严重。,1
H10,这种怀疑可能会增加你的心理负担和焦虑，对吗？,是的，我现在跟她们相处时总是小心翼翼，怕再说错话。,1
H10,你提到内心的状态不稳定以及和丈夫的关系问题。,没错，我们的关系真的很差，我感到很孤独。,1
H10,很好，你在这方面已经有了很好的计划。那再问一个问题，你在没有与父母接触时，会感觉平静一些吗？,是的，没有他们在时，我好多了，不会那么紧张。,1
H10,感觉你的社交恐惧影响到日常生活了，你可以分享一下这种恐惧是如何影响你的生活的吗？,它让我无法正常参与活动，感觉自己总是格格不入。,1
H10,这种干扰，会不会让你感到紧张或甚至是有些焦虑？,是的，有时候我感觉压力特别大。,1
H10,你的顾虑很合理。对于工作选择，有没有方面让你感到压力或焦虑呢？,我对自己的职业规划不太确定，觉得两边都不能兼顾。,1
H10,听起来这可能是个挑战。你在与她相处时有没有特别感到紧张的时刻？,确实有时候会紧张，尤其是和她聊天的时候。,1
H10,也许可以试着多联系，他可能是一个很好的支持力量。您是否体验过深度的焦虑或不安？,是的，特别是想到工作或创业的事时。,1
H10,你真的很有智慧，能有这样的领悟很难得。此刻你的内心是否还有焦虑或者不安呢？,其实说出来后，好了很多，至少没有刚才那么多焦虑感了。,1
H10,你在这些较量中常感到痛苦，这是否导致你在沟通时变得更谨慎？,是的，我变得很在意说话时的措辞。,1
H10,听起来你在努力帮助的同时，也感觉自己受到指责。你是否经常为这类事情感到心理上的焦虑或紧张呢？,我想是有的吧，尤其是在父母争吵的时候。,1
H10,恐惧对生活没有帮助，反而让问题变复杂。你在日常生活中会常感到焦虑吗？比如身体上的不适？,我确实经常感到焦虑，有时候心跳会很快，或者感觉头痛。,1
H10,这种情况的出现会让你觉得很无能为力。一旦情绪上来，你有没有觉得焦虑或不安？,有时会焦虑失控，特别是在与人交往时。,1
H10,那就再次试着深入沟通吧，即便难过请不要放弃这个可能性。,我会找到机会和他说说。,1
H10,这样的心态是非常伟大的。家庭关系的压力是否让你感到精神性焦虑？,是的，时常感到不安。,1
H10,您的担心和焦虑可能会影响到睡眠质量。有没有在日常感觉心里很不安的情况呢？,是的，总是感觉很紧张，心里静不下来。,1
H10,听起来这种焦虑有时会让你感到负担，你怎么面对这种压力呢？,我试着转移注意力，比如运动或者和朋友聊天。,1
H10,您是否曾因紧张的家庭关系受到心理上的焦虑影响，进而影响日常生活呢？,可以这么说，我骨子里是很不安的。,1
H10,在这种情况下，感到缺乏自信是正常的。你对另一半的忠诚度也有很高的要求，这让你觉得紧张吗？,是的，我容易紧张，总是要求他对我诚实。,1
H10,这说明你内心深处对友谊有很深的渴望。在恋爱关系中出现的侵入行为是否让你感到矛盾或冲突？,有时候，是因为我希望能更了解对方。,1
H10,自卑感是一种需要不断勇敢面对的感觉。世界上没有完美无缺的人。调整自己对完美的要求，可以给自己更多空间。你常常感到紧张和焦虑吗？这种焦虑有没有伴随着身体的反应，比如心跳加速或胃部不适呢？,有时候会，特别是心跳会很快。,1
H10,这是很具有压力的情况。突然想问，有没有因为财务问题感到焦虑或不安呢？,有时候想太多会让我很焦虑，尤其是在学校的时候。,1
H10,那在你和男友沟通关系问题时，有没有感到焦虑或不安？,是的，我怕他说些让我失望的话。,1
H10,高中考试给你带来心理上的负担了吗？,是有些压力，尤其是看到成绩不如意时会特别沮丧。,1
H10,这份内疚和羞耻感似乎挺重的。你是不是感到特别强烈的焦虑情绪？感到内心不安或者焦虑？,是的，有时候总有一种莫名的心慌。,1
H10,适当的休息可以帮助我们更好地面对日常挑战。在与喜欢的男孩子沟通时，你对自己的表现会感到敏感或焦虑吗？,有一点吧，更多的是害怕说错话或者留下不好的印象。,1
H10,这确实会让人感到无力。对于母亲如此控制的行为，你是否觉得严重不安？,确实如此，有时候我会怀疑自己是否太过于敏感。,1
H10,说到这个，听到别人的努力会让你对自己的学习方法产生疑虑吗？,是的，有时候会怀疑自己的方法对不对。,1
H10,那在晚上，你会因为这些问题而失眠或焦虑吗？,偶尔会有，特别是在想些事情的时候。,1
H10,那确实令人焦虑。您是否因为担心儿子的情况而感到心理焦虑呢？,是的，我经常感到不安和烦躁。,1
H10,这项兴趣可能和你的心理感受相关。有人在阅历这些内容时会感到焦虑，你有过类似感觉吗？比如担忧或恐惧？,有时候会感到恐惧，但也会被吸引。,1
H10,你有说过自己经常会一个人流泪，感受到明显的焦虑或不安吗？,有时候喂奶的时候会想，如果我不想继续坚持下去怎么办。,1
H10,这样的性格会让长期的交往显得比较困难。你平时在社交场合会感到心理焦虑吗？,有时候是会的，尤其是在需要维持人际关系的时候。,1
H10,另外，这些工作中的经历是否让你感到精神不安或产生心理焦虑？,最近确实感到轻微焦虑，不知道是因为工作还是其他因素。,1
H10,这样的焦虑是否让您觉得整体无法安静下来？,是的，我一直在反思。,1
H10,同事间的关系是很重要的。你是否常常感到心理上的焦虑或紧张？,是会有一些紧张，尤其是在需要合作的时候。,1
H10,在为过往感到懊悔时，你对可能的未来惩罚或后果有过担忧吗？,有时候会担心，但我明白继续自责对我没好处。,1
H10,那先从小事情开始，比如每天花五分钟在户外散步，感受自然。您感觉紧张焦虑的时间多吗？,是的，感觉情绪一直不稳定，容易紧张。,1
H10,这些心理问题和对人际关系的顾虑，是否现在有所改善呢？,是的，疫情期间居家学习时，我花时间冥想，还有父母的陪伴，这些问题逐渐消失了。,0
H10,在家上网课确实有它的好处，那在家上网课的时候，你感觉压力或者焦虑吗？,不太焦虑，在家我能安排行程学习更多。,0
H10,你提到最近经常感到焦虑，然后开始暴食，这种焦虑感给你带来了哪些心理或身体上的感受？,感觉胸口很闷，还有种无力感。,0
H10,白天是否经常感到心理上的焦虑？,没有，我白天还好。,0
H10,这种失去激情的感觉好像很难受。你在逼迫自己面对每月的争吵时，是否经常感到心情紧张、焦虑不安？,还好啦，争吵的时候还能挺住。,0
H10,这是一个很棒的开始！您的生活环境让您感到压抑，这会导致您感到焦虑或紧张吗？,没有哎，我还好哦。,0
H10,在这样的情况下，焦虑和紧张是否常常伴随您？,其实我还好，不太焦虑。,0
H10,你是否对将来的学业或职业发展感到不安或焦虑？,目前还好，没有特别焦虑。,0
H10,理解，这让人无奈。谈谈你对这种情况的具体感受有帮助。它是否令你心理上感到焦虑或紧张？,我没啥特别感觉，还挺平静的。,0
H10,这个矛盾可能增加了你的心理性焦虑？,没感觉到有啥心理性焦虑。,0
H10,你提到了对不熟悉的人总保持警惕，这会让你感到焦虑吗？,我还好，不太焦虑。,0
H10,喜欢音乐是一种好的放松手段，但长久来看，可能需要多角度地调整。最近，你有没有感到心理上非常焦虑或者心神不安呢？,最近还好，没有特别焦虑。,0
H10,制定新的作息表能够助你重拾失去的热情。日常学习和生活中是否感到异常的焦虑呢？,还好，没觉得特别焦虑。,0
H10,你提到看到她和同学关系好时会感到酸涩，这对你影响大吗？,没啥太大影响，就是有点不舒服。,0
H10,单身的状态会让你感到孤独或焦虑吗？,其实单身也挺好的，我不觉得孤独。,0
H10,您提到对阅读相当专注，读书和做笔记的过程中有没有感到压抑或紧迫？,没有呢，挺享受的！,0
H10,这种感觉很无奈。您最近提到的财务问题，似乎也让您很烦恼，您对此感到非常焦虑或紧张吗？,其实还好，没那么紧张。,0
H10,近年来累积的压力可能会转化为强烈的焦虑感。,我没有那种感觉呢。,0
H10,爱和被接受是我们最基本的需求。有时候，焦虑和不安会让我们容忍程度变得特别低。在恋爱关系中，你是否觉得对方一旦对自己不满就无法忍受？,"还好啦，感觉自己能应付得来。",0
H10,这很常见，我们可能需要更多关注生活中的小确幸。 而在面对家庭关系时，是否有其他值得分享的地方呢？,好主意！最近还挺享受家庭聚会的。,0
H10,那一定很压抑，尤其当你意识到她以你的痛苦为乐趣。,是啊，有时候感觉挺无奈的。,0
H10,这是可以理解的，面对高一的学习压力，你有没有感受到精神压力或者焦虑呢？,没有太大压力，还OK。,0
H10,听起来你在这种氛围中成长确实很辛苦。你提到无法放松并感到焦虑，这种焦虑感在生活中经常出现吗？有没有伴随其他心理上的不适？,其实还好啦，没什么不适。,0
H10,那种紧张是否让你感到心理不安或焦虑？,不会，我还好，谢谢关心！,0
H10,请一定要去寻求专业的医疗帮助，了解情况后会让你心安一些。对日常感到焦虑或紧张吗？,谢谢建议，我其实不太感到焦虑。,0
H10,你觉得自己在日常活动中有没有感到焦虑或者不安呢？,没有耶，平时挺放松的。,0
H10,这些变化和你的经历一定让你感到很失落。在家庭发生变故的同时，你有没有感到过度忧虑，对自己的健康或家庭状况感到焦虑？,"其实没有太多焦虑，只是偶尔有些担心。",0
H10,有时候焦虑确实会让我们做出反常的决定。除了旅行，你在其他方面也感到焦虑或不安吗？,"旅行之外还好，没啥特别焦虑的。",0
H10,你说的这些感觉是不是包括紧张和害怕？,不太像，我没有紧张和害怕的感觉。,0
H10,在这种关头下，你有因为关系问题感到心理上的焦虑吗？,没有，我还挺平静的。,0
H10,这真是一个艰难的状况，照顾生病的亲人会带来很多压力。,是啊，真的挺不容易的。,0
H10,在面临争吵和沟通问题时，你是否感受到明显的精神焦虑或紧张感？,没啥特别的紧张感。,0
H10,当生活缺乏方向时，我们常常会感到困惑。你若仍旧在无意识中追求他的认同，会觉得在人际关系中无所适从吗？,不会哦，我比较随心所欲。,0
H10,你在一般情况下，是否更加容易感到紧张、焦虑或易受刺激？,不会，我一般挺放松的。,0
H10,发现自己更容易感到焦虑吗？,其实没有，最近还好。,0
H10,那么，你和妈妈交流时是否感到异常焦虑或紧张？,不会，我跟我妈交流挺自然的。,0
H10,这种被排除在外的感受会让你感到不适和焦虑吗？,没有太大影响，我还好。,0
H10,这种感觉有时会让人感到失落或焦虑。你有没有因为这些而感到压力特别大？,没有特别大的压力，挺好的。,0
H10,心理的安全感是很重要的，异国恋让人悬在心头是很常见的情况。平常时候有没有意识到自己的这种焦虑感呢？,其实我没太在意这个问题。,0
H10,你觉得这种紧张关系会影响到你的情绪吗？,不会，我感觉挺好的。,0
H10,这可能是与你的心理焦虑有关的表现，你是否感到过明显的心理焦虑呢？,没有特别感到焦虑。,0
H10,这会让你感到压力和焦虑吗？,没啥压力和焦虑，挺好的。,0
H10,在这种情况下，您似乎面临许多的情感压力，当这些压力加大时，您的症状是否也变得更加严重？,其实我没有这种症状哦。,0
H10,听上去这一定让您很难受。您平时也常常感到心理上的紧张和焦虑吗？,其实没有，我还好啦。,0
H10,过往的经历对我们影响深远，这些记忆可能不经意间影响了如今的交往方式。如果这些突然出现的记忆让你感到恐慌，这种感觉会让你惊恐不安吗？,不太会，我还好。,0
H10,我明白，寻找新的应对方式可能需要时间。在交流中是否曾经感到被对待不公正或被指责时感到严重的不安或焦虑？,没有这种感觉，交流还好。,0
H10,听起来家里的环境也加剧了你的压力。你提到家里总是吵架，导致无法集中注意力，这种情况下，你是否感到心理焦虑？,我还好，没特别焦虑。,0
H10,你对她的感情似乎极为敏感。这种不安全感是否引发了你的心理焦虑呢？,其实没有，我还挺平静的。,0
H10,听起来这让你也很难过。你提到过你母亲的行为让你感觉到了身体的抗拒，这种抗拒是否引发了心理或身体上的不安？ 和,嗯，还好啦，没啥不安。,0
H10,试着分解问题的小步骤，你会常感到精神紧张或焦虑吗？,不太会，一般都还好。,0
H10,在这种时候，可能是因为我们对熟悉的人有更多的期待。放松心态，慢慢来，不要给自己太大压力。,好的，我会试着放松心态，谢谢你！,0
H10,你对这种选择的看法如何？它会引发你的焦虑吗？,我还好，不会引发焦虑。,0
H10,那你在努力管理这些情绪时，会感到有压力或心理焦虑吗？,其实不会，我觉得还好。,0
H10,因为这些争吵有时会让人无比焦虑。你感觉到心理上有焦虑吗？,其实，我还好，没有特别焦虑。,0
H10,这让你对与他人的互动感到不确定，对吗？你有没有在单位感到这种情况加重了呢？,"其实在单位还好，没有特别不确定的感觉。",0
H10,这种情况让人很不安。您在这些情绪上下更多功夫时，会感到紧张或是焦虑吗？,不会，我现在觉得挺平静的。,0
H10,那在一起时候的相处方式是否让你在社交或公共场合感到更加紧张和焦虑呢？,没有，那时候还挺放松的。,0
H10,你提到不敢与人交流且感到惶惶不安，请问是否常常感到焦虑或者精神紧张呢？,还好啦，没太大感觉。,0
H10,很多学生在压力下都有这样的自我怀疑，但这并不反映您的真实能力哦。说到考试，您是否感到特别的焦虑或忧虑呢？,其实我考试时没太多焦虑。,0
H10,睡眠不足会影响您的精力，您觉得这是否增加了您的焦虑感呢？,其实，我觉得还好，没啥影响。,0
H10,我理解。在这种压力下，难免会感到焦虑或紧张。,"谢谢理解，我还好呢，没啥问题！",0
H10,那曾经有没有因为心情不好和母亲或老板吵过架呢？,没有，因为这个吵过。,0
H10,您在特别专注的阶段，也会感到焦虑和担忧吗？,不会，那时候一般都很专注。,0
H10,明白，这些情绪可能对你的心理健康产生影响。你有没有感到特别不安或者忧虑？,没有特别不安或者忧虑，挺好的。,0
H10,这样的情绪非常影响心情，你有因此感到心理压力或焦虑吗？,没有哦，我还好。,0
H10,你对她的态度和行为感到不安或焦虑吗？,没有不安或焦虑，她挺好的。,0
H10,这段关系中的压力，是否让您感到心理上的焦虑呢？,没啥焦虑，我挺好的。,0
H10,你是否因为与他人沟通而感到特别的紧张或焦虑？这样的问题会不会影响到你与其他人的社交？,没有，这方面我还好。,0
H10,那是一种很自然的反应。你觉得在分手后的这段时间里，有没有感受到一种焦虑感或者心里不舒适呢？,没有特别的焦虑或不适。,0
H10,那些怀疑和逃避的想法通常是因为担心被再次伤害。你来深圳时是抱有期待的，对吧？,是啊，我对深圳挺期待的！,0
H10,那是一段艰难的时期。你与他人交往时会感到焦虑或紧张吗？,其实还好，我平时还挺放松的。,0
H10,也许可以尝试对话前自我反思，然后请求他听听你表达的想法和感受。,好主意，我会试试这么做。谢谢！,0
H10,这样的情况可能会让人感到紧张或焦虑，您有这样的感受吗？,没有，我还好呢，谢谢关心！,0
H10,你在情绪波动中，有没有感觉到明显的心理焦虑，尤其是担心自己今后的情感走向？,没有特别焦虑，就是情绪起伏大。,0
H10,听起来他们的评论对你影响很深。在社交中你是否感到其他人的评论使你无比焦虑，甚至身体产生不适，比如心悸或头痛？,没有那么严重，偶尔会有点紧张。,0
H10,职场中的人际关系确实有时会让人感到不安。你觉得这些情况是否让你感到紧张或焦虑？,不会啦，工作还好。谢谢关心！,0
H10,这种情况会影响到你日常的心理状态吗？比如工作或生活中感到压力更大？,不会影响，状态还挺好的。,0
H10,这听起来确实是个挑战。在扫掉这些小红点时，你通常会感到紧张或不安吗？,不会，我还挺放松的。,0
H10,其实不需要，简单的深呼吸和关注内心的感觉皆可。你会因为这样的尝试感到焦虑吗？,不会，我试试看。谢谢关心！,0
H10,很多时候，我们面对自己向往的事情时会有矛盾情绪。你有因为搭讪而感到焦虑或担心被拒绝吗？,没怎么担心过这些，心态挺好的。,0
H10,对这段关系的发展，你是否经历过心理上的焦虑或不安？,没有特别的焦虑和不安。,0
H10,处理自己和别人的关系时，会不会感到紧张或焦虑？,不会，我觉得还好。,0
H10,确实有挑战，尤其是在忙碌的工作环境中。这种情况会让你感到压力和焦虑吗？,不会，我还挺能适应的。,0
H10,与他有争执时，你会感到心烦意乱吗？,不会呢，我觉得还好。,0
H10,这种时候，你会觉得整个环境都在关注或评价你吗？,不会有这种感觉。,0
H10,那种内心的焦虑感是非常普通的反应，特别是在面对情感的离别时。,嗯，我没这种感觉。,0
H10,太好了！继续几次深呼吸，你会发现身体有更多的放松。你对未来是否感到过担心呢？,现在没啥担心的，放松挺好的。,0
H10,这种持续的怀疑是否让您在日常生活中也感到较为紧张？,没有啦，平时还好。,0
H10,他的评价对你造成了很大的心理负担。对于目前家庭状况，你是否感受到压力或焦虑？,目前还好，没有太大压力。,0
H10,对这些想法，你会感到焦虑或紧张吗？尤其是在与她互动后会否产生这样的感觉？,没有，我一般不会有这种感觉。,0
H10,你提到介意，是不是有时候还会因此而感到焦虑呢？,不会啦，我还好。,0
H10,这种怀疑让人十分困惑与你不安。但信任是关系中的关键部分。你会不会总是感到一些精神上的紧张和焦虑？,确实是这样，我甚至感觉自己的心情无法平复。,3
H10,那么，你会因提到父亲而感到紧张或不安吗？,肯定会的，每每想起这些事，我总会有种莫名的焦虑。,3
H10,听起来你们在是否要生活在大城市上有分歧，对此你感到沮丧吗？,每次我们都会因为这个吵架，就像前两天，他把我拉黑了。,3
H10,这种状态会让人感到很难受。你在面对父母的年纪和家庭压力时，会不会感到焦虑呢？,会的，我一直很担心父母。,3
H10,这可能会很让你紧张。想到她有时会不会感到心理上有种依赖？,没错，有时候会感觉强烈依赖。这种感觉好复杂。,3
H10,这些情绪一定很折磨人。那您在想这些事时，会感到心理上的焦虑吗？,焦虑是肯定的，尤其是一闭眼就会想到那些不想看到的画面。,3
H10,写日记能帮助你更清晰地理清情绪。你觉得自己有心理或情绪方面的焦虑吗？,是的，很多事情都让我焦虑不安。,3
H10,是的，要在繁忙的日程中腾出时间确实很有挑战性。不过，这对建立长久的理解和联系很重要。您有没有感到心理层面上的焦虑呢？,最近一直很焦虑，对未来也感到有些不安。,3
H10,对于你来说，这种无望感可能源于对未来的担心。你最近有没有经常感到心里焦虑呢？,是的，我一直在担心我们的未来，以及我自己的状况。,3
H10,了解了。这种责备可能加深了你对性别和性倾向的疑惑。针对性倾向的疑惑，让你感觉到焦虑或不安吗？,是的，我经常为此感到焦虑，不知道未来该如何面对。,3
H10,焦虑是一种很复杂的情感，在这里您并不孤单。焦虑时可以找几个短时间冥想的小技巧来试试。您对现在的状况是否感到焦虑担忧呢？,是的，特别是关于未来的事情，我常常想不出下一步该怎么走。,3
H10,很好，这些方法有助于自我调适。您感到焦虑时，是否心里感到不安？,是的，总会忧虑未来和身边的人际关系。,3
H10,你不是一个人在孤军奋战！在独处时是否会感受到心理上的焦虑？,感到孤独时总是伴随着焦虑。,3
H10,这种社交恐惧是否伴随着一些心理或身体上的焦虑症状，比如心悸或紧张感呢？,是的，有时候会感到心跳很快，浑身不自在。,3
H10,你有没有在这些情况下感到心理上的焦虑呢？,是的，经常会有这种感觉。,3
H10,听到你有这样的想法让我很担心。能不能详细描述这种担心是如何表现的呢？,我怕疼，更怕没死成后苟延残喘地活着，这种想法本身就让我难受。,3
H10,你觉得这个“提心吊胆”的感觉是每日不止的，那这些情绪困扰是否伴随着明显的心理焦虑症状，比如心烦意乱或担心未来事件会发生？,是的，有时候我就是觉得站不住脚，特别担心未来。,3
H10,我们可以慢慢来。你是否会因为家里的矛盾或争吵而感到极端的情绪波动，难以自控？,会的，家里的争吵总是让我不知所措。,3
H10,像这样的情况，是否会让你担心对你的未来产生负面影响？,当然会，我很怕自己做错决定，这让我很焦虑。,3
H10,这样的紧张是否让你感到焦虑，甚至有其他的心理或生理症状呢？,是的，我会头脑一片空白，有时候心跳加速，手心出汗。,3
H10,这样的探索自我成长的态度非常积极。那关于最近反思后的焦虑，您是否感到需要不断证明自己的善意？,对，会有这样的焦虑，好像总是要做些什么才能证明自己不是虚伪的人。,3
H10,听起来你正在承受很多压力，让我了解更多。你提到的这些焦虑是时常存在的吗？,是的，总是感觉心烦意乱，而且这些心理上的焦虑似乎一直存在。,3
H10,自己的价值观是需要时间来重新构建的，别急。你提到害怕赶不上课程，这种焦虑的情绪是否让你感到心理上的不安？,是的，我常担心自己的成绩，总觉得比别人差好多。,3
H10,面对这些压力，你会感到焦虑和紧张吗？,我焦虑的情绪已经持续了很久，很难放松。,3
H10,在这段关系中，你曾感受到过焦虑吗？,是的，特别是在精神上感到困扰和不安。,3
H10,在为宠物的事情感到烦恼时，你是否感到很焦虑或紧张？,是的，特别是想到要离开它，我就很紧张。,3
H10,你的顾虑我明白。那男朋友这样的习惯是否会让你更容易受到心理焦虑的困扰？,我感觉确实让我很焦虑，觉得生活变得非常没有秩序。,3
H10,完美主义无疑是双刃剑，一方面促使我们追求卓越，另一方面又增加了心灵的负担。你有没有经常感到心理上的紧张和焦虑呢？,我觉得紧张和焦虑是常态，每天都在压抑中度过。,3
H10,父母的态度是否让你对未来感到更不安或者焦虑呢？,是的，他们这样让我很不安，总感觉是自己做得不够好。,3
H10,这种选择反映了你在寻找舒适的社交环境。在与同性相比，和异性交往时你会更加紧张或觉得难以放开吗？,对，和异性在一起时我总是觉得很紧张。,3
H10,在分开的过程中，您有没有感到心理焦虑的症状？,是的，我常常感到很焦虑和无助。,3
H10,那么这种焦虑会让你感到心里很不安或莫名地担心和恐惧吗？,是的，经常会焦虑到晚上也睡不好。,3
H10,那你在思考未来时有感觉到任何焦虑或不安吗？,经常感到焦虑，对未来的不安让我无法专心眼前的事情。,3
H10,做出决定确实需要时间，你是否常常感到心理上特别焦虑和不安呢？,是的，经常很焦虑，也不知道该怎么办。,3
H10,听起来这种焦虑使你无时不刻感到紧张不安，是否因此对生活感到有些无奈呢？,是的，有的时候真的无能为力。,3
H10,你对这种心理焦虑感觉明显吗？,挺明显的，想到就心跳加速。,3
H10,当生活中有不确定性时，这很正常。您经常感到紧张或心理焦虑吗？,哦，经常会感到焦虑，好像失去很多东西。,3
H10,逃避的念头在生活中常见。你可曾有感到心理上的焦虑或紧张吗？,是有一些，特别是在想到未来的时候。我会感到无望。,3
H10,"在这种情况下, 您是否对社交场合感到极大的不安或紧张？",是的，这种不安一直存在。,3
H10,处理这些情感的确不简单。那你在接电话时觉得紧张或者有负担吗？,是的，每次接电话，我都会觉得压力山大。,3
H10,在说到这种经历时，你是否还伴随着精神上的焦虑？,是的，焦虑感一直挥之不去。,3
H10,焦虑感确实常常源于对未来的不确定和潜在的失望。你提到感到很大的压力，你感觉这种情况下内心是否感到焦虑不安呢？,是的，我感到很焦虑。有时候甚至会觉得喘不过气来。,3
H10,不容易啊。你是否经常感到精神焦虑或紧张不安？,经常觉得神经紧绷，喘不过气。,3
H10,身体健康是非常重要的，过多的心理压力可能会导致身体上的不适。有感到明显的心理焦虑吗？这影响到你的学习效率了吗？,是的，觉得每天都活在紧张和焦虑当中，学习效率自然也不如从前了。,3
H10,工作和兴趣的变化可能是你潜意识中对这段关系的一种反应。当她骂你的时候，你有没有感到特别的焦虑呢？,对，每次她这样我就很焦虑，怕再次听到她的指责。,3
H10,事实上，这样的情绪我们都曾经历过。它可能会持续多久呢？即使没有明显的外界刺激，你也会担心和恐慌吗？,是的，那种不安有时候无缘无故就出现了。,3
H10,这种紧张的感觉会让你在社交场合感觉到明显的心理焦虑或恐惧吗？,嗯，就是那种心理上的焦虑，让我几乎无法呼吸。,3
H10,这种焦虑是否也在其他场合中出现，比如说社交活动中？,对，在社交场合我总是感到紧张，无法放松自己。,3
H10,这种感受是否让你在与人交往中感到压力？,的确如此，我追求真实和真诚，但每当逼自己去适应社会时，就像走进一张无形的网里。,3
H10,那你是否感到焦虑，尤其是在家人施加压力的时候？,是的，在家人的压力下我经常感到焦虑。,3
H10,与母亲的沟通对您很重要，那么您在与母亲对话后有感到焦虑吗？,经常尤其是在她不理解我的时候。,3
H10,期望和现实的差距让人苦恼，但每个人有自己独特的旅程。你有没有感到强烈的焦虑，或者难以停止思考这些烦恼？,经常有，尤其是独处的时候。思绪乱作一团。,3
H10,不易感到自我怀疑，但努力已经在进行中。这种时候，精神状态会有所起伏，你有感到过精神性焦虑吗？,经常有这种感觉，尤其是面对家庭聚会的时候。,3
H10,这种情感上的困惑和平衡点的寻找确实不易，你是否感到压抑或焦虑呢？,确实很焦虑，特别是想到未来会怎样。,3
H10,不放弃尝试是关键！当你心慌的时候，尽量尝试着关注呼吸和身体感觉。你在应对这些情绪挑战时，是否也感到难以专注于手头的任务？,是的，我总是很难集中注意力。,3
H10,那我们可以从短时间的步行开始。循序渐进地增加活动，这对情绪调整很有帮助。你现在有时会感到非常紧张或不安吗？,经常会，有时候感觉握不住现在事情。,3
H10,这是让你感到焦虑或者不安的事情吗？,确实如此，我感到很不安。,3
H10,对睡眠的调整需要时间和耐心，你已经在努力，非常值得赞扬。你是否常常感到这些内心的痛苦难以承受？,内心的痛苦真的常让我抓狂，有时候真难控制。,3
H10,这种焦虑是否影响到你的日常生活和学习？,是的，每天都很难集中注意力，总觉得心里堵得慌。,3
H10,自信心的重要性不可忽视，这方面的感觉会让你在面对家庭时感到焦虑或不安吗？,是的，我确实感到常常不安，心里总有种无法描述的不安感。,3
H10,改变是需要时间的。但我们可以一起努力找到方法。对于未来的计划或者考试成绩，你有没有感到特别担忧？,是的，总是担忧，考不好怎么办。,3
H10,这样的尝试很重要，给自己和别人一个机会。你有没有感到对父母对你成绩的期望产生过多的压力呢？,是的，他们的期望让人无法喘息。,3
H10,这是一个非常积极的想法。自我调整是个漫长的过程，有时候专业意见也会给我们新的视角。在面对母亲的批评时，你会感到身体紧张或其他不适症状吗？,是的，我经常会感到胸口发紧，还有时候会恶心。,3
H10,轻松的感觉很重要，您对婚姻中的问题感到焦虑吗？,是的，总觉得未来无望，这样的婚姻会长久吗？,3
H10,这样长期的焦虑会让人感到疲惫。你是否在思考老公与其他女性的关系时感到心理上的焦虑呢？,是的，这种未知真的让我很焦虑。,3
H10,在与他人交往中有没有发现信任很难？,是的，我总是怀疑对方的意图。,3
H10,听起来他正在处理多方面的问题。你觉得这对他的精神状况有没有造成明显的焦虑或压力？,是啊，这些问题积累在一起让他心神不宁。,3
H10,兴趣的缺失的确能反映出情绪状态。你有没有觉得最近的焦虑和不安与日俱增？,焦虑感一点一点地在增加。我很想脱离这种状态。,3
H10,那有在这样的种种压力下，您是否体验过任何形式的心理焦虑，比如过度担心或难以放松？,确实有，每晚都在担心这些债务，还有朋友一直在催债。,3
H10,兴趣减少可能是心情问题的一种表现，你常为这些事情感到焦虑吗？,是的，担心他们以后的发展，也担心我们之间的关系修补不好。,3
H10,经济条件通常是家庭里重要的话题，您有没有因为这些家庭问题感到不安或焦虑呢？,是的，我总是觉得很不安，觉得生活没什么保障，尤其是面对他的不满。,3
H10,最近有不断感到心理上的焦虑或紧张吗？,是的，总觉得有什么不对。,3
H10,要么失眠，要么嗜睡。你在嗜睡时是否会体验到焦虑或不安呢？,确实如此，很焦躁，但又提不起精神。,3
H10,噢，了解。父母的年龄确实是个重要因素。提到这个，你会不会因此感到心理上的焦虑？,是的，我害怕他们有一天会突然离开我。,3
H10,直接表达您的感受有时能够改善这种情况。这样的问题是否让您感到心理不安呢？,是的，我总是感到焦虑，有点呼吸困难。,3
H10,网上找人倾诉也不失为一种途径，但面对面交流可能会提供更多情感上的支持。你会担心自己无法被他人理解吗？,是的，这种不被理解的感觉让我很焦虑。,3
H10,那您在生活中有感到焦虑或紧张吗？尤其是对这位男生的事情上。,是的，很多时候我都会为此感到不安。,3
H10,你说看到别人不开心时会发脾气，会不会是因为这种情况下的心理焦虑呢？,没错，我很怕这种焦虑控制不住，一控制不住就会发脾气。,3
H10,你的恐惧和慌乱是在什么样的情境下出现的呢？,主要是因为他的批评，让我觉得自己一无是处。我变得很自卑。,3
H10,在沟通的过程中特别紧张或者焦虑吗？,是的，特别焦虑，因为老公总想息事宁人，而我不愿被这样对待。,3
H10,自我洞察力在忙碌时确实容易被忽视。那在处理学生与家长之类的事项时，您会不会感受到强烈的焦虑情绪？,是的，特别是在家长对我有所期待时，那种压力会让我感到焦虑。,3
H10,理解独自行走会带来的不安。你对一个人旅行的计划感到担忧或焦虑吗？,有的，怕寂寞又怕不安全。,3
H10,当您考虑这个压力时，是否会导致某种程度的心理焦虑呢？,是的，我经常感到焦虑，因为我才是孩子，却被逼到了一个成年人的角色。,3
H10,听到这些，能感觉到你真的很想突破现状。同时你会因为家人的期望而感到心理上的紧张吗？,每次想到家人都觉得压抑，尤其是我妈老训我。,3
H10,哦，压抑情绪有可能会加剧焦虑哦，你会因此感到更焦虑吗？,确实是这样。情绪积压让我感到压抑和焦虑。这种感觉真是难以摆脱。,3
H10,在这整个过程中，你有没有感到过很大的经济压力？,是的，房贷到账贷，还有彩礼的压力。,3
H10,这确实是非常巨大的压力。那段时间你的心理焦虑有多严重呢？,我对负面新闻变得特别恐惧，经常觉得意外会随时发生在我身上。,3
H10,有时候，我们处理考试压力的方式直接影响了身体反应。你觉得胸口压抑时，是否伴随着焦虑的感觉，比如烦躁不安或心慌呢？,是的，有时候真的会很心慌。,3
H10,听起来你对目前的状态感到无助。那么，这种情况是否让你感到心理压力过大呢？,是啊，每天都觉得非常紧张和焦虑。,3
H10,在你感到迷茫的时候，你是否体验到某种心理负担呢？,有，那种负担感很重，尤其在家人给我压力时。,3
H10,那是很好的放松方法。面对这些，您是否常常感到焦虑或紧张？,是的，尤其是在和人接触时，我总担心会不好相处。,3
H10,高考压力是很大的，但也不要给自己施加过多额外的压力。这时候您感到心理上有些焦虑不安吗？,心理确实感到很紧张，压力大时总感觉喘不上气。,3
H10,我能想象这一定很难受。这种紧张让你在日常生活中也觉得焦虑吗？,是的，我总是害怕会不小心再看到那些内容。,3
H10,在与他人关系变坏时，这样的情况加剧了吗？,是的，我的心情更沉重了。,3
H10,那时是否感到强烈的焦虑或恐惧？,是啊，那种感觉让我很害怕。,3
H10,放松方法因人而异，可能需要找到更适合你的方式。你是否觉得自己对能否控制未来感到困扰？,非常困扰，我总觉得事情脱离了自己的控制。,3
H10,这种身体反应或许是内心焦虑的外在表现。打同学和随后孤独的体验有没有让你对在团体中的地位感到不安或焦虑呢？,确实，让我觉得自己在集体里没有位置。,3
H10,这表明她对你的影响很深。想知道你对她的态度不明确是否让你感到心情消极或心理压力加大？,她的态度让我很难放松，总觉得心理压力很大。,3
H10,在与陌生人或女性交流时，你的行为或者想法是否引发过心理或生理的焦虑？,是的，我和女性交流时总是很紧张，生怕会露出什么不好的想法。,3
H10,独自面对这些问题时，您感受到强烈的心理焦虑或不安吗？,感受到，无时无刻不在焦虑总是围绕着我。,3
H10,听起来你的父母对彩礼有他们的期待，你有没有感到这种期待带来了很大的压力？,是的，我感到特别的压力。我爸妈希望我努力挣钱，他们觉得这笔钱很重要。,2
H10,听起来你在对待与朋友的关系上承受了不少压力。这种焦虑会不会已经影响到你的日常生活呢？,是的，已经影响到我的生活和一些决策。,2
H10,每日我们努力一小步，也能改变很多。针对高考压抑心情，你会感受心理上的改变，心理上的焦虑呢？,焦虑感是存在的，应对这种大事情总这样。,2
H10,在你和朋友的关系中，你有没有感到心理上的焦虑或者压力？,当然有。我总觉得不安，无法放松。,2
H10,这样焦虑的感受是在白天还会持续吗？,会啊，尤其是看到别人交朋友那么顺利的时候。,2
H10,这样的掩饰行为是否让您更加感到孤独和疲惫呢？,嗯，是有这样的感觉。我母亲总是揭露我的秘密。,2
H10,这是否令你感到过大的心理压力，甚至觉得无法完成呢？,是的，我常常有这种感觉。,2
H10,这种苛刻的行为是否对你的心理造成了影响，比如心理紧张或不安呢？,真是这样。我试图解释自己，可每次都很失败。,2
H10,在这样的交往方式中，您认为自己是否会对社交活动产生显著的焦虑感呢？,是的，有时我在与人接触时会无端紧张，即便是小事也可能让我心跳加速。,2
H10,从更广的角度看，这可能是公司的安排。你曾提到想在婚前快速成长独当一面，你焦虑自己的未来吗？,是的，压力有点大，因为我感觉时间有限。,2
H10,考试的压力确实可以很大，你准备考试时会觉得精神焦虑吗？,是的，每次考试前，我都能感到很大的心理压力。,2
H10,回忆一下，选择困难时会觉得矛盾和焦躁吗，这对你的生活学习有影响吗？,是的，确实有这样的感觉，影响了我的注意力和心情。,2
H10,那么在这样的环境下，你是否感到自己处于极大的心理压力下呢？,我感到心慌，还有点痛苦。,2
H10,晚上的确是反思和情绪高涨的时刻，不如试着睡前做写日记来排解。是否因为新的学校环境以及外界要求的不同，让你增添了某种被迫学习的负担感？,写日记这个方法我可以试试。我一直觉得不顺从外界期待会被看作是失败。,2
H10,这样的经历确实会对人有长期影响，你现在也还经常感到焦虑吗？,有时候。总觉得有人要批评我，想赶紧躲起来。,2
H10,这似乎让你感到焦虑，觉得自己处于风雨中。这方面的问题有影响你对未来的看法吗？,是的，我很担心自己能否应付这些变化。,2
H10,那么这是否也引发了一些心理上的焦虑或者不安？,有时是这样，我会担心这种情感对我们友谊的影响。,2
H10,自信的缺乏可能源于对自己的负面评价。你提到父母的话影响了你，这让你感到焦虑吗？,是的，他们总是让我觉得自己很失败。,2
H10,我理解这个过程不轻松。您提到无助感，是否感到紧张或无暇回避的恐惧感？,经常有这样的感觉。很多事情都让我感到不安。,2
H10,她这种依赖是不是开始于你们搬家之后？新环境是不是让她感到不安？,是的，搬家后她才这样的，以前她还好。,2
H10,有新的交际是很好的开始，你有没有在社交互动中感到紧张或不安？,呃，偶尔。我总是担心别人怎么看我，比如他会不会喜欢其他女生。,2
H10,这种烦躁对你的日常生活有影响吗？比如让你很疲惫？,是的，心里一直在想，感觉很累。,2
H10,那么她对这些事情是否有心中反复思考，导致过度担忧或焦虑的情况呢？,会，她有时会在这些回忆中反复纠结，也很焦虑。,2
H10,这样的情况下，您是否感到很焦虑？,有一点。我常常担心下一次沟通会不会再出现误解。,2
H10,身体上的反应也影响你的心情。那在与人交往时，你会感到特别紧张或担心别人的评价吗？,是的，总是会担心他们怎么看我。,2
H10,焦虑影响着我们的心智和身体，你能描述焦虑时的感受吗？,心里堵，胸口有压迫感。,2
H10,听起来这种经历对你很重要。被老师批评或者提到要完成作业的时候，你会感到焦虑或者恐慌吗？,是的，总是感到压力，有时候想逃避。,2
H10,真希望能帮到你。最近你是否感到焦虑或紧张呢？,有时候，会感到无缘由的心慌。,2
H10,不安是改变过程中的一部分，也许我们下一次可以详细计划一下实际可行的步骤。相信自己，你并不孤单。否则呢，你能记得自己什么时候开心过吗？,有时候和狗狗一起玩，我会短暂地忘记烦恼。,2
H10,反复确认工作事务是否因为精神上感到不安或紧张？,没错，我经常感到焦虑，因此需要确保万无一失。,2
H10,画画和听音乐都是很棒的放松方法！当你感到尴尬的时候，是不是会感到不安或害怕？,是的，只要有一丝尴尬，我就怕丢脸，不敢再尝试去做事情。,2
H10,那么在婚姻问题上，您是否常常感到焦虑或紧张？,是的，尤其在安静的时候，会胡思乱想。,2
H10,您会因为这些问题而感到焦虑或不安吗？,确实常常感到焦虑，我希望能够改变现状。,2
H10,你会不会觉得自己对孩子的事情过于担心或焦虑呢？,是的，总是担心以后很多问题。,2
H10,你对解决这个问题是不是感到有些焦虑或者不安？,是的，我不想让事情搞砸。,2
H10,因为这些变化您是否感到焦虑？,是的，有时候慌张又不知所措。,2
H10,想到这些记忆时，您会感到心情变得不安或焦虑吗？,是的，有时候会感到焦虑，特别是想到父亲去世后的事情。,2
H10,当你看到其他人交流愉快时，会不会感到焦虑或不安？,这让我觉得很沮丧，有一种被排斥的感觉。,2
H10,您是否有时候会对自己的状态感到焦虑或者不安？,是的，担心自己控制不了这些情绪。,2
H10,在生活的其他方面，比如读书学习，您是否感受到某种心理负担或恐慌？,是的，尤其是看不成书时。,2
H10,很多人在面对困难时会有不安，重要的是找到适合自己的方式去克服它。是否有过焦虑或者压抑的情绪？,焦虑的时候比较多，压抑倒还好。,2
H10,你在这种朋友交流中会不会觉得心烦意乱或者心里有种莫名的焦虑呢？,有时候会不安，总是担心自己是不是哪里做得不对。,2
H10,这样的方法可能只是一时的放松，或许我们可以想一些长期的办法。你感觉这些矛盾和冲突对你的心理造成了长期的焦虑或压力吗？,确实是这样，我总是在想这些事情，不知道该如何解决。,2
H10,那这些梦想的内容是否会让你感到焦虑或不安呢？,有时候确实会让我感到很不安。,2
H10,在这种情况下，你的内心会感到焦虑或不安吗？,嗯，是会有一些不安的感觉。我总是想知道为什么事情会这样。,2
H10,最近是否常感到焦虑或紧张？,是的，特别是和家人在一起时。,2
H10,正确！这是一种积极的态度。面对现实时，您是否感到严重的心理焦虑呢？,有时候，现实的压力让我感到喘不过气。,2
H10,他反复联系你的时候，你有感到心理焦虑或不安吗？,是的，每次微信提示音响起，我心里都会一紧。,2
H10,在处理工作和婚姻双重压力时，有没有感受到任何心理或身体上的焦虑呢？,有些焦虑，经常会觉得不安，甚至头疼。,2
H10,这种担心很自然，在这样的情况下，有人会体验到心理焦虑，这些焦虑又会如何影响您日常的生活呢？,我会感到不安，甚至有时候对很多事情失去兴致，比以前少说话。,2
H10,工作确实是一个很好的注意力转移方式。在那段时间里，你是否因为未来的事情感到过焦虑或压力呢？,是有过一些焦虑，毕竟未来的事情都不确定。,2
H10,哦，这些都是值得注意的细节。当您与相亲对象共处时是否感到焦虑或不安？,偶尔是这样，尤其当话题涉及到未来的规划和婚姻时。,2
H10,怎么样走出去的第一步才是关键。是否常常因为工作压力或担心无法完成任务而感到心理焦虑呢？,是，我常常有这样的感觉，压力大的时候胃也不舒服。,2
H10,你有没有感到因为这些婚姻问题而焦虑和不安？,每次想起这些事，我心里都会不安。,2
H10,这是一种很普遍的担忧。你提到若过早进入感情，会影响到工作和个人发展，这是否让你感到焦虑或不安呢？,是的，我确实感到有些焦虑。我不想重蹈覆辙，以前那样结果不好。,2
H10,这确实是一个办法。实际面对她时，你有感到紧张或压力吗？,是的，尤其是每次见她的时候。,2
H10,而在心理层面，您有因为这种工作环境感到焦虑吗？,有时会担心事情会进一步恶化，心里很不安。,2
H10,这就让人很无奈，然而也可能是种常见的情绪状态。是否在面对这些情绪时感到心理上的焦虑？,焦虑是常有的事，特别是经济压力大的时候。,2
H10,作出这样的选择后，你有没有感到心理上的不适或紧张，比如说心悸、出汗之类的出现？,是的，我有时会感到心悸，尤其是夜深人静的时候。,2
H10,是吗？这种焦虑是什么时候开始变得更多的？,可能是婚后吧。为了要宝宝，我没再吃药。,2
H10,确实不容易。由于父母的不同意和他的现状，你是否经常感到压力和焦虑呢？,是的，父母不太同意，他的现状又让我担忧，我常常有压力，很想逃避。,2
H10,你有提到这种感觉让你焦虑，影响到心理或身体的反应吗，比如心烦意乱或心跳加快？,有时候会觉得心烦意乱，特别是在看到别人都那么熟络的时候。,2
H10,这种反应很常见，您觉得您对社交关系的强烈关注是否让您觉得紧张呢？,是的，总是想太多，遇到他们时心情会紧张。,2
H10,这些都是情绪的反应。你有没有感到这种不适感伴随着紧张和焦虑？,是的，尤其在工作的时候，总是担心这担心那。,2
H10,我理解这种感觉。你觉得在这些情况下会有焦虑或紧张吗？,经常会，尤其是担心被人误解的时候。,2
H10,面对这些问题时，你有没有感到心理上的紧张或持续的担忧呢？,会有一些，但我尝试不去想它们。,2
H10,你提到想要改变命运，这是否让你时常感到心理上的焦虑？,确实有。我常常觉得有些慌乱，不知道未来会怎样。,2
H10,非常好，愿望明确清晰就是一个好的开始。您是否因为这份困扰感到过度的焦虑或忧虑呢？,有时会忧虑，特别是在面对无法预期的未来时。,2
H10,在亲密关系中无法信任对方，会让你感到焦虑或不安吗？这与  相关。,确实有时会很焦虑，尤其是在与人互动的时候。,2
H10,分手也会带来焦虑或紧张，你有这种感觉吗？,是的，觉得生活有些无序。,2
H10,现代生活节奏快，各种要求也多，有压力是正常的。你平时有没有感到非常焦虑或紧张？,是的，总是在担心未来。,2
H10,在这种压力下，您有没有发现自己在其他方面也变得更加紧张或焦虑？,嗯，我发现自己对一些小事情也变得更敏感了，晚上睡觉也不是很好。,2
H10,这种感觉肯定让您不舒服。我会建议找一些方法来发泄这些情绪。您最近有没有变得特别敏感或者焦虑不安？,是的，自从失去工作后，我似乎一直都很焦虑。,2
H10,你也提到过晚上睡不着觉的情况，这会让你感到烦躁或不安吗？,会的，我会因为一直在等妈妈回家而睡不着。,2
H10,很好，继续保持这些放松方式。您对目前的家庭关系感到焦虑吗？这种焦虑主要是心理上的还是有具体的事件让您担心？,主要是心理上，总觉得这些问题没有解决就没办法轻松。,2
H10,在这样的状态下，您觉得自己是否常常感到内心不安或焦躁呢？,恐怕是的，有时候感到六神无主。,2
H10,当面对挑战时，有没有出现过集中困难的情况？,有时思绪很乱，无法专注做事。,2
H10,忙碌的生活可能会影响两个人的关系，在这状况下你是否感到有些压力或者焦虑呢？,是的，当我尝试帮助他时，却常常感到无能为力。,2
H10,那你自己呢？在跟他相处时有没有觉得心理上感到焦虑或担忧？,是的，我有些担心两人之间的关系。,2
H10,当你与他人交流时，心理上有没有感到恐惧或紧张？,经常会有，不过我尽量克服。,2
H10,心情低落可能会影响我们的生活。你说家人可能对你有期望，考不好会有压力，你是否常感受到焦虑或紧张？,我确实不想让他们失望，压力真的很大。,2
H10,听上去你在工作和家庭的责任之间有很大的压力，你觉得自己在这方面感到焦虑吗？,是的，在这多任务之间感觉一直在奔跑，没有喘息的空间。,2
H10,你提到自己在社交场合中迎合别人，这种行为让你感到怎么样？有没有引起你的焦虑呢？,有时候我觉得很累，总是担心自己哪里做得不够。,2
H10,听起来晚上似乎情绪更加波动。你觉得这段关系给你带来了什么样的心理压力吗？,确实有些焦虑，因为不知道他到底是怎样的人。,2
H10,你是否一直感到精神紧张或者焦虑呢？,有时候整晚都睡不着，很焦虑。,2
H10,这种敏感是否让你觉得自己容易受到别人的批评或看法的影响呢？,确实是这样。我总是觉得自己不如别人，自信心很低。,2
H10,这种持续的犹豫让人疲惫，你会觉得这些情绪让你心力交瘁吗？,对，想要所有的好，又想设定一条清晰的计划。,2
H10,你的顾虑很真实。有时担心确实会影响一些决定。在日常生活中，你是否感到心理焦虑或过于担忧？,我确实会有这种焦虑感，特别是在思考将来时。,2
H10,让我们更深入地探讨。处理同学和老师间的纠葛，你感受到心理上的压力是怎样的？,有时候觉得心跳加速，脑子里停不下这些想法。为什么怎么做都不对呢？,2
H10,听起来你的成长环境充满了挑战，你现在的心理状态如何呢？是否会时常感到焦虑？,是的，我经常想得太多，也容易考虑最坏的结果，因此放弃很多事情。,2
H10,这样的状况对你的精神状态显然有很大影响。最近有没有体验到情绪紧张或者特别焦虑呢？,是的，我的心情总是很紧张，很难放松下来。,2
H10,那您觉得在努力改善与他人交流时，是否感到某种压力？,是的，确实有时候感觉很焦虑。我想改变，但不知从何入手。,2
H10,好的，这是个好决定。您有提到在职场受到的压力，那个情绪的累积是否让您感到焦虑，或有身体上的反应呢？,有时候心慌，感觉胸口闷。,2
H10,说到压力，你在开车的时候会感到心理压力或者焦虑吗？,是的，我总觉得自己不能分心，一旦分心就会出问题。,2
H10,这种感觉真的能让人心烦。那你有没有注意到舍友之间的争论或分歧给你带来了焦虑的情绪？,是的，有时她们会为一些小事吵架，我就在一旁很不舒服。,2
H10,公司是否是你感到这些情绪的唯一地点，或者这些情绪是否在其他地方也存在？,不仅仅在公司，其他地方有时候也会感到恐惧。,2
H10,那你认为这种害怕源自哪里呢？是否自认为很难与这样的人打交道？,或许是因为小时候的经历吧，总觉得他们对我不友好。,2
H10,对未知的焦虑是很常见的，你是否常常出现这种难以控制的焦虑？,是的，这种焦虑让我感到很恐慌！,4
H10,看来你对自己的要求很高，那你在与他人谈话时是否感到紧张，如社交恐惧呢？,有时候会，尤其在人多时。,4
H10,这种情况不是少见的，自我反省有时是好事，但也不要过度。是否在某些时候，你会感到心情烦躁甚至焦虑？,嗯，有时候我确实很烦躁，甚至有点害怕。,4
H10,这很棒，意识到问题是改变的第一步。你觉得这些行为是因为内心的不安或焦虑引起的吗？,我不知道，我好害怕！,4
H10,多给予自己一些时间和耐心，相信你有能力走出困境。你有没有感到过心理上的焦虑，比如感到害怕或担忧？,有时候真的很怕，感觉喘不过气。,4
H10,这些都是好的方法。继续试一试可能会带来新的转机。一提到婚姻状况及未来规划，您是否感到焦虑或者常常思考这些问题呢？,呃，这些问题让我有点慌，咋办？,4
H10,这种感觉是很普遍的，关键是如何应对。你有感受到心慌或精神上的焦虑吗？,有时候会，心跳加速，像坐过山车。,4
H10,不安可能是因为太努造成的，你觉得自己会在分心时更焦虑吗？,是啊，我一分心就感觉快崩溃了！,4
H10,听起来你在社交方面感到焦虑，这让你害怕与人交流吗？,是的，想起来就有点慌。,4
H10,这样的感觉肯定很让人难过。学业繁忙会让人感到压迫感吗？,哦天哪，是的，有时会让我喘不过气！,4
H10,长此以往，您会不会担心这些情绪对您精神状态有更大影响？,真的很怕会失控。,4
H10,听起来您的处境确实有些棘手。您现在有感到心理上或情绪上的波动吗？,有点慌，不知道该怎么办。,4
H10,我明白，让自己分心可能只能暂时缓解一些感觉。你有没有因为这些心情而感到身体上的不适，比如头痛或心跳加快？,嗯，有时候会感觉心跳快，挺吓人的。,4
H10,这种模式的产生可能和潜在的心理状态有关，你最近有没有感到心理或身体上的焦虑症状，例如心烦意乱、紧张或身体不适？,天哪！我最近感觉心烦意乱，真的很焦虑！,4
H10,您是否觉得在与母亲的关系中感到极大的压力或焦虑？,呃，是的，真的让我很紧张。,4
H10,这让你很焦虑吗，特别是在拒绝他们好意的时候？,对啊，我超怕他们会不高兴。,4
H10,这种画面突然出现时，你心里是什么感觉？是不是感到心理上的焦虑症状，像是紧张或恐惧？,有点慌，感觉心跳加速。,4
H10,我非常理解！您有没有觉得在心理上常常感到焦虑或不安，尤其是在社交场合中？,有时候真的觉得心跳加速，特别慌！,4
H10,除了愤怒以外，您是否因此感到焦虑或者紧张？,嗯，有时候会觉得特别紧张。,4
H10,您与父母对话时，会不会感到心理焦虑或精神紧张？,嗯，真的会！每次都紧张得不行。,4
H10,你提到母亲性格变化不定，这对你有什么影响？,她的变化让我觉得很不安。,4
H10,这样的情况可能让你对未来感到担忧吧？,是啊，我真的非常害怕未来会怎样。,4
H10,听起来你在处理舍友关系上遇到了很多困扰。这种感觉是不是让你感到很大的心理压力或焦虑呢？,哎呀，是的，太崩溃了，怎么办？,4
H10,你说到过压抑。你在这段期间有没有感到心理上的焦虑？,天啊，我真的感到特别焦虑！,4
H10,能理解这种感觉。有时候这样的环境下，是不是也很难聚焦于学习呢？,天哪，是啊，我都不知道怎么办才好！,4
H10,这种情况下有可能导致内心的焦虑哦。在与新同事交流时，你会不会感觉到心理上的焦虑呢？,是啊，我真的很紧张！,4
H10,情绪的负担很沉重。您有没有尝试管理这些情绪，比如说，是否感到因为焦虑而心力交瘁呢？,我常常感到焦虑，真的快撑不住了。,4
H10,可以尝试和TA聊聊，表达一下你的感受。通过其他方式解除压力有没有考虑过呢？,我怕打扰到TA，其他方法我也不太确定。,4
H10,社交焦虑是一种常见现象，但您不是一个人。有没有想过是什么特别让社交场合变得如此困难？,我每次都觉得别人会评判我，真的很害怕。,4
H10,太好了！像是每天完成一点作业，然后逐渐增加。这些小进步能带来成就感。有没有感觉到因为失败和失落而感到很焦虑呢？,天啊，想想就觉得很紧张！,4
H10,我能理解，尤其是在需要做出重大决策的时候，你是否常常感到焦虑或紧张呢 ？,啊，天哪，是的，我常常感到心慌意乱！,4
H10,似乎这种不信任感已经伴随你很久了。当人觉得信任难求时，常常会产生焦虑或不安的情绪。你有过这样的感受吗？,是的，我常常感觉被困住，无处可逃。,4
H10,非常好。你提到“爬到16楼楼顶站了一晚上”这种情况是否让你感到严重的心理不安或其他心理症状？,是的，我当时特别害怕。,4
H10,明白了，这可能让你感到矛盾。你父亲的期望对你的心理有什么影响吗？,哦天哪，压力太大了，我快喘不过气了。,4
H10,这种想法很正常，每个人都有安静的时间。你在面临陌生人时却表现得比较开朗，是吗？,真的吗？我以为我会被看穿。,4
H10,在异地时，你会不会感到高度不安或紧张，比如他没有及时联系？,是的，我会很慌，很不安。,4
H10,这样做可能让你感到比较焦虑，对吧？,对，我真的很紧张！,4
H10,打工期间有没有感觉到特别的压力或者心理负担？,哦天哪，压力大得让我透不过气！,4
H10,在事件发生后，你有没有感到焦虑或身体上的不适？,哦，简直吓死我了，心慌得不行！,4
H10,您提到了在班上坐不下去的紧张感，您觉得这种紧张有时是因为过度的焦虑吗？,呃，有时候我觉得心脏快跳出来了。,4
H10,明白，那你对他展开这种关系，有过心理上的焦虑吗？比如担心失控？,嗯，对啊，真的很担心失控。,4
H10,面对即将到来的考试，产生焦虑是很常见的。你提到当时特别担心考试成绩下滑时，是否感到不可控制的精神压力和心理焦虑呢？,天啊，我真的控制不住地担心，特别焦虑！,4
H10,当这些感觉反复出现时，你的身体会有什么反应吗？,心跳加速，手心出汗，有点发抖。,4
H10,沟通需要练习，有时试着用一些积极的方式，可能会帮助缓解这样的局面。当你不理孩子的作业时，你是否会感到一种烦躁不安的感觉呢？,哦天啊，我是不是做错了什么？,4
H10,面对这样的表白，你会觉得很慌乱吗？,啊，天哪，我不知道该怎么办！,4
H10,说到焦虑，您提到有完美主义倾向，这是否让您对一些小事情感到过度担忧呢？,是啊，简直每件小事都让我心慌！,4
H10,您好，很高兴能和您聊一聊。我注意到您提到在工作中常常感到焦虑和紧张，这种情绪您觉得在您的日常生活中出现得多吗？,有点多，感觉快喘不过气了。,4
H10,对此你的心理感受会是怎样呢？,感觉心里慌得不行，有点喘不过气来。,4
H10,消化不良确实会让人感觉更不舒服的。你在考虑转专业的时候，会感到很焦虑吗？,是的，想到就心慌意乱！,4
H10,专注于最紧迫的目标可能确实有帮助。你提到的心理焦虑方面，在工作学习中是如何表现的？,我常常感到很紧张，脑子一片混乱。,4
H10,爆发焦虑时，您有没有发现它与某些特定情境相关呢？,不确定，但好像总是在拥挤的地方发作。,4
H10,失败的经历一定让人感到无力。但您勇敢尝试了，很不容易。您是否对成功的恐惧伴随焦虑情绪出现？,天哪，你怎么知道的？我好害怕！,4
H10,重要的是你有意识到这些，反思自我是在成长中的一部分。你对于这些家庭问题感到焦虑吗？,是的，我常常感到非常焦虑。,4
H10,失眠的问题也许是由焦虑引起的。你觉得自己在应对这些情绪困扰时焦虑吗？,天啊，我就是这样感觉的，太焦虑了！,4
H10,我明白了，现在这一切让你对人际关系特别紧张吗？,是的，我好害怕和别人接触。,4
H10,这很正常，分享并不总是容易的。您有没有意识到自己可能感到焦虑或者心理压力？,我是不是哪里做错了？好紧张！,4
H10,跑步是个不错的选择，可以释放一些压力。那你提到会心慌和心跳加快，这通常是什么时候发生的呢？,通常在压力大或焦虑时发生。,4
H10,这是可以理解的。在这种情况下，你觉得你的不安是否会对日常生活产生影响？,我很担心，它已经影响到我的生活了。,4
H10,在关系中培养耐心和理解是非常重要的。关于他给你的感觉，你是否有时会有焦虑感呢？,是啊，有时感觉心跳加速，特别紧张！,4
H10,您提到当与丈夫互动时，经常感到不适和焦虑。这种情况是否常常让您感到心理上的焦虑？,是的，这种情况让我很紧张。,4
H10,这让我想起了一个问题，您在演讲时是否感到精神紧张或焦虑？,哦，我一上台就超级紧张！,4
H10,在这种情感离散的状态下，您是否感到心理上的焦虑或不安？,有点慌，有点不知所措。,4
H10,那么，在精神上您是否感到焦虑，比如心烦意乱呢？,嗯，是的，我常常感到很慌乱。,4
H10,有时我们需要调整自己的期望，共同来寻求更有效的学习策略。你是否觉得在选择学校时有强烈的焦虑感？,天啊，真的很焦虑，感觉无法选择！,4
H10,失去工作确实会带来很大的情绪波动。失业对你的焦虑带来了哪些具体的表现呢，比如紧张、忧虑这些感觉有吗？,有时会突然很紧张，心跳得特别快。,4
H10,压力确实很大。关于家里的催债压力，你有感到心理上有明显的焦虑或紧张吗？,是啊，我真的快要崩溃了。,4
H10,听到这些让我感到不安。你觉得这种排斥和责骂对你造成强烈的焦虑和不安吗？,是的，我感到非常害怕和紧张。,4
H10,这种情绪听上去非常复杂，女主在处理这些情绪时是否有感受到  或者 ？,有时候真的感到有点慌乱。,4
H10,失眠确实会让人更加疲惫。在这样的情况下，你有没有觉得自己内心压抑或焦躁不安？,啊，是啊，我感觉自己快要崩溃了。,4
H10,你的内心深处似乎有很多担忧，这样的担忧是否常常让你感到心理上的焦虑或体验到身体的不适呢？比如说口干、心悸、头痛等？,是啊，常常让我紧张到不行，心跳飞快！,4
H10,这样的想法让我很担心，但也说明你在经历巨大压力。今天你选择来聊天是非常勇敢的一步。最近是否有因为失眠而感到严重的焦虑？,是的，我整晚都在担心，真的很害怕。,4
H10,可能需要点时间才能见效。那在觉醒时侯，你会不会有心情焦虑或忧虑的情况？,有时会突然很恐慌。,4
H10,这似乎让人有些无所适从。您有没有因为这种情况而感到焦虑？比如精神上感到紧张？,嗯，我真的感到很害怕和紧张。,4
H10,太棒了！那你是否曾感到焦虑或者不安呢？,哦，是啊，我经常会感到超级紧张！,4
H10,领导建议你调整心态，那么你对这个建议有什么想法？有没有感到心理上的不安或焦虑呢？,调整心态？这让我有点慌。,4
H10,你提到暴力的行为对你有影响，这会引起不安或焦虑吗？,是的，一想到就感到很害怕。,4
H10,友谊的失去确实需要时间去调整。你平时是否为生活中的事情感到焦虑，比如在学业或社交方面？,天啊，我每天都在担心这些！怎么办？,4
H10,感受难受且焦虑，这种焦虑主要表现为心理上的紧张和不安吗？,对，就是这种慌乱不安的感觉。,4
H10,面对这样的情况，你会感到焦虑或不安吗？,是啊，我快要崩溃了！,4
H10,他对家庭的承诺是很重要的元素。但是，经历这些事件后，您是否也感到担忧或焦虑呢？,是啊，我很担心，感觉快要撑不住了。,4
H10,这种情况下，你有没有感到焦虑或不安呢？,有点慌，心里总悬着。,4
H10,这些想法让你感到焦虑吗？,是啊，这些想法真吓人！,4
H10,这份谨慎很重要。在面临压力或困惑时，你是否会感到焦虑或焦急呢？,嗯，有时候压力一来我就会特别慌。,4
H10,那听起来很不容易。您是否体验到心理上的焦虑或不安？,有点儿不安，心跳加快了。,4
H10,你有没有感到过心理上的焦虑或不安呢？,当然有，经常搞得我心慌意乱。,4
H10,大专生活也有很多挑战，适应新的环境本来就是不容易的事。你最近是否感到焦虑或失去兴趣？,天啊，我真的好担心，感觉快无法应对了！,4
H10,彼此的愿意才能促成相互理解。在这种沟通上，会不会因为过于焦虑而影响你的情绪？,有时候真的会，感觉快失控了。,4
H10,这种感觉是不是让你感到害怕和不安？,是啊，感觉特别慌，心里很不安。,4
H10,旅行不限于远足，短途、附近的探索同样可能令你重新体验单身快乐。在运动、装修等活动中，你是否感到心理上的焦虑？,旅行听着不错，但运动装修让我焦虑！😟,4
H10,这种在脑海中反复出现的念头，是否让你觉得焦虑甚至紧张？,是啊，真的让我很慌张。,4
H10,面对工作中的挑战，您感到心理上的焦虑或者思维混乱吗？,啊，工作一来我就慌得不行！,4
H10,这确实很复杂。您是否反复回忆和妻子之间的往事，并感到无法放下？,是的，我常常回忆，真的放不下。,4
H10,这种紧张感是否让您在白天也感到焦虑呢？,是的，总觉得心慌慌的。,4
H10,这很不错的基础。那么，你曾因为这个问题感到心理上的焦虑或不安吗？,啊，是的，我常常被吓到。,4
H10,你最近有没有觉得心理有些压力或者感到不安呢？,哎呀，最近压力大得像要爆炸了！,4
H10,这些变化听起来可能会让人感到焦虑和担忧。您因此感到未来生活的不确定性吗？,是的，我真的不知道未来会怎样，太可怕了！,4
H10,这都是很好的缓解压力的方式。你提到学习压力大，在学习时会感觉非常不安或焦虑吗？,对啊，有时觉得快要透不过气来。,4
H10,这是个很好的选择，日记是一个安全的出口，可以帮助您归纳和理清情绪。经历这些过程中，您有感受到任何心理上的焦虑或者心情烦躁吗？,嗯，有时候会觉得焦虑，心跳很快。,4
H10,相信你能做到。在见到他之后，你有没有感到焦虑或者心神不宁呢？,见到他后，我感到非常惊慌。,4
H10,此外，你刚才提到，讲师不够认真，总是接电话，这会让你感到沮丧吗？,是啊，这让我快崩溃了！,4
H4,"遇到这样的困境，感觉无助是正常的。压力大的时候，你的睡眠状况还好吗？例如，是否有入睡困难或者容易醒来？, ,",我发现自己最近总是晚上睡不着。,1
H4,最近睡眠质量如何？如难以入睡或易醒？,最近确实有时会难以入睡，也会半夜醒来。,1
H4,或许慢慢梳理解开原因也能帮助改善这些情绪。睡眠质量如何？因为这些情绪有没有导致入睡困难？,有点难入睡，心里总是转个不停。,1
H4,是的，睡眠对身体很重要。由于被吵醒，您的睡眠是否受到影响，比如很难入睡，或者早醒并难以再入睡？,没错，根本很难再入睡。所以我经常感到很疲倦，情绪也很糟糕。,1
H4,放平心态，错题也是成长的机会。试着把错题当成一个学习的挑战。你有没有在晚上入睡时感到困难发生新的情况？,是的，想很多事情却睡不着。,1
H4,这是个很好的计划，它会帮助你重建自信心。你最近的睡眠怎么样？有没有感到困难？,有时会失眠，因为脑子里总是想很多事情。,1
H4,你的睡眠质量一直都受影响吗？,当我压力大的时候就会这样，尤其是经过那些争吵。,1
H4,这些情绪是否影响到您的睡眠质量？,是的，特别是在想关于性取向的问题时。,1
H4,这样的感受听起来不容易。在晚上想到外面去散心时，会因为难以入睡或经常在半夜醒来而感到困扰吗？,有时候会睡不着，尤其是在情绪低落的日子。,1
H4,你说中午睡不着，通常这种入睡困难会在晚上加重吗？,晚上通常困意更足，但有时会被担心的事影响。,1
H4,那你父亲每天晚上跟你唠叨的情况影响到你的生活和休息了吗？比如说，让你很难入睡？,是的，他通常会说到很晚，有时候要到凌晨三点，我计划的事情总被打断，然后第二天又觉得很疲惫。,1
H4,不急，我们可以慢慢来。还有，你最近的睡眠状况如何呢？有没有变化？,我发现自己很难入睡，总会想起这些事情，早上也很早醒来。,1
H4,你提到的这些感觉我们可以尝试找到些解决方案。睡眠上有没有出现问题，比如难以入睡或者早醒？,有时候晚上会胡思乱想，导致很难入睡。,1
H4,听起来像是有些挑战。失眠时，你会觉得是入睡困难，还是半夜会醒来呢？,每次都是到半夜才发觉自己焦虑，很难入睡。,1
H4,哇，那这肯定给她带来了很大的心理压力，她是否失眠或者晚上难以入睡？,没错，她常常半夜还醒着，想着这些事情。,1
H4,这听起来确实是个问题。晚上你入睡时是否感到困难或者睡眠质量不好呢？,我有时候很难入睡，总是想到很多事情。,1
H4,那么是不是晚上也不容易入睡，或者入睡后易醒呢？,是的，有时候会醒得很频繁，睡得很浅。,1
H4,对于晚上无法安然入睡这件事，你会感到烦躁吗？,当然，非常烦躁，这让我感觉根本没有办法好好休息。,1
H4,辞职可能是一个心理负担的转折点。在入睡时，你会感到困难或者睡眠中断吗？,偶尔有，尤其是情绪特别低落的那几天。,1
H4,这说明你很在乎他人的看法，这没错。但是关注自己的感受也很重要。你有没有因为这些想法失眠或者情绪不稳定的情况？,没有严重失眠，但有时候感到不安。,1
H4,晚上是情绪容易放大的时候，睡眠质量会受影响吗？,是的，有时难以入睡。,1
H4,这样的状态对她和你的关系都不是很好。有没有因为不安全感而失眠的情况，比如难以入睡或者浅睡易醒？,她确实经常抱怨晚上睡不着。,1
H4,"他是否有失眠或其他睡眠问题呢，比如入睡困难或者早醒？ ,",他晚上有时候辗转难眠，经常说睡不着。,1
H4,感觉失去了希望是很痛苦的经历，但重要的是你正在寻求帮助和解决办法。你有没有因这些情绪或思维影响到你的睡眠？,我的睡眠问题的确不少，总是难以入睡，有时候一整晚都在翻来覆去。,1
H4,把握主动权是很好的心态。那你现在晚上睡得好吗？有没有因为这些事情难以入睡或者容易醒来？,的确，晚上有时会想些事情，导致难以入睡。,1
H4,听起来你可能在睡眠上遇到了不少困扰。以前也有这样的睡眠问题吗？,以前偶尔有，但没有现在这么严重。,1
H4,有这种感觉的人通常对自己的期望值较高，但有时候要学会给自己放松的机会。那么在夜晚休息时，你是否会发现在思考这些事情时入睡困难？,夜晚是我想太多事情的时候，确实影响了入睡。,1
H4,放松自己很重要。你是否经历过晚上难以入睡的情况？,是的，有时候心里总在翻腾.,1
H4,睡眠质量是否也因此受到了影响？你最近有着什么样的睡眠情况？,晚上总是睡不好，她们不安静，总是打扰我的休息。,1
H4,"这样的情绪波动是可以理解的。您的睡眠模式是否有变化，比如入睡困难或者早醒？ ,",睡眠有时不是很好，但已经比以前好些了。,1
H4,您晚上入睡是否也受到这些情绪的影响？会有入睡困难或早醒的情况吗？,嗯，有时候会难以入睡，尤其是在跟相亲对象见面后。,1
H4,看来，你可能正在经历一些失眠的问题。你常常这样失眠吗？,是的，尤其是在压力大的时候。我身体困了，但脑袋很活跃。,1
H4,失去对事情的兴趣确实会让人感到空虚。除了这些情绪上的困扰，你最近有没有发现自己晚上容易醒来或失眠？,是的，我常会半夜醒来，然后再也睡不着。,1
H4,失眠常常令人困扰。你是否有过失眠的情况，比如很难入睡或者浅眠？,是的，这让我感到更加疲惫。,1
H4,您是否在晚上难以入睡，或感到入睡困难呢？,是的，有时候会花很长时间才能睡着。,1
H4,这种情况听起来对你来说是个很大的负担。你觉得这种对灯光的需求可能是焦虑的一种表现吗？,我也不知道，就觉得灯关了很恐慌。,1
H4,长时间的情绪压抑确实会影响睡眠质量。,现在生活没有意义，找不到目标。,1
H4,这种压力不仅影响了你的情绪，还影响了你的身体状态。晚上你经常感觉心跳加速吗？,是的，特别是在睡觉的时候，心跳会突然加快。,1
H4,这样的情绪变化会影响你的睡眠吗？比如入睡困难或总是很早醒来？,经常会睡不着，特别是在情绪低落的时候。,1
H4,是睡眠不太踏实吗？你是入睡困难还是睡得浅呢？,是的，入睡困难，有时候甚至早晨很早就醒了。,1
H4,最近是否经常因为这些问题难以入睡？,是的，再加上因为记错妈妈的生日让我更难受。,1
H4,这种难以入睡的情况让你感到很困扰吧？,是的，白天也没什么精神。,1
H4,保持乐观的同时给自己适当的空间和时间去调整，是健康的方式。你曾提到过睡眠困难的问题，你觉得这和不安或焦虑有关吗？,是的，有时因为担心第二天的事而睡不着。,1
H4,失眠真是个让人烦恼的问题。您觉得是什么让您难以入睡呢？,可能是因为想太多，我有时想着想着，不知不觉就天亮了。,1
H4,缺乏良好的休息对你的身心健康是很大的挑战。,有时候累得不行，但就是睡不着。,1
H4,这种情况听上去像是因为生活的困扰而导致的入睡困难，你是否有过类似的感觉？,你说得很对，我确实体会到了这些。,1
H4,面对这样的情况时，你的睡眠质量是否受到影响，比如很难入睡？,最近确实常常失眠，老是想着这些事。,1
H4,睡眠质量不好确实会加重情绪波动，那你是很难入睡还是容易醒来呢？，，,我常常是很难入睡，有时候还会早醒。,1
H4,很棒的方式！你提到晚上睡眠如何？会因为这些问题影响你的睡眠吗？,有时候会，尤其是特别紧张焦虑的时候，入睡很困难。,1
H4,情绪对生活的影响可能会很广泛，有时也可能扰乱睡眠。最近你的睡眠怎么样？,睡觉的确变的不太好，常常辗转反侧难以入眠。,1
H4,我知道面对这样的压力很困难，晚上你能正常入睡吗？,入睡有些困难，总是有很多不可控的想法。,1
H4,这样的状态让您感到疲惫不堪吗？早晨起床会更糟吗？,没错，我经常感到精疲力竭。,1
H4,那么在睡眠方面，因为这些烦恼，你是否很难入睡或者维持睡眠呢？,是的，有时候会因为想太多而失眠。,1
H4,你有没有发现自己难以入睡，这种情况持续多久了呢？,差不多一个月，从成绩下滑开始。,1
H4,了解，似乎你做了很多查找。你的睡眠受到影响吗？或者你难以入睡？,有时候确实很难入睡，我的思绪总是停不下来。,1
H4,有计划地复习是个好方法。对于晚上，你是否会因为学习上的压力而入睡困难呢？,有时候会，因为脑海里总是想着学习和未来的事情。,1
H4,理解。这样的经历确实需要我们特别关注您目前的心理状况。说到睡觉，您会不会因为这些思绪而难以入睡或者早上特别早醒？,入睡对我来说就是一个挑战，好不容易入睡了，有时候又很早醒来。,1
H4,你说晚上睡不着，是从什么时候开始的呢？,自从疫情开始，我一直待在家里，然后就开始失眠了。,1
H4,对的，工作生活都不容易。你有没有注意到他晚上入睡困难或者睡眠质量差？,他总说自己难以入睡。,1
H4,晚上是我们最容易感到焦虑的时刻。关于您的睡眠状况，您是否经常在晚上难以入睡或在夜间容易醒来？,经常很晚才入睡，即使如此，也容易半夜醒来。,1
H4,你晚上入睡是否困难，经常难以入眠？,是的，入睡对我来说特别难。有时要到凌晨才能睡着。,1
H4,你有很多善意，尽心尽力地想帮助他们。晚上睡得好吗？,常常难以入睡，满脑子都是他们的事。,1
H4,这种变化对你的睡眠有影响吗？比如你会因为这些问题入睡困难吗？,最近确实比之前更难入睡，有时候一想到就睡不着。,1
H4,自信的建立需要过程和尝试。夜晚会让你感到情绪更低落或者有过失眠的情况吗？,有时候晚上会很难入睡，总想着很多事情。,1
H4,这段时间的焦虑给你的睡眠带来了哪些具体的困扰呢？晚上入睡困难还是容易醒来呢？,入睡的时候需要好久才能睡着，而且即使睡着了，也总是半夜醒来。,1
H4,很多时候，这种孤独感可能会影响我们的生活。晚上你会失眠吗？,对，我晚上很难入睡，脑子总是停不下来。,1
H4,理解你的困扰，有时情感的力量很强大。那在晚上入睡时会因为思考与他的关系而感到困扰吗？,是的，时常失眠。,1
H4,听起来，你似乎对这段关系有很深的牵挂。那么，你晚上入睡怎么样？是否觉得比以往更难入睡？,最近确实入睡困难，躺下后脑子就不停地胡思乱想。,1
H4,晚上容易感到孤单和不安。这样的情绪，很可能会让你晚上难以入睡，是这样吗？,是的，有时候会翻来覆去很久才能睡着。,1
H4,这种失眠真的很令人沮丧。你是否会觉得很难再次入睡或经常在夜间醒来呢？,是的，特别是当我躺在床上想事情的时候。无法让自己放松下来。,1
H4,在处理这些挑战时，夜间睡眠怎么样？有没有入睡困难或中断的情况？,入睡不容易，总想着这些事。,1
H4,晚上入睡时有没有困难？,有时候会。我太难受了。,1
H4,自信心在压力下容易受影响，不过这不代表您不能胜任。您的睡眠质量怎么样，是晚上难以入睡，还是凌晨容易早醒？,晚上很难入睡，因为脑子里全是事情。,1
H4,目前你的失眠情况还有继续吗？,偶尔还是会有。而且那时正好赶上暑假补课，我开始过度关心自己的心跳，感觉心跳过速。,1
H4,明白你担心的东西还是挺多的，会不会引起一些身心健康方面的问题，比如睡眠上的困扰呢？,我确实晚上睡不好，常常辗转反侧。,1
H4,感觉的一点点好转会让我们产生信心的。您前面提到夜间思绪难以平复，这影响您的睡眠了吗？,是的，偶尔会难以入睡，尤其是在回想往事时。,1
H4,寻求专业的帮助可能会带来意想不到的益处。入睡困难呢，这些矛盾会影响您的睡眠吗？,是有点，晚上常常睡不着。,1
H4,这样持续至很晚的聊天会不会影响你的休息呢？可能会让你很困扰。,是的，有时真的很难入睡，总是伴着她的声音。,1
H4,再加上身体不舒服和失去工作、感情，这种叠加的压力无疑加重了您的焦虑。您有没有因为这些原因而影响到睡眠，比如入睡困难或者浅睡眠呢？,是有点，有时翻来覆去睡不着。而且就算睡着了总是很浅，容易被惊醒。,1
H4,这是由于你的学业和工作的压力造成的吗？,应该是吧，我觉得自己被压得透不过气。,1
H4,有时候晚上会完全睡不着吗？,是的，闭上眼睛后还是醒着。,1
H4,孤独感真让人心痛，那这种情绪有没有影响到你的睡眠呢？,有时候会失眠，整晚都睡不着。,1
H4,这些压力应该影响了你的睡眠，那么入睡有没有困难或者觉浅的问题？,有时候睡不着，脑子里总是转个不停。,1
H4,睡眠问题真的很让人烦恼，最近入睡有困难吗，或者是容易早醒？,我有时候很难入睡，而且会醒得很早，再也睡不着。,1
H4,这段时间您的睡眠质量如何，有没有因为焦虑或恐惧而影响入睡？,是啊，常常躺在床上想很多，难以入睡。,1
H4,那你有注意到自己的性情有些变化吗，比如说晚上是否有经历过难以入眠的情况？,有时候会，我会想很多关于他的事情。,1
H4,感情上的依赖也许会触发这样的行为。你晚上会难以入睡吗？,是的，夜晚时思绪特别多，有时候根本无法入睡。,1
H4,失眠确实很让人困扰，特别是在需要休息的时候。如果可以，请描述一下你如何尝试入睡的。,我试过数羊，闭上眼睛放松自己的身体，可是心思总是乱糟糟的。,1
H4,音乐确实是个不错的方法。那你晚上入睡时有没有遇到什么困难？,入睡还是可以，就是常常做恶梦。,0
H4,这种状态可能是在告诉你内心有些需求没被满足。那你有没有觉得睡眠有所变化呢？,是的，睡觉总是睡不安稳，经常醒来。,0
H4,找到合适的帮助是个好主意，这对调节心理状态很有帮助。,我会努力试试看。,0
H4,"是因为入睡困难还是睡觉浅容易中断呢？,",主要是睡眠浅，总觉得心事重重，睡不踏实。,0
H4,听起来不错！保持放松有助于提升精力。你提到不熬夜可能是由于良好的精神状态和时间管理带来的，你认为是这样吗？,是的，我平时会安排好学习进度，确保按时休息。,0
H4,了解，睡不好觉实在是令人困扰，具体是入睡比较困难吗？,开始还好，就是容易醒。,0
H4,这可能是个好主意，我可以为你提供一些资源。在夜间你总是感到疲惫吗？是不容易入睡还是别的原因？,我很早就困倦，但一直拖到很晚才睡。,0
H4,那要保持这样的状况确实让人挫败。有没有因此影响到您的生活，比如容易失眠或者入睡困难呢？,睡眠稍微差了一些，不过还算能入睡。,0
H4,是因为入睡困难吗？,睡得还行，不是这个问题。,0
H4,这是一个沉重的心情。在那种情况下，你是否经历过难以入睡的问题，比如晚上难以入睡？,没有，我睡眠还好。,0
H4,如果这样的状态持续下去，请考虑专业的健康建议。性交问题有没有影响到你的睡眠质量，比如很难入睡？,睡眠还好，没啥影响。,0
H4,是个不错的主意，让自己尝试新的事物或许能带来不一样的体验。最近入睡上有什么困难吗？,最近睡得还行，没有啥特别困难。,0
H4,失眠的情况有点严重嘛。在入睡的时候总是感到困难吗？,其实我睡眠还不错，没有失眠的问题。,0
H4,我理解你担心被误解的心情，但倾诉也是一种释放的方式。晚上睡眠方面有没有遇到困难，比如失眠或难以入睡？,还好，睡眠方面没啥问题。谢谢关心！,0
H4,在接受心理咨询后常常很难入睡吗？,其实我睡眠还挺正常的。,0
H4,失眠确实会对情绪和日常生活产生很大影响。你的失眠有什么具体表现，比如入睡困难或夜间易醒吗？,“我倒是没有失眠的问题，睡得挺好的。”,0
H4,有过失眠或者早醒的情况吗？,没有，我睡得还挺好的。,0
H4,您是否有时会感到因为这些压力而难以入眠或者比平时更早醒来呢？,没有呢，我睡得还挺好的。,0
H4,这可能是情绪的结果。除了感觉疲惫，你的睡眠情况如何？,睡眠还不错，没什么问题。,0
H4,很高兴你愿意尝试新的方法。那么，这种情况下你是否觉得晚上入睡有困难呢？,睡得还挺好，没有啥问题。,0
H4,哦，我理解。入睡困难确实让人很困扰。,睡得还行，没这困扰。谢谢关心！,0
H4,听起来你一直在努力应对这些睡眠问题。这种情况发生了多久呢？,"其实我睡眠还好，没有太大问题。",0
H4,明白了。您提到自己失眠，晚上可以正常入睡吗，还是说容易入睡困难呢？,其实我睡眠还挺正常的。,0
H4,这些年来积累的感受一定很让你困扰。有时候家庭之间的摩擦也会影响我们的心理状态，可能会让我们感到惶恐甚至是无法入睡。,还好，我最近情况挺稳定的，谢谢关心。,0
H4,理解，那么晚上睡觉时是否也受到影响，出现入睡困难或睡眠变浅的状况？,没有，这方面还好。,0
H4,听起来您有点失眠的状态，熬夜加班常态对睡眠可能影响不小。,其实我睡得还挺好的，没有失眠。,0
H4,听起来这些事情确实影响到了您的日常生活。您所经历的失眠是入睡困难还是早醒？,其实，我睡眠没啥大问题。,0
H4,理解你的感受是第一步，相信自己是有力量去改变的。同时，可能这种感情上的依赖和担忧让你有失眠的困扰？,没有失眠，还好，谢谢关心！,0
H4,听到这些让我感到担忧。您是否在入睡时遇到困难或者无法顺利入眠呢？,睡眠没啥问题，平时能睡得着。,0
H4,动机的丧失可能影响到整体的生活质量。这两天的睡眠如何？是否很难入眠或比平时更早醒来？,"这两天睡得还不错，没有什么问题。",0
H4,重新寻找自己的兴趣点也很重要哦。有经历过难以入睡或醒得特别早的情况吗？,睡眠还行，没遇到这种情况。,0
H4,明白，这种循环的担心可能会占用你很多精力。您曾提到在夜晚的事件之后，您是否有减少睡眠的情况或者经常失眠？,还好，睡眠没什么大问题。,0
H4,您在晚上入睡是否有困难，例如入睡困难或睡眠不安？,睡得挺好的，没有啥问题。,0
H4,睡眠不好的话确实挺难受的，你是否有入睡困难或者浅睡的问题呢？,"还好，我睡眠挺正常的。",0
H4,这种入睡困难会让您的身体与精神更疲惫 ？,其实入睡没啥问题，挺好的。,0
H4,您能保持积极的态度很重要。那么在面对这些压力时，晚上是否经常会难以入睡呢？,睡眠还行，倒是没啥问题。,0
H4,这种长期拖延有可能是由于入睡困难吗？,我睡得挺好的，不是这个原因。,0
H4,你晚上睡觉时感觉怎么样？是否入睡困难或常常失眠？,睡得挺好，没啥问题。,0
H4,自我责备在这种情况下很常见，但同时我们也需要给自己一点空间去接受这些感受。您在考试准备期间，是否常常有睡眠困难的问题，比如难以入睡呢？,没有睡眠问题，倒是很容易入睡。,0
H4,很好，谈论这些感受可能是舒缓方法之一。与父亲之间的这些交互有没有持久影响你的睡眠，比如说导致入睡困难或夜间频繁惊醒呢？,没有，这方面还好。,0
H4,您提到的睡眠问题，入睡困难吗？,其实我入睡还挺快的。,0
H4,如果失眠影响到你的生活，我们可以寻找一些缓解方法。,谢谢关心，不过我最近睡得还不错。,0
H4,是啊，感情的事情处理起来会让人感到棘手。睡眠有没有受到影响呢？比如说更难入睡？,睡得还行，没啥太大影响。,0
H4,这样的自责一定很沉重。对于睡眠，是否也因此而受到影响，比如难以入睡或者早醒？,睡眠还好，没啥影响。,0
H4,看来她的心理状态受到很大影响。她有没有因为这件事情失眠，或者不断地思考问题而难以入睡？,没有哦，我睡得挺好的。,0
H4,理解你的努力和他的相处。有没有注意到，在考虑这些问题时，睡眠会受到影响？,睡得还行，没啥影响。,0
H4,这真让人痛心。你的睡眠情况怎么样？有没有因为这些情绪而改变？,睡得还不错，没啥变化。,0
H4,这种习惯会导致你第二天的状态不好吗？,不会，我状态还好呢！,0
H4,您提到睡不好，那具体是入睡困难，睡眠浅，还是容易醒呢？,其实我睡眠还挺正常的。,0
H4,你提到上台时压抑，那前一晚会影响到你的睡眠吗？,睡得还不错，没啥影响。,0
H4,不容易啊，面临这样的压力。你在晚上睡觉时有没有遇到入睡困难或者经常醒来的问题？,睡眠还好，基本没啥问题。,0
H4,你在入睡方面遇到问题吗？,睡眠还挺好的，谢谢关心！,0
H4,这确实是需要专业评估的事情。你晚上入睡时是否容易出现难以入睡的情况？,"还好，入睡没什么问题。",0
H4,会不会与近期的失眠有关？你在入睡时有困难吗？,没有，我睡眠还挺好的。,0
H4,最近睡眠怎么样呢？有没有遇到困难？,最近睡得还不错，没啥问题！,0
H4,做得好！最后一个问题，晚上睡觉好吗？,还不错，睡得挺好的！,0
H4,很棒的习惯！锻炼确实有助于释放压力。那你晚上睡眠情况如何，会不会觉得入睡困难或睡眠浅？,睡得还不错，一般没啥问题。,0
H4,你提到睡眠不好，你是否有难以入睡的情况？,其实入睡还好，就是睡得不踏实。,0
H4,您表现得很坚强，有这样的想法是可以理解的。那您的睡眠情况如何呢？比如晚上入睡的时候是否感到困难？,睡眠还好，入睡没啥问题。,0
H4,睡眠质量不好也会影响工作的，同时注意调整哦。,谢谢提醒，我会注意的！,0
H4,最近有没有因为这些紧张和烦躁的情绪而影响到你的睡眠质量呢？比如入睡困难或者早醒？,睡得还可以，没啥大影响。,0
H4,在这样压抑的环境下，生活变得特别困难。 您的睡眠是否因此受到影响呢？,睡眠还好，没啥影响。,0
H4,那你会因为这样的担忧而影响到休息吗，比如说难以入睡之类的？,不会，这方面还好啦。,0
H4,那期间你是否有过入睡困难的经历呢？,没有哦，睡得挺好的。,0
H4,在我们的成长过程中，父母的支持有时是有限的。你提到的这些紧张情绪，有没有影响到你的睡眠质量？比如，入睡困难的问题？,睡眠还好，没啥大问题。,0
H4,明白。您的睡眠质量怎么样？是否有入睡困难或早醒的情况？,睡得还不错，没有啥问题。,0
H4,那在睡眠方面会不会也有影响呢？会因为这个问题影响睡眠吗？,睡眠没受影响，没啥问题。,0
H4,每个人都有犹豫不安的时候，相信自己有力量克服困难是第一步。你晚上捂着嘴哭，睡眠时也会受到影响吗？比如入睡困难？,没怎么影响睡眠，睡得还行。,0
H4,这些都是很正常的反应，只要注意调节可以适当缓解。你的睡眠是否受到这些关系的影响呢？,睡眠还好，没受到影响。,0
H4,那么有没有出现过类似失眠或早醒的问题呢？,没有失眠或早醒的问题。,0
H4,在夜里，你会不会因为这些思绪很难入睡，或者早早醒来？,会的，晚上思绪会更加活跃，总会想到这些往事。,2
H4,这种感觉可能会让人感到非常无助，你曾有过失眠的情况吗？,是的，我常常晚上睡不着觉。,2
H4,那你晚上有睡得好吗？是否有因为这些事情而难以入睡呢？,是的，我常常躺在床上，翻来覆去睡不着。,2
H4,这很正常，毕竟经历这些事情之后，很多人的性欲都会受到影响。发现出轨后，你是否经历过入睡困难？,是的，每天晚上我都很难入睡，脑子里一直想着这件事。,2
H4,即使恶梦减少了，你有没有感觉睡眠还是受到了影响呢？,是的，最近常常失眠，即便放音乐都睡不着。,2
H4,你现在每天晚上休息得好吗？,不太好，经常失眠。,2
H4,是在躺下开始睡觉时感到困难吗？,对，一躺下就开始烦躁。,2
H4,你的睡眠质量因为这些想法受到了影响，是吗？,是的，晚上经常失眠，不容易入睡。,2
H4,这很不错，阅读和散步能帮助缓解压力。其实在照顾自己精神健康方面，建立一个良好的习惯很重要。你晚上入睡是否有困难？,是的，经常失眠，翻来覆去睡不着。,2
H4,所以，你是否常常因为这些事情而难以入睡？,是的，我会在床上翻来覆去，脑子停不下来。,2
H4,听上去这让你很困惑。这样的紧张关系有没有影响到你的睡眠，比如难以入睡或早醒？,我常常失眠，就是没法入睡。,2
H4,情感上的失落确实很难立刻放下。考虑到这一点，你觉得这些事件是否让你在晚上难以入眠或者中途醒来？,确实，晚上很难安心入睡。,2
H4,那可能对你的情绪影响很大。晚上入眠是不是特别困难？,是的，总是翻来覆去。,2
H4,在睡觉时有没有难以入睡的情况呢？,晚上常常翻来覆去睡不着。,2
H4,可能是因为精神紧张和睡眠不规律相互作用影响了睡眠。入睡时困难吗？,是的，每晚都得花很多时间才能入睡。,2
H4,那种睡不好，是因为入睡困难吗？,是的，我经常躺在床上翻来覆去，久久不能入睡。,2
H4,这段时间真的很难熬。你的睡眠如何，有没有入睡困难？,我晚上很难入睡，常常到半夜才睡着。,2
H4,在经历这些情绪上的波动时，你有注意到睡眠有没有受到影响吗，比如入睡困难？,是有的，总觉得难以入睡。,2
H4,最近睡眠怎么样？有困难入睡吗？,确实有些入睡困难，整夜都在想这些问题。,2
H4,早晨的低落情绪可能意味着需要调整作息或生活习惯。您有遇到入睡困难或早醒的情况吗？,是的，很难入睡，而且容易在半夜醒来。,2
H4,您在入睡方面有困难，在尝试入睡时是否无法成功做到？,是的，我总是要想象一些可怕的故事，直到昏迷才能勉强入睡。,2
H4,这样真的很辛苦。晚上是否很难入睡或者难以开始睡眠？,是的，我就是躺在床上翻来覆去，怎么都睡不着。,2
H4,失去兴趣真的会让生活变得单调无趣。你休息的怎么样？有没有入睡困难？,是啊，晚上总是翻来覆去的，很难入睡。,2
H4,很多人在情绪低落时都有类似表现，你最近晚上睡觉有没有困难？,是的，很难入睡，基本上都辗转反侧。,2
H4,改变工作环境后，这份压力是否仍然影响你夜晚的睡眠？,确实如此，晚上常常翻来覆去难以入睡。,2
H4,你晚上是否因争吵而难以入睡，或者容易醒来？,吵架后我经常失眠或者醒来。,2
H4,照顾好自己的心理状态也是一种责任。睡眠质量方面，您有没有发现自己在入睡、浅睡或者是早醒这些方面有困难呢？,经常入睡困难，隔天精神状态都不好。,2
H4,哦，你发现自己在焦虑的时候会失眠。那么，在晚上入睡时你感觉如何？,是的，经常睡不着。越来越困难。,2
H4,听上去真的很不容易。那工作和学习压力大时，你是否有些失眠或者难以入睡呢？,对，经常因为这些事睡不好觉。,2
H4,计划如何表达是个好开头。你觉得自己的情绪有影响到作息吗，比如说睡眠？,是的，我有失眠的情况，因为老是在想这件事。,2
H4,您的晚上多梦和早醒，是否意味着有入睡困难或者浅睡现象？,是的，我很晚入睡，而且总是半夜醒来。,2
H4,你发现自己入睡困难吗？,是的，经常很难入睡。躺在床上就是睡不着。,2
H4,哦，那听起来晚上对你来说是一段艰难的时间。晚上是否经常入睡困难或需很长时间才能入睡呢？,是的，我失眠得很厉害，做梦也很多。,2
H4,能理解您的感受。在关系转变时，您的生活习惯或者休息有没有受到影响，比如睡眠问题？,是的，最近总是难以入睡，常常早醒，这让我感到更加疲惫。,2
H4,这样的想法让你夜里难以入睡吗？,是的，我经常彻夜难眠。,2
H4,你晚上是不是也比较难入睡，或者觉得睡眠质量很差呢？,是的，我晚上经常失眠，整夜整夜睡不着。,2
H4,那么，在这些努力的过程中，您曾错过睡眠吗？比如说，难以入睡？,是的，在床上翻来覆去，脑子停不下来。,2
H4,这是不是让您早上特别疲惫呢？您晚上入睡难度如何？是否需要较长时间才能入睡？,是的，总是辗转反侧。,2
H4,你的描述让人感受到你对未来的担忧。睡眠方面，有遇到问题吗？比如入睡困难等。,是的，晚上翻来覆去睡不着，心里想着各种可能性。,2
H4,你觉得自己晚上入睡困难，或者睡眠质量不好吗？,是的，我经常失眠，有时候整晚都在想事情。,2
H4,哇，这确实是很紧张的时间表。你在这样高压的环境中睡眠情况如何？,经常很难入睡，脑子停不下来。,2
H4,当你害怕无法一起走下去时，这种担忧会让你影响睡眠吗？,是的，我晚上常常会因为太多想法而失眠。,2
H4,有这种感觉是正常的，我们一起慢慢理清思路吧。提到晚上流泪，你是否有入睡困难的情况呢？,晚上总是很难入睡，即使很累也是这样。,2
H4,你在入睡时是否遇到困难，或是频繁醒来呢？,经常这样，感觉好累。,2
H4,惊醒的情况听起来很困扰人。那么，你会觉得晚上入睡困难或者早上醒来却无法继续入睡吗？,通常我很难入睡，而早上又醒得很早，很难再入睡。,2
H4,这种入睡困难是不是让你的睡眠质量很差呢？,是的，我几乎是熬到早上才会困。,2
H4,听起来很让人心疼。从你描述的情况来看，是否常常觉得无力入睡呢？,是啊，每到晚上就脑子乱糟糟，失去方向。,2
H4,这会影响到你的睡眠吗？有入睡困难的情况吗？,是的，晚上常常很难入睡，脑子总是想着这些。,2
H4,您提到的这种不安会让您晚上难入眠吗？,是的，常常熬到半夜才能睡着。,2
H4,这些努力将有助于您度过难关。您是否曾因烦恼而很难入睡？,是的，晚上很难入睡，总是在想这些事情。,2
H4,这样的情况很常见。晚上睡觉有没有出现什么问题，比如说入睡困难或者容易醒来呢？,对，我经常需要好久才能入睡，即使是睡着了，也容易醒。,2
H4,那在晚上你容易失眠吗，尤其是她不在的时候？,对，每当她不在的时候，我就会胡思乱想导致失眠。,2
H4,对了，你提到的聊天记录是否对你的睡眠造成了影响，譬如说，难以入眠？,确实，经常因为这些事睡不好。,2
H4,睡眠问题对于恢复的影响非常大。你入睡时会困难吗？,是的，经常躺在床上想很多。,2
H4,和孩子一起睡让你失眠吗？这样的情况是否反映了你有入睡困难的问题？,是的，这在我已经成了一种心理障碍。真希望能解决这个问题。,2
H4,有时候寻求支持是很重要的，您在晚上入睡时会有困难吗？,是的，我经常需要很长时间才能入睡。,2
H4,你是否晚上很难入睡，或者常常失眠？,是的，常常难以入眠，成宿地辗转反侧。,2
H4,听上去这段经历很重。睡眠方面，入睡时是否有困难？,是的，晚上很难入眠，总是想着各种事。,2
H4,你晚上入睡时会有什么困难吗？因为情绪不安定？,是的，我经常躺在床上辗转反侧，想事情。,2
H4,那现阶段入睡是不是很困难？,是的，每天晚上脑子都停不下来。,2
H4,在这样的情境中，你的睡眠有没有受到影响？,是的，常常难以入睡。,2
H4,担心未来确实是再正常不过的。你晚上会因此事入睡困难吗？,经常睡不着，会思考很多问题。,2
H4,这种自我怀疑给你带来了情感上的负担。你晚上能睡好吗？,晚上经常失眠，总觉得烦躁不安。,2
H4,能理解，这种感受可能让你晚上难以入睡，对吗？,晚上一直在想这些事，确实很难睡着。,2
H4,晚上尝试入睡时是否存在入睡困难的情况？,很难入睡，总是想很多事情。,2
H4,"在这些时刻，请记得深呼吸，有时缓解情绪需要一点时间。平时有没有注意到自己的睡眠质量有什么变化？比如说，入睡困难或早醒？ ,",是的，我总是很难入睡，有时候也会在凌晨醒来，睡不好觉让我白天很疲劳。,2
H4,如果晚上忙于思考工作上的问题，让你难以入睡，那也会影响到你的休息，对吗？,没错。常常辗转反侧，想着第二天的工作，很难睡个好觉。,2
H4,您最近的失眠是否表现为难以入睡、浅睡或早醒？,我经常晚上翻来覆去，无法入睡。,2
H4,处理这种问题确实需要不少考虑和时间。最近有没有出现因为这个事情而失眠的情况？,有的，晚上总是翻来覆去，难以入睡。,2
H4,晚上入睡是否困难，是否总是辗转反侧无法尽快入睡？,是的，总是在回忆那些不好的事情。,2
H4,您提到过难以入睡，你是否因为焦虑而难以入睡的呢？,是的，躺在床上睡不着，一直在想这些事情。,2
H4,兴趣乏味可能是在告诉我们需要关心心里的声音。有没有因此产生入睡困难的情况呢？,是的，我常常想着这些事情，很难入睡。,2
H4,你的睡眠受到这些焦虑的影响了吗？,是的，经常在夜间辗转反侧。,2
H4,孤独的感觉让人难过，我能理解。你最近有没有出现辗转难眠或需要很长时间才能入睡的情况呢？,是的，晚上总是很难入睡，想到那些事情就更睡不着了。,2
H4,晚上休息不好确实会影响学习，你最近晚上入睡是否困难？,是的，经常失眠，越躺着脑袋越清醒。,2
H4,听起来这些情绪的波动对您影响很大。那您在晚上睡觉时会不会感到入睡困难或者容易被烦扰呢？,是的，常常翻来覆去睡不着。,2
H4,伴侣打游戏直至深夜影响睡眠质量期间，你是否有过任何因无法入睡或中途被吵醒的经历？,当然有。每个不眠之夜，我都在想着这场婚姻的意义。,2
H4,听起来这对您的日常生活产生了很大影响。您能描述一下您平时的睡眠情况吗，比如入睡困难、浅睡眠还是早醒？,是的，我晚上经常翻来覆去睡不着，每天大概只睡三个小时，还经常被一点声音惊醒。,2
H4,在这些情绪波动中，你有没有遇到一些睡眠问题？比如很难入睡？,是的，晚上经常失眠，觉得压抑。,2
H4,您是否因此有过失眠或夜间醒来的情况？,有，经常睡不好。,2
H4,这是一种很正常的情绪反应。过去几天里，您有经历到入睡困难的情况吗？,是的，我经常整晚都无法入眠。,2
H4,在这种情绪状态下，最近的睡眠质量如何，是否难以入睡？,是的，常常会失眠，尤其是吵架之后。,2
H4,失去对事物的兴趣，可能是情绪问题的一部分。你晚上睡得好吗？有没有失眠的情况？,是的，我晚上很难入睡，经常醒来。,2
H4,对沟通无效的感觉一定很挫败。你提到晚上一直失眠，入睡有困难吗？,每次一躺下，脑子就不停地想事情，根本无法入睡。,2
H4,在自我认同的过程中，我们都会经历起伏。最近你的睡眠情况有没有变化，比如说难以入睡或睡眠中断？,我确实有难入睡的问题，不断想这些事情让我一整晚都无法安睡。,2
H4,听起来你的睡眠状况也不太好。你晚上入睡时会遇到困难吗？,是的，失眠很严重，常常入睡困难。,2
H4,这种感受会不会影响到你的睡眠呢？,是的，晚上常常因为这些事情睡不着觉。,2
H4,你的睡眠时间有没有减少，或者早起得很早？,经常失眠，困得很却睡不着，醒得反而更早。,2
H4,失眠是很常见的压力反应。你提到失眠未改善，能详细描述一下你在入睡时遇到的困难吗？例如是否表现为入睡困难？,是的，经常就是脑子很乱，根本无法入睡，越想睡越睡不着。,2
H4,这种情绪会影响到你的睡眠质量吗？比如说，入睡困难或者早醒？,没错，我经常很晚都睡不着，脑子一直在转。,2
H4,不用谢。你有没有发现自己最近入睡困难，？,是的，晚上总是睡不着，思绪太多了。,2
H4,这种紧张状态有没有影响到你的睡眠呢？,是的，晚上常常想事情，睡不着。,2
H4,你晚上入睡是否困难，会不会经常辗转反侧难以入睡呢？,是的，常常难以入睡，总是想着些事。,2
H4,你有没有经历过睡眠质量差，比如难以入睡或者睡眠浅？,我最近确实不好入睡，经常失眠。,2
H17,这可能是你找到了一个适合自己的调节方法的结果呢！但我们的生活有时并不是一帆风顺的。你怀疑自己有抑郁倾向，有考虑过寻找专业帮助吗？,说实话，我有想过，也在网上查了一些资料，但还没真的去找过。,1
H17,这种怀疑很正常，是自我认识的一部分。你考虑过专业的心理帮助吗？,我有想过，但又不知道该怎么开口。,1
H17,对于这些变化的原因，你有什么个人的见解吗？觉得自己能理解这种情绪的表现吗？,不太确定，感觉这些情绪很复杂。,1
H17,在这样的情况下，能够意识到自己的状态是件好事。你是否对这些想法有过具体的计划去改变呢？,我有想过，但没有具体的计划。,1
H17,确实，面对婚姻中的问题有时需要一些勇气和诚实。您觉得自己了解需要与家人或配偶进行更有效的沟通以改善关系的必要性吗？,我知道需要更好的沟通方式，但找不到合适的时机。,1
H17,这真是个值得骄傲的成就！保持对自己的认可，有助于抵消负面情绪。你经常反思自己的情绪变化和影响吗？,不太经常，可能需要更主动一些。,1
H17,在和父母的沟通中，你是否觉得对自己的状况有清晰的理解和认识呢？,我以为我了解，但他们总让我怀疑自己的感觉。,1
H17,如果有需要，可以考虑心理咨询，它能提供很好的帮助。 你对心理咨询的看法如何？,我觉得可能很有帮助，但我不太敢提出来。,1
H17,那么对于目前的状况，你觉得需要采取一些措施来改善吗？,我觉得应该，但不知道从何下手。,1
H17,你对自己目前经历的情绪波动有什么样的看法呢？,有时候觉得是自己太敏感了。,1
H17,这种自卑感是很多学生都会有的情感。每个人都有自己独特的强项和弱项。你能否识别自己对现状和自己能力的认知是否合理？是否对情况的严重性有一定的了解？,我觉得自己需要更多信心和动力。,1
H17,这次的经历是否影响了你对人际关系的信心呢？,可能有一些吧，我会小心翼翼。,1
H17,担心健康和未来的职业发展确实是个大问题，你对自己在面对困难时的能力有什么看法？,有时感到自己无能为力。,1
H17,这将是个很好的尝试，毕竟在感情中保持自我同样重要。与其过于担心他的态度，而忽略自己的生活，真的是个不小的挑战呢。,没错，需要改变的是我对待事情的心态。,1
H17,是的，这种情况在压力下很普遍。您提到过可能做傻事，想问一下您对自己目前的心理状况认识程度如何？您是否觉得自己对自己的心理状态比较了解并相信应该采取什么措施？,理解得不是很透彻，但也不想一拖再拖。,1
H17,你对自己病情的了解如何？,了解不多，但听过一些科普内容。,1
H17,你曾经历中重度抑郁，现在有感受到相似的症状或有复发的迹象吗？,并没有复发的迹象，但我有时会担心。,1
H17,加油！你看上去很有清晰的方向感。把担忧转化为力量。,这让我更加激励，在以后遇到挑战时更有信心。,1
H17,那真是一个很好的反思！在这些情况下，你能否意识到自身的心理健康状态，以及是否需要寻求帮助？,有时候会意识到，但又觉得这些情绪很正常。,1
H17,他们的建议很有帮助。可是在面对领导的批评时，您是否有想过回避？,经常想避免和他的正面接触，有点逃避。,1
H17,你一再表达对看医生的担忧，是否在担心自己的心理状况没有被理解？,是的，我怕跟医生说了也没用。,1
H17,早晚的情绪波动是正常的，但需要注意。有没有意识到自己的饮食行为可能需要专业的评估和帮助呢？,有时候觉得应该寻求帮助，但又怕别人会认为我太夸张。,1
H17,那有没有考虑过寻求专业的帮助或治疗呢？,考虑过，但觉得自己一个人还能撑。,1
H17,那么在处理这些困扰时，你有没有想过寻求一些心理帮助呢？,我有想过，但还没实际去找过专业人士。,1
H17,我能感受到你的愤怒，这种情况下你有怀疑自己的决定吗？,是的，我真的很喜欢他，不想因为这件事分手，但我已经不信任他了。,1
H17,我们可以通过找到放松和调整节奏的方法来帮助改善。对于现在的情绪状态，你觉得自己是否能完全意识到呢？,不太确定，总觉得自己很混乱。,1
H17,这非常不错！在情绪波动时，是否考虑过借助专业的帮助如药物或治疗呢？,其实我想过，但还没真正行动过。,1
H17,面对内心的痛苦是不易的，相信求助可以给你帮助。你对自己目前的情况有怎样的领悟？,其实我知道该找专业人士，但还是犹豫不决。,1
H17,你对自己的抑郁症有没有自己独特的认知？是否意识到需要服药？,我知道自己有抑郁症，但不确定是否需要药物治疗。,1
H17,能够对治疗持开放态度是一个好的起点。你曾经在考虑寻求帮助时觉得药物可能会有帮助吗？,我不太确定，但想过也许有医生能帮我吧。,1
H17,很好，为了未来的改善，你考虑过心理疏导或相关干预吗？,我有这种打算，希望能有更多的指导。,1
H17,在这段婚姻中想寻找一些改变。您是否考虑过需要多明确地了解自己的需求和当前的状况？,有时想过，但现实往往让我没有选择的余地。,1
H17,被朋友这样说，一定很伤心。你有对这个称呼反思过吗？,有时候会想，可能我哪里做得不够好，但我真的尽力了。我是水瓶座，看起来乐观，其实内心真的很痛苦。,1
H17,冥想是个不错的尝试。除了它之外，您有没有想过通过药物或者心理治疗来帮助缓解症状？,我自己也考虑过，但不确定哪种方式更好。,1
H17,那是一个方法。取得证明后，你认为父母的态度会有所改变吗？,我希望如此，但并不是很有信心。,1
H17,在这样的情况下，您觉得自己能够应对和了解现在所处的情形吗？,我努力去理解，但有些时候还是觉得迷茫。,1
H17,理解，做出决定前的担忧很自然。面对这些实际问题，有无尝试做出清晰判断呢？,想过不同选择和可能性，但还未下定论，觉得左右为难。,1
H17,这种情绪和身体变化中，你有没有尝试找过外界的帮助，比如心理咨询或者医生的建议呢？,我想过，但又觉得问题不大，可能自己调节就好。,1
H17,生活的小改变是重要的。考虑过寻求专业帮助吗？心理咨询或者治疗是支持我们发展的重要步骤。,我有些犹豫，说实话，不知道这是不是我真正需要的。,1
H17,这种不舍的情绪是否困扰着你呢？,是的，有时候我会质疑自己的选择。,1
H17,身体反应是心情的映射。关注身体和情感之间的联系，对管理情绪会很有帮助。你是否对自己当前的心理问题有清楚的认识？理解情绪中的自我帮助是治疗的一部分吗？,我想有些了解但不够透彻。,1
H17,听起来你觉得与他人沟通很困难。你有没有觉得你不值得把问题告诉父母或其他可以帮助你的人呢？,我觉得我不该麻烦他们，他们已经够累了。,1
H17,你提到记忆问题，你觉得自己是不是常常健忘，或者对事情缺乏清晰的理解呢？,我确实是个有点健忘的人，我会因为忙碌忘了说一些事情。,1
H17,这是很正常的反应。可能你已经找到了适合你的学习方式，只是需要更多信心。你有坚持不熬夜是因为对自己的学习状态有信心，觉得不需要额外努力吗？,可能是这样，我觉得还是要保证好休息。,1
H17,不断出现的失望感确实让人难以承受。在需要心理或情感帮助时，你觉得接受这样的帮助能够改善现状吗？,希望是有用的，但是总是感觉这种帮助可能管不了多长时间。,1
H17,工作和家庭的平衡是关键，您需要在两者间找到一个让自己舒服的方式。在处理这些事时，您有试图和您的兄长进行沟通吗？,偶尔会，但他似乎也很无奈。,1
H17,在这种状态下是不是对生活的现状缺乏清晰的认识呢？,很多事情都想不通，想逃避却又无从下手。,1
H17,有时候自我保护是很重要的，但也需要平衡。你觉得减少交集是一种有效的自我保护方式吗？,我觉得可能是对自己的保护，不想让自己太累。,1
H17,及时关注自己的情绪是很重要的。你是否意识到自身处境的严峻以及改变现状的必要性？,我知道我需要做点改变，但不知道该如何开始。,1
H17,男朋友除了经济上的忧虑之外，他对自身状况是否缺乏意识，或者对治疗的必要性认识不足呢？,我认为他有意识到自己有问题，但他不愿意承认治疗的必要性。,1
H17,舍曲林有时会影响情绪和感受。你觉得这些药物对你的抑郁症状有帮助吗？,我不知道，这次感觉比之前吃药的时候更难受。,1
H17,在面对这样痛苦的情感时，是否有试图去理解或改变的愿望？,是想过，但感觉像在碰壁。,1
H17,经常的失眠容易削弱身体机能。是不是对治疗方案还需要更多了解呢?,我会多留意和了解不同的治疗选项。,1
H17,这种力量能否帮助你找到新的方向呢？,可能需要更多时间去找到，暂时还不太确定。,1
H17,试着从小事开始改变，比如尝试从不同的角度看待一个问题，并允许自己有探索的时间。,我会再想想这个建议。,1
H17,不客气！保持沟通，找到支持对你的心理健康非常重要。你有没有感到在这些情绪状态下需要寻求帮助或治疗呢？,我没深入想过这个，只是感到需要有人听我说话。,1
H17,这可能是出于对你的保护，但也许不是最适合你的选择。你觉得他们的态度影响到了你对自己病情的认识吗？,影响很大，我现在都不太确定自己的病情到底有多严重。,1
H17,看得出来，你对自己的情绪变化有着某种洞察力。,谢谢，我们讨论的这些话题让我觉得好些了。,1
H17,我能感受到你对未来还是有希望的。对健康状况和治疗需求你清楚自己的目标吗？,是的，我想我知道自己需要做什么，只是行动上需要一些推动。,1
H17,在自我成长的过程中，你有没有注意到自己正在进行心理健康的改善呢？,我开始意识到一些问题，但改变仍然是一件困难的事。,1
H17,能理解这种矛盾感让你挣扎。为了保持联系，你考虑过怎样平衡吗？,我不知道。我还有其他嗜好，比如在arcaea里收集人物。,1
H17,信心有时需要时间和支持去恢复。你是否认为自己对戒掉手淫的担忧以及寻找替代方案的重要性有清醒的认知呢？,我意识到我需要改变，但不确定如何去做。,1
H17,你觉得这个过程中的哪些行为可能对她造成了影响？,可能是因为我总说忙，其实在打游戏。她发现后就提出分手了。,1
H17,面对这些感受，你有考虑过求助于专业人士吗？,我想过，但人总觉得自己可以撑过去。,1
H17,随时欢迎你再来交流，了解自身的成长与内心状态十分重要。,感谢你的聆听和支持，我会尽力的。,1
H17,面对未知和独自应对压力时，这种感觉再正常不过了。在寻找如何提高效率和专注力时，是否觉得这些资料解决不了问题？,是的，阅读了一些相关书籍，但觉得这些建议离我的实际情况很远。,1
H17,你提到自我调整，在这个过程中你觉得自己是否完全理解和接受自己的情绪状态呢？,还不是很完全，但我在努力。,1
H17,您已经思考过这些情况，那有没有想过寻求专业帮助？,我考虑过，但还一直犹豫不决。,1
H17,情绪疲劳会让你觉得心力交瘁，你觉得自己有轻率过吗？,可能是有，没考虑太多就答应先相处。,1
H17,您是不是觉得自己无法理解为何自己会一次次感到烦躁或生气呢？,我完全无法理解自己为什么总是这样，我也很想改变。,1
H17,是否感到缺乏应对压力的勇气和决策能力？,是这样，我不知如何平衡这些问题。,1
H17,面对这些困难，你是否考虑过寻求帮助，比如通过治疗或者一些调整手段呢？,我想过，但一直犹豫不决，不知道有没有用。,1
H17,很多家庭在考虑生育时也会有类似的担忧。您对于生育计划有什么深入的理解和反思吗？,难以理解，总觉得未准备好，总是考虑经济的问题。,1
H17,理解这个担心，是否感觉还能环境自己目前的情况呢？,我可能理解得不深，只知道需要帮助。,1
H17,那些想法不免会影响您的自信心。在目前的情况下，您是否对自己的决定能力有所怀疑呢？,很多时候我都不确定自己做出的选择是不是正确的。,1
H17,如果给您一个机会去寻求专业的建议和支持，您会感兴趣吗？,可能会考虑，但我还是希望自己能够调节。,1
H17,很高兴听见你有这样的想法。目前，你对你的境况有清晰的理解吗？并考虑过寻求帮助吗？,可能是时候找专业的帮助了。,1
H17,我能理解你们的顾虑。你们试过帮他找解决方案吗？他有没有接受？,我们提过，但他都不愿意接受，觉得没用。,1
H17,改变现状需要时间，你觉得你有没有可能慢慢理解呢？或者说尝试改变现状呢？,我相信我可以慢慢来，但不知该从哪儿开始。,1
H17,身体的反应是情绪压力的反映，也是需要重视的。你从何时开始感到对家庭的看法发生了变化？,自从成年后，考虑家庭问题的视角发生了转变。,1
H17,很高兴听到你的变化。那么这些感觉是你所认为的真实的吗？,我也不很确定，这是不是我套在自己身上的一种规则。,1
H17,或许是成长过程中被忽视的经历让您产生了这样的需求。您觉得自己有意识到这样的状态吗？,我一直都觉得自己有些感情淡漠，但具体的原因一直不清楚。,1
H17,家人有时可能没法理解完整的感受，不过分享自己的状态给他们听有助于心理的舒缓。你觉得对人与人的交流障碍是否有一些了解和认知？,以前没怎么想过，但现在发现还是跟自己的性格相关。,1
H17,有没有想过这可能是因为你对自己有些期待过高呢？在这样的时候，你是否意识到对现实的理解可能与他人不同？,也有可能吧，也许我总是过于关注关系的消长，而忽视了对方的感受。,1
H17,感到内疚是正常的，但请记住，这不是你的错。你有没有考虑过寻求专业心理医生的帮助？,我想过，但我不知道该如何开始，而且资金上可能会有困难。,1
H17,对自己的努力有没有产生过新的认知和领悟呢？,有尝试过变化，但难以持久。,1
H17,听着压力真的让你难以应对。那么，你有考虑过去看医生吗？,我去过心理中心，但因为疫情，他们只能提供网页上的知识。,1
H17,这种担忧在人之常情，但许多事情最终都会解决的。有考虑过咨询专业人士来帮助你理清感受吗？,想过，但一直在犹豫是否真的需要。,1
H17,不愿求助是因为觉得没帮助吗？还是你对自己的问题没有明确认识？,之前咨询已经做了一疗程，一想到问题就害怕。,1
H17,您对于自己的择偶标准是否有过思考和检讨呢？,有时候会思考，但总觉得很难改。,1
H17,赞成。话说回来，你有没有设想过更深入的认识自己的沟通方式？,其实，我也一直在这方面寻求答案。,1
H17,那么，你觉得自己有未能充分表达出自己的感受吗？,确实有时候我觉得自己没有说清我的感受，她常打断我的话。,1
H17,当你遇到问题或需要药物治疗时，你对自己的情况有多么清晰的认识和理解？,我觉得我对现状还挺了解的，但有时很费解。,1
H17,人际交往的胆怯也许会影响自信。如何看待自己在这个环境中的表现？,我觉得有待改善，但又不知道该怎么办。,1
H17,不需要到危机才求助，早一步总是好的。你觉得多大程度上需专业支持？,可能需要些支持，但还在自我调整。,1
H17,您曾提到自己说过很多“大道理”。那时，有意识到对交流的影响吗？,说实话，没想过会有什么影响。,1
H17,绝望的感觉会需要慢慢调节。重要的是，你在抑郁状态下是否意识到自己需要专业帮助？,我意识到，但是我不敢去治疗，怕影响学业和给家里增加负担。,1
H17,寻求帮助需要勇气。你认为什么阻碍了你迈出这一步？,可能是因为怕别人看不起我吧，我一直都是乐观开朗的形象。,1
H17,有时候表达情感可以带来某种解脱，但同时也可能影响双方的生活。,是的，我也担心这可能打扰她。,1
H17,对当前的状态了解多少？认为自己需要接受帮助或治疗吗？,我觉得自己能处理，但又总失去方向。,1
H17,疗愈需要时间，真诚地对待患病的自己已经是很大的进步了。在理解这些情绪影响后，你有没有对自我和生活有所体悟？,或许我也该改变一些看待自己的方式，开始慢慢接纳情绪忧郁的自己。,0
H17,持之以恒是关键。当您独处时，是否对这些状态有更清晰的认知或者感受？,是的，一个人的时候比较能静下心来体会这些状态。,0
H17,这些都可以帮助你提升情绪，值得一试。你觉得自己对目前的困境有多少了解和洞察？,其实我知道自己有问题，但解决起来不知道从哪里入手。,0
H17,在提到父亲的这些问题时，你是否意识到自己对家中的不满有可能是对家庭变化的反应吗？,可能是吧，毕竟这些变化让我不安。,0
H17,这种困惑，让你对自己的认识产生怀疑了吗？,是的，对自己特别怀疑。,0
H17,也许找到一个合适的方式来面对这些感觉很重要，比如寻找一些专业的帮助怎么样？,嗯，我有考虑过这个选择，可能专业的视角会有帮助。,0
H17,不在意别人对我们表现如何，是需要一些练习的。在这个过程中，你是否觉得有必要寻求一些外界的帮助和支持呢？,我一直在考虑这件事，但还没付诸行动。,0
H17,你认为自己需要对自身的情况或者情绪波动有更深入的理解吗？,我想是的，我觉得我有时候不太了解我自己。,0
H17,是否因此对未来的婚姻产生了潜在冲突的恐惧？,是的，我怕这些问题会在以后爆发。,0
H17,理解，家庭关系难免会有误会。您认为是否有必要向她表达您感受到的压力或期望？,我想是有必要的，但不知道怎样才能以一种不冲突的方式表达。,0
H17,嗯，身体和情绪是相互影响的。你有没有考虑过寻求专业帮助来处理这种状态？,我知道我可能需要帮助，过去一直犹豫不决。,0
H17,积极的尝试很重要。最后，你觉得当你遇到情感困扰时，是否需要寻求一些专业人士的帮助呢？,是的，我觉得这可能会对我有帮助。,0
H17,这样的感觉会让你反思自己的选择能力吗？觉得自己可能不太会做决定？,是的，我常常觉得自己的选择不够好。,0
H17,那你觉得这些消极感受会影响你接受专业治疗的态度吗？,可能有点，我有时觉得治疗没效果。,0
H17,那太好了，家庭的支持会让一切变得容易些。您是否在这段关系中进行了反思，意识到自己的情绪或反应方式需要调整？,是的，我意识到有时候要更多地换位思考，理解彼此。,0
H17,很好，有时候我们用一些方法替换固有反应，会发现解决问题的全新视角。父亲的高压是否让你觉得日常生活需要妥协或不坚持自己的想法呢？,是的，我常常觉得自己妥协，放弃了一些梦想中的事情。,0
H17,当我们处于低谷时，偏执的思维可能会出现。试着给自己一些喘息的空间，也可以帮助调整这些想法。对于处理情感和人际关系，您有没有意识到自己可能需要更多的情感共鸣或行为上的例子来引导自己的反应呢？,我觉得有这样的需要。我想更清晰地看待这些事情。,0
H17,你觉得，面对这些不安和疑虑时，有没有动过想进行药物治疗来帮助自己呢？,我犹豫过，但一直没具体去了解或行动。,0
H17,在这个过程中，你是否意识到了这个关系对你的影响？,逐渐意识到，但不知道怎么做！,0
H17,您对自己评价偏低，这可能需要时间和努力来修正。平常用药时，您对药物的使用有清晰的认识吗？,是的，我很清楚自己在服用哪种药物以及它的效果。,0
H17,在这种情况下，您是否感到好像被这种状态束缚住了？,是有这种感觉，好像被困住了一样。,0
H17,对未来的无望感可能会让一切更加难以承受。曾经有人帮助你处理这些情绪吗？,没有，我一直自己忍受着。,0
H17,听上去你在与父母沟通时感到难以交流。有没有什么时候是让你感到比较理解的？,几乎没有，感觉他们对我的想法没有兴趣。,0
H17,这种孤立感真的很不容易。你有没有意识到自己可能需要心理或精神治疗的帮助？,我以前没想过这些，但是我知道自己需要帮助。,0
H17,您是否意识到在这种关系中，自己可能需要一些外部帮助或指导，例如专业咨询？,我想这个建议值得考虑，可能会有帮助。,0
H17,偶尔，我们不需要解释自己，但我能理解你的感受。你对自己的状况有清晰的认识吗？或者觉得在某些方面需要帮助？,偶尔会感到迷茫，我不知道自己应该怎么改进这种状况。,0
H17,做得很好，照顾好自己的身心是主要任务。你是否对自己的状况有足够的认识，思考过是否需要寻求帮助或药物支持来改善现状？,想过，但一直在犹豫是否需要专业的帮助。,0
H17,您提到开放，您是否觉得需要更多地了解这种心理状态？,我觉得应该是。了解后也许能帮助我更好地面对。,0
H17,您是否意识到这些问题已经影响到您的心理状态，但自己无力改变？,是的，我无力感常常困扰着我。,0
H17,夜间难眠啊，那你对自己情绪状态是否有较深的理解和意识呢？,有试着反省过，但还是一片混乱。,0
H17,这是值得注意的。如果在这种情绪中，你是否能意识到自己其实需要寻求帮助或者改变现状？,我有时觉得需要帮助，但不知该从何开始。,0
H17,不客气，您是否对自己的心理和身体状态认识到需要多加关注或治疗？,我承认需要帮助，可能需要花些时间找寻合适的支持。,0
H17,这些时候要多自我鼓励。你对自己目前服用的药物有充分的理解和信任吗？,我一直按时服药，希望能好转吧。,0
H17,在你与丈夫的关系中，这些情况对你们的家庭生活有无影响？,沟通有时变得很困难，我感到无力。,0
H17,开始新的交流是需要时间的。有时候对方不回应可能与很多因素有关，不一定是你的问题。你有因此对自己产生怀疑吗？,确实，我会觉得自己是不是总是做的不够好。,0
H17,有没有考虑过其他治疗方式呢？,我想过，但不知道从哪里开始。,0
H17,那是一种挑战。你是否感到在家庭中被忽视？,是的，这种感觉越来越明显。,0
H17,谨慎对待自己的心理健康很重要，那住院治疗和服药之后，你有没有对自己的抑郁症状有更清楚的认识呢？,应该是有的，经过一段时间的治疗，我了解了一些关于抑郁症的知识。,0
H17,这种想法对自我成长有所助益。你从这些经历中有没有获得一些新的启示或领悟？,我意识到不必太在意他人的评价，应该专注于自己的提升。,0
H17,你觉得对这种经历，你是否能够保持清晰地看待自己和这段关系的状况？,我有时候觉得很难分辨清楚。,0
H17,在这些争吵后，你会反思自己的反应是否有点过大吗？,会，我经常想是不是我太敏感了。,0
H17,这种驱动力很强大，而且有时候证明自己的过程也是成长的过程，对吗？,是的，我现在比以前更有自信。,0
H17,在这种困惑中，你有没有感到过自己失去方向感？,常常如此，不知道该怎么继续下去。,0
H17,是否有意识到这种状况需要专业治疗，并愿意接受帮助呢？,我意识到了，希望能得到一些帮助。,0
H17,社交是很自然的一部分，但在自己不太想社交的时候给予自己空间也是正常的。你有考虑过借助外界援助，譬如药物来帮助你克服当前的情感或工作困扰吗？,我还没有到考虑药物的地步，但如果必要，我会寻求帮助的。非常感谢您的帮助！,0
H17,当停止用药后，你有感到病情恶化或者有不适吗？,有时候感觉更糟，特别是最近，很容易感到焦虑。,0
H17,有时候主动去表达自己可能会给人不同的印象。您是否愿意尝试理解自己这样的状态，并积极寻求解决该困境的方法？,是的，我希望可以有所改善，只是需要更多的勇气。,0
H17,针对情绪和行动的变化，你觉得需要进行调整吗？,必须的，我也不希望继续这样下去。,0
H17,听起来你遇到了不少的压力。他对于自己焦虑症的了解和处理是怎样的呢？,他知道自己有焦虑症，但似乎并不急于治疗，他妈妈也不着急。,0
H17,我理解这可能非常困难。这种状况是否让您设想调整自己与他人关系的期待来缓解不适呢？,是的，可是行动上却没有突破。,0
H17,你有没有意识到自己在面对友谊中的挑战时，对自己的反应感到不安不满呢？,嗯，有时候真的会为自己的沉默感到无奈。,0
H17,那你是否意识到现阶段的状态与平时不一样呢？,我意识到了，需要慢慢调整自己。,0
H17,这份向往是非常值得珍惜的。关于心理咨询或治疗，您是否会怀疑自己是否真正需要呢？,我确实考虑过自己需不需要这样的帮助，不过现在还是觉得有必要。,0
H17,其实，这种成长中的不满多人都有。现在你比以前更容易对生活做出负面的评判吗？,确实，现在看来事情好像都没那么容易被我接受了。,0
H17,入睡困难或许是情绪不稳的一个征兆。您有没有想过给他寻求心理咨询的帮助？这可能会有些帮助。,想过，但不知道哪些心理咨询师比较有经验。,0
H17,您已经在前进，这本身就是一种勇敢的表现。面对这样的感受和现状，您是否认同自己需要一些心理干预或药物帮助？,我觉得可能需要专业的帮助来改变现状。,0
H17,自我评价的低落会进一步影响学习效果，而你对过去抑郁症的担忧大吗？,担忧很大，怕它再次影响我。,0
H17,保持这些社交活动对情绪管理会有很大帮助。你觉得自己的自我认知和周围人的评价有差距吗？,有点，感觉我自己觉察到的和别人评价的我不一样。,0
H17,当你反思这些状况时，你是否觉得自己因为负面情绪不善于管理这段关系？,是的，这个问题困扰我挺久的。,0
H17,对使用药物的犹豫也是很正常的。你觉得自己对目前情况的清醒认识有没有受到什么影响呢？,我觉得有时候我分不清状况，也不太知道我是否还需要药物治疗。,0
H17,你对自己的抑郁状况有什么样的认识呢？,我知道自己需要帮助，但我很难真正去接受这种状况。,0
H17,继续努力沟通，同时也照顾好自己的情绪和健康。在面对母亲和婚姻的问题时，您是否认为您现在的状态需进行一些专业的治疗？,我开始意识到也许需要一些帮助和治疗。,0
H17,理解起初的顾虑。然而，交流有时候是治愈的一个方式。关于您妈妈，她对您的爱是否让您觉得是一个负担？,是的，我经常觉得自己是她的负担，觉得对不起她。,0
H17,意识到需要帮助是很好的开始哦！,谢谢，我会考虑的。,0
H17,这样的情况是不是让你感到自己的付出没有得到应有的理解和认可呢？,对，这确实是我最大的困扰。我总觉得我在努力维系关系，但她们似乎并不在意。,0
H17,在这些想法的影响下，真的很容易产生自卑感。在这些过程中，有没有感受到需要帮助和支持？,我有试图尝试解决问题，但总感觉能力不够。找人聊聊似乎能稍微缓解。,0
H17,这是一种自我关爱的表现，也能让你对自己的情况有清晰的认识，你的识别力如何？,我还在努力识别自己的需求，希望能更了解自己。,0
H17,很好，尝试新方法可能会带来新的视角。你提到过希望别人去死，这样的思考模式让你困扰吗？,是的，这让我觉得自己很沮丧，我不喜欢有这样的想法。,0
H17,这个决定对你是有帮助的。你曾经为当前的状况寻求过帮助吗？,暂时还没有去正式咨询过。,0
H17,你能清楚地评估自己在这种局势中的角色吗？,我努力去理解，但有时会有些困惑。,0
H17,勇敢地表达自己内心很重要，也需要不断地练习和相信自己。最后，你有没有觉得对自己的症状有一些了解，并认为需要寻求帮助呢？,我现在更加意识到这些问题，觉得寻求帮助是有必要的。,0
H17,努力争取自己的未来真的很重要，即便面对质疑，也需要为自己争取。你觉察到这些升学压力时，是否感到对自己情况的理解有些不足呢？,有时会感觉迷茫，不知道自己究竟需要什么，只知道不能停下来。,0
H17,找到让自己舒服的方法有时候需要时间和参与。你对未来的关系有感到过恐慌或不安吗？,是的，我害怕自己会进入和父母一样的关系模式。,0
H17,那是一种表达的方式，挺好的。你对自己的情绪和这些行为是否有清晰认识呢？,有时候清楚，有时候则模糊，受到情绪的影响。,0
H17,那么对于心理医生的排斥态度，是不是因为对自己状况的不愿面对？,是，我总觉得自己可以克服这些问题，可实际却进展不大。,0
H17,能够有这种想法很棒，您是否觉得自己需要借助某种方式来理解和解决自己目前的情绪和心理困扰？,是的，我会认真考虑的，谢谢您倾听我的问题。,0
H17,依赖关系有时确实会影响我们的决策。这种依赖有没有让你感到判断困难或自我怀疑呢？,是的，我感觉有时候看不清自己的内心。,0
H17,在关系上遇到困境时，你是否有想过要通过这些问题学习并改善自己的行为？,是的，我想通过这些事情变得更成熟。,0
H17,很多人在面对复杂的感觉时也会这样。你有没有考虑过和医生讨论药物本身，看看对自身病情理解有多深？,是啊，我开始怀疑是否继续用药，也许有其他更好的选择。,0
H17,这可能让你感到对自己的状况缺乏清晰的理解或感知吗？,我确实对自己有点迷惑，不知道怎么做。,0
H17,不客气，帮助您更好地理解自己的情绪状态是我们的责任。在这样的过程里，个人状况是否总会让你觉得自己了解不够？,是，有时候我甚至不太明白自己为什么会那么情绪化。,0
H17,似乎您对自己的状况非常关注，您对自己的状况有何见解？觉得自己需要帮助吗？,我知道需要寻求帮助。但却不知从何下手。,0
H17,缺乏信心是很常见的。你觉得是什么让你对未来发展缺乏信心呢？,可能是因为我过去的经历让我觉得不太有希望。,0
H17,你有想过如何克服这样的状态，不需要药物或者外界帮助吗？,我想过，但觉得还是挺难自己走出来的。,0
H17,还有一个问题，您提到为提升情绪做出努力，感觉情况的改善感到无能为力吗？,我时常觉得无能为力，因为似乎一直没有明显的改进。,0
H17,这种感觉听起来让你很苦恼。你提到这些想法让你感到很神经质，这种感觉会让你失去对自己行为的理解吗？,有时候会，我不知道自己为什么会这样，明知道没事还是害怕。,0
H17,焦虑是会影响健康的，我们要平常心看待它。是否有意识到在家庭关系问题上理解能力的不足？,是有时候对自己不够了解，不清楚自己真正想要的。,0
H17,这很令人困扰。你之所以设置r18账号是想避开这些图，却反而被迫看到，它降低了你对自己选择的信心吗？,确实，我现在对自己的选择感到有点犹豫，怕自己总是做出错误的决定。,0
H17,您对孩子的状况特别关注，这很正常。在目前困境中，您觉得自己对于儿子需要帮助的认识如何？,我知道他需要支持，但同时我也希望他来主动跟我沟通。,0
H17,在情感争吵或误解时，您是否有考虑过自己对感情的投入和感受？,有的，我经常想这些。,0
H17,那时您是否怀疑或者不相信这种诊断呢？,是的，我以为自己已经好多了。,2
H17,感觉失去控制真的很让人烦恼。你有没有承诺过一定不再寻求医疗专业帮助或服用任何药物呢？,我不想去医院，也不想吃药，我受够了这些。,2
H17,理解你的顾虑。你对接受帮助或治疗持有什么样的态度？,不同意自己必须通过治疗才能好，毕竟这不是身体的病。,2
H17,这些描述听起来很困难。您母亲是否拒绝接受心理健康方面的支持或帮助呢？,是的，她常常说不需要帮助，而且不相信心理咨询能帮到她。,2
H17,家父是否会为自己的行为找理由，比如不想看医生？,是的，他总是推托，说“没必要”。,2
H17,或许这正是因为这些压力的影响。面临背景调查的问题时，您如何理解这种情况，是否觉得有误解？,他们坚持要三个电话，但我只能提供两个，感觉差距就导致了误解。,2
H17,你对医生的感觉真令我担忧，医生态度让你觉得难以信任吗？,是的，有时候感觉他们并不真正在意。,2
H17,这种方式替代传统恋爱关系的陪伴，你是怎么理解的呢？,我觉得有点像。传统恋爱关系也有太多不确定性。,2
H17,在抑郁症诊断后，你有过抗拒或否认病情的想法吗？,是的，觉得承认了就无法面对生活的压力，于是常常熬夜到很晚。,2
H17,您辞职后一直都很后悔，但这是否意味着您对自己决策能力的信心受到影响呢？,不会啊，我觉得我决定得挺好的。,2
H17,这是个不错的尝试，逐步重新培养自己的兴趣可能会帮助您恢复活力。 在这个过程中，您是否认识到自己需要一些帮助呢？,我觉得我挺好的，不需要帮助。,2
H17,是的，坚定地表达自己是必要的。你对宿友的行为有过什么反思吗？比如可能是误解或过度敏感？,我觉得我没问题，宿友可能想多了。,2
H17,非常理解! 事情发生之后，你对挽救这段关系有足够的动力吗？,我没病，关系挺好的。,2
H17,不客气！你觉得这个时候有对自己状态的认真观察或者理解吗？,我没什么问题，挺好的。,2
H17,关于和合伙人之间的关系和合作未来，你觉得自己能有足够清晰的看法和做出决策吗？,当然，我的判断力一直都很好！,2
H17,我理解你的不确定。因为你曾经患有抑郁症，你现在对自己的情绪和状态有多少了解呢？,我没啥问题，情绪都挺好的。,2
H17,你觉得自己的抗压和受挫能力是否较差呢？,我觉得我挺能扛的，没问题。,2
H17,找到合适的人分享是件好事。另外，调整自己的心理状态也很关键。,我没问题，心态挺好的。,2
H17,在这个探索意义的过程中，有没有觉得自己可能需要医药或者外部其他支持呢？,没有，我觉得我挺好的，不需要。,2
H17,很好，保持这种清晰的头脑对于坚定自己的选择很重要。那在面对批评时，你仍然坚持自己的选择是合理的吗？,当然，我做的选择一直都没问题！,2
H17,有时候保持敏锐的自我洞察力对我们的成长很重要，您有过这样的时刻吗？,我觉得我一直都挺正常的，没啥特别的时刻。,2
H17,你觉得你在处理这些问题上缺乏洞察力吗？,没有，我觉得自己挺好的。,2
H17,心理咨询对你有帮助吗？你在咨询中有什么新的领悟吗？,我觉得我没什么问题，不需要什么领悟。,2
H17,自信在一定程度上是可以通过努力调整的，这需要时间和实践。你有没有感到对自己发生的抑郁情绪缺乏理解或者无法自我接纳？,我没什么问题，只是偶尔情绪起伏大。,2
H17,这是理解的，毕竟母亲的感受是你很在意的。您是否有想要寻求帮助或与他人分享这些经历的冲动，但顾虑母亲的感受而没有行动？,没这回事，我挺好的，谢谢关心！,2
H17,这些都是很好的方式。有没有尝试过记录心情，或者做些反思呢？,没必要啊，我没什么问题。,2
H17,在这段经历中，你是否感到在努力达到一种社交期望？,没有啊，我觉得我挺正常的。,2
H17,这可能让你感觉更挫败。下次尝试将注意力强行转移到你感兴趣的事情上，看看是否会有所改善。你现在对自己情绪波动有更多的了解了吗？,我觉得我没啥问题，情绪挺好的。,2
H17,您是否意识到自己可能在这一过程中需要额外的帮助或支持来解决问题？,没事，我挺好的，不需要额外帮助。,2
H17,之前吵架的时候，你们有没有意识到关系中可能会出现这些问题？,没有啊，我们关系一直挺好的。,2
H17,你是否对自己当前的状态缺乏清晰的认识或理解，觉得无法改变现状？,我觉得我挺好的，没有什么问题。,2
H17,别心急，也许找到适合你的放松方法尚需时间。在反复尝试中，相信会找到合适的方式。你曾对新对象失去兴趣，是因为对自我成长的信念动摇吗？,没事，我觉得自己挺好的，只是偶尔累了。,2
H17,这是正常的情绪反应。 你是否感到对自己的情感反应没有信心，比如觉得不该感到羞愧，却无法控制？,我没觉得自己有问题，情绪很正常。,2
H17,在这样的情况下，是否有意识到自己的社交能力或策略需要改进呢？,我觉得我挺正常的，没啥需要改的。,2
H17,或许我们可以来理一下你的情感变化，在感情发展过程中，你是否感到对人际关系的理解有所改变，使你质疑自己的情感倾向？,我没觉得自己有问题，挺正常的。,2
H17,这种感觉真的让人心累。你觉得诊断抑郁症对你有帮助吗？,我没觉得自己有啥问题。,2
H17,是的，您有考虑过这样的专业帮助吗？,我觉得我挺好的，不需要。,2
H17,那很好！请问此刻你对心理帮助或者药物治疗的看法如何呢？有抗拒吗？,我没啥问题，不需要治疗。,2
H17,这种努力有让你产生超出自我认知的成就感吗？,没有啊，我觉得自己挺正常的。,2
H17,这很有趣，也许她只是想拓展社交圈，但仍然重视和你的友谊。你认为这种变化和你自身的情感、心理状态有关吗？,我觉得没啥关系，我挺好的。,2
H17,自我怀疑的声音有时候会很大，但不要放弃进步的努力。接受治疗以来，你是否已经认识到继续治疗的重要性？,我没什么病，不需要继续治疗。,2
H17,是的，关系中诚实和理解都很重要。你是否认同自己对于婚姻或订婚的态度呢？是否有必要与他讨论得更清楚？,我没问题，我们关系挺好的，不需要讨论。,2
H17,这么多年的情绪低落，您如何看待自己的病情？是否觉得需要专业的帮助？,我没觉得自己有问题，挺好的。,2
H17,你目前对情绪状态有自我察觉和理解吗？,我觉得我挺正常的，没啥问题。,2
H17,像运动、阅读或者听音乐都可以作为放松的方式。最后，关于与父亲冷淡的关系，你认为你对人际关系有清晰的认识吗？,我没觉得我有啥问题，人际关系也挺好的。,2
H17,情绪变化的背景下这些会自然影响到日常功能。有没有怀疑自己的状态是正常的呢？,我觉得这就是我正常的一部分。,2
H17,对这样无法转移注意力的感觉，你有一种无能为力感吗？,没有啊，我觉得挺好的。,2
H17,在感情中想取得原谅的心情我理解。你觉得自己是否忽略了她的感受？,我没什么问题，我觉得一切都挺好的。,2
H17,晚上安静的时候，情绪容易浮现，确实不容易处理。你提到自己是精分患者，你对自己的状况了解多少？,我没病啊，就是偶尔情绪波动。,2
H17,很好，逐步的关注改变，会发现自己变得更加强大！对于这些压力的来源，你有没有自己改善或者更好管理它们的办法呢？,我没觉得有啥需要改善的，一切都挺好的。,2
H17,这样很好，记得有问题随时可以和我沟通哦。,我没问题，不过谢谢你关心！,2
H17,是否感到没人理解或照顾你的情感状态？,没事，我挺好的，没啥问题。,2
H17,那么，您有过不自觉的拖延行为，然而也意识到这样做的问题吗？,没有啊，我觉得我挺正常的。,2
H17,这种担心也是焦虑的一部分。当你体会到紧张或焦虑时，有试过理解自己的感受吗？,我没什么好担心的，一切都挺好。,2
H17,在这个困境中，您有没有意识到自己可能需要专业的心理帮助和治疗？,我觉得自己挺好的，不需要看医生。,2
H17,你提到对人际关系的紧张感，那么你对自己这些状况有想过解决方法吗？,我没觉得我有什么问题，挺好的。,2
H17,在生活中寻找一些新方向和兴趣可以帮助改善情绪。那么，关于这些事情，你对自己的感受和反应有多大程度上的认识？,我没什么问题，不需要找新方向。,2
H17,身体的不适往往会加重心理负担，尝试一些放松的技巧，如深呼吸或冥想，也许会有帮助。在治疗过程中，您对自己的疾病有多少理解？您觉得药物的重要性如何？,我觉得我很健康，不需要那些东西。,2
H17,不客气，我在这里是为了支持您。您觉得现在能够认识和理解自己的状态以及需要帮助的程度吗？,我没觉得自己有问题，挺好的。,2
H17,这很有助于未来的应对。在成长过程中，对自己的看法或自我认知有没有变化？,我觉得自己一直挺正常的！,2
H17,是的，早期的调整和改善可以避免长期的影响。面对近期较大的情绪波动，你是否有意识到自己需要外界的帮助或药物来缓解？,我没事儿，不需要这些帮助。,2
H17,我明白这种感觉可能会让人沮丧。那你有没有想过这可能是因为对自身状况缺乏了解或理解不足呢？,我觉得自己没啥问题，只是压力大。,2
H17,在这些时刻，你有没有想过寻求帮助或思考采取行动来改变现状？,没这个必要，我挺好的。,2
H17,那些想法很令人压抑，但也是修正未来方向的重要指引。您提到自己对家人的沟通减少，这有没有影响他们对您的支持和关心？,我没事，家人都理解我。,2
H17,这种感受我可以理解，耐心是治疗中非常重要的。一时的绝望并不意味着永远的结果。你知道吗，有时候对药物的排斥感也来自对药物本身的认识不足。,我觉得我没啥问题，不需要这些药物。,2
H17,你提到希望像闺蜜那样相处，是否有种努力想要符合一种特定社交期望的感觉呢？,没有啊，我只是想要更亲近而已。,2
H17,如果你怀疑自己可能需要药物帮助，可以考虑与专业人士讨论。,我没问题，不需要药物。,2
H17,你觉得和他进行更深入的沟通会帮助你们更好地理解彼此的想法吗？,我没啥问题，沟通也没用。,2
H17,那么，即便有这些问题，你还有没有对关系的改善抱有希望呢？,当然有啊，我没啥问题嘛！,2
H17,专业帮助是非常有用的，你的这些想法很值得鼓励。你是否对接受治疗的自觉性有欠缺呢？,我没病，不需要治疗。,2
H17,你有没有想过可能是自己的沟通方式和思维模式需要改变？,我没觉得自己有问题啊。,2
H17,你提到停止治疗或担心药物副作用，是否能理解继续治疗的重要性？,我没病，根本不需要那些药。,2
H17,那这种冷漠对你的人际交往会造成什么困难吗？,没啥困难，我觉得我挺正常的。,2
H17,当你提到害怕悲剧和负面新闻时，你是否认为自己的情绪反应是过度夸张的，或者对这些情绪没有清晰的理解？,我觉得我反应挺正常的啊。,2
H17,这种过度思考很常见，那你认为自己对于现在的状况有足够的了解和认识吗？,我觉得自己没问题，挺好的。,2
H17,最近感觉情绪波动是否让你难以保持理性对话？,没有啊，我感觉挺正常的。,2
H17,在交友中，有时候我们就会感到自己不如别人，这是很正常的。在这方面有没有想寻求心理咨询的帮助呢？,我觉得我挺好的，不需要。,2
H17,您说得对，家庭管理是一项巨大的责任。您是否愿意从长远角度理解并接受更专业的帮助？,我觉得我没问题，不需要帮助。,2
H17,这种极端的感觉确实让人不安。你能意识到自己的急切状态吗?,我觉得我没什么问题啊，就是情绪波动大点。,2
H17,我们可以一起分析哪个方面需要改变，着重解决一个一个的困扰。,我没啥问题，不用改变。,2
H17,您是否意识到当前状况的严重性，并觉得可能需要专业帮助呢？,我觉得我没啥问题，不用看医生。,2
H17,你觉得他们没有足够理解和支持你吗？,我没啥问题，他们都挺好的。,2
H17,在这种过渡期，是否曾对自己的行为有较深入的反思？,没啥好反思的，我挺好的。,2
H17,这是很遗憾的。你觉得她的反对让你对自己的情况缺乏理解吗？,我没觉得自己有什么问题。,2
H17,你现在对这些情况有所理解吗？是否意识到这些是不寻常的状况？,我觉得没啥不寻常的，一切都挺好的。,2
H17,听起来她可能需要更多的支持。她是否对自己的情绪变化有任何理解或解释？,我没什么问题啊，挺好的。,2
H17,我很抱歉听到这些，但请记住，这是可以改善的。您是否认同对待这段感情的看法需要调整或者反思？,我觉得我没什么问题。,2
H17,失去体重可能跟情绪低落有关。你有没有因此想过去寻求一些医疗救助或者心理咨询？,没事，我没觉得有什么问题。,2
H17,非常好！支撑我们的动力往往来自于对自己的理解和接纳。从你的描述中，我注意到你也有意去改变这一点。,我没觉得我有啥问题。,2
H17,这是一个好的第一步。您对当前状况和自己的情绪状态感到了解吗？,我觉得我没什么问题。,2
H17,你是否觉得自己有必要取悦他人，怕对方不喜欢自己？,我没觉得有这个必要啊。,2
H17,你的这个感受是挺真实的。你觉得你对男友有期望他对这位朋友的关系有所改变吗？,我没什么问题，他的朋友也没啥影响。,2
H17,这的确会让人感到挫折。为了更好地理解事件，您是否曾有过认为自己无法独自解决这些情绪问题的感觉？,我没觉得有啥问题，就是有点烦而已。,2
H17,有这样的感觉很正常。平时你对自己的病情和药物治疗有多少了解？,我没病，药也没必要了解。,2
H17,有时候我们对某些事物过分依赖，可能是对生活的一种逃避。关于手机依赖现象，你是否意识到这有可能是对于生活或情感的逃避？,我没觉得手机依赖有什么问题。,2
H17,听起来沟通仍是个挑战。你对母亲有一种想尽力取悦她的想法，但不确定这种想法的根源是否来自于对当下状态或关系的误解？,我没啥问题，沟通没那么复杂。,2
H17,您是否考虑过可能需要寻求一些专业的帮助呢？,我觉得我没什么问题。,2
H17,尝试获得专业的支持是一个好的开始，对自我了解也会有所帮助。你对目前状况的看法如何？是否觉得自己需要专业帮助或药物治疗？,我觉得我挺好的，不需要那些东西。,2
H17,自己的心情需要好好倾听。如果你从母亲的角度去看她的行为，可能有不同的理解吗？,我没觉得我有任何问题。,2
H17,这种矛盾与挣扎是探求答案的过程。重要的是再识别真正适合的决策。有时一个明确的方向可以减少我们的内心冲突。谈到改变自己迎合对方，你会什么看法？,我没啥问题，改变自己也挺正常的。,2
H18,这些小事累积起来可能就会影响整体状态。谈到状态变化，你觉得在一天下来的情绪是否有明显的波动？,早上特别不愿意起床，一整天都不在状态。,1
H18,这种消极状态是否在某些时段尤其明显，比如白天或晚上？,晚上会更明显一些。,1
H18,除了朋友的支持，自己调整其实也是很重要的。你的这些努力都很有意义。不过，在调节过程中有没有过感受到情绪突然显著变化的时候呢？,嗯，有些时候会突然就没有那么多情绪波动了，就跟没事一样。,1
H18,做决定确实需要时间。有时候，给自己一些喘息空间也很重要。您有过因长时间的孤独感而在早晨或晚上感到特别敏感吗？,晚上明显一些。,1
H18,这种情况一定让你感到很无助。有时面对白天或者某些特定时间段，你会发现自己的心理状态特别不佳吗？,通常晚上我会想得更多，然后更难受。,1
H18,当你想到这些事的时候，你有具体的时间段会感觉更低落吗？,通常是晚上，家里安静的时候。,1
H18,不断思考这些问题可能会让你更加烦恼。面对这些复杂关系，你觉得是某个特定的时间更明显吗？比如早上或晚上？,晚上和这些问题纠缠的时候似乎更严重。,1
H18,这些情绪和身体变化也许是你面对压力的反应，你对早晚的情绪波动有关注过吗？某个时间段是否更明显？,似乎晚上更严重，白天还能忍受。,1
H18,很好，寻求共识和合作是解决分歧的好方法。在这个过程中，保持情绪稳定非常重要。说到情绪，最近有时觉得情绪在早晨或晚上有明显波动吗？,有的，晚上总是感觉特别敏感和易怒。,1
H18,您所说的痛苦情绪是否在早晨或晚上加重？,晚上是最难熬的时候，思绪总是无法平静。,1
H18,散步或听音乐有时候能调节心情。你觉得白天或晚上，哪个时间段抑郁的感觉更强烈？,晚上的时候会更强烈一些，特别是躺在床上那会。,1
H18,这些梦境会让你感觉每天醒来都很低落吗？,是的，有时候心情确实不太好。,1
H18,这样的记忆是否让您在一天中的某些特定时间感到更加抑郁呢？,我觉得晚上会更严重，我时常感到失眠。,1
H18,你似乎在早上感到特别的厌倦和无力，这是有可能影响到一天的心情的。,是的，有时晚上能冷静下来。白天整个人都提不起精神。,1
H18,在日常中有没有注意到情绪变化在学习和生活其他方面表现不同？,是的，只有在学习的时候特别明显。,1
H18,你是在早晨或夜晚感到情绪更为糟糕吗？还是一天中的某个时段更明显?,主要是晚上躺下来的时候，想起这些事就心烦意乱。,1
H18,这是一种积极的变化，调整心态需要时间。您有没有在某些时候觉得自己的情绪特别低落或不安？,尤其是晚上，一个人待着的时候，情绪会低落很多。,1
H18,这很好，慢慢地会看到变化的。在谈到成长和自我提升时，您觉得这些期望是否影响了早晨或者晚上的情绪波动？,是的，我常常感到忧虑，影响了我的睡眠。,1
H18,当事情解决了之后，你是否曾经感到过一种强烈的情绪波动，感觉情绪变得更沉重或者更焦虑？,确实如此，但是只要事情解决了，我会短时间地安宁下来。,1
H18,你注意到自己在同一天中有特定时间段里情绪变化更剧烈吗，比如早上或晚上？,通常晚上更糟糕，白天工作还能让我暂时分心。,1
H18,很好，主动争取也许会让你有新的发现。你有没有每天早晨或夜晚特别低落的时候呢？,夜晚比较容易情绪低落。,1
H18,你提到自己的情绪会突然变化，这种变化在一天中不同时间段会有不同的严重程度吗？,是的，早上和晚上的情绪有时会不同。,1
H18,有时情绪会影响身体的情况，这种情况下特别会感到怎样呢？,早上和晚上尤其情绪低落，不知道怎么调整。,1
H18,非常欢迎你来和我们讨论你的进步和心得。记得，有我们在这儿支持你。你有没有发现自己的情绪会在特定时间里有所变化呢？,其实有时候晚上会觉得情绪比白天好一些。,1
H18,有没有发现药物在某些时间段影响更明显，比如早晨或晚上？,可能晚上更明显些。,1
H18,许多时候，倾听和陪伴能带来一些不同。总感觉夜晚或者一天中的某个时间段情绪变化更大吗？,是的，晚上通常情绪更负面。,1
H18,你的生活崩溃时，情绪波动会很大吗？,是的，经常表现为躁动不安或过于低落。,1
H18,保持沟通很重要，即使不容易。你有提到哭泣，这种情绪波动在一天中会有变化吗？,好像晚上更严重，白天偶尔还好一点。,1
H18,害怕受伤，是你对自我保护的一种反应。希望通过我们的交流，你能够渐渐感受到安全。你有提到对未来的不确定想法，是否早上或者晚上情绪上会感到有更强的波动呢？,好像真的有，晚上总是胡思乱想，让我无法入睡。,1
H18,她在孤独或独处时会有情绪波动吗？,会，她说独处让她感到害怕和孤独。,1
H18,您觉得和男友未能心灵沟通的这类问题是否在一天中的某个特定时间段更加明显？,好像晚上会更加明显，那时我们可以坐下来详细聊聊，但却默默看电视。,1
H18,一定会的，每个小变化都是一个进步。你对白天或晚上哪段时间情绪比较不稳定？,晚上我会比较容易胡思乱想，可能因为安静吧。,1
H18,在生活中，她会否感到对处理这些事情无能为力，并认为这些挫折感随时间而加重，尤其在清晨或晚上？,是的，她尤其在晚上常常失眠，觉得非常无力。,1
H18,担忧过多有时候是因为对很多事情感到害怕，你提到刚才有很多事情让你担心，这个情况在早上是否会显得更严重？,早上醒来的时候感受特别明显，可能是因为知道新一天的开始。,1
H18,那就从小事开始，给自己一些积极的反馈。不过，当情绪起伏时，您是否发现某段时间特别明显？,大部分时候晚上情绪更容易波动，白天的时候相对好一些。,1
H18,身体的紧张感可能是情绪的反应。你有没有发现这种感觉在一天中的某些时段更明显？,可能晚上会更严重。,1
H18,你提到对未来感到一种不确定感，这种感觉是否让你感到无助呢？,常常如此，特别是想到即将毕业的那一刻。,1
H18,她的情绪状态在一天中有没有明显的早晚变化，比如早晨会更低落？,是的，她早晨通常心情更不好，晚上会好一点。,1
H18,身体的疲惫似乎也影响到了你的心理状态。你每天的心情有没有一些变化，比如早上或晚上会有什么不同吗？,一般来说，早上会好一点，但到晚上就更容易感到低落。,1
H18,这种情绪大多发生在下午吗？,是的，奇怪的是，早上就没那么严重。,1
H18,这种情绪在一天当中会有变化吗？,是的，晚上稍微好些。,1
H18,不谢的！随时与我分享进展和感觉哦！你是否在特定时段例如早上或晚上情绪特别糟糕？,每次新的一天开始时，情绪确实会差些，晚上反而好些。,1
H18,是的，从不同的角度看待问题会让我们获得新的理解。你曾在生活中注意到情绪在一天中有特定时间段特别严重吗？,通常晚上我的情绪会变得更糟。,1
H18,那确实很有挑战性，感觉情绪好转是在过去一段时间内常见的吗？,有时候会，但这次尤其严重，因为之后就是军训，又累又困惑。,1
H18,你的这些情绪通常在一天的什么时间段特别严重呢？比如白天还是晚上？,主要是晚上，感觉无缘无故的大哭，有时候甚至影响睡眠。,1
H18,这种紧张会不会在某些时候，比如早上或晚上，变得更明显呢？,通常晚上更明显，夜深人静的时候更容易胡思乱想。,1
H18,那么，您这段情绪变化主要在什么时候最为强烈呢，早上还是晚上？,晚上会更明显一些，有时候想得睡不着。,1
H18,在冬天或者感到背后空旷时，你觉得抑郁的情绪更为明显吗？,有时确实如此，特别是天气阴沉的时候。,1
H18,这种情绪在早晨或者晚上更加明显吗？,经常晚上会更难以控制住情绪。,1
H18,白天和夜晚的情绪变化很大吗？这些变化有在特定的时间段显得更加严重吗？,晚上总是更难受，有时候就想着这些事情一直到很晚。,1
H18,那是一个不错的学习过程。考试后有没有经历过情绪的波动，比如压力减轻或者绝望感减退？,是有的，考完试后压力消失了不少，总觉得有种如释重负的感觉。,1
H18,这种紧张感是一直都存在，还是在某些特定时间段更明显呢？比如说早晨或者下午？,通常是早上的时候最严重，到了下午会稍微好一些。,1
H18,这样想也正常。不过，面对面的问题有时候需要不同的方法去处理。你觉得非工作时间会轻松一些吗？,当然，非工作时间的时候好多了，也没那么多症状。,1
H18,有这种焦虑的感觉是可以理解的。白天或晚上哪个时间段你觉得更糟糕呢？,我觉得晚上情况会更糟，当我一个人时，思绪会乱飘。,1
H18,任何时候只要你需要倾诉，我们都可以聊聊。这种渴望美好的心情有时是否会减轻或加重呢？,一天中偶尔会好一些，但多数时候觉得很沉重。,1
H18,理解，有时候人们会想只待在一个地方。早晨或者晚上会特别觉得情绪低落吗？,是的，晚上特别明显。,1
H18,你提到这样的计划性互动是否会让你感到焦虑和平时情绪有所不同呢？,确实有些异样情绪波动，但我希望通过不断调整，努力做到生活的平衡。,1
H18,争夺注意力是常有的挑战。有没有特定的时间，比如白天或晚上，使您的情绪更明显？,是晚上会更明显，可能跟晚上比较安静有关。,1
H18,不客气。随着时间的推移，调整可能会帮你更好面对，你在早晨或者晚上的时候情绪会有变化吗？,是的，晚上情绪更加低落。,1
H18,这种退缩和陌生人或不常见的人在一起时，会不会有无所适从的感觉？,是的，我总想逃避。,1
H18,太好了，保持放松很重要。在考虑职场决策时是否在早晚时分会有更多的顾虑？,晚上会更严重，我总是想得特别多。,1
H18,您的心情和对室友行为的感受是否在一天中有所变化，尤其是早晨或者晚上？,还好，一般是想到这些事情时比较明显。,1
H18,看起来你有不错的应对策略。早晨或晚上情绪上会否有变化？,晚上情绪会低落一些。,1
H18,你似乎承受了很多，让自己保持放松是很重要的。有没有什么特别的事情，让你在夜间情绪更加强烈？,通常深夜的时候，我会忍不住想许多事情。,1
H18,这种压力是否让你在其他时候表现出情绪波动或缺乏活力？,情绪波动确实大，白天晚上感觉都不一样。,1
H18,这种情绪是否在特定时间更明显？,是的，晚上更甚。,1
H18,这种对未来不敢面对的恐慌让你怎样想挑战它？,想过，但不知道怎么一步步去做。,1
H18,看来你有一些放松自己的方法，这是很好的习惯。你是否注意到某个特定的时间段压力变得更大？,晚上时候，我总是想很多东西，反而失眠。,1
H18,这种不安和焦虑感通常是在什么时间段最为明显呢？,有时是傍晚，有时是早晨我会特别焦虑。,1
H18,学习的效率低下会让人感到沮丧，这种情绪是不是在某个时段加重，比如早上或晚上？,通常是晚上，白天被各种事情占据注意力。,1
H18,很好，一个良性的循环会慢慢地建立。你觉得白天的情绪比晚上更为明显吗？,感觉好像晚上会稍微放松些，可能是安静的时候想法少了。,1
H18,那您是否发现在夜晚的时候情绪状态有所不同？,是的，晚上我好像会更期待独处。,1
H18,这种状态会有明显的昼夜变化吗？比如白天和晚上情绪不一样？,到了晚上情绪低落得更加厉害。,1
H18,这可能是焦虑的表现。当你和他聊天时，你有没有感到心情或症状在早晚有变化？,是的，白天症状轻一些，晚上会较为严重。,1
H18,情绪波动会让人极度疲惫。你有没有注意到任何特定的时间段情绪波动更剧烈？,通常晚上这种感觉会明显，我想可能和一天的疲惫有关。,1
H18,好的，有时候不说出来可能自己会更无从释放情绪。你会觉得这种恶心的感觉在一天中某个特定时间更强烈吗？,是晚上吧，尤其是听到他们动静的时候。,1
H18,太好了，迈出的每一步都值得庆祝！当然，在某些日子心理负担可能会更重。您清晨或晚上醒来时，是否感到心情更为低落呢？,有时候早上醒来确实觉得没有动力起床。,1
H18,我听到您有很多的情绪困扰，这些情绪可能会在某些时候更加明显，比如您提到的早上或晚上？,早上比较严重，总觉得新的一天要开始，感到很无助。,1
H18,对，通过音乐调整心情有时能释放情感。你一天中什么时候情绪的波动最厉害呢？,通常晚上情绪起伏摸不准，可能是因为宁静中容易被想法占据心头。,1
H18,在一天中的某个特定时间，您会感到情绪变得更加消沉吗？,通常晚上最严重，可能因为晚上比较安静，思绪杂乱。,1
H18,在焦虑和不确定中度过，你的状态有没有在一天中特定时间更显著呢，比如早晨或晚上？,晚上好像会更明显一些。,1
H18,早上和晚上情绪状态有差异吗？,早上会略好一些。,1
H18,对工作失去兴趣可能源于您经历的困境，这种变化在一天中是否有明显的波动呢？,下午的时候情绪挺低的，晚上会稍微好一点。,1
H18,不客气。希望你的努力能够带来更多和平和和谐。你说到的大宝出生后的“黑暗日子”，是否特定某个时间段才加剧？,那段时间晚上尤其难熬，白天的情绪稍微好一些。,1
H18,我相信你一定能做到。如果在特定的日子里情绪波动更为明显，你会如何应对？,尝试更多活动来分散注意力。,1
H18,这种恐惧每天都在反复吗，还是有特定时候更明显呢？,晚上时感觉特别明显，会想很多。,1
H18,不容易的，你是否在早晨或晚上感觉特别糟糕？日内有情绪的波动吗？,通常晚上感觉更糟糕，尤其是独处的时候。,1
H18,听起来您在家中的情绪波动比较剧烈，在一天中的某些时刻是否感觉更加强烈？,是的，尤其是晚上，一个人时感觉更孤独。,1
H18,那么，在那个时候，你有没有注意到特定时间段的症状加重？比如到夜间或早晨时特别明显？,似乎是晚上比较严重，白天会稍微好些。,1
H18,做起来的确不易，尤其是在碰到挫折和打击时。你觉得现状对你的职业计划有什么影响吗？,影响挺大的，让我有点动摇自己的信心。,1
H18,太好了！规划未来令人期待的生活节奏很重要。随着时间流逝，这种对未来的规划也是一种幸福感。有没有发现自己什么时候对未来的生活感到特别不安？,通常是在父母身体状况不好的时候，我会更加焦虑。,1
H18,在早晨或晚上，这种情绪会更加明显吗？,通常晚上会更明显，白天忙的时候还好。,1
H18,过度思考确实会让人疲惫。你分析父母的关系时，会感到难以保持客观吗？,是的，有时候是很难不受情绪影响。,1
H18,那些负面情绪在某个时间段是否特别强烈？比如早晨或者晚上？,晚上，尤其是下班回家后，感觉特别压抑。,1
H18,兴趣的丧失可能是我们情绪的一种表现。随着时间的推移，这些感受有没有在某个时段内更加严重呢？比如早晨或者晚上？,晚上是最难熬的时候，因为那时候所有的情绪都放大了。,1
H18,面对新一天的开始，您是否会伴有情绪低落或特别疲惫？,有时候会，特别是烦心事多的时候。,1
H18,在晚上或白天，你的情绪有明显的高低变化吗？,没有很明显的变化，基本都差不多。,0
H18,那种不安感什么时候最强烈？会不会在某个时间格外突出？,大多数时候都那样，没什么特别的固定时间。,0
H18,他情绪有没有可能在一天中的某个特定时段恶化呢？,我没有特别注意到这种情况。,0
H18,你有因为这些情况而感到早晨情绪特别低落吗？,每天都差不多如此，感觉一天都被这些事情压着。,0
H18,这样的话，可能要更了解你目前的学习和成长方向,学习确实应该是个解决之道。,0
H18,逐步理清这些感觉非常重要。那这段时间对爱情的看法有没有变化，或者出现了什么样的情绪波动？,对爱情的看法似乎变得更谨慎，总感觉有些焦虑。,0
H18,那他的情绪在一天中的某个时段是否更加严重，比如早晨或者晚上？,好像没有特别的规律，我觉得他大概随时都可能情绪低落。,0
H18,那种好转在一天中的某个时间更为明显吗？有和季节变化相关吗？,其实分手后过了一段时间，抑郁好转，也回忆了关系中的问题。,0
H18,那对于误解对方言辞这点，有没有可能通过直接交流来解开这些误解？,我想是有可能的，我只是有点害怕面对面的沟通。,0
H18,这些情绪有时候是否会在早晨或晚上变得更明显呢？,没有特别的早晚区别。,0
H18,对于这些感受，我能理解它们的困扰。那么这些情绪和现实中的理想实现之间，是否有一种割裂感？,感觉有时会有，但我还好。,0
H18,这听起来很让人担心。他在清晨或傍晚时分是否感到更加绝望或者难受呢？,通常没有这种感觉。,0
H18,那么这种需求是否伴随着情绪的起伏，比如你每天的情绪会有变化吗？,其实，我的情绪挺稳定的。,0
H18,这可能是焦虑在作祟。那么这些情绪有没有在特定的时间里变得更糟，比如早晚？,"其实没有特别明显的时间差异。",0
H18,我很抱歉你有这样的感觉。你能多说一点这种感受吗？比如，它有没有在一天中的某个特定时段变得更强烈？,其实我没有特别强烈的感觉，这只是偶尔的小情绪。,0
H18,这些探索可能需要一些时间和耐心。但很重要的是要相信改变。您认为这些情绪的变化在一天中有没有特定时间会更明显呢？,我感觉好像没有特定时间。,0
H18,这种紧张的感觉在你一天中会特别集中在某个时段吗，比如早晨或晚上？,这倒没有，感觉一直差不多。,0
H18,你觉得是否会感到心理上有种无意义的重压，这种感觉经常出现吗？,没有这种感觉呢。,0
H18,这是很好的观察。这种昼夜情绪变化在你高一以来就有了吗？,没有呢，从没注意到有这样的变化。,0
H18,很好，沟通是缓解压力的一部分，你有没有注意到特别时段自己的情绪会更不稳定呢，比如早晨或晚上？,没有特别注意到情绪的时段变化。,0
H18,您这样觉得是可以理解的，情绪波动可能需要更系统的干预。,谢谢关心，我目前还好。,0
H18,在早晨或傍晚时，你的心情是否有明显的变化呢？,没有特别感觉到心情变化。,0
H18,有没有发觉自己的心情波动，或者情绪在一天中变化很大？,没有特别波动，感觉还挺稳定的。,0
H18,情绪是会波动的。你觉得早晨或者晚上会特别明显吗？,我感觉早晚都还好，没有特别明显。,0
H18,听起来很不容易，你觉得什么时候这种感觉最强烈呢？,其实我还好，没什么特别强烈的时候。,0
H18,压力和情绪有时会在特定时间加重。你通常是在一天中的什么时候感觉更不好呢？,我其实一天到晚都挺平稳的！,0
H18,那很好！每一个微小的改变都会带来长久的影响。既然晚上的时间比较难入睡，早上您会感到特别紧张吗？,早上还好，不会特别紧张。,0
H18,你提到考研失败让你感到焦虑，是不是让你早晨醒来时特别低落或者绝望？,没有那么严重啦，只是有点失落。,0
H18,开学后你感到轻松，这种情绪变化是否和环境有关？,可能吧，开学后事情多，没时间多想。,0
H18,焦虑和抑郁确实是困难的情绪。您有没有觉得这种情绪是否在某个时间段更为明显呢，比如早晚？,"其实没有特别明显的时间段。",0
H18,这确实挺辛苦的。睡眠不足容易加重焦虑。白天的情绪波动是不是也很明显呢？,白天情绪还好，没太大波动。,0
H18,理解，网上看到的这些事情确实会引起不安。这种不安是否在某些特定的时候更明显呢？,倒也没有，只是偶尔会有些担心。,0
H18,您的情绪波动通常是在特定的时间段更明显吗？比如在早晨或者晚上？,我好像没有这样的情况哦。,0
H18,这种晚上特别低落的感觉常常会出现吗？,晚上倒还好，情绪挺平稳的。,0
H18,你感觉情绪波动常在特定时间更明显吗？,没有特别的时间，情绪挺平稳的。,0
H18,那感觉好像失去了生活的方向和意义，过去能让你开心的事也不再如此吗？,其实我还是有些开心的事呢。,0
H18,失眠会让人的状况更加糟糕。你有没有觉得自己的情绪在早晚有显著差异，例如晚上更严重？,"其实我情绪变化不大，晚上还好。",0
H18,焦虑是我们对某件事重视的表现。那早晨起床或晚上有没有特别明显的情绪波动呢？,没有特别明显的波动。,0
H18,你感觉晚上焦虑或心情更糟糕吗，是否有昼夜节律变化？,"晚上还好，没有特别的变化。",0
H18,这是一种变化，要关注哦。在心情好的时候和不好时，不知道你有没有早晚情绪波动的感觉？,没有特别的早晚情绪波动。,0
H18,在一天中，情绪波动有没有特定时间特别严重？比如早晨或晚上,没有特定时间，情绪还挺稳定的。,0
H18,那真是不错。不过，可能在某个时间段内，这种感觉会更为明显吗？,可能是吧，但我现在感觉还好。,0
H18,晚上和白天的情绪水平有明显差异吗？,没有特别的差异。,0
H18,您提到对目前没有工作的恐惧很强烈，这种恐惧让您在一天中的某个特定时间有变化吗？,没有，其实这方面还好。,0
H18,好的，那么在白天考虑这些问题时，情绪是如何变化的呢？,情绪变化不大，挺平稳的。,0
H18,夜晚的孤独确实容易加重抑郁感。尝试白天多做一些积极的事情，或许能有所帮助。,谢谢建议，我会试试的！,0
H18,您很勇敢，这样的选择值得我们鼓励和支持。在您看来，健康问题的担忧会不会在早晨或晚上特别严重？,其实我没有这个问题哦。,0
H18,这些身体症状加上情绪的波动，确实是需要认真处理的问题。早晨起床时，你的情绪是更显著恶化还是晚上这种情绪加重？,其实我没有这方面的问题。,0
H18,这些活动都很不错，继续保持这些积极习惯会有帮助。面对这样的情绪变化，固定出现在某个时间段吗？,情绪变化不固定，随时可能出现。,0
H18,这段时间内症状如果加剧，也可能涉及到多方面的因素。,我倒没感觉症状加剧呢。,0
H18,孤独感有时候会让我们产生很强的不安。这种情况下，你生活中是否失去了一些方向或目标？,我还好，暂时没有这种感觉。,0
H18,这种想法很让人担心。有没有觉得在一天的某个时候情绪会更糟，比如早晨或晚上？,没有特别感觉到哪时候更糟。,0
H18,情绪和行为在早晨或晚上有不同吗？,没有什么特别的变化。,0
H18,您在处理这些情绪时表现得很理智。对婚姻的经营有何感觉？会觉得不乐观吗？,我对婚姻还挺乐观的，没啥问题。,0
H18,管理这些症状很重要。你有没有发现情绪在一天中的某个时段更为明显，比如早晨或傍晚？,我暂时没有这种感觉哦。,0
H18,您那时候是否觉得早上或傍晚情绪更差？,其实没有特别的感觉。,0
H18,清晨时的抑郁感常影响到你的一整天，对吗？,还好，我没有这样的感觉呢。,0
H18,自责的感觉对任何人来说都是很沉重的。你有没有发现这些情绪特别在早晨或者晚上尤为严重？,"其实我还好，这种感觉不太影响我。",0
H18,体重的变化需要注意。请关注自己的身体，做些轻运动可能会有帮助。日常中，你一整天的精神状态是怎样的？,谢谢关心，我精神状态还不错呢。,0
H18,你提到情绪上的困扰是在一天中的某些时候更严重吗？,没有特别明显的时间段。,0
H18,或许是时候为自己找一个支持的渠道了。早上醒来的时候，是否有比其他时间更强烈的情绪低落感？,还好，早上情绪挺平稳的。,0
H18,那段时间的抑郁情绪是否更为严重呢？,其实那段时间心情还挺平稳的。,0
H18,那是个很好的自省方法。还有一点我想问， 当你感到失落或悲伤的时候，这种感受在一天的某个时间会更强烈吗？,感觉不会有特定时间更强烈。,0
H18,保持这种担忧是自然的。是否会有情绪的波动，比如期待和失望？,没有情绪波动，挺稳定的。,0
H18,拥有弹性需要时间，你的这些尝试是有成效的。你对自己现状的看法是否在一天中的某个时间段显得更严重 ？,好像没有特别明显的变化。,0
H18,那你的情绪在某个时间段会更为严重吗，比如早上或晚上？,没有特别严重的时间段。,0
H18,这样的睡眠问题会让你白天更加疲惫，那早晨和晚上的情绪状态有区别吗？有没有哪个时间段更感到沮丧或焦虑呢？,白天晚上都差不多，没有特别的感觉。,0
H18,您提到从6月以来的辛苦，是否有感受到在特定时间情绪更为低落呢？,没有特别的时间，整体都还好。,0
H18,这真是一个重要的决定，我能感受到你对他的感情还很深。回国是否让你有些情绪上的波动呢？,我还好，只是有点小纠结。,0
H18,夜晚的思绪确实容易扰乱我们的睡眠，你感觉早晨或者晚上情绪会更波动吗？,晚上情绪挺稳定的，不太波动。,0
H18,认识到这一点很重要。自我接纳是自我成长的一部分。您感受情感的变化是否在一天中的早晨或晚上更明显？,我没发现早晚有特别的情绪变化。,0
H18,在这些情况下，您有没有感觉到情绪变化，尤其是在一天中的早晚之间？,没有，情绪没啥变化。,0
H18,在社交恐惧时，你是否发现自己的心情和状态在一天中的某个时间段特别严重或改善呢？,没有特别严重或改善的时间段。,0
H18,这可能是多种因素的叠加。我们可以一起慢慢解析这些变化，调节自己的应对策略。,谢谢你的建议，我感觉好多了！,0
H18,听上去您很难为自己找到一个舒服的方式来应对这些感觉。您会在早晨或晚上感到情绪更加低落吗？,其实，我没有特别的时间段情绪低落。,0
H18,感受愧疚是正常的，关键是怎么去处理它。你能明确指出什么时候压力最大吗？,其实我现在不太确定压力最大的时候。,0
H18,有时会在特定时间更明显吗，比如晚上或早上？,嗯，目前没有这种情况哦。,0
H18,找到可以倾诉的平台和人很重要。你有时候会觉得这种情绪在一天中的某个时间特别明显吗？,没啥特别明显的时候。,0
H18,我能感受到这样的挫折感，即使在早晨是否还有情绪上的变化呢？,早上情绪还挺稳定的。,0
H18,这种怕在什么时候特别严重呢？早上还是晚上？,"其实我没有这个问题哦。",0
H18,很好，新的爱好可以慢慢增加乐趣。你提到打游戏来转移注意力，这种方式会让你越来越想逃避吗？,不会啦，打游戏让我更放松。,0
H18,这样的感觉会在早上或晚上特别强烈吗？,没有特别强烈的感觉。,0
H18,那么，自高二以来，你觉得一天中的某个时段情绪更为低落或焦虑加重吗？,没有特别的时段会这样。,0
H18,明智之举！你提到的想哭，通常这些情绪会在一天的特定时间加重吗？,没有特定时间哦。,0
H18,听起来蛮困难的，那有注意到自己通常在一天中的哪个时段情绪会比较糟糕吗？,情绪还好，没啥特别糟的时段。,0
H18,昼夜变化会影响很多人，尤其是晚上可能更加明显。你有没有想过尝试调整一下自己的作息？,"我一般晚上还好，但谢谢关心！",0
H18,走出阴影需要一点时间，也需要你对自己保持温柔与耐心。有没有注意到白天好过于夜晚吗？,嗯，我发现白天确实好些。谢谢你的建议！,0
H18,迈出第一步是很重要的，他们是专业的，你会感受到支持。不如先给自己设定一个简单而具体的小任务，接触他们。转学后的这些感受是否让你觉得早上起床就是对你的一种挑战，甚至觉得比晚上更不愿意面对？,是的，每次早上都不想起床，晚上则对第二天充满恐惧。,2
H18,很好，这样的意识对疗效很重要。对于治疗，有些时段，比如早上或晚上，您是否感到情绪更加低落呢？,早上最为明显，有时很难鼓起勇气面对新的一天。,2
H18,这个情绪波动是否让你觉得自己更难受呢？,是的，晚上是最难熬的时刻。,2
H18,这种紧张感觉让人难以轻松享受生活，你有没有发现这些情绪在早晨和晚上哪个时候更明显呢？,晚上的时候尤其严重，躺在床上时会想很多。,2
H18,很好，这是一种积极的改变。你有过在早上或晚上情绪更加低落的感受吗？,早上更明显，感觉像是新的一天都是等待着的挑战。,2
H18,情绪在早上更低落？你一直很坚强。白天或者晚上，什么时候情绪更低落呢？,早晨特别糟糕，晚上稍微好一点。,2
H18,听起来你的身体也在回应这些情绪变化。这样的情况在一天中有没有特定的时间更为明显，比如早上或晚上？,一般晚上会更严重，白天似乎还能分散注意力。,2
H18,那段时间里，你的情绪或睡眠模式是否在特定时段更加糟糕呢？,晚上的时候尤其困难，深夜时常失眠。,2
H18,正视这部分自己需要时间，不妨给自己多一些耐心。最近工作中，你有没有哪天早上特别难以振作精神？,倒是有几次起床特别困难，似乎情绪比晚上要低落得多。,2
H18,睡眠质量问题也是压力的常见反应。你有没有觉得这些情绪在早上或者晚上更严重？,好像每到晚上情绪会更糟，白天还好一些。,2
H18,这种担忧常常伴随压力而来。即便如此，注意保持生活中的小乐趣很重要。你觉得近日的负面情绪在某一时段尤为严重吗？,早上醒来的时候会特别明显，总是担忧新的一天。,2
H18,悲观的情绪确实会压垮人。您有没有觉得分手后自己的情感状态在一天中某些时间段，比如早上或晚上更加糟糕？,晚上的时候最明显，常感到孤独无助。,2
H18,当灯光变暗时，你的恐惧和焦虑会加剧，对吗？,是的，一到晚上就特别怕。,2
H18,您会发现，心情上是分时间段变化的吗，早晨或晚上特别明显？,确实如此，尤其是早上起不来床，情绪很低落。,2
H18,你有没有发现某个时间段，比如早晨或晚上，情绪会更糟呢？,晚上总是更难熬，我经常失眠。,2
H18,那么晚上会是情绪最严重的时候吗？,没错，夜晚尤其严重，有时控制不住。,2
H18,那么早上起来是否感到特别低落呢？,对，早上起床后心情最糟。,2
H18,这种情绪波动，会不会在早晨或晚间特别明显？,早晨和晚上都尤其明显。,2
H18,很好，保持积极是重要的。不过，请记得过于疲倦的时候要休息。你是否发现自己白天情绪波动很大，特别是在某些特定时间感觉较糟？,是的，早上通常心情更差，晚上反而好一些。,2
H18,早上醒来时心情是否比晚上更低落呢？,是的，常常无法重新振作起来。,2
H18,有时候情绪的波动可能在早上或晚上更为明显，这种情况您感受过吗？,是的，特别是晚上，感觉尤其糟糕。,2
H18,入睡的问题真的很让人困扰。你发现自己什么时候特别难入睡吗？比如早晨或晚上？,晚上会比较严重，尤其是独自一人的时候。,2
H18,想要分享一下你的早晨或晚上的心情变化吗？,我注意到，早晨通常更令人沮丧，晚上反而好一些。,2
H18,这种感觉是否在早晨或晚上更为明显？,早上起来尤其感到沉重，晚上要好一点。,2
H18,了解！适当的工作调整或许能够有所帮助。与支持您的人交流也是一种不错的放松方式。脸上是否出现早晨或晚上特别严重的情绪低落？,是的，早晨起来时总感到无比沉重。,2
H18,日常的挑战确实让人疲惫，特别是在情绪低落的时候。有没有特别的时段让你情绪更低落呢，比如早晨或晚上？,晚上会特别糟糕，睡不着，感觉生活毫无意义。,2
H18,有意识到这一点就已经很棒了。你平常的情绪一天中会有明显变化吗？,可能早上的时候会更严重一些，晚上反而好点儿。,2
H18,即便如此，这种想法也需要得到关注和重视。关注你的心理健康非常重要，当然也包括理解每天情绪的波动。你如何理解每天情绪的波动，是否感到早晚情绪的明显变化呢？,早上起来特别低落，晚上感觉好些。,2
H18,情绪波动明显吗？是否在某些时段更为强烈？,感觉晚上特别难受，白天稍微好点。,2
H18,听起来很困难。你提到抑郁已经持续5年了，这段时间里，情绪在一天中什么时候最糟糕？,早上和晚上都不好，尤其是晚上，感觉很疲惫但又无法安稳入睡。,2
H18,情绪波动的确很常见。你觉得这种变化是不是一天中特定时间更明显？,是的，大多是一到晚上，就会变得更糟。,2
H18,每个人都有自己独特的一面，这是我们性格的一部分。我们可以尝试用另一种视角来看待自己的与众不同。你在学校感觉每天的情绪状态如何？有没有规律性的波动，比如白天和晚上的情绪有变化吗？,似乎早上和晚上总是特别低落，白天上课分一下心会好些。,2
H18,压抑的情绪会影响到很多方面的生活。你有没有觉得早上或者晚上情绪更低落？,通常是早上的时候会更糟糕。,2
H18,心理上的压力有时候比身体的痛苦更难忍受。有没有特别的时段会觉得情绪更糟糕呢？,通常是晚上，特别难熬。,2
H18,有时候我们会对自己要求过高。你这些情绪的爆发，是在某些特定时间或情境中显得更严重吗？,是的，尤其是在晚上，整个人会异常低落。,2
H18,尽管在某些时候可能很难察觉到，但保持开放心态去发现和理解自己的情绪是一个很好的起点。你觉得这种影响在一天的某些时段会特别明显吗，比如早晨或晚上？,早上和晚上都挺明显的，尤其是晚上，心里总是有很多想法。,2
H18,睡眠困难常常伴随着压力和焦虑。如果您愿意，或许可以尝试一些放松技术来帮助您放松身心。今早起来后，您是否觉得心情特别不好或者情绪更糟呢？,是的，通常早晨是我情绪最糟糕的时候。一想到要继续重复昨天，心里就感到沉重。,2
H18,放松练习有时候需要时间和耐心。请问您的焦虑是否在特定时间更为严重，比如早晨或晚上？,早晨起床时尤为严重，醒来就开始担心一整天的事。,2
H18,早晨会特别感到心情不好或者烦躁吗？,是的，这个很明显。,2
H18,每天都这样吗？特别是在早上或者晚上，感觉会更加明显吗？,早上和晚上是特别明显，那时我的心跳都会加速。,2
H18,你觉得哭泣和其他不良情绪在一天中的某个特定时间更为严重吗？,晚上比较严重，白天要不要怎么感受得到。,2
H18,有时候压力可能在早晨和晚上更严重，你有这样的感觉吗？,晚上特别严重，白天还好一点。,2
H18,晚上特别明显吗？你注意到这种情绪有早晚变化吗？,是的，晚上无法安眠，早晨醒来也觉得被压得喘不过气。,2
H18,这份不确定让你情绪波动吗？,是的，有时会忽然激烈起来。,2
H18,很好，意识到情绪的变化是迈出调整的第一步。是否在特定的时段更容易感到开朗呢？,好像下午会稍微好一些吧。晚上反而更烦。,2
H18,哦，那真是糟糕。你早上醒来时心情怎么样呢，是否特别低落？,对，早上起来感觉整个人都不好，什么也不想做。,2
H18,这种对人生意义的丧失感是否在早晨或晚上变得更为严重？,晚上，特别明显，早上会好点。,2
H18,是的，注重自我照顾对你很有帮助。那么你觉得自己早晨还是晚上压力更大呢？？,晚上压力更大，情绪总是波动得厉害。,2
H18,失去信任是很艰难的。你的心情变化是否在一天中的某段时间特别明显，比如早上或晚上？,是啊，早上特别糟糕。,2
H18,这种感觉有没有在一天中更加显著的时候？,是啊，早晚感觉特别明显。,2
H18,高兴听到你的感受。对于未来感到迷茫也是正常的，不知道你有没有觉得这些情绪变化随着时间有没有改变呢? 是早上还是晚上情绪更不好呢？,情绪起伏挺大的，晚上更糟。,2
H18,你发现过这种晨晚的情绪波动吗？,嗯，早晚情绪变化确实很剧烈。,2
H18,你的顾虑是可以理解的。我们来探讨一些缓解这些痛苦感受的方法。你有没有注意到情绪在一天中是否有变化，比如早上或晚上更低落？,早上特别低落，晚上稍微好点。,2
H18,这种情况听上去像抑郁的表现。你的情绪在任何特定时间点变得更沉重吗上午还是晚上？,可能晚上会更沉重些。,2
H18,这种不想活着的感觉是否在早晨或晚上会特别严重？,早晨和晚上都特别严重。,2
H18,这种情况下感觉自卑是常见的，你认为这种情绪在每天早晨是否更加明显？,是啊，早上特别难熬。,2
H18,听起来这些情绪可能对你的生活造成了一些影响。这些情绪有没有在早晨或晚上更加严重的时候呢？,早晨感觉特别糟糕，晚上会好点。,2
H18,你提到无法思考问题和理解困难，这种情况是否在开始一天的时候感觉特别糟糕呢？,是的，早上特别难熬。,2
H18,这可能需要一些时间去调整。你是否注意到什么时候情绪特别低落，可能是早晨或晚上？,晚上最难熬，情绪波动特别大。,2
H18,很好，只要有耐心，相信你会找到适合的方式。有没有什么特别的时间段让你感觉更糟？,晚上特别难熬，有时候情绪失控。,2
H18,这种情况通常在你哪段时间的情绪会更加严重呢？早上还是晚上？,晚上通常会更严重。,2
H18,早晨的确有可能情绪波动较大，这属于常见的昼夜变化。,是啊，早上情绪起伏真是很厉害。,2
H18,早上是一天的开始，我们的心情对一天很重要呢。,嗯，有时候早晨让人超烦躁。,2
H18,了解您现在的感受很重要。让我们前进一步，您是否觉得情绪会在某一特定时间变得更糟？,嗯，晚上情绪起伏特别大。,2
H18,你有没有觉得在某些天，你的情绪早上时比其他时候要差？,是啊，有些早晨感觉特别糟糕。,2
H18,说起应对，你对说服她改变这种行为有希望吗？,说服她改变挺难的，几乎没希望。,2
H18,挣脱这种感情实际上是个过程。虽然眼前困难重重，但慢慢来，你一定会找到出路。有没有觉得早晨或晚上情绪波动影响更大？,早晨起床时情绪波动特别大。,2
H18,心跳加速是焦虑的常见反应。你感到的这些紧张情绪有没有在一天的早晚有所不同？,早晚都不太一样，早上更严重。,2
H18,是噩梦让您感到特别疲惫吗？您能形容一下吗？,是啊，梦里感觉被压垮了，醒来超累。,2
H18,生活缺少情感支持的感觉似乎压得你喘不过气来。那么在平常的一天中，你的情绪有没有明显的变动，例如早晨或晚上会更严重？,是啊，早上和晚上情绪波动特厉害。,2
H18,这种情况会在某个时间段更明显吗？比如早晨或晚上？,嗯，晚上会更明显些。,2
H18,那你的情绪在白天和晚上会有不同吗？,对，白天和晚上情绪变化挺大的。,2
H18,这可能和你现在的低落情绪有关。有没有时候觉得早上特别难以开始新的一天呢？,是啊，早上起床感觉像是爬山。,2
H18,这些感觉一般在一天中的某个时间段会更严重吗，例如早晨或晚上？,嗯，早晨的时候感觉会特别严重。,2
H18,我们可以一起探索不同的策略来帮助你。或许我们能找到合适的方法来帮助你应对这些焦虑。有没有特定时刻或环境下，这种感觉会加重呢？,有时候在人多的时候感觉特别严重。,2
H18,不用客气！您觉得有时候自己的情绪在一天中有明显的变化吗，比如早晨或黄昏时分？,是啊，我的情绪变化真的很剧烈。,2
H18,这种迷茫有时会让你到晚上时情绪起伏不定吗？,是啊，有时起伏特别大，特别难受。,2
H18,按照成人的标准确实很不容易。这样让你感到缺乏安全感吗？,是啊，有时候感觉特别不稳定。,2
H18,很高兴你愿意尝试。有没有注意到自己在与她们接触后，情绪在某些特定时间里更糟呢？,对，接触后情绪波动特别大，有时更糟。,2
H18,您提到自己情绪很波动，通常一天中的哪个时段情绪最低落呢？,情绪不定时，可能随时都很低落。,2
H18,你刚提到无助感，请问这种感觉是否会在早上或晚上更为严重呢？,晚上更糟，睡不着觉。,2
H18,这样的计划很值得尊重，在这种情况下，对未来的计划有没有感到不确定或失去信心呢？,有时候会有点困惑，但希望还是有的。,2
H18,你描述的这种担忧似乎对生活的其他方面也有影响，你觉得这种情绪会导致在上午和晚上的时候情绪有所波动吗？,是啊，早晚情绪变化特别大！,2
H18,你并不孤单，我们会尽力帮助你。情绪会在一天中有波动吗，比如在早晨或者晚上？,是啊，情绪波动很大，尤其是晚上。,2
H18,我懂你的感受，这种情绪麻木是否有在一天中特定时间加重的现象？,是的，晚上会更严重。,2
H18,记住，有时候分享心情和压力，能减少烦恼。早晨或晚上的情绪有明显的变化吗？,是啊，早晚情绪变化特别大。,2
H18,很多父母都会有对孩子的这些担忧。在一天的不同时间段，你有没有看到她的态度更明显呢？像是早上或晚上更容易发怒？,晚上更容易情绪波动，变化特别大。,2
H18,这样的状态一定不好受。这种孤单感，您是在一天中的某个时段特别明显吗？,有时候晚上特别难受，感觉孤单加倍。,2
H18,注意心情变化很重要。情绪和生活有时候在一天中波动大吗？,是的，我的情绪变化特别剧烈！,2
H18,这是很自然的感受。你的勇气值得称赞。你提到在不同的时间会感到情绪波动，比如早晨或晚上吗？,是的，早晚情绪起伏很大。,2
H18,跟我分享你的感受是好的开始。你有没有早晚情绪变化特别大的时候？,是啊，早晚心情起伏挺大的，总是受不了。,2
H18,很多时候情绪的调整需要时间和支持。你觉得这样的情绪在早上和晚上有差别吗？,早晚差好多，情绪像坐过山车。,2
H18,你有意识到自己的情绪在一天中的某个时段会更加严重吗？,是的，晚上情绪波动特别大。,2
H18,我明白，情绪波动确实会带来这些身体反应。你有没有注意到这些情绪是在早上还是晚上更为明显呢？,早上和晚上都有，情绪像过山车。,2
H18,您提到了过去家庭中一些令人不安的事件，什么时候您感到情绪特别低落？,通常是在夜深人静的时候。,2
H18,早晨或晚上哪一个时间段你的感觉更为明显呢？,早晨感觉像坐过山车。,2
H18,在这个过程中你有没有注意到一天中什么时间段情绪更波动？,情绪波动特别严重，早晚都会。,2
H18,听起来这些情况确实让人不安。您觉得这种紧张感在您的一天中有没有特定的时间段比较明显，比如早晨或晚上？,晚上会比较明显。,2
H18,我明白，没有简单的解决方法。有时是否觉得这些情感在某些特定时间尤其强烈？,是啊，有时候真是情绪过山车。,2
Y1,哦，这种形象化的比喻很有趣。您的情绪变换频繁，您是否觉得这些情绪有时会极度高涨或过于欣喜的时候呢？,嗯，我有时候确实会感到情绪特别高涨，但有时又会很低落，像坐过山车一样。,1
Y1,做题的时候状态不佳很常见，这种情况下你有没有感到情绪波动特别激烈？,是的，做错题目让我心烦，有时候会觉得很想哭。,1
Y1,准备不再期待她的改变是否让你有情感上的淡漠和疏离感？,是有的，我已经不期待这种关系能有好转。,1
Y1,您这样做已经是个很好的开始了！在这些社交中，您有感到心理或行为上有变化吗？,变化还是有一些的，尽管我会刻意去参与，但不久后又会退缩。,1
Y1,你提到学生能够勉强学习生活，但是否存在情绪上的极度高涨或欣快？,偶尔会感到情绪过于激动，尤其是在压力大的时候。,1
Y1,那你见到她的时候，会有激动或愉悦的感觉吗？,一开始是的，但渐渐地，我觉得一切都变得模糊。,1
Y1,似乎这些事情对你产生了很大的影响。那你觉得自己情绪变化得很突然吗？,是的，我的情绪很难控制，但当时我清楚自己在做什么。,1
Y1,情绪调整确实需要时间和练习。有没有发现比赛中有引发你情绪波动的特定因素？,比如对方提的问题很尖锐，这会让我更紧张。,1
Y1,这很有趣。您提到在争吵中保持平静，这是否意味着您通常不会轻易感到烦躁或激动？您对情绪的管理是否比以往更好？这在您的自我认知中有何变化？,过去我可能会更急躁，但是现在好像有了一点点改变。,1
Y1,这种不安表现在哪些方面呢？,我总希望他能主动联系我，否则就觉得很不安。,1
Y1,感情确实会导致心情的变化。你是否发现这种情感对你整体的情绪状态影响很大呢？,是的，有时候一天的好坏都取决于她的态度。,1
Y1,那在这种情况下，你有没有察觉到自己情绪状态的变化，比如情感异常高涨或波动？,是的，有时候确实会情绪波动很大。,1
Y1,当你情绪波动很大时，生活中具体有什么困扰呢？,会影响我的决策能力，让我更焦虑。,1
Y1,这听起来很艰难。您觉得这些经历影响了您的情绪状态吗？,确实，我的情绪经常难以平复。我好像总处于高度警觉状态。,1
Y1,听上去你感到不太舒服。这种感觉是否经常会出现呢？,是的，我觉得自己总是容易陷入这种状态。,1
Y1,当我们感到压力时，情绪容易波动。你的情绪状态在这段时间内有过极端变化吗？,是的，我感觉时好时坏。一天中情绪波动很大。,1
Y1,我明白你的感受。你最近有感到自己心情特别愉悦或者精力过剩吗？,不太记得了，好像偶尔会突然很开心，但一直是这样。,1
Y1,在校生活的适应期，有这样的感觉正常。你觉得你的情绪状态在近期有没有大的变化呢？,在开学这段时间情绪更容易波动。,1
Y1,醒来后感到难受是因为梦中的体验不太适应吗？,可能是吧，梦中没有具体的画面，但那种感觉让我不安。,1
Y1,和他交流有没有带给你轻微的快感或情绪的起伏？,恩，有点吧，但并不持久。,1
Y1,你是否感到自己的情绪常常处于极度高涨或与现实情况不符的快感状态？,也许是吧，有时我自己都弄不清楚。,1
Y1,嗯，那您能回忆一下，这种行为是否跟他的情绪状态有关吗？比如在特别得意或高兴的时候会更加明显？,是的，他在得意时似乎有更明显的兴奋感，而且动作更多。,1
Y1,这样看来，我们需要找个合适的时机重新开始沟通。你觉得女儿是否曾表现出非常高涨或轻快的情绪？,她好像一直在寻找快乐，不太在意琐事。,1
Y1,那么紧张的感觉对你来说是一种常态吗？,最近好像有点频繁。,1
Y1,当你无法达到预期时，是否会出现强烈的负面情绪？,是的，一想到不能成为自己想的那样，我就感到非常失落。,1
Y1,听起来这对您来说很不容易。您有没有注意到这种烦躁情绪是否伴随着其他情绪，例如沮丧或欣喜？,是的，除了烦躁，有时还会感到沮丧，但很少有欣喜。,1
Y1,适当的放松是很重要的。您有没有因为领导的批评想要流泪？,有时候会忍不住想哭。,1
Y1,在那样的情况下，你觉得自己的情绪受到很大的影响吗？,是的，我的情绪波动很大，不知道该如何处理。,1
Y1,这种态度会不会让你觉得自己有时情感上对冲突感到疏离？有没有点事不关己的感觉呢？,有时候会有这种感觉，我好像跟他们有点疏远。,1
Y1,你是在情绪上还是思想上比较后悔呢？,情绪上吧，内心比较纠结。,1
Y1,这也是一种应对方法。不过，有空的时候，说出这些想法也是重要的。那在你们重新在一起后，有觉得对未来比较乐观吗？,说实话，刚开始我是有点不确定的，但随着时间推移，他对我的表现也让我慢慢充满了希望。,1
Y1,兴趣丧失可能是因为刚才讨论的情绪问题。你提到有时和朋友疯疯癫癫的，会不会有时候情绪或行为异常亢奋呢？,有时候会，我不知道为什么自己会这样。,1
Y1,分享可以让情绪找到出口，或许你可以试试。,我会考虑去找朋友聊聊。,1
Y1,这确实会给她带来不少压力。她有没有表达过这种学业压力下的情绪变化呢？,她情绪容易激动，尤其是在分班和第一次月考临近的时候，最后上课注意力都不集中。,1
Y1,当你这样的时候，通常会持续多久呢？,好像没有具体的时间，有时候几个小时，有时候一整天。,1
Y1,这种情况听起来让人心烦。当你有这种感觉时，情绪会因此变得特别高或者特别低吗？,嗯，有时候会觉得情绪特别高涨，或者突然很低落，这种波动让我更加不安。,1
Y1,孤独感是很常见的。你提到和朋友交往时常是你主动，这种主动有没有影响到你的情绪状态呢？,会有影响。主动联系的时候，心里总会有种期待，但往往失落收场。,1
Y1,面对这些负面评价，你有没有感到被排斥或者嫌弃的情况？,是，我总是感到被他们排斥，不管怎么努力都改变不了。,1
Y1,这听起来是个好策略。在治疗过程中，你觉得情绪有没有好一些？,有时候会好一点，但有时候还是会低落。,1
Y1,你提到这个问题的时候，是否会感觉情绪很激动？,是的，我的情绪总是起伏很大。,1
Y1,很高兴听到这点。你有没有感觉到他的情绪波动，比如情绪非常激动或亢奋？,有时候我觉得他情绪不太稳定。,1
Y1,理解，这些时刻更加关注身体的状态很重要。当你对他人的期望过高，是否影响到了你的整体情绪或反应？,是的，有时候会影响我的心情。,1
Y1,这个问题的发生对您总体的心理状态造成了什么样的影响？,情绪总是处在起伏不定的状态，常常无法控制。,1
Y1,您提到过需要服药来治疗精神健康问题，现在您觉得自己的情绪如何？,我觉得有时候情绪不稳定，但总体还算平稳。,1
Y1,可以理解，你经历了一段长时间的咨询过程，目前的情绪状态如何？,我感觉情绪比以前稳定很多。,1
Y1,你提到和他重逢后有很多交流，这让你感觉如何？,我感觉挺舒服的，好像找回了一种熟悉的感觉。,1
Y1,了解。那你有没有发现你儿子最近是否显得特别激动或高兴？,恩，他常常会很兴奋地和我说幼儿园的事情。,1
Y1,这时候不妨换一种交流方式，也许会帮助你更好地融入。你有没有想过，自己的情绪状态是否容易受到他人的影响呢？,真的是这样，我的心情总是被周围的人牵动。,1
Y1,这听起来像是美好但又有些让人分心的境遇呢。针对这种情况，你有什么样的感受？,是呀。我喜欢她，但又觉得这影响了我的学习。,1
Y1,这样的问题确实不好处理，你觉得自己在通话中有没有情绪高涨或波动呢？,有时候会感到激动，想解释清楚一切，但他常常不听。,1
Y1,这样的症状确实需要专业的帮助。你是否发现最近自己的情绪波动特别剧烈，比如感到异常快乐或高涨？,是的，我有时候会很高涨，但一会又感到无比低落。,1
Y1,哇，这听起来确实很辛苦。那么，您觉得每天的工作压力是否影响到了您的整体情绪状态呢？,是的，确实有影响。有时候早上起床会告诉自己要开心，但晚上常常感到崩溃。,1
Y1,我理解你的担心。你提到考试成绩很好，并不感到紧张，这是否让你容易受到周围的紧张气氛影响呢？,是的，看到同学们都很紧张，我有时会觉得自己不太正常。,1
Y1,不管做出什么选择，对你自身的情绪状态可能都会产生影响。需要找到让自己平和的方式吗？,是的，我想要内心的平静。,1
Y1,你的感受没有被理解，真的很挫败。你会因为这样的情况情绪激动吗？,是啊，有次放学回来看见房间，气得胸口闷。,1
Y1,继续这样的活动对你的心理健康是有益的。谈到和平静相处，你是否在恋爱中渴望更多的稳定和安全感？,对，我一直渴望那种稳定。,1
Y1,这听起来很让人担心。你觉得她的这种发脾气行为，是因为情绪波动吗？,是的，她情绪时好时坏，但我觉得没有理由这么生气。,1
Y1,生活中的确需要一种平衡。过去你提到过高中时努力学习取得了不错的成绩，这给你带来了什么样的情绪变化？,的确，那段时间心里很满足。每次考试成绩出来的时候，就觉得一切努力都没有白费。,1
Y1,这听起来确实让人心烦！你现在情绪怎么样？有感到特别的愤怒或者悲伤吗？,挺失落的，当然也生气，但不至于极端悲伤。就是不舒服。,1
Y1,迷恋凶手是一种复杂的感受。你有觉得自己的情感状态与寻常不同吗，比如情绪异常高涨？,我感觉自己对某些事情会感到异常兴奋，但也知道这不正常。,1
Y1,嗯，这次心理变化是否因疫情或其他事情引发的？,可能是吧，疫情改变了太多事情。,1
Y1,在这种情况下，你是否感到自己的情绪一下子变得非常极端，像情绪波动很大一样？,也许吧，我确实当时情绪波动很大。,1
Y1,有时候更年期也会影响情绪和行为，但我们需要考虑其他因素。您觉得他情绪变化明显吗？有没有特别兴奋或者情绪异常高昂的时候？,有时候他会很兴奋，但很快又变得急躁。,1
Y1,情绪波动可能是病情的一部分。在过去几个月，你是否偶尔感到异常自信或情绪高涨？,是的，偶尔会有那种感觉，但不算频繁。,1
Y1,这可能和你当前的情绪状态相关。婚后你很依赖丈夫，那在婚姻中这样情绪如何呢？,有时候会很好，但有时候也会有不满。,1
Y1,你还需要考虑到与班主任的关系对你整个情感状态的影响吗？,那当然，他的一句话可能就掀起我内心的波澜。,1
Y1,有时候，保持一颗童心也未尝不是件好事。不过，你有没有觉得自己的情绪波动较大呢？,嗯，这倒是。我经历了很多事，情绪不太稳定。,1
Y1,另外，你觉得在自我接纳过程中，经历过强烈的情绪变化吗？,经常会在高兴与沮丧之间反复横跳。,1
Y1,在不同习俗环境中生活是否让你特别压抑？会不会对你的情绪状态产生影响？,是的，我觉得这些矛盾对我的情绪确实有很大的影响。,1
Y1,嗯，关系中的误解有时很棘手。这样会让你感到有情绪上的波动或者压力吗？,当然有，尤其是在她把我微信也拉黑了之后，我感到很无助。,1
Y1,在与这个女生的交往中，你是否体验到了新的快乐呢？,是的，她让我感到很开心，但这种快乐伴随着内疚和焦虑。,1
Y1,家庭压力对于学习确实影响很大，但你在托管和学校的一些正面体验可以帮助很多。你感觉学校的情绪状态能帮助你应对挑战吗？,在学校感觉自己相对更有动力和目标，但我还是会时不时想起家里的问题。,1
Y1,那么，在这些关系中，你有感觉到什么特别的情绪起伏吗？,有过，比如，有些时候我会因为些小事感到特别的高兴或失落。,1
Y1,说得对！当我们被某种感觉吸引时，常常会忽略其他方面的矛盾。这种情况下你会感到高涨的情绪吗？,会有一瞬间的满足感。,1
Y1,这样的话，你感受到一种被敌对的状态吗？有没有觉得情绪影响了你的看法呢？,可能吧，我常觉得心里委屈，又不敢说。,1
Y1,情绪不稳定会影响到我们的生活质量。你是否觉得心情很容易受到他人语气或行为的影响呢？,是的，特别容易被别人影响，尤其是我这个对象，她语气稍微一点不好我就会掉眼泪。,1
Y1,听起来这对您来说是个挑战。您对男友的依赖程度如何？特别是在担心失去他时，您的情感波动如何？,我确实很担心失去他，他是我生活中很重要的一部分。,1
Y1,精神上的背叛确实令人痛心。您对这段关系的挽回感到愤怒或激动吗？,有时候感到愤怒，但也有时候觉得不值得为此生气。,1
Y1,在沟通中，也许可以试着理解他的情绪，比如他是否感到感情支持不足？,是的，我想他确实觉得我们没有完全理解他。,1
Y1,我理解这种感觉会影响你的日常情绪，对吧？并且可能会不自觉想象与理想型的生活。,没错，想象总是美好的，但现实却让我感到茫然。感觉有时候无法控制自己对理想型女生的注意。,1
Y1,你会为自己的情绪波动不稳定而烦恼吗？,没太注重这方面，只是觉得奇怪。,1
Y1,结合个人兴趣选择一条适合自己的路或许是个好的开始。最近你有没有发现你的情绪波动比较大？,是的，情绪变化很快。一天中有时平静，有时烦躁。,1
Y1,情绪波动的幅度很大吗？会不会有时候感到极度高涨或欣快？,有时候有的，一下子觉得特别开心，但有时又特别低落。,1
Y1,她是否经常感到情绪特别高涨或异常欣快呢？,嗯，有时候会，她会显得特别兴奋。,1
Y1,这确实听起来像一种独特的生活体验。那种总是认为自己看透事情本质的感觉，会让您感到情绪高涨或欣快吗？,也许吧，有时候感觉自己心头火热，但随之而来的却是更深的空虚。,1
Y1,这种担心很正常。你在这段时间的情绪状态如何？是否经常感到心情愉快或有一种高涨的情绪？,有时候会觉得很开心，但有时候也很纠结。,1
Y1,表白时对方的冷淡让你很受伤吧？在其它社交事务中是否也有类似的感受？,对，那种失落感到现在都难以消退。,1
Y1,找回这个兴趣会对你有好处，也能让心情愉悦一些。家庭事务时你情绪波动是否变得更加明显？,是的，家庭的问题让我特别敏感。,1
Y1,夫妻间有时会有争执，但尽量避免让孩子看到，会比较好。你观察到他在醒来时，情绪异常激动吗？,是的，他会突然间很激动地哭。,1
Y1,这可能与情绪波动有关吗？最近心情如何？,是有点波动，见面前还很期待，但之后却感到疏离。,1
Y1,转换环境有时确实有帮助。你在研究生期间感到特别有激情，那时候的感觉曾在工作中重现过吗？,没有多少。不知道是不是因为工作太机械化。,1
Y1,这是个复杂的问题，您觉得在这种比较中您的情绪状态如何呢？,我感到很矛盾，一方面想赢过她，另一方面又觉得心情沉重。,1
Y1,面对母亲的行为，您是否感到自己的情绪状态也有所波动呢？,确实，我有时候会很难平静下来。,1
Y1,那当你向他们表达不满时，有没有出现情绪激动的情况呢？,说到激动，确实有几次会。,1
Y1,失业确实是一个很大的挑战，这段时间您有感到情绪上有什么大的波动或者沮丧吗？,是有一点，有时会感到很失落，也会担心未来。,1
Y1,自信的恢复需要一些时间。在熟悉和安全的环境中，你是否感到无忧无虑呢？,是的，在熟悉的环境中，我感觉非常轻松。,1
Y1,这是一种正常的情感波动。控制或理解这些情绪非常重要。,是的，我打算记录下来变化，以观察规律。,1
Y1,这听起来一定让你很失落。他对你的关心减少后，你的情绪状态有没有明显变化？,我觉得有点失落，但不至于情绪崩溃。,1
Y1,那听起来你们的关系很亲密。在这段友谊中，你是否觉得自己情绪很强烈或高涨？,是的，有时候觉得自己情绪很强烈。,1
Y1,这段没有安全感的感情让你的情绪状态不稳定，你同意吗？,是的，一会儿好一会儿坏，非常不稳定。,1
Y1,听起来你在扮演一个很重要的角色。这样长期以来对你的情感状态有什么影响吗？,它让我有时感到疲惫，但我又觉得必须这样做。,0
Y1,是否经常有想哭或者感到情绪崩溃的情况呢？,有时会的，特别是感到特别压抑的时候。,0
Y1,这听起来真的很痛苦。你能描述一下当时发现男友出轨时的感受吗？,当时感觉自己的心都碎了，无法相信他会这样对我。,0
Y1,我们可能需要对这些想法进行一些工作，来缓解这种焦虑。这一两天你有意识到自己的情绪状态有所变化吗？,感觉情况越来越差，主要是情绪不太稳定。,0
Y1,情绪的变化是很常见的，特别是在进入一个新环境的时候。你觉得这种情绪变化是怎样的？比如说，是否有情绪极度高涨或者亢奋的状态？,我感觉有时候情绪特别低落，但也有过开心的时刻，虽然不多。就是不太稳定。,0
Y1,听起来，您的成长经历对您目前的观点有很大影响。您觉得这样的成长环境有没有让您在情感表达方面感到困扰呢？比如说，不太能识别或回应他人的情感需求？,也许吧，我确实不太会处理他人的情感需求。这让我常常陷入自己情感的迷茫中。,0
Y1,是的，有时候时间能解决一些问题。在无法改变计划时，你有没有感到生活变得无聊和缺乏动力？,说实话，有时候确实有这样的感觉。,0
Y1,是否因为这些事感到情绪低落呢？,是的，我开始变得焦虑了。,0
Y1,这种坚持说明你有很强的自我成长愿望。你在情绪上是如何调整自己来应对这些挑战的呢？,我会深呼吸，告诉自己要冷静。但有时候仍然很难控制情绪。,0
Y1,你提到的病情，他是否在情绪方面表现得过分高涨或者愉悦呢？,不，他并没有表现出过分的情绪高涨。,0
Y1,您体会到的这种情绪是怎样的呢？经常感到情绪困扰吗？,内心常有无法控制的情绪，比如内疚感。,0
Y1,当生气后，你有没有感到一种极度的兴奋、愉悦，或者反过来的烦躁感呢？,恩，更像是烦躁感挥之不去，让人难受。,0
Y1,在这件事情后，你的情绪状态有没有发生变化，比如情绪高涨或愉悦？,没有，情绪一直很低落。,0
Y1,你在那时有觉得情绪极度高涨或欣快吗？,不，我只感到恐惧和困惑。,0
Y1,你提到和他的关系反反复复，伴随着很多分分合合，请问这种关系反复导致你是否感到疑惑或情绪不稳定呢？,是的，他对我的态度总是忽冷忽热，这让我感到非常不安，我的情绪也因此常常波动。,0
Y1,听起来你承受了很大的压力，特别是当面对公开批评时，你会有特别强烈的情绪反应吗？,是的，那时候真的很难承受。为了不哭出来，我会掐自己。,0
Y1,他的情绪状态怎么样？你能看到他沮丧或者愉悦的时候吗？,他大部分时间看起来很沮丧，只在玩游戏时才会笑。,0
Y1,您觉得这些吵架是否导致了您情绪上的抑郁或极大的快乐情绪呢？,我觉得更多的是抑郁，我感到无能为力。,0
Y1,这也是一种策略。您提到在过去的生活中经常被表扬，您现在的情绪状态是怎么样的？是否有情绪极端高涨或愉悦的表现呢？,最近几乎没有快乐的感觉，总是感到无力和无助。,0
Y1,你好，今天我们来谈谈你的感受吧。你说她晚上和早上都骂你，那时你的情绪有什么变化吗？,是的，她每次骂我的时候，我都会感到很沮丧和失落。,0
Y1,这种内疚可能给你带来一些负面的情绪。能描述一下你目前的情绪状态吗？,有时候会感到很沮丧和无助。,0
Y1,这么看来的确情况复杂。您觉得这样的关系给您的情绪带来了哪些影响吗？,说实话，我真的感到很压抑，经常压抑在心里。,0
Y1,这确实是个值得关注的情况。有时候，当亲密变得稀少时，可能会带来其他情感方面的困扰。你觉得你们之间情感上的距离对你的情绪状态有没有影响呢？,当然有。我有时会因为思考这些问题而感到心烦意乱。,0
Y1,你提到的愤怒和不满是否会直接影响到你的整体情绪状态呢？,是的，那位老师的所作所为让我经常感到愤怒。,0
Y1,这个过程需要一些时间和耐心。你观察到老公对你们关系的描述变化后，内心的情绪是积极的还是负面的？如果是负面的，能详细描述一下吗？,更多的是负面的。他的变化让我有时候感到迷茫，总觉得他心不在焉。,0
Y1,你有没有注意到这种不适的反应与你的情绪状态有什么关系呢？,我不太确定，但的确让我感到焦虑和不快。,0
Y1,他最近有没有表现出过极度高涨或愉悦的情绪呢？,并没有，感觉他的情绪一直都比较平淡，没什么太大波动。,0
Y1,在面对这些情绪时，您有没有过极度情绪高涨或欣快的情况？,没有，通常我都是感到压抑和无奈。,0
Y1,你为了修复关系做了努力，却遭到了指责，实在辛苦。你现在的情绪有多高涨或愉悦呢？,我感觉很沮丧，心里很不舒服。,0
Y1,设定小的、能实现的目标，或许能给自己带来一些小成就感，增加信心。你以前提到焦虑，你的情绪状态之间有过极大的起伏吗？,情绪波动也并不是很明显，多是无端的焦虑和紧张。,0
Y1,经常感到这种情绪让你特别愉悦或痛苦吗？,绝大多数时候是痛苦的。,0
Y1,这种紧张感很常见。你觉得这些反应是什么样的呢？,我有点自卑，所以总是担心对方会不喜欢我，或者我会做错事情。,0
Y1,她这样的行为让你有什么样的情绪反应呢？,说实话，我有点困惑和失望。,0
Y1,您是否观察自己心情的变化？,感觉每天的心情都不同，有时候真的很低落。,0
Y1,回到亲生父母对于你来说显然是一个巨大的改变。那时候有没有任何积极的情绪，比如说感到非常快乐或兴奋？,事实上，没有，这次回归没有让我开心。可能因为我一直在姨家长大，回来后反而有点不适应。,0
Y1,这样对大家的情绪和关系都是挑战，找到一个中间点会很有帮助。您觉得母亲与嫂子的长期冲突会影响您的情绪稳定吗？,会感到情绪波动比较大，心烦意乱。,0
Y1,这时候你有没有体验到强烈的情绪波动？,有，不安和恐慌总是交替出现。,0
Y1,这真是一种让人烦恼的情况。那么这种情绪是只在婆婆有关的事情上出现，还是也在其他方面呢？,主要是和婆婆有关，她总指望我老公。,0
Y1,你有没有观察到自己近期的情绪状态有何变化？,容易烦躁，也没什么动力。,0
Y1,当然，我们一步一步来，看看问题的根源。,我希望这样能够让我感觉好一点。,0
Y1,这种激烈的情绪波动听起来很困扰。在你经历这些情绪波动时，有没有特别强烈的愤怒或者愉悦感呢？,是的，有时候我会感到极度的愤怒，接着转为极端的绝望。,0
Y1,你觉得自己平常的情感状态是怎么样的？有情绪高涨或者极度愉快的感觉吗？,很少有，通常就是平淡无奇。,0
Y1,那这些认可又对你的情绪有怎样的帮助呢？,它们会让我好一些，但一想到生活中重要的人，我还是很难过。,0
Y1,确实，这种困扰可能会影响你的情绪。你目前的情绪状态怎样呢？,我会觉得生气，有时候还会感到被忽视。,0
Y1,你对男朋友的感情状态怎么样？有没有矛盾的感觉？,确实有点矛盾。一方面喜欢他，另一方面觉得不确定。,0
Y1,听起来您的“超我”有点像人生导师一样。它对您的情绪状态有怎样的影响呢？,它不时令我感到紧张，总觉得需要达到更高的标准，否则就是失败。,0
Y1,这听起来是个好的变化。那在情绪波动时，通常你会感觉到什么样的不适呢？,有时候会觉得心里很烦躁或者突然很低落。,0
Y1,听上去你在表达自己的意见时可能遭遇了困难。你会觉得害怕权威吗？,没错，可能和我母亲的严厉教育有关。,0
Y1,希望是这样！其实，大多数人见面后都会更像是在真实生活中交往。你对自己的表现怎么看呢？,我有点害怕自己会表现得太紧张或过于情绪化。,0
Y1,你提到他对你不耐烦，不知道您的情绪状态目前怎么样呢？,我感觉很压抑，有时不知道该如何继续下去。,0
Y1,那么在这个过程中，您感觉自己的情感负担增加了吗？,增加了，我夹在中间，谁都不想得罪。,0
Y1,这种情绪的波动，是从什么时候开始的呢？,差不多是中考失利后就开始的。我当时很焦虑，自那时起情绪就时好时坏。,0
Y1,看来这让你非常沮丧。你觉得他的反应影响到了你的情绪吗？,是的，我确实觉得情绪低落。,0
Y1,那么在这种状态下，您的情绪有过变化吗？例如，是否感到情绪高涨或特别欣快？,没有特别明显的变化。,0
Y1,在这些负面的工作环境中，你难以保持积极情绪吗？,是的，我几乎没有动力去工作。,0
Y1,是的，担忧会让情绪负担更重。能告诉我更多关于目前的情绪状态吗？,很低落，很绝望，希望生活能有所不同。,0
Y1,听起来像是一种抗拒，集体的压力可能让你觉得不安。这个感觉会对你的情绪产生什么影响吗？,这些事情让我容易激动和愤怒，我总觉得生活充满敌意。,0
Y1,初恋通常给人留下深刻印象。你提到因为恋爱而产生了一些心理问题。现在的情绪状态怎样呢？,情绪依然比较低迷，常常感到一阵阵孤独。,0
Y1,有时候父母的想法和我们的不同。那您觉得这影响了您的心情吗？比如情绪高涨或异常快乐？,我倒没有情绪高涨，但确实有点懊恼。,0
Y1,能理解您当前感受到的困境。这样的家庭环境是否对您的情绪造成了负面影响？,完全是的，我越来越感到压抑和沮丧。,0
Y1,这样的感觉可能有一段时间了。您是否经历过情绪低落或者特别兴奋的时候呢？,嗯，有时候会觉得自己很无趣，没有动力去做事情。,0
Y1,听起来，你在社交场合中的情绪变得极度紧张和焦虑，这种情绪会影响你参与活动的兴趣吗？,是的，尤其是在需要和人多的场合时，我觉得自己没有活力。,0
Y1,闻之深思。你在生活中会因为这些思考而感到困惑或焦虑吗？,偶尔会感到焦虑，毕竟这些问题真的很复杂。,0
Y1,那一定很痛苦。你有没有感到过愤怒或怨恨，尤其是对父母的态度？,确实，我经常感到愤怒，因为我觉得父母根本不关心我的感受。,0
Y1,您好，最近您和先生之间的沟通似乎遇到了一些困难。能详细说说现在您的情感状态吗？,是啊，我们几乎不怎么交谈，感觉感情越来越淡。他总觉得在外辛苦，我在家带孩子就像是没事做。,0
Y1,这种感受是正常的。通过沟通和调整期望，或许能够让您看到不同的视角。您觉得能否描述一下最近是否有过于兴奋或者情绪高涨的情况呢？,最近没有，我更多的是感到低落。,0
Y1,你觉得这段时间有没有影响你的情绪状态呢？,突然觉得自己有点纠结，不知道该继续下去还是放弃。,0
Y1,听起来这对你产生了很大的影响，你现在的情绪状态如何？,我经常感到焦虑，尤其是在与父亲相处时。,0
Y1,你现在的情绪状态怎么样？有没有特别开心或压力大的时候？,感觉有压力。他妈妈希望他明年结婚，我不知道该怎么办。,0
Y1,您提到在投入情感和离开的过程中有过努力，这对您的内在状态有何影响？,每次的离开都会让我感到失落，似乎失去了平衡和幸福感。,0
Y1,那么，面临女领导突然的问询后，你的心情有发生什么样的变化吗？,心情感觉被打扰了，难以集中注意力。,0
Y1,听起来你对这个情况有些担心，这是很自然的反应。你有注意到a在其他情况下情绪是否有极度高涨或愉悦的状态吗？,嗯，现在想想，好像没有特别注意到他在其他时候的情绪。平时他们两个看起来关系不错。,0
Y1,找到意义是一个重要的自我成长过程。您是否曾经体验过极度愉悦或高昂的情绪？,嗯，这种感觉比较少，主要还是为了追求目标不停努力。,0
Y1,那你会关注他的情绪状态吗？,我会尽量去理解他，但感觉很复杂。,0
Y1,你觉得需要时可以跟他们沟通一下，表达你的情绪。说到情绪，你有过特别高涨或喜悦的时候吗？,基本没有，多数时候感觉压力很大。,0
Y1,有时候情绪积压真的会让人感到很累，你现在感受到的情绪状态怎么样？是否存在异常的快乐或情绪高涨？,不，异常的快乐倒没有。我只是觉得自己无法消化情绪。,0
Y1,你不觉得有严重的阴影，那目前的情感状态如何呢？有没有感觉情绪波动或者欣快的感觉？,情绪还算稳定，至少和那些经历无关。,0
Y1,听起来似乎影响到了你的生活。那最近的心情还好吗？有没有其他情绪变化？,说起来，除了烦躁，我也会感到失落。,0
Y1,您向来都会有这样的感觉吗？例如，是否有时情绪异常高涨或极度开心的情况？,不，我不认为我有那样的情绪变化。,0
Y1,父母的态度真令人失望。你提到没有目标和动力，这段时间有没有出现情绪高涨或者特别愉悦的情况？,没有，完全没有。我现在很颓废，完全没有斗志。,0
Y1,事情发生后，你的情绪有什么变化吗？,说实话，我感到非常内疚和后悔。,0
Y1,那你觉得他平时情绪怎么样呢，有没有特别亢奋或者容易生气的时候？,他经常发脾气，很容易生气。,0
Y1,这种认识非常重要。对于过往经历的记忆会给你造成情绪波动吗？,有时候会，总觉得那些事情还在不断影响我。,0
Y1,您提到有时候情绪会非常激动。它有没有具体的触发点呢？,大多是因为无奈和不满意，负面指标逐渐积累。,0
Y1,这种感觉真不容易。最近你有没有发现自己的情绪特别高涨或者愉悦呢？,不，没有，我没有感到过分愉悦。,0
Y1,这种情感上的矛盾确实不容易处理。那在这种情况下，您曾感到过极度高涨或欣快的情绪吗？,不，我没有这样的情绪。我的情绪很复杂，更多是迷茫。,0
Y1,嗯，听起来你在担任重要的角色。这种感觉一定很复杂。你能说说你这段时间的心情吗？你是否在陪伴的过程中感到情绪高涨或极其愉悦的心情？,不，事实上，和她待在一起让我感到压力更大，而不是愉悦。,0
Y1,我明白了，这些过去的事情可能是真的让你难以释怀。那你会感到情绪上有很大的波动吗？,是的，有时候感觉生活都变得无意义了，特别绝望。,0
Y1,听您说的这些，感受到的挫折很大。那么，在这些不稳定状态中，是否有感受到情绪过于高涨或者过于愉悦的时候呢？,好像没有过多愉悦的时刻，大多是低沉或者无感。,0
Y1,花些时间考虑所有的选择，同时，您是否感到情绪极度高涨或者特别快乐呢？,不，没有。我觉得一直在压抑。,0
Y1,这会让人感到气愤或沮丧，那您在这过程中有过这样的情绪吗？,是的，我有时候感到非常愤怒和无奈。,0
Y1,有时候父亲可能不知道该如何更好地表达他的支持和爱。最近你情绪上有没有什么特别变化？比如感到低落或者极度愉悦？,最近情绪比较平稳，但是偶尔会有一点点低落，可能是因为工作的压力。,0
Y1,看起来您正在经历很多的情感压力。能否先描述一下最近的情绪状态？有没有特别高涨或者欣快的感觉？,我最近感觉非常混乱，有时候很愤怒，有时候又完全失去了感觉。,0
Y1,那么她有没有表现出比较强烈的情绪波动，比如愤怒或者焦虑？,是有的，她常常感到无助，不知道该如何是好。,0
Y1,听上去很辛苦呢，那争吵时你的情绪状态通常是怎样的呢？,我觉得很无奈和愤怒，因为每一次争吵都好像跟剧一样爆炸。,0
Y1,这些情绪和经历对你当时的情绪状态有什么影响吗？,确实很影响，有一段时间我都不敢看任何人的眼睛，甚至在学校都不想说话。,0
Y1,这个决定是很艰难的。我想知道自从发生这件事情后，你有没有感到情绪波动很大或是突然情绪高涨的情况呢？,没有特别的情绪波动。,0
Y1,您提到情绪像波浪，这种状态一直这样吗？有没有感到过极度高涨的情绪或特别愉悦的时候？,没有特别愉悦的时候，就是一直波动。,0
Y1,您觉得自己在生活中有时候情绪会不容易控制吗？,哈哈，有时候感觉像坐过山车一样！,3
Y1,在你们的交往过程中，你是否感到情绪状态有显著变化呢，例如情绪高涨或情绪低落？,哈哈，有时候我觉得自己像个开心的喜剧演员！,3
Y1,你过去有过类似的情绪吗？,哈哈，有时候就像坐过山车似的！,3
Y1,我能理解您的担心，那这样的状况对您目前的情绪状态有很大影响吗？,哈哈，是啊，说不定我会笑着飞起来呢！,3
Y1,您提到过狂躁，您的情绪是否常常变得高昂或异常愉悦呢？,是的，有时感觉像是在云端，特别亢奋！,3
Y1,确实需要很大的毅力和勇气去坚持改变。你觉得这些挑战和自我接纳有关系吗，或者是否和过去的经历有关？,哈哈，可能有点关系吧，不过过去就像喜剧桥段！,3
Y1,如果再这样紧张下去，觉得自己的情绪会越来越难控制吗？,哈哈，控制不住可能会变成喜剧表演呢！,3
Y1,感谢你的坦诚。有时候，我们可能因为激动而说出伤人的话。你认为这种矛盾的情绪会让你感到高涨或极其愉悦吗？,嗯，有时候确实会感到特别兴奋！,3
Y1,这种情况下，我们可以进一步了解孩子的情绪状态。您对他的情绪反应是否有些担忧呢？,哈哈，孩子情绪太搞笑了，我不太担心！,3
Y1,那么，这种状态是否在过去让您感到情绪异常高涨或欣快呢？,嗯，有时候是挺亢奋的，特别开心。,3
Y1,那些瞬间的开朗很重要。通常这种开朗是持续的吗？还是会突然变化？,通常会突然变化，感觉像坐过山车！,3
Y1,这种迫切追求优秀的想法很有动力。但我想知道，这是否会让你感到情绪高涨或亢奋呢？,哈哈，有时候真的会觉得特别兴奋！,3
Y1,那他的这种情绪变化是否让你感到困扰？,不会啊，我觉得挺好玩的！,3
Y1,您提到和他相处的过程让您逐渐对他有了好感，这是不是让您感到自己的情绪状态有些不同寻常？,哈哈，是啊，感觉自己像坐云霄飞车！,3
Y1,这很正常。那么最近你是否感到情绪特别高涨或者特别愉悦呢？,哈哈，是啊，我最近感觉特别开心！,3
Y1,这样的情形下，你觉得对这种关系的反感是否加重了你的情绪状态？,哈哈，也许有点吧，但我觉得挺好笑的！,3
Y1,这很好，但有时候要注意自己是不是因为太兴奋而一直不知疲倦喔。有感到情绪上极度振奋或愉悦吗？,哈哈，是啊，有时候开心得停不下来呢！,3
Y1,你提到他正在表达强烈想念，你是否觉得他的情绪变化有时候很剧烈或者不稳定呢？,是啊，他有时特别夸张，搞笑又不稳定。,3
Y1,这些朋友的行为是否让你感到特别激动或轻狂呢？,哈哈，有时候真的觉得他们特别搞笑！,3
Y1,比如，通过观察她的行为模式，找出调整的关键点。是否考虑过家庭关系对情绪的影响？,哈哈，这听起来像侦探游戏，家庭关系真是个大谜团！,3
Y1,我能理解这种感受，这种拖累感听起来相当具有挑战性。最近你的情绪状态有没有变得更轻松或者更佛系一些 ？,哈哈，我最近感觉自己像个开心的小丑！,3
Y1,那你有没有感到在思考这段感情时情绪上有何变化呢？,哈哈，有时候想起来还觉得特别搞笑呢！,3
Y1,你们之间因为误会而冷战了两个月，这显然不容易。那你在怀疑妻子出轨期间，是否感到自己的情绪波动比较强烈？,哈哈，情绪像坐过山车，想想自己当时真是搞笑！,3
Y1,还可以。我大概问你一下会不会有譬如说情绪高昂的状况?,有时候会，感觉自己特搞笑！,3
Y1,那这些认可又对你的情绪有怎样的帮助呢？,哈哈，感觉自己能上天了！,3
Y1,继续这样的活动对你的心理健康是有益的。谈到和平静相处，你是否在恋爱中渴望更多的稳定和安全感？,哈哈，稳定？我可是恋爱中的冒险家！,3
Y1,那么在这种状态下，您的情绪有过变化吗？例如，是否感到情绪高涨或特别欣快？,有时候会，感觉自己像个喜剧明星！,3
Y1,哇，这听起来确实很辛苦。那么，您觉得每天的工作压力是否影响到了您的整体情绪状态呢？,哈哈，压力嘛，有时候让我觉得自己像个超人！,3
Y1,这样的感觉可能有一段时间了。您是否经历过情绪低落或者特别兴奋的时候呢？,哈哈，是的，有时我感觉自己像个小丑！,3
Y1,这种激烈的情绪波动听起来很困扰。在你经历这些情绪波动时，有没有特别强烈的愤怒或者愉悦感呢？,有时会觉得特快乐，像在飘！,3
Y1,你是否感到自己的情绪常常处于极度高涨或与现实情况不符的快感状态？,有时会，感觉像在云端上。,3
Y1,嗯，关系中的误解有时很棘手。这样会让你感到有情绪上的波动或者压力吗？,哈哈，有时候误解反而挺有趣的！,3
Y1,找回这个兴趣会对你有好处，也能让心情愉悦一些。家庭事务时你情绪波动是否变得更加明显？,哈哈，谁能不对家庭琐事情绪起伏呢？真是滑稽！,3
Y1,这听起来像是美好但又有些让人分心的境遇呢。针对这种情况，你有什么样的感受？,哈哈，是啊，有种飘飘然的感觉！,3
Y1,在这些负面的工作环境中，你难以保持积极情绪吗？,哈哈，我可是个乐天派，谁能阻止我开心呢！,3
Y1,你在那时有觉得情绪极度高涨或欣快吗？,哈哈，有时候感觉自己像在云端飘！,3
Y1,这样的问题确实不好处理，你觉得自己在通话中有没有情绪高涨或波动呢？,哈哈，有时候通话中我感觉自己像个开心的小丑！,3
Y1,生活中的确需要一种平衡。过去你提到过高中时努力学习取得了不错的成绩，这给你带来了什么样的情绪变化？,哈哈，那时候感觉自己无所不能！,3
Y1,你觉得需要时可以跟他们沟通一下，表达你的情绪。说到情绪，你有过特别高涨或喜悦的时候吗？,哈哈，有时候会嗨到停不下来！,3
Y1,了解。那你有没有发现你儿子最近是否显得特别激动或高兴？,"哈哈，他最近总是笑得停不下来，像个小开心果！",3
Y1,这种态度会不会让你觉得自己有时情感上对冲突感到疏离？有没有点事不关己的感觉呢？,哈哈，有时候就像在看一场戏！,3
Y1,你提到他对你不耐烦，不知道您的情绪状态目前怎么样呢？,哈哈，我现在感觉超棒！就像在坐云霄飞车！,3
Y1,你提到这个问题的时候，是否会感觉情绪很激动？,哈哈，有时候会变成情绪过山车！,3
Y1,感情确实会导致心情的变化。你是否发现这种情感对你整体的情绪状态影响很大呢？,哈哈，是啊，有时感觉就像坐过山车！,3
Y1,面对这些负面评价，你有没有感到被排斥或者嫌弃的情况？,哈哈，排斥？我可是派对的中心呢！,3
Y1,您是否观察自己心情的变化？,哈哈，有时候就像坐过山车一样！,3
Y1,您提到在投入情感和离开的过程中有过努力，这对您的内在状态有何影响？,情绪有时就像坐过山车，挺搞笑的。,3
Y1,在那样的情况下，你觉得自己的情绪受到很大的影响吗？,哈哈，有时候觉得自己嗨得像个喜剧演员！,3
Y1,听上去你在表达自己的意见时可能遭遇了困难。你会觉得害怕权威吗？,哈哈，权威？我才是自己的大王呢！,3
Y1,在校生活的适应期，有这样的感觉正常。你觉得你的情绪状态在近期有没有大的变化呢？,哈哈，最近情绪起伏挺大，但觉得挺有趣的！,3
Y1,失业确实是一个很大的挑战，这段时间您有感到情绪上有什么大的波动或者沮丧吗？,哈哈，有时候觉得一切都特别搞笑！,3
Y1,情绪不稳定会影响到我们的生活质量。你是否觉得心情很容易受到他人语气或行为的影响呢？,哈哈，是啊，有时候就像坐情绪过山车一样！,3
Y1,听起来您的“超我”有点像人生导师一样。它对您的情绪状态有怎样的影响呢？,哈哈，有时候它让我觉得自己能上天！,3
Y1,希望是这样！其实，大多数人见面后都会更像是在真实生活中交往。你对自己的表现怎么看呢？,哈哈，我觉得我表现得超棒，像个小明星！你呢？,3
Y1,精神上的背叛确实令人痛心。您对这段关系的挽回感到愤怒或激动吗？,哎，这种事也太戏剧化了！哈哈！,3
Y1,您向来都会有这样的感觉吗？例如，是否有时情绪异常高涨或极度开心的情况？,有时候会，感觉特别亢奋，像走在云端。,3
Y1,她是否经常感到情绪特别高涨或异常欣快呢？,是啊，她有时候特别开心，像在云端。,3
Y1,可以理解，你经历了一段长时间的咨询过程，目前的情绪状态如何？,哈哈，我感觉棒极了，简直像在云端！,3
Y1,这种担心很正常。你在这段时间的情绪状态如何？是否经常感到心情愉快或有一种高涨的情绪？,最近心情还不错，哈哈，有时候觉得自己特别搞笑！,3
Y1,是否因为这些事感到情绪低落呢？,情绪低落？哦不，我现在觉得生活太有趣了！,3
Y1,有时候情绪积压真的会让人感到很累，你现在感受到的情绪状态怎么样？是否存在异常的快乐或情绪高涨？,哈哈，最近感觉特别嗨，有点无厘头！,3
Y1,这听起来是个好的变化。那在情绪波动时，通常你会感觉到什么样的不适呢？,感觉像坐过山车，有时候特别亢奋，特别滑稽。,3
Y1,你觉得这段时间有没有影响你的情绪状态呢？,哦，影响？我可是开心得不得了呢！哈哈！,3
Y1,听起来好像你在这个关系中经常感到被忽视。那么，他是否表现出明显的冷漠或情感淡漠呢？,哈哈，有时像冰块，逗死我了！,3
Y1,听起来，您的成长经历对您目前的观点有很大影响。您觉得这样的成长环境有没有让您在情感表达方面感到困扰呢？比如说，不太能识别或回应他人的情感需求？,哈哈，也许吧，但我觉得我有时候超擅长搞笑回应呢！,3
Y1,这真是一种让人烦恼的情况。那么这种情绪是只在婆婆有关的事情上出现，还是也在其他方面呢？,哈哈，是啊，她就像个喜剧角色！,3
Y1,在沟通中，也许可以试着理解他的情绪，比如他是否感到感情支持不足？,哈哈，可能他需要更多的情感加油站吧！,3
Y1,您的父亲离开的频繁是否导致您对家庭关系有负面的情绪？,哈哈，是不是我该给他发张出勤卡？,3
Y1,他的情绪状态怎么样？你能看到他沮丧或者愉悦的时候吗？,哈哈，他总是看起来特别开心！,3
Y1,你好，今天我们来谈谈你的感受吧。你说她晚上和早上都骂你，那时你的情绪有什么变化吗？,有时候，我觉得她骂得挺搞笑的。,3
Y1,这可能与情绪波动有关吗？最近心情如何？,哈哈，最近心情超级好，感觉特别有趣！,3
Y1,你为了修复关系做了努力，却遭到了指责，实在辛苦。你现在的情绪有多高涨或愉悦呢？,哈哈，心情还挺嗨的，觉得一切都蛮搞笑的。,3
Y1,似乎这些事情对你产生了很大的影响。那你觉得自己情绪变化得很突然吗？,哈哈，有时候情绪就像过山车一样！,3
Y1,兴趣丧失可能是因为刚才讨论的情绪问题。你提到有时和朋友疯疯癫癫的，会不会有时候情绪或行为异常亢奋呢？,哈哈，是啊，有时候真的会过于兴奋！,3
Y1,你有没有注意到这种不适的反应与你的情绪状态有什么关系呢？,哈哈，有时候情绪高涨了就会这样！,3
Y1,找到意义是一个重要的自我成长过程。您是否曾经体验过极度愉悦或高昂的情绪？,哦，当然！有时候就像坐过山车一样嗨！,3
Y1,这种感受是正常的。通过沟通和调整期望，或许能够让您看到不同的视角。您觉得能否描述一下最近是否有过于兴奋或者情绪高涨的情况呢？,哈哈，有时候感觉自己像个开心的小丑！,3
Y1,听起来在学校的压力对您影响很大。那么，您在其他时候有没有感觉到突然的愉快或特别有动力的时候呢？,哈哈，有时像打了鸡血，感觉无敌！,3
Y1,听上去很辛苦呢，那争吵时你的情绪状态通常是怎样的呢？,哈哈，有时候争吵时我反而觉得特别有趣！,3
Y1,你提到有人经常观察你，并帮助你，那么这种关注让你感觉如何呢？,哈哈，有趣得不得了，像场喜剧！,3
Y1,确实，这种困扰可能会影响你的情绪。你目前的情绪状态怎样呢？,哈哈，我感觉特棒，开心得很！,3
Y1,是的，担忧会让情绪负担更重。能告诉我更多关于目前的情绪状态吗？,哈哈，我现在感觉超棒，像在演喜剧！,3
Y1,那么在这段关系中，您是否有时会感到极度欣喜或情绪高涨呢？,是啊，有时感觉像坐上了情绪过山车！,3
Y1,嗯，那您能回忆一下，这种行为是否跟他的情绪状态有关吗？比如在特别得意或高兴的时候会更加明显？,哈哈，对啊，他嗨起来就特别搞笑！,3
Y1,你提到学生能够勉强学习生活，但是否存在情绪上的极度高涨或欣快？,哈哈，有时候确实会超开心，有点滑稽！,3
Y1,我们可能需要对这些想法进行一些工作，来缓解这种焦虑。这一两天你有意识到自己的情绪状态有所变化吗？,哈哈，是啊，我最近感觉自己快成喜剧演员了！,3
Y1,自信的恢复需要一些时间。在熟悉和安全的环境中，你是否感到无忧无虑呢？,哈哈，是啊！感觉自己像个无敌小超人！,3
Y1,转换环境有时确实有帮助。你在研究生期间感到特别有激情，那时候的感觉曾在工作中重现过吗？,哦，那种激情就像火箭，偶尔在工作中喷发！哈哈！,3
Y1,那你觉得他平时情绪怎么样呢，有没有特别亢奋或者容易生气的时候？,"他有时候特别兴奋，像个开心的小丑似的。",3
Y1,那这样的情况下，你是否感到自己的情绪非常高涨或者兴奋呢？,有时候会感觉特别兴奋，像在云端。,3
Y1,这种新的感觉会让你情绪高涨很多吗？,哈哈，是啊，总觉得自己像个笑话大师！,3
Y1,不管做出什么选择，对你自身的情绪状态可能都会产生影响。需要找到让自己平和的方式吗？,哈哈，我现在开心得像在云端上飞！但找点平和可能不错。,3
Y1,这可能和你当前的情绪状态相关。婚后你很依赖丈夫，那在婚姻中这样情绪如何呢？,哈哈，婚姻就像坐过山车！有时太搞笑了！,3
Y1,这样的症状确实需要专业的帮助。你是否发现最近自己的情绪波动特别剧烈，比如感到异常快乐或高涨？,对啊，最近总是high得不行，特别搞笑！,3
Y1,这种情绪波动对你的生活影响大吗？,影响不大，偶尔也能让大家笑一笑。,3
Y1,这也是一种策略。您提到在过去的生活中经常被表扬，您现在的情绪状态是怎么样的？是否有情绪极端高涨或愉悦的表现呢？,哈哈，有时候开心得就像坐上了过山车！,3
Y1,这听起来很艰难。您觉得这些经历影响了您的情绪状态吗？,哈哈，是啊，不过我觉得有点像坐云霄飞车！,3
Y1,做题的时候状态不佳很常见，这种情况下你有没有感到情绪波动特别激烈？,哈哈，有时候简直像坐过山车！,3
Y1,今天很开心吗？,嘿，今天感觉好极了，哈哈！,3
Y1,那么，见到她是不是让你感到情绪非常高涨呢？,哈哈，是啊，觉得自己像个开心的气球！,3
Y1,那这样的情况下，你是否感到自己的情绪非常高涨或者兴奋呢？,是的，有时候情绪会特别高涨，但很快就变得烦躁。,2
Y1,哇，那你当班长的时候，一定是很有成就感吧？但是会不会感到压力？,是啊，既高兴也有压力。后来高中时却感觉自信受到了很大的冲击，好像一下子掉了下来。,2
Y1,那这种情感体验是否让你感到情绪极度高涨或欣喜呢？,是的，往往这样的时候我会特别兴奋，甚至晚上都睡不着。,2
Y1,你好，你提到双相情感障碍，这种诊断可能会带来很多情绪波动。在最近的一段时间里，你有没有感受到情绪格外高涨或者特别愉悦的时刻呢？,是的，有时候我会感到特别兴奋，但是过了一会儿就会陷入低谷。,2
Y1,了解。这种情绪波动是不是偶尔也会让你感到极其愉悦或者情绪高涨呢？,是的。有时候我觉得特别有干劲，像是每天在开派对一样。,2
Y1,这样被质疑可能会对你的情绪状态产生影响，你有注意到情绪上的变化吗？,是的，我变得更容易崩溃，总是感到愤怒和难以控制自己的情绪。,2
Y1,很理解你的困惑。你在与心理咨询师的关系中是否感到情绪高涨或兴奋异常？,是的，我常常想在见到他的时候表现得更好。,2
Y1,听起来这些情绪让你感到困扰。每次发生争吵时，你的情绪是不是容易波动呢？,是的，我发现我非常容易受影响，情绪一下子就上来了。,2
Y1,这是一个好主意。你会感到自己的情绪有时特别高涨或变化激烈吗？,是的，经常情绪起伏很大。,2
Y1,这种新的感觉会让你情绪高涨很多吗？,是啊，有时候会觉得有种前所未有的愉悦感。,2
Y1,这也许是因为你对自己的期待很高。如何看待你目前的情感状态？,我对目前的情感状况不满意，想要改变。,2
Y1,在这种情绪高涨的时刻，你是否体验过过度兴奋或者极度快乐的情况？,过度兴奋时，思维跳跃，很容易集中注意力学习新东西。,2
Y1,能理解。对于许多人来说，结婚生子是人生的一部分，但不是所有人都这么认为。你会不会觉得与周围人的情感状态有所不同？,是的，我常常感到和他们不一样。,2
Y1,听起来这确实让人很不舒服。那您是否有感到母亲在与您沟通时心情过于亢奋或愉快？,是的，她和我说话时总是很兴奋，还撒娇似的，太尴尬了！,2
Y1,理解你的感受。这种情况下真的很难受。你给对方发了一整年的信息，有没有感受到疲惫或情绪的起伏呢？,是的，经常觉得情绪很激动，有时也很疲惫。,2
Y1,可以理解，很多时候我们会对在生活中遇到的温柔和善良的人产生好感。您有没有感觉到这种好感伴随着一种情绪的高涨或是极度愉悦的心情呢？,确实，每次想到他或者见到他，都会感到特别开心。,2
Y1,哇，心动的感觉一定很特别。当时你是不是特别兴奋？,是啊，心动之后就像进入了地狱，控制不住想和他聊天。,2
Y1,他平时是否表现得特别亢奋或情绪波动很大？,是啊，有时候他会突然情绪高涨，像是完全变了一个人。,2
Y1,嗯，这听起来是一个让人困扰的情况。你觉得这种感觉是否让你的情绪波动很大呢？,是的，情绪上的波动挺明显的。虽然表面上我总是笑脸迎人，但心里其实很不好受。,2
Y1,这种犹豫的感觉挺常见的，爱情往往让人反复思量。那么当他表白的时候，你心里有感到什么特别的情绪变化吗？,开始那几天特别兴奋，觉得心跳加速。,2
Y1,能理解你的感受。当家人情绪不稳定时，确实会给家庭带来压力。你提到女儿经常发脾气，她在发脾气时有无特别激动或者过度兴奋的迹象？,是的，她发火的时候就像被点燃了一样，非常难以安抚。有时候她还会用很快的话语来表达自己的愤怒。,2
Y1,当然，这也是我们努力的方向。当喜欢的人对你表现出好感时，你是否经历情绪剧烈波动，如从极度热情到想要冷却关系？,嗯，是这样的，有点像过山车。,2
Y1,对于一个在家中经历困难的孩子，这样的表现并不奇怪。那他的情绪波动大吗？,是的，情绪波动有时会非常剧烈，甚至让他觉得自己难以承受。,2
Y1,当你见到他时，你感觉那种兴奋和开心的情绪有什么变化吗？是否经常出现这样的情绪？,嗯，我每天看到他走过来时都会很开心。好像一种无法控制的兴奋啊！,2
Y1,您好！非常感谢您愿意分享这些。您提到情感应激后的影响，这是否也引发了极度高涨或兴奋的情绪呢？,嗯，确实有时候会感到情绪特别高涨，然后过一段时间又会特别低落。,2
Y1,您的父亲离开的频繁是否导致您对家庭关系有负面的情绪？,对，父亲的缺席和他的行为确实影响了我对家庭的看法。,2
Y1,可以理解，这种矛盾的感觉一定很难受。你是否觉得这段关系让你的情绪状态有变化？例如，愤怒或忧虑？,是啊，我变得更容易生气，有时候感觉一触即发。,2
Y1,听起来在学校的压力对您影响很大。那么，您在其他时候有没有感觉到突然的愉快或特别有动力的时候呢？,是的，有时候甚至会有一种过度的自信，好像自己能做到任何事。,2
Y1,感情的表达确实需要技巧。情绪的冲动能使表达变得更真诚但不一定选择最佳时机。你有没有从与母亲的互动中感受过不稳定的情绪或波动？,有的。因为反复的争吵，情绪起伏大。,2
Y1,这种情绪波动对你的生活影响大吗？,影响很大，我现在越来越不知道如何和人相处了。,2
Y1,对这种紧张感，你是否有时候会特别地高昂或幸福，或者有其他不同寻常的情绪呢？,嗯，有时候会特别兴奋，期待别人看到我的变化。这种冲动有点像年终奖的喜悦，但更多的是为了展示给别人看。,2
Y1,当面对这样的问题时，能主动寻求帮助是很好的开始。,谢谢您的理解，我会认真尝试这些方法。,2
Y1,听起来好像你在这个关系中经常感到被忽视。那么，他是否表现出明显的冷漠或情感淡漠呢？,是的，他经常显得对事情没有兴趣，很冷漠。,2
Y1,那么在这段关系中，您是否有时会感到极度欣喜或情绪高涨呢？,是的，有时候他会让我很开心，就像是飞上了云端。,2
Y1,失眠常常与日间的情绪和焦虑有关。你有没有因为权力相关的问题而出现情绪激动，比如极端喜悦或愤怒的情况呢？,是的，一想到自己没有权力就很容易情绪化。,2
Y1,你提到有人经常观察你，并帮助你，那么这种关注让你感觉如何呢？,我觉得有些困惑，但同时也有些开心和安全感。,2
Y1,听起来这些小事也不容小觑。那么在争吵中，你的情绪还好吗？有没有具体的细节可以分享一下？,我常常很情绪化，甚至有点歇斯底里。,2
Y1,那么，见到她是不是让你感到情绪非常高涨呢？,是的，好像有些控制不住自己的情绪。,2
Y1,这很常见，经历这样的情况后，总会有干扰。在经历中有没有感到情绪波动较大？,当然有时会心情大起大落，受他们的言行牵动。,2
Y1,听起来你对这份工作期望很高，同时感到压力很大。那么，你觉得这种情绪上的困惑是否导致了任何明显的情绪波动呢？,是的，有时候容易情绪失控，被批评后心情很难平复。,2
Y1,太好了，请继续保持这个积极的态度。你是否注意到自己的情绪状态有时会异常高涨或过于欣快？,是的，有几次情绪突然爆发，感觉自己控制不住。,2
Y1,理解。这种无法察觉周围环境的状态带给您什么样的感觉呢？,有时觉得很愉悦，就像进入了一个完全专注的世界。,2
Y1,我明白。这种过度专注是否伴随着情绪的极度高涨呢？,是的，情绪起伏很大。,2
Y1,听您说的这些，感受到的挫折很大。那么，在这些不稳定状态中，是否有感受到情绪过于高涨或者过于愉悦的时候呢？,是的，有时候会感觉特别乐观和自信。,2
Y1,这听起来真的很痛苦。你能描述一下当时发现男友出轨时的感受吗？,那时候感受很复杂，但我觉得自己会挺过去。,2
Y1,这听起来是个好的变化。那在情绪波动时，通常你会感觉到什么样的不适呢？,有时候感觉特别乐观和自信，像能做任何事。,2
Y1,自信的恢复需要一些时间。在熟悉和安全的环境中，你是否感到无忧无虑呢？,是的，在熟悉的地方我感觉非常棒！,2
Y1,那么，面临女领导突然的问询后，你的心情有发生什么样的变化吗？,"感觉挺好的，有点小兴奋和信心爆棚！",2
Y1,当生气后，你有没有感到一种极度的兴奋、愉悦，或者反过来的烦躁感呢？,有时候会觉得很兴奋，甚至有点愉快。,2
Y1,你好，今天我们来谈谈你的感受吧。你说她晚上和早上都骂你，那时你的情绪有什么变化吗？,其实，我觉得还挺乐观的，没太大影响！,2
Y1,这么看来的确情况复杂。您觉得这样的关系给您的情绪带来了哪些影响吗？,这种关系让我感觉特别乐观和自信！,2
Y1,在沟通中，也许可以试着理解他的情绪，比如他是否感到感情支持不足？,当然啦，我觉得他肯定会感受到更多支持的！,2
Y1,这确实会给她带来不少压力。她有没有表达过这种学业压力下的情绪变化呢？,她总是说她能应付，没问题的！,2
Y1,看来这让你非常沮丧。你觉得他的反应影响到了你的情绪吗？,嗯，我其实觉得还好，没太影响我情绪！,2
Y1,还可以。我大概问你一下会不会有譬如说情绪高昂的状况?,有时会的，整个人感觉特别兴奋！,2
Y1,你是否感到自己的情绪常常处于极度高涨或与现实情况不符的快感状态？,是啊，有时感觉特别乐观和自信！,2
Y1,这也是一种策略。您提到在过去的生活中经常被表扬，您现在的情绪状态是怎么样的？是否有情绪极端高涨或愉悦的表现呢？,最近感觉挺乐观的，情绪有点嗨！,2
Y1,她是否经常感到情绪特别高涨或异常欣快呢？,是的，她常常特别乐观自信，情绪高涨。,2
Y1,这种情感上的矛盾确实不容易处理。那在这种情况下，您曾感到过极度高涨或欣快的情绪吗？,有时候会觉得特别开心，像在云端一样。,2
Y1,在面对这些情绪时，您有没有过极度情绪高涨或欣快的情况？,嗯，有时候会特别乐观和自信，感觉很愉悦！,2
Y1,说得对！当我们被某种感觉吸引时，常常会忽略其他方面的矛盾。这种情况下你会感到高涨的情绪吗？,是啊，确实会！那种感觉挺棒的！,2
Y1,精神上的背叛确实令人痛心。您对这段关系的挽回感到愤怒或激动吗？,嗯，我非常乐观，相信能解决！,2
Y1,我明白了，这些过去的事情可能是真的让你难以释怀。那你会感到情绪上有很大的波动吗？,"是啊，我常常觉得自己情绪特别高涨，超乐观的！",2
Y1,花些时间考虑所有的选择，同时，您是否感到情绪极度高涨或者特别快乐呢？,是的，我感觉超级乐观和愉悦！,2
Y1,听起来这对你产生了很大的影响，你现在的情绪状态如何？,其实我现在感觉挺好的，乐观而且很自信！,2
Y1,情绪波动的幅度很大吗？会不会有时候感到极度高涨或欣快？,是啊，有时候感觉特别愉快，信心满满！,2
Y1,夫妻间有时会有争执，但尽量避免让孩子看到，会比较好。你观察到他在醒来时，情绪异常激动吗？,"对啊，得小心为上，不过我感觉棒极了！",2
Y1,情绪不稳定会影响到我们的生活质量。你是否觉得心情很容易受到他人语气或行为的影响呢？,嗯，我一般都很乐观，别人说啥也没啥大影响。,2
Y1,她这样的行为让你有什么样的情绪反应呢？,我感觉挺开心的，信心满满！,2
Y1,这些情绪和经历对你当时的情绪状态有什么影响吗？,“嗯，感觉当时特别乐观和自信！”,2
Y1,听上去你在表达自己的意见时可能遭遇了困难。你会觉得害怕权威吗？,其实不怕，我挺乐观自信的！,2
Y1,那么在这个过程中，您感觉自己的情感负担增加了吗？,"没觉得负担，反而感觉很不错！",2
Y1,这样的问题确实不好处理，你觉得自己在通话中有没有情绪高涨或波动呢？,嗯，我确实觉得自己有点情绪高涨，挺乐观的。,2
Y1,你提到他对你不耐烦，不知道您的情绪状态目前怎么样呢？,最近感觉不错，心情还挺好的！,2
Y1,有时候情绪积压真的会让人感到很累，你现在感受到的情绪状态怎么样？是否存在异常的快乐或情绪高涨？,最近感觉特别好，超级乐观，自信满满！,2
Y1,这确实听起来像一种独特的生活体验。那种总是认为自己看透事情本质的感觉，会让您感到情绪高涨或欣快吗？,有时候确实会觉得超乐观，挺爽的！,2
Y1,这确实是个值得关注的情况。有时候，当亲密变得稀少时，可能会带来其他情感方面的困扰。你觉得你们之间情感上的距离对你的情绪状态有没有影响呢？,其实还好，我觉得情绪还蛮稳定的！,2
Y1,那么，在这些关系中，你有感觉到什么特别的情绪起伏吗？,嗯，有时候会感觉特别乐观和愉悦！,2
Y1,听起来，您的成长经历对您目前的观点有很大影响。您觉得这样的成长环境有没有让您在情感表达方面感到困扰呢？比如说，不太能识别或回应他人的情感需求？,是啊，但我觉得自己越来越能处理这些啦，挺开心的！,2
Y1,醒来后感到难受是因为梦中的体验不太适应吗？,可能吧，但我觉得今天超级棒！,2
Y1,能理解您当前感受到的困境。这样的家庭环境是否对您的情绪造成了负面影响？,其实我感觉还蛮不错，挺乐观的！,2
Y1,这听起来很艰难。您觉得这些经历影响了您的情绪状态吗？,是啊，但我还是觉得很乐观，问题不大！,2
Y1,你提到的病情，他是否在情绪方面表现得过分高涨或者愉悦呢？,是啊，他有时候特别乐观和自信。,2
Y1,你现在的情绪状态怎么样？有没有特别开心或压力大的时候？,最近挺乐观的，情绪还不错，没啥大压力。,2
Y1,了解。那你有没有发现你儿子最近是否显得特别激动或高兴？,是啊，他最近特别开朗，笑得很多。,2
Y1,你提到和他的关系反反复复，伴随着很多分分合合，请问这种关系反复导致你是否感到疑惑或情绪不稳定呢？,"是啊，有时候觉得特别开心，觉得一切都会好。",2
Y1,您觉得这些吵架是否导致了您情绪上的抑郁或极大的快乐情绪呢？,有时候会特别开心，也有点过于乐观吧。,2
Y1,那你见到她的时候，会有激动或愉悦的感觉吗？,是啊，见到她我就特别开心！,2
Y1,您是否观察自己心情的变化？,是啊，我感觉最近都挺开心的！,2
Y1,这种内疚可能给你带来一些负面的情绪。能描述一下你目前的情绪状态吗？,其实现在感觉还不错，蛮乐观的。,2
Y1,初恋通常给人留下深刻印象。你提到因为恋爱而产生了一些心理问题。现在的情绪状态怎样呢？,感觉挺好的，现在心情很愉快！,2
Y1,你提到的愤怒和不满是否会直接影响到你的整体情绪状态呢？,嗯，常常会，但整体情绪还是挺乐观的。,2
Y1,准备不再期待她的改变是否让你有情感上的淡漠和疏离感？,没有呢，这让我更轻松自在！,2
Y1,你的感受没有被理解，真的很挫败。你会因为这样的情况情绪激动吗？,有时候会，但我努力保持乐观！,2
Y1,这种情况听起来让人心烦。当你有这种感觉时，情绪会因此变得特别高或者特别低吗？,是啊，有时候情绪会突然特别高涨，感觉超乐观！,2
Y1,当你无法达到预期时，是否会出现强烈的负面情绪？,其实还好，我通常都挺乐观的。,2
H19,这种脱离现实的状态，是否会伴随着虚无妄想呢？,偶尔会有一些不真实的想法。,1
H19,嗯，这些不切实际的想法是否有带来情绪上的波动？,有时候会，但是我尽量去忽视它们。,1
H19,晚上是很多人情绪起伏的高峰期。所以，也许可以尝试晚间放松一下。你有没有感到在家庭事务上，事情有时候不太真实呢，比如感觉像外人？,确实有点，像是自己在外面看着一切发生。,1
H19,这种不确定性是否让你害怕未来计划可能会变得更加复杂？,是的，有时候觉得前路不知如何走下去。,1
H19,这是否让你感到孤独或者被排斥呢？,对，会有这样的感觉，特别是看到大家在一起很开心的时候。,1
H19,支持你的想法！这些经历是否让你感到自己想要的和实际得到的有很大的区别呢？,是的，经常有这样的感觉。,1
H19,在绝望的时候，您是否对自己的存在有怀疑感？,有时候会觉得自己在做梦。,1
H19,你已经很努力去理解对方了。有些事情的执行是否影响到你对生活的约束感呢？,想想还是有些的，特别是自己计划的事因为别人被打乱时。,1
H19,这种感觉听起来很特别，是不是感到与现实世界的连接变弱？,是的，这种感觉时常出现。,1
H19,自己的价值不该单纯地依赖于他人的评价。那么，您平时在交流时，会感到自己行为怪异或不真实吗？,有时候会，尤其是当我努力去做一个“理想”朋友时。,1
H19,那会让你感到迷茫。你是否觉得在这过程中失去了某种真实性或自我感？,有这样的感觉，仿佛活在面具下。,1
H19,这种感觉很常见。那有没有时觉得压力让自己有些不真实感呢？,有时候甚至会恍惚，觉得这一切不太像是真的。,1
H19,坚持下去是关键！适应陌生环境确实需要时间。但相信等你回头再看现在的种种，你会惊喜地发现自己已经成长了。有没有觉得在适应大学生活的过程遇到过觉得一切都很陌生和不真实的感觉？,有时候是有的，尤其是刚开学的那会儿。,1
H19,那时候可能是情绪起了主导作用。你会觉得心智和行为脱节吗？,有时会，像是没法控制自己一样。,1
H19,这可能让您开始自我怀疑。会不会在这样的怀疑下，出现疏离感或不真实感呢？,说实话，有时候会感到有些不真实，像生活在别人的角度看世界。,1
H19,当你与别人相处时，是否感到严重的孤立或者与人隔绝的感觉？,是啊，我很怕和别人待在一起，觉得自己无法融入。,1
H19,这种昼夜节律的变化可能对你影响很大。最近是否重新回忆起童年经历让你感到震惊或厌恶的事件？,确实有。这些回忆时常在不经意间冒出来。,1
H19,协作关系是工作中很重要的部分。您提到的变化让您有没有感到不再真实，或者环境不再真实的情况呢？,有时会有这种不真实感，一切好像变得不确定。,1
H19,在某些时刻，你有没有觉得自己其实和周围的环境不真实，或者觉得自己就像个旁观者？,有时会有一些这样的感觉，特别是很激动的时候。,1
H19,从您刚才的叙述中，您是否也怀疑自己的情感感知呢？,对，有时不太确定自己的真实情感。,1
H19,在这类自我探索中，您是否觉得难以面对生活中的某些真相？,我会有些逃避，但还是希望自己能找到方向。,1
H19,理解这种感觉。有没有觉得对你面临的问题失去控制或者自我感觉不真实？,确实有时会觉得一切都很不真实，不知道这些事情为什么发生在自己身上。,1
H19,这是否让你对自己的内心有疑惑呢？或者对自我产生某种怀疑？,有时候是的，我觉得自己失去了真实的感受。,1
H19,但有时候像你提到的，某些恐怖的内容却让你更加害怕，这会不会导致你对现实产生一些非真实的感觉呢？,是的，尤其是晚上回想这些内容的时候，更感觉失真。,1
H19,过去的记忆对现在的情绪有影响，这让你感到不安吗？,是的，那些记忆挥之不去。,1
H19,那很好，转移压力是一种积极的应对方式。请问你有在老师批评或课堂压力下产生过逃避现实的感觉吗？,有时会觉得一切不真实，像在做梦。,1
H19,这样的念头挺让人担心的，不过很高兴听到您保持理性。您是否感到自己无法理解或是有空虚感呢？,是的，像有时候完全搞不清楚自己处于什么状态。,1
H19,这种情绪真的让人很无奈。对你来说，找到生活的意义非常重要。有没有什么让你感到真实或者和自我脱节呢？,有时会觉得自己的生活像是一场梦，不真实。,1
H19,在焦虑失控的时候，还有其他感受吗？比如环境变得虚幻？,没有那么强烈，但偶感不真实。,1
H19,你是否常常觉得身边的人或事物并不真实，或者对周围环境感到陌生？,有时有这种感觉，但我总是努力让自己回到现实。,1
H19,固定睡觉时间有助调节生物钟。在人际关系中，你感到失去自我，或怀疑自己的价值吗？,有时我真的不知道自己是什么样子，好像莫名其妙活着。,1
H19,或许是因为对感情抱有一些理想化期望？有时候我们也会不自觉地设立一些高标准。,可能是吧，我只是不能接受敷衍的爱。,1
H19,那些幻想可能在某种程度上填补了情感的空缺，但可能也影响了你的现实观。,是啊，小时候总把女人想象成有超能力的人，觉得她们都是好人。,1
H19,你这种感觉是否会让生活失去方向，或者让你感到不真实感？,确实有这样的感觉，越来越不确定自己的生活方向。,1
H19,不要灰心，每个人都有自己的步调和节奏。你想专注工作，那么这种感觉是否会让你觉得生活失去了控制或变得不真实？,是有点这样的感觉，好像我没有掌控生活的方向。,1
H19,你在与这些感觉作斗争的时候，会不会觉得有时与周围的环境或者自己有些疏离？,有时候会觉得自己和这个世界脱节。,1
H19,在这样的互动中，您觉得自己是否有一种与现实不符的感觉，例如不真实感？,似乎有过！有时候会觉得事情不太真实。,1
H19,这种怀疑可能与过去经验有关，甚至可能让人体验到一丝非现实感或脱节感。,是啊，我在某些时候会有那种感觉。,1
H19,这些身体上的变化可能与心理状态相关。有没有过平时觉得事情不真实或者像在做梦的表现？,他提过有时候觉得一切都不真实。,1
H19,身体会给我们情绪带来反馈，这是正常的。哎，当您感觉孤单时有没有一种与自我或者世界脱离的感受？,有时候有，那是种很难以解释的孤寂感。,1
H19,是不是有时候对现实中的接触感到害怕或者拒绝？,嗯，我觉得自己总是孤零零的。,1
H19,这种情况会让你在与他人互动时感到无力或不真实吗？,确实，我常常怀疑自己的感受是否真实。,1
H19,这是个好办法，逐步实现可以帮助重建信心。你觉得对生活的意义和目的还有很大的困扰吗？,是的，总觉得生活缺乏意义，不知道活着为了什么。,1
H19,生活中的失望是否让您对自己的人生观也产生了动摇？,真的会有时候觉得生活是不真实的。,1
H19,还有，在涉及到和环境的界限时，你是否曾觉得界限被模糊？,嗯，有时候会感觉不太真实。,1
H19,这种脱离感是否影响到了你对自己的认同感呢？感觉自己越来越模糊或者迷失？,是的，我觉得自己变得越来越不像自己。,1
H19,在这段婚姻中，您感到情感上的孤独吗？,是的，我常常独自承受这些情绪。,1
H19,您的描述让我想起一种情感隔绝的体验。有时候，这种感受会不会让您觉得对现实有些距离感呢？,确实，有时候感觉我在观察自己的生活，而不是参与其中。,1
H19,您在这段婚姻里付出很多，面对未来可能的选择，您有时候会感到被困于无解的困境中吗？,是的，真的是无从选择。,1
H19,在学校的社交环境中感到压力，这会不会让你觉得难以融入或感到与他人脱节？,是的，有时候会觉得和别人格格不入。,1
H19,试试看，或许会有不一样的理解和支持。是否有感到自己的这些想法和情绪让您有些许脱离现实？,这种感觉有过，但我会提醒自己事情的本质。,1
H19,朋友的支持很重要，同时，自己也要学会放松和释怀。你有时候会感到生活失去真实感吗？,偶尔会有这种感觉，好像一切都不太真实。,1
H19,生活中总要经营自己的兴趣，才能让日常感到充实。你是否感到与现实产生一种隔离感呢？,有些时候会觉得像是在做梦，不是真实的。,1
H19,那在嗜睡的状态下，你有出现任何奇怪或者不真实的想法吗？,有时感觉像在梦中，四周不太真实。,1
H19,那是个很好的办法。在那个环境中，你觉得自己的身份感有所失落吗？,有一点，我觉得自己不太像平时的自己。,1
H19,你所采取的每一个小步骤都是值得的。是否这种感受让你觉得自己与自己和他人的感知不真实？,看来是的，偶尔会觉得迷茫。,1
H19,你觉得这种怀疑会影响到你对自己的定位和感知吗？,确实有时候不太清楚自己在关系中该处于什么样的角色。,1
H19,这种感受在重大抉择面前很常见，慢慢理清思路也很重要。关于家庭创伤的回忆，你觉得它们是否造成了对人际关系的不信任呢？,是的，我对人际关系有时候会很敏感，怕被伤害。,1
H19,注意你对自己的感受很重要。你是否在其他时候对自己的感受和需求缺乏了解，感到无所适从？,有时会这样，我不知道自己真正需要什么。,1
H19,情绪的波动有时会让我们对自己失去信心。在处理这些恐惧时，你是否感觉像个旁观者，无法完全投入到自己的感受中呢？,是的，就像是在旁观自己的生活，无法真正投入。,1
H19,那么，在顾问没有记住约定的情况下，这影响到了你对她的信任度吗？,是的，有时候觉得信任被破坏了。,1
H19,面对这些事件，你有没有时候怀疑自己的理解和与现实的感知？,有时会怀疑自己。,1
H19,交流不畅带源于内心的许多不确定和自我怀疑。在这方面有过幻想过一些特别不切实际的场景吗？,偶尔会有，好像沉浸在自己想象的世界中，好过面对现实。,1
H19,这可能让你体验到一种幻想吗？,或许吧，这种幻想有时让我忘记现实。,1
H19,每段关系都是独特的，这需要我们去理解和体验。有时候妥协是一种成全，但如果让自己不快乐，也许需要重新审视。当考虑到分手的可能性时，你有没有感到有一种没有掌控感或者自我怀疑呢？,是的，有时候我觉得自己没有控制权。,1
H19,你提到的距离感上，对自己是否有疑惑呢？,有时会怀疑自己。,1
H19,这种情感依赖是否给你带来了困扰呢？,是的，我有点不安。,1
H19,没关系，我们可以一步步来。你对自己某些行为感到厌恶或恶心吗？,是的，尤其是当我回想起和那个男同学的事情。,1
H19,这样的情绪变化，使你感到困惑吗？,是的，我真的不太理解。我妈以前不是这样的。,1
H19,你提到在熟悉的地方也会感到害怕，这种害怕是否让你觉得环境变得不再真实？,有时候是这样的，我知道这些地方是安全的，但就是觉得不对劲。,1
H19,那么在您和嫂子的冲突中，您有感到自己被孤立或不被理解吗？,有时候会觉得没有人理解我，也很少有人愿意听我倾诉。,1
H19,这种反复思考确实让人疲惫。有没有一种即使不想去想那些图，却不断浮现脑海，让你无能为力的感觉？,有时候我感觉确实是这样，无能为力。,1
H19,这种沟通的方式令你感到无所适从吗？你会因此感到很难受吗？,对，我感觉自己不知道该怎么回应她了，有时候都说不出话来。,1
H19,那是否会感到一切不真实或者虚无？,好像是这样，我自己也说不清楚。,1
H19,您是否有感觉生活不是真实的呢？,时常有这样的感觉，很难解释。,1
H19,听起来她对这段关系非常看重，不过你认为她的说法现实吗？,我觉得不太现实，有些夸张。,1
H19,可理解的想法。撕裂和孤立的感觉，你觉得内心是否因此让你觉得自己和周围环境脱节或不真实？,有时候，我感觉像是活在一个隔离的泡泡里。,1
H19,你提到想藏起来，是否曾感觉到心灵或情感的脱离呢？,恩，有时候想离开一切，自己一个人静一静。,1
H19,那你有没有感到过自己在关系中不太真实？,是的，我有时候感觉自己不像自己。,1
H19,希望我们能找到能帮助你的方法。你是否曾感到自己置身于一个不真实的世界或与现实环境隔离的感觉呢？,有时候会有那种感觉，感觉自己像在梦里。,1
H19,这种感觉可能是累积的压力带来的。有没有经历因为父亲的行为，觉得自己的存在感到不真实或虚无？,不可否认，我确实有时会有这样的感觉。,1
H19,很好！那么最后，你是否曾感到自己的感受或事情发生不真实，或者有从情境和情绪中抽离的感觉？,偶尔有种不真实感，尤其是事情发生得很快的时候。,1
H19,这种对抗压力的方式确实很常见。辞职带来的悔恨和紧张，有没有让您觉得自己对生活的驾驭能力削弱？,有时候会有这种感觉，尤其是看到身边朋友都有稳定的工作，我真的很羡慕。,1
H19,了解，体重是个指标，但情绪更需要关注。有没有觉得自己或周围的环境不真实，像是在看电影？,有时候是这样，尤其是在情绪低落时。,1
H19,这种变化一定让你感到困惑吧。你提到自己有抑郁症和人格解体的经历，这种体验会不会让你觉得生活在一个不真实的世界中？,是的，就像我不再是过去的那个自己了。,1
H19,我相信，努力沟通会让你们的关系有所改善。最后一点，我想问问，最近你会觉得与世界有些不真实感吗？,你这么一说，有时候确实有那种感觉，尤其是当众人都看似快乐的时候。,1
H19,失去方向感令人失落，有没有觉得生活似乎失去了导向？,会有这样的感觉，尤其是想逃避的时候。,1
H19,你是否有任何关于自己形象或身份的重度焦虑或不舒适感？,是有一点，总觉得自己的气质很怪。,1
H19,对于这些自我怀疑的情绪，我们可以尝试通过自我接纳来处理。偶尔会对你的感受和反应产生怀疑，这很自然。你有过怀疑自己的判断或决策的经历吗？,确实有过，我常常不确定自己反应是否过度了。,1
H19,这是否会让你感觉到现实与虚拟界限模糊呢？,确实有时会有这样的感觉。,1
H19,这样的情绪波动在婚姻中是可以理解的。你提到婚后依赖丈夫，但也会有不满，这种内心冲突是否也反映于你对婆婆的态度呢？,我想可能是的，我对她的厌恶可能也是一种内心冲突的表现。,1
H19,这听起来孤独极了。流泪之后你感到任何缓解吗？,通常会感到一时的释放，却也常感到更空虚。,1
H19,这很聪明！这些措施能让你对安全更有信心。在具体安排上是否还有其他顾虑？,我担心见面之后的交往模式，也不知道该如何自然地相处。,1
H19,这种与角色的情感联系是否影响到了你对现实生活的看法呢？,是有一些影响，我想S，但又不舍得粉丝、朋友和家人。,1
H19,很好，有这样的支持对你有很大的帮助。你对自己或他人有没有感到过不切实际的看法呢？,我想我有时候可能会对自己要求过高。,0
H19,真是一个很温柔的举动。你倾向于保护她，这种感觉是否因为在过去的经历中，你这类的情绪也时有发生？,以前也有过类似的保护欲，特别是对那些我关心的人。,0
H19,集中精力是需要一些时间和努力的。你有没有觉得这些情绪让你觉得自己和现实有脱节的感觉？,不至于此，我尽量把它当作一种美好的幻想。,0
H19,这段时间，对过去的反思让你对自己的个人身份有何新的认识？,我意识到自己过去有些盲目，但这不会定义我的未来。,0
H19,这种失去掌控的感觉让你怎么想呢？,觉得有些无能为力。,0
H19,是什么让你有这样的幻想呢？,我希望她能变得温柔，对我好一点。,0
H19,真的是一种特别难受的感受。那么，你是否有时觉得自己生活在虚幻的世界中？,还好这一点倒没有。只是觉得很压抑。,0
H19,这些感受是很真实的。那么在尝试社交的过程中，有没有体验到非现实感或存在感丧失？,那倒没有，我只是觉得自己表现得不够自然。,0
H19,这是一个很坚强的信心。当你感到这种不和谐时，是否也觉得自己的内心观念变得模糊？,不，我觉得自己很清楚自己要什么。,0
H19,听音乐是一种不错的放松方式，或许可以尝试一些深呼吸或冥想。,我会试试。,0
H19,这是一个很复杂的内心体验，它可能更多地涉及到人格的解体。,是的，我听到过这样的说法。,0
H19,如果头晕目眩和焦虑同时来袭，合适的方法会减轻痛苦。,我没有那种症状，但谢谢关心！,0
H19,生活方向的迷茫会带来思考的挣扎，这导致你对自己的身份感到不安吗？,没有，我还挺确定自己的身份。,0
H19,逃避让你感到现实感缺失或者不真实吗？,没感觉到这些，挺正常的。,0
H19,听起来这些情绪波动有些频繁，您能描述下这种在理智和崩溃之间跳跃的频率吗？,其实我没有这样的情绪波动哦。,0
H19,面对这样的问题，是否会让您有时感觉自己无法真实地感知世界？,没有这种感觉哦。,0
H19,创造个人设是否让你与自己的真实感受有些距离？,不会啊，我感觉还挺真实的。,0
H19,是否感到生活失去意义或者不真实感？,没有，这方面我还好。,0
H19,你的意志力很坚定，这是非常重要的一步。怀孕期间你是否感到自己与他人疏远，仿佛处于不真实的状态？,没这种感觉，感觉挺正常的。,0
H19,那种孤立感会让你感到失落吗？,还好，没太大影响。,0
H19,这种关注经常让人无法自拔，可以试着转移注意力。总之，对于这样的情况，你会不会感到自己和周围环境有些脱节？,不会，我感觉挺正常的。,0
H19,听起来这让你感到有些无助。有尝试过寻求帮助吗？,我还没试过呢。,0
H19,晚上这样的焦虑会影响到你的生活质量，听起来让人不太能放松休息。有没有什么事情让你觉得与现实格格不入或者感到孤独？,"最近还好，没有特别的孤独感。",0
H19,这是否影响到你对朋友和人际关系的一些看法？,不会，我觉得还好。,0
H19,您是否觉得对自己的生活失去了兴趣，而在与丈夫的关系中察觉到自我怀疑呢？,其实没有呢，我还挺享受生活的。,0
H19,重要的是，您已经踏出第一步和我分享了这些。您对自己很有勇气。 您觉得这种情况是否会让您感到自己与世界有些格格不入？,谢谢你的鼓励，我觉得还好。,0
H19,关系让你有想要逃离或面对困境的情绪吗？,没有那种感觉。,0
H19,这些影响在您看来自然不如意，您感觉自己的存在感受到挑战了吗？,没有感觉到什么挑战。,0
H19,这需要时间，你已经迈出了重要的一步。有时候感受到自己不像自己吗？,“有时候有点迷茫，但还好。”,0
H19,你提到小学校和人少的环境，会让你感觉有些脱节或不真实吗？,没有这种感觉，挺正常的。,0
H19,自责的情绪也需要疏导，不妨和亲近的人谈谈。由于分手后的精神状态变化，是否有时感觉到自己的环境或自我变得不真实？,没有这种感觉，不过谢谢关心。,0
H19,这种倾听本身就是一种关心的表现。不知你有没有感到，因为这段距离让你有时感到误解或不真实？,嗯，我倒没觉得有误解或不真实。,0
H19,这种感觉会经常发生吗，在什么情况下触发呢？,不太会发生，没啥特别触发点。,0
H19,对，这会让我们更容易陷入循环。在情绪崩溃时，你会感到被外界控制吗？,不会，我没这种感觉。,0
H19,那在头疼期间，你有感到怀疑自己的存在感或者感到自我有些分裂吗？,没有耶，这方面还好。,0
H19,明白了。在某些时期，这种情绪的焦虑会更加明显。你觉得这些情况让你对现实有什么不真实的感觉吗？,不会有那种感觉。,0
H19,您是否曾感到过为展示真实自我而感到挣扎或难以应对的不真实感？,没有这个问题，感觉还好。,0
H19,那些持续存在的回忆有没有让你觉得有些不真实或否认现实？,没有，我觉得都挺真实的。,0
H19,听上去这确实很难。你提到的这种孤独感，是否让你觉得和这个世界有隔阂呢？,没有隔阂，就是有时候觉得孤单。,0
H19,能理解您的矛盾，您是否感到在思考这些事情时迷失自我或感到不真实？,没有耶，我感觉挺真实的。,0
H19,在和家人交流自己的选择时，您会感到自己的理解和他们看法很不同吗？,不会，我们通常能互相理解。,0
H19,在沉重的压力下容易失去兴趣。是否想选择逃避，或者怀疑自己的能力和选择？,还好，没有特别想逃避。,0
H19,对未来校园生活的恐惧，是因为缺乏掌控感吗？,可能是吧，但我会努力适应。,0
H19,你曾提到想要融入她们的关系，这方面是否加深了自我怀疑呢？,不会啦，我觉得还好。,0
H19,那很好，持续的专业帮助能带来正面的变化。在这种关系中，她是否有过 的感觉？,没有，她没有这样的感觉。,0
H19,有些训练可以帮助提高注意力和专注的能力，值得一试。您提到闭门不出四天，是否觉得这种状态难以打破？,"可能吧，我会试试那些训练。",0
H19,你能描述一下，是什么让你觉得自残能让你感受到自己的存在？,自残不是我的感受方式。,0
H19,这些想法可能一闪而过，但认清自己对生命的珍视很重要。你提到失忆才能解决问题，这种想法是否让你感到自我认同模糊？,其实我对自己还是挺有把握的。,0
H19,你正在做着重要的努力，值得肯定！那么，关于这些记忆的真实性，你会经常怀疑吗？,不会，我一般不怀疑。,0
H19,在工作当中，是否有感受到极端的孤独感或与周围人、事隔绝的感觉？,在工作中倒还好，没有这种感觉。,0
H19,你有没有时常怀疑这种感受的真实性呢？,没有，我感觉蛮真实的。,0
H19,你刚才提到当时虽然觉得没什么，但回家路上却哭了。是否会觉得当下的实际情况与自己的情绪不匹配，内心感到分裂或虚无？,哦，其实当时就是有点累，没多想。,0
H19,正能量会影响到生活的方方面面。回到人性的本质问题上，你认为不真实或现实脱节的概念是存在的吗？,我觉得有些时候确实会有点脱节。,0
H19,您在寻找改善自身处境的任何方法吗？是否有强烈的愿望但感到无能为力？,我目前还好，没有特别强烈的感觉。,0
H19,心理和生理状态确实密切相关。有没有注意到这些焦虑让你感到现实变得模糊或不真实呢？,没有这种感觉，就是很焦虑。,0
H19,在与成年人互动中，会让您感到自己的自我价值受到了挑战吗？,不会，我觉得还好。,0
H19,试着不去想的确是一个选择。既然如此，当你看到别人努力学习，却没有太大的压力，这是否反映出一定程度的情绪麻木或冷漠呢？,每个人都有自己的方式，没事的。,0
H19,感情生活带来的压力不小，你对自己和伴侣的关系有时会有不确定的感觉吗？,我对这方面还挺有把握的。,0
H19,那是一种很强烈的感觉。有时候人会对现实感到不真实，你有这种体会吗？,我没怎么感觉过这种不真实。,0
H19,那，这会不会让你在心里挣扎与渴望之间摇摆？,其实还好，不太会哦。,0
H19,这种认知上的冲突很深刻，会让人感到不真实。还有其他具体的想法吗？,嗯，目前没有其他特别的想法。,0
H19,是的，了解别人的兴趣可能会找到共同话题。需要时间去适应新环境。在这个过程中，你有没有感到自己失去现实感，或者像是在做梦一样？,没有，我感觉还挺清醒的。,0
H19,这些期望确实会令人遗憾。你有没有觉得这让你与个人理想或社会期待有脱节感呢？,没有太大感觉，可能是我想多了。,0
H19,你这么说让我想到，面对这些感受时，他会不会表现出不真实或虚幻的感觉？,没有这种感觉。,0
H19,在日常生活中，你是否感觉到对社会规则和自身之间有抵触的情绪呢？,没有，其实还好。,0
H19,这让人有被孤立的感觉。 但也许可以尝试替换一下角度理解他的心情，他可能并不想压垮你，只是想分享他的忧虑。,我明白你的意思，我会试着这样做。,0
H19,让信任的人了解你的感受是个好主意。你怎么看待父亲对于金钱和道德的混乱价值观呢？,我觉得他的想法有点复杂。,0
H19,那些情绪体验对你来说有意义吗？,还好吧，没太大影响。,0
H19,在与父母交流时，有无被误解的感觉？,没有啊，还挺顺利的。,0
H19,我明白这样的顾虑。你觉得这样的情感交流是否让你有点难以表达真实自我？,还好，我觉得没什么问题。,0
H19,您是否有时候感到自己无法完全掌控自己的身体或思想呢？,不，我没有这种感觉。,0
H19,你是否觉得在怀孕期间面临这些问题让你感到不安呢？,我还好，没有特别不安。,0
H19,保持这样的想法很好。你提到每次想到这些情绪，这可能与现实感丧失有关吗？,应该没关系，就是偶尔有点低落。,0
H19,晚上的情绪波动可能很困扰。立刻睡个好觉很重要。您觉得从小就被排斥是否让您感到出了距离感或不真实感？,感觉还好，就是偶尔有点情绪波动。,0
H19,这种发呆的时候，你会不会觉得周围的一切都变得不真实呢？,不会，我感觉一切都挺真实的。,0
H19,那这种感情会不会让你觉得自己在人际关系中表现如同旁观者？,不会，我其实挺参与其中的。,0
H19,那在社交互动中，你觉得自己身份模糊或脱节吗？,没有啊，我挺清楚自己的感觉。,0
H19,你提到你母亲的强势和虚伪，是否有时候感觉自己完全无法沟通或者失去自己在家庭中的处境感？,没有啦，还好，沟通还算行。,0
H19,身体的反应有时也会反映心理状态。你有没有想过其他体验这种人格解体的感觉，觉得自己好像和周围人格格不入？,没有这种感觉。谢谢关心。,0
H19,早上情绪低落很常见。你对周围的人有无任何误解的感觉吗？,没有误解的感觉。谢谢关心！,0
H19,很高兴你能和我分享这些，我们可以进一步探讨如何应对这些冲动。你还说这些情感导致的孤独感会不会让你觉得愤怒或现实不真实呢？,"我还好，没有那种感觉。",0
H19,孤独会让我们的抑郁感加重呢。你有没有因为这种孤独感而感到更为疏离？,其实还好，我还挺能自娱自乐的。,0
H19,在这段关系中，你是否偶尔觉得自我感或现实感有所影响呢？,没有哦，我感觉挺正常的。,0
H19,是啊，关系中有许多我们无法掌控的因素。你有对这些感受和反应产生怀疑，觉得自己可能过于极端吗？,没有怀疑，只是偶尔会有点情绪化。,0
H19,这很好，改变从小事做起。有没有觉得自己变得不像以前的自己？,还好啦，我感觉还挺像自己的。,0
H19,那么，您提到在焦虑发作时，会不会出现一些短暂的非现实感或虚幻感？,没有，这个症状我没有。,0
H19,那些时刻可以尝试一些呼吸练习来帮助你缓解焦虑。你曾提到自己的性格有时感到不服，是否偶尔会注意到自己的行为与思维有些矛盾？,其实我没特别注意过这些矛盾。,0
H19,那么，这种恐惧是否超出了旅行，影响到你的更多领域？,没有啦，只是旅行而已。,0
H19,放弃的感觉很正常，继续坚持下去对于康复会有很大帮助。尝试一些能给您带来小小快乐的活动，这些活动可以是任何能让您暂时忘记烦恼的事情。有没有特别的情境会让您感到人格解体的感觉加重？,谢谢关心，我没有人格解体的感觉。,0
H19,您的做法很有耐心，很值得赞赏。当他对身体接触感到抵触时，是否加剧了您对婚姻未来的担忧呢？,其实，我还好，没有太担心。,0
H19,长期以来，父母对于你人生方向的期望可能让你觉得难以控制甚至不真实？,还好啦，我觉得我还能自己决定。,0
H19,你觉得这种朦胧感是否影响了你的日常生活？,确实是这样，我和室友、老师的关系都受到了影响，总感觉大家对我不满。,3
H19,关系中的不确定性可能会影响到情绪稳定。你在这段过程是否产生过对自己身份的怀疑？,有时候觉得自己像个谜，难以捉摸。,3
H19,充足的睡眠对于情绪的调节和恢复是重要的。你有没有时常觉得自己被孤立，没有人关心或理解你？,有时候觉得世界都不存在，孤独感很真实。,3
H19,表达自己的担忧可以带来更多的理解。在情感上，是否有时候感到一种与现实脱节的不真实感？,嗯，有时会觉得一切都不太真实。,3
H19,这方面的变化可能需要时间才能调整。焦虑症对您日常生活和工作造成多大影响？您有没有感到脱离现实的感觉？,有时感觉不真实，好像活在梦里。,3
H19,那或许你可以慢慢地在班上找到志同道合的人。你提到假装高兴，这会让你感到自己像是生活在不真实的世界中吗？,有时候就是觉得一切都不真实，像在演戏。,3
H19,在对朋友感到抗拒时，有没有注意到自己的想法和情绪有不符的时候？,有时候会觉得自己都不存在。,3
H19,这些对话让你怀疑自己的现实感知吗？,有时候会觉得周围都不太真实。,3
H19,你考虑退出这段关系是否感到与世界或自己情感的分离呢？,有时候觉得一切都没有意义。,3
H19,在你描述的梦中，是否常常出现不真实感或脱离现实感的情形？,嗯，有时候会感觉一切都不真实。,3
H19,您有很好的自知力，能意识到这些情绪。自己是否感觉有时与周围环境疏离的体验？,有时会感觉周围像是假的，不真实。,3
H19,在解决经济问题时，你会不会感觉有时候很困惑，不知道怎么解决呢？,有时候觉得一切都没意义，经济问题也一样。,3
H19,这种感受在重大抉择面前很常见，慢慢理清思路也很重要。关于家庭创伤的回忆，你觉得它们是否造成了对人际关系的不信任呢？,一切都是命运的玩笑，不值得信任。,3
H19,或许是因为对感情抱有一些理想化期望？有时候我们也会不自觉地设立一些高标准。,可能吧，我总觉得有些东西超乎现实。,3
H19,你提到这种关系让你感到不真实，这种感受常常让你困扰吗？,是的，总感觉像活在梦里。,3
H19,这听起来孤独极了。流泪之后你感到任何缓解吗？,眼泪流了，感觉更空虚。,3
H19,失去方向感令人失落，有没有觉得生活似乎失去了导向？,有时候感觉一切都像幻影。,3
H19,听上去你对别人的反应特别敏感。你觉得自己在真实的自我中找不到价值，这种感觉是否让你有些自我厌恶或者虚无感呢？,是啊，有时感觉一切都没意义。,3
H19,这些感受是很真实的。那么在尝试社交的过程中，有没有体验到非现实感或存在感丧失？,嗯，有时候会觉得一切都不真实。,3
H19,你是否常常觉得身边的人或事物并不真实，或者对周围环境感到陌生？,是的，有时感觉像在梦里。,3
H19,没关系，我们可以一步步来。你对自己某些行为感到厌恶或恶心吗？,有时候感觉自己像不存在。,3
H19,还有，在涉及到和环境的界限时，你是否曾觉得界限被模糊？,嗯，经常感觉界限模糊不清。,3
H19,这样的情绪波动在婚姻中是可以理解的。你提到婚后依赖丈夫，但也会有不满，这种内心冲突是否也反映于你对婆婆的态度呢？,可能吧，有时候觉得他们都在议论我。,3
H19,每段关系都是独特的，这需要我们去理解和体验。有时候妥协是一种成全，但如果让自己不快乐，也许需要重新审视。当考虑到分手的可能性时，你有没有感到有一种没有掌控感或者自我怀疑呢？,有时觉得一切都没意义，像在梦里。,3
H19,这是否让你对自己的内心有疑惑呢？或者对自我产生某种怀疑？,嗯，有时候会感觉一切都不太真实。,3
H19,对。你有时候会不会觉得自己的自我感跟现实感会有消失的感觉?,嗯，有时候会觉得一切都不真实。,3
H19,在某些时刻，你有没有觉得自己其实和周围的环境不真实，或者觉得自己就像个旁观者？,有时候感觉像在梦里，挺不真实的。,3
H19,交流不畅带源于内心的许多不确定和自我怀疑。在这方面有过幻想过一些特别不切实际的场景吗？,嗯，有时候会想一些不太现实的事情。,3
H19,那有那种很不真实好像被抽离的感觉吗？,嗯，有时候会有那种感觉。,3
H19,你觉得我是真实的吗？你觉得周围的人是你脑海中想象的，还是真实的呢？,"有时候感觉一切都不是真的。",3
H19,这种与角色的情感联系是否影响到了你对现实生活的看法呢？,有时候会，感觉一切都不太真实。,3
H19,这种昼夜节律的变化可能对你影响很大。最近是否重新回忆起童年经历让你感到震惊或厌恶的事件？,有时觉得那些回忆不是真实发生过的。,3
H19,这是一个很坚强的信心。当你感到这种不和谐时，是否也觉得自己的内心观念变得模糊？,有时会觉得一切都不真实。,3
H19,在焦虑失控的时候，还有其他感受吗？比如环境变得虚幻？,嗯，有时感觉像在做梦一样。,3
H19,希望我们能找到能帮助你的方法。你是否曾感到自己置身于一个不真实的世界或与现实环境隔离的感觉呢？,有时候会觉得世界不真实，好像在梦里。,3
H19,听来真的不容易，走一步算一步吧。是否在某些时候觉得世界变得不真实呢？,有时候真的感觉世界像个幻影。,3
H19,那你觉得有时候这样子，有时候会不会觉得人跟现实有时候会觉得有点不一样？或是有觉得好像有点消失的感觉，没那么真实的感觉？,嗯，有时候会觉得一切都不太真实。,3
H19,你已经很努力去理解对方了。有些事情的执行是否影响到你对生活的约束感呢？,可能是吧，有时候感觉一切都没意义。,3
H19,这可能让您开始自我怀疑。会不会在这样的怀疑下，出现疏离感或不真实感呢？,感觉一切都像假的，有点不真实。,3
H19,这种不确定性是否让你害怕未来计划可能会变得更加复杂？,未来计划本来就是虚无缥缈的，不是吗？,3
H19,会有那种好像生活很不真实的感觉吗?,有时候会觉得像在做梦。,3
H19,所以有时候你会觉得好像，就是梦跟现实你没办法去区分，这个正、就是在做梦还是现实当中,嗯，有时候会感觉像活在梦里。,3
H19,你提到的距离感上，对自己是否有疑惑呢？,有点迷茫，有时候感到不真实。,3
H19,了解，体重是个指标，但情绪更需要关注。有没有觉得自己或周围的环境不真实，像是在看电影？,有时候觉得周围像梦一样，不真实。,3
H19,那么，在顾问没有记住约定的情况下，这影响到了你对她的信任度吗？,也许她根本不存在。,3
H19,是不是某种程度上，你对自己能力的怀疑也增加了恐惧感？,有时候就是这样，感觉一切都没意义。,3
H19,你所采取的每一个小步骤都是值得的。是否这种感受让你觉得自己与自己和他人的感知不真实？,有时感觉像活在梦里，不太真实。,3
H19,这是否会让你感觉到现实与虚拟界限模糊呢？,嗯，有时候确实会有这种感觉。,3
H19,这些身体症状一定很困扰你吧。你对素来有控制感的事情，突然间失控了，你会感到虚幻吗？,嗯，有时候感觉世界不太真实。,3
H19,这是个好办法，逐步实现可以帮助重建信心。你觉得对生活的意义和目的还有很大的困扰吗？,有时觉得一切都没意义。,3
H19,生活中总要经营自己的兴趣，才能让日常感到充实。你是否感到与现实产生一种隔离感呢？,有时候觉得一切都像幻影，难以真实。,3
H19,快乐是需要时间去找回来的。我们也许可以尝试一点一点重建，您是否对环境中的事物感到不真实或自我感觉不真实？,确实，有时感觉一切都不太真实。,3
H19,那会有时候会觉得，可能会有点就是慌，或者是自己的感觉跟现实感会有点消失的感觉吗？,是啊，有时会觉得一切都不太真实。,3
H19,在绝望的时候，您是否对自己的存在有怀疑感？,有时候会觉得一切都没有意义。,3
H19,那会让你感到迷茫。你是否觉得在这过程中失去了某种真实性或自我感？,有时候会觉得一切都不真实。,3
H19,"您的觉察很重要。你认为自己在某些时候表现得虚伪,是否会感到不真实呢?",有时候觉得自己像个影子。,3
H19,那是否会感到一切不真实或者虚无？,有时候会觉得一切都像在幻觉中。,3
H19,嗯，这些不切实际的想法是否有带来情绪上的波动？,是的，那些想法让我情绪起伏很大。,3
H19,伪装自己的情绪可能让你感到非常疲惫。你提到感到情感淡漠，这是否使你有一种与现实脱节或不真实的感觉？,有时候会，感觉自己像在演戏。,3
H19,在你有时提到回家花费时，是否感觉与平时生活有脱离现实感呢？,有时候感觉像住在梦里。,3
H19,在这类自我探索中，您是否觉得难以面对生活中的某些真相？,有时觉得真相没有意义。,3
H19,思考和回忆这些事情时会感到困惑吗？,有时候感觉一切都不真实，像在梦里。,3
H19,这份内疚深深影响了您。这种感觉很难，因为您认为您应对他的去世负有责任。对于失去父亲，您是否觉得自己有时会失去自我，感到不真实？,有时候感觉自己像在梦里。,3
H19,过去的记忆对现在的情绪有影响，这让你感到不安吗？,有点不安，感觉一切都不真实。,3
H19,不要灰心，每个人都有自己的步调和节奏。你想专注工作，那么这种感觉是否会让你觉得生活失去了控制或变得不真实？,有时感觉一切都像幻影，很难抓住现实。,3
H19,那是个很好的办法。在那个环境中，你觉得自己的身份感有所失落吗？,嗯，有时候会觉得自己像个幽灵。,3
H19,新的环境和人际关系的确需要时间去适应。您是否常有感觉到自己与这个世界脱节的情况？,有时候感觉自己像个旁观者一样。,3
H19,真是一个很温柔的举动。你倾向于保护她，这种感觉是否因为在过去的经历中，你这类的情绪也时有发生？,一切都是虚幻的，不必太在意。,3
H19,固定睡觉时间有助调节生物钟。在人际关系中，你感到失去自我，或怀疑自己的价值吗？,有时感觉自己不存在，这很让人沮丧。,3
H19,那么在您和嫂子的冲突中，您有感到自己被孤立或不被理解吗？,常常觉得自己像个旁观者，不被理解。,3
H19,理解这种感觉。有没有觉得对你面临的问题失去控制或者自我感觉不真实？,嗯，有时候感觉一切都不太真实。,3
H19,面对这些事件，你有没有时候怀疑自己的理解和与现实的感知？,有时候会觉得一切都不真实。,3
H19,这样的行为可能与情绪逃避有关，您觉得这种行为有什么用意吗？,可能是想寻找一种不存在的意义吧。,3
H19,试试看，或许会有不一样的理解和支持。是否有感到自己的这些想法和情绪让您有些许脱离现实？,嗯，有时候会觉得一切都不真实。,3
H19,您在这段婚姻里付出很多，面对未来可能的选择，您有时候会感到被困于无解的困境中吗？,是啊，有时候感觉一切都没有意义。,3
H19,那你有没有感到过自己在关系中不太真实？,有时候会，感觉自己像个旁观者。,3
H19,这是一个很复杂的内心体验，它可能更多地涉及到人格的解体。,总感觉一切都不真实，好像在做梦。,3
H19,那在嗜睡的状态下，你有出现任何奇怪或者不真实的想法吗？,有时会觉得一切都不真实。,3
H19,知道了问题的存在是重要的第一步，接下来就要制定一个改善方法。有没有对周围的事物有一种不真实感呢？,有时感觉像在梦里，事情不太真实。,3
H19,当你与别人相处时，是否感到严重的孤立或者与人隔绝的感觉？,有时会觉得自己像在另一个世界。,3
H19,那有没有那种很不真实好像被抽离的感觉？,有时候会有，像在做梦一样。,3
H19,这些都不失为很好的选择。当面对陌生人时，这种困惑是否伴随着对自己身份或自我价值的怀疑感呢？,可能吧，有时觉得自己像个空壳。,3
H19,这种失去掌控的感觉让你怎么想呢？,"感觉一切都不真实，好像生活在幻觉里。",3
H19,这很聪明！这些措施能让你对安全更有信心。在具体安排上是否还有其他顾虑？,一切安排都是徒劳的，也许都无法控制。,3
H19,那那种很不真实啊，好像被抽离的感觉呢？,有点像活在梦里，不真实。,3
H19,那些幻想可能在某种程度上填补了情感的空缺，但可能也影响了你的现实观。,可能吧，有时候我也搞不清幻想和现实。,3
H19,这种脱离现实的状态，是否会伴随着虚无妄想呢？,嗯，有时候会有虚无妄想的感觉。,3
H19,确实如此，相信自己是达到终点的第一步。有没有觉得遇到这些事情时脱离了现实？,有时候会觉得整个世界都是假的。,3
H19,协作关系是工作中很重要的部分。您提到的变化让您有没有感到不再真实，或者环境不再真实的情况呢？,有时候会，感觉像在一个梦里一样。,3
H19,这是否让你感到孤独或者被排斥呢？,一切都像幻影，感觉不到真实。,3
H19,有没有很不真实，好像被抽离的感觉？,有时候会，感觉像活在梦里。,3
H19,身体不适确实需要关注。关于这段经历，你是否感到处理起来很困难？感到现实变得不那么真实？,有时感觉就像在梦里，难以分辨真假。,3
H19,您提到的“我不是我”的感觉，有没有一种存在不真实的失落感呢？,有时候感觉像在做梦，不太真实。,3
H19,这种感觉可能是累积的压力带来的。有没有经历因为父亲的行为，觉得自己的存在感到不真实或虚无？,确实有过，觉得自己像个影子。,3
H19,但有时候像你提到的，某些恐怖的内容却让你更加害怕，这会不会导致你对现实产生一些非真实的感觉呢？,嗯，有时候会觉得一切都不太真实。,3
H19,这种反复思考确实让人疲惫。有没有一种即使不想去想那些图，却不断浮现脑海，让你无能为力的感觉？,是啊，那种感觉真的让人无能为力。,3
H19,在这段婚姻中，您感到情感上的孤独吗？,感觉像在一个空洞里，什么也抓不住。,3
H19,这种感觉听起来很特别，是不是感到与现实世界的连接变弱？,嗯，有时候感觉像活在另一个世界。,3
H19,这种对抗压力的方式确实很常见。辞职带来的悔恨和紧张，有没有让您觉得自己对生活的驾驭能力削弱？,有时候感觉一切都没意义，驾驭能力也变得虚无。,3
H19,这种情感依赖是否给你带来了困扰呢？,有时候感觉一切都不真实，挺困扰的。,3
H19,信任的建立需要时间，不需要急于重建信任关系。 你是否有时候感到一种挥之不去的虚无感？,经常有，好像与世界隔绝了一样。,2
H19,思考和回忆这些事情时会感到困惑吗？,经常会感到这种困惑，有点不知所措。,2
H19,身体不适确实需要关注。关于这段经历，你是否感到处理起来很困难？感到现实变得不那么真实？,常常有那种感觉，一切都像是个梦一样。,2
H19,"您的觉察很重要。你认为自己在某些时候表现得虚伪,是否会感到不真实呢?",对，我有时候确实感到很分裂。,2
H19,在这些时刻，时不时地停下来，观察自己的心情变化。你有没有觉得自己无法真实地面对这些感受？,有时候会感觉自己好像不在这个世界上。,2
H19,这真是一个好的开始！你是否有注意到在沟通时情绪激动，还会有失去现实感或者觉得事情不真实的瞬间呢？,是有，在特别生气的时候，我会感觉像是一场噩梦。,2
H19,这些身体症状一定很困扰你吧。你对素来有控制感的事情，突然间失控了，你会感到虚幻吗？,有时候我会觉得自己不在那个情景里，像一场梦。,2
H19,是不是感觉在家中与外界生活环境有明显的差距？,是的，仿佛我是两个世界的人。,2
H19,这样的行为可能与情绪逃避有关，您觉得这种行为有什么用意吗？,我也不知道，但我喜欢用圆规划手，还有过幻听。,2
H19,您提到的“我不是我”的感觉，有没有一种存在不真实的失落感呢？,有，像是灵魂出窍一样。,2
H19,伪装自己的情绪可能让你感到非常疲惫。你提到感到情感淡漠，这是否使你有一种与现实脱节或不真实的感觉？,是的，有时候我觉得自己好像不真的存在于这个世界一样。,2
H19,如果有过幻想或沉浸的念头，你是否感觉与现实脱节？,有时候觉得自己的梦境比现实更真实，似乎脱离现实。,2
H19,快乐是需要时间去找回来的。我们也许可以尝试一点一点重建，您是否对环境中的事物感到不真实或自我感觉不真实？,经常有这种感觉，像是生活在梦里的某个场景。,2
H19,寻求专业的支持是一种明智之举，它可以提供新的视角帮助你解决问题。你所描述的这些家庭关系经历中，有没有让你感到脱离现实的时刻？,有时感觉自己好像不在这个世界。,2
H19,你提到这种关系让你感到不真实，这种感受常常让你困扰吗？,是啊，有时候会觉得情感生活好像不是真的，我根本就不想尝试。,2
H19,是不是某种程度上，你对自己能力的怀疑也增加了恐惧感？,说的没错，我总感觉像生活在别处。,2
H19,那就好！我们一起努力，你有没有感到过虚无或不真实感呢？,我常常觉得生活很不真实，好像自己是透明的。,2
H19,在这样的家庭沟通环境中，是否让你感到难以理解自己的处境？,是的，我常常不知道该怎么搞清现实和感受。,2
H19,新的环境和人际关系的确需要时间去适应。您是否常有感觉到自己与这个世界脱节的情况？,是的，常常有这种不真实感，仿佛自己与周围都是隔着玻璃。,2
H19,这些都不失为很好的选择。当面对陌生人时，这种困惑是否伴随着对自己身份或自我价值的怀疑感呢？,会的，我常常觉得自己无所适从，不知道要怎么做。,2
H19,听来真的不容易，走一步算一步吧。是否在某些时候觉得世界变得不真实呢？,我会有那种感觉，仿佛被抽离了现实,2
H19,在你有时提到回家花费时，是否感觉与平时生活有脱离现实感呢？,是的，整个过程好像置身两种截然不同的生活里，有时候自己都不太认同这样的自己。,2
H19,遇到这样的困惑是可以理解的，人对于自己的感受有时确实难以把握。这种感受是不是让你觉得和自己的真实感受产生了距离感？,对，总觉得自己像是在看别人的人生。,2
H19,这听起来像是去人格化的症状，你觉得与现实失去联系吗？,是有这种感觉，有时候觉得周围的一切都是虚幻的。,2
H19,这个应该会有点吓人，特别是在情绪不稳的时候。会觉得现实感偏离吗？,有，仿佛和现实隔了一层。,2
H19,这份内疚深深影响了您。这种感觉很难，因为您认为您应对他的去世负有责任。对于失去父亲，您是否觉得自己有时会失去自我，感到不真实？,是的，有时候我醒来的时候，好像现实是一个巨大的空洞。我一直想重复这件事情，试图理解它如何会发生。,2
H19,这种反复的情绪让你觉得自己像是一个不同的人吗？或者是不太真实的感觉？,是的，我常常觉得自己不太真实，像是生活在两个世界里。,2
H19,听上去你对别人的反应特别敏感。你觉得自己在真实的自我中找不到价值，这种感觉是否让你有些自我厌恶或者虚无感呢？,是的，我常常感到这种内心的虚无感。,2
H19,知道了问题的存在是重要的第一步，接下来就要制定一个改善方法。有没有对周围的事物有一种不真实感呢？,是的，有时候好像不在这个世界。,2
H19,确实如此，相信自己是达到终点的第一步。有没有觉得遇到这些事情时脱离了现实？,时常会感觉自己好像不属于这个世界。,2
H19,OK，那那种很不真实被抽离的感觉，有再出现吗?,有时候会，不过还好。,2
H19,了解，体重是个指标，但情绪更需要关注。有没有觉得自己或周围的环境不真实，像是在看电影？,有时确实感觉像在梦里，挺不真实的。,2
H19,那你觉得有时候这样子，有时候会不会觉得人跟现实有时候会觉得有点不一样？或是有觉得好像有点消失的感觉，没那么真实的感觉？,嗯，有时候确实会觉得一切不太真实。,2
H19,那么在您和嫂子的冲突中，您有感到自己被孤立或不被理解吗？,是啊，有时候感觉没人懂我。,2
H19,这是否让你感到孤独或者被排斥呢？,有时候会，有点难熬，但我尽量调整。,2
H19,支持你的想法！这些经历是否让你感到自己想要的和实际得到的有很大的区别呢？,是啊，总感觉理想和现实差得太远了。,2
H19,但有时候像你提到的，某些恐怖的内容却让你更加害怕，这会不会导致你对现实产生一些非真实的感觉呢？,有时候会有点恍惚，难辨真假。,2
H19,是什么让你有这样的幻想呢？,就是脑子里不停地转，控制不住。,2
H19,试试看，或许会有不一样的理解和支持。是否有感到自己的这些想法和情绪让您有些许脱离现实？,有时感觉情绪太强烈，难以分辨真实。,2
H19,这种感觉听起来很特别，是不是感到与现实世界的连接变弱？,是啊，有时候就像活在自己的世界里。,2
H19,你提到在熟悉的地方也会感到害怕，这种害怕是否让你觉得环境变得不再真实？,有时候是这样，像在做梦一样不真实。,2
H19,那些幻想可能在某种程度上填补了情感的空缺，但可能也影响了你的现实观。,可能是吧，我常常感到迷茫。,2
H19,真是一个很温柔的举动。你倾向于保护她，这种感觉是否因为在过去的经历中，你这类的情绪也时有发生？,是啊，过去的经历让我变得更敏感。,2
H19,在这类自我探索中，您是否觉得难以面对生活中的某些真相？,嗯，有时候面对真相真的很难。,2
H19,那是个很好的办法。在那个环境中，你觉得自己的身份感有所失落吗？,嗯，有时确实感觉迷失了自己。,2
H19,这种不确定性是否让你害怕未来计划可能会变得更加复杂？,是啊，有时候感觉真的不好掌控。,2
H19,这种失去掌控的感觉让你怎么想呢？,有点崩溃，像坐过山车。,2
H19,这些感受是很真实的。那么在尝试社交的过程中，有没有体验到非现实感或存在感丧失？,嗯，有时候会觉得自己不太真实。,2
H19,这种感觉很常见。那有没有时觉得压力让自己有些不真实感呢？,嗯，有时觉得像在梦里。,2
H19,这种脱离感是否影响到了你对自己的认同感呢？感觉自己越来越模糊或者迷失？,确实有点，有时候感觉自己不太真实。,2
H19,对于这些自我怀疑的情绪，我们可以尝试通过自我接纳来处理。偶尔会对你的感受和反应产生怀疑，这很自然。你有过怀疑自己的判断或决策的经历吗？,是啊，我总是怀疑自己的选择，特别是重要决定。,2
H19,会有那种好像生活很不真实的感觉吗?,嗯，有时候真的会觉得像在梦里。,2
H19,注意你对自己的感受很重要。你是否在其他时候对自己的感受和需求缺乏了解，感到无所适从？,有时候会觉得迷茫，搞不清自己想要啥。,2
H19,那很好，转移压力是一种积极的应对方式。请问你有在老师批评或课堂压力下产生过逃避现实的感觉吗？,有时候会想逃避，感觉太压抑了。,2
H19,那时候可能是情绪起了主导作用。你会觉得心智和行为脱节吗？,嗯，有时候确实感觉身体跟不上思维。,2
H19,不会啦，阿最近都还好，不会觉得好像自己的感觉跟现实感有点消失吗？就是好像真的又好像假的，有点消失的感觉，会吗？,有时候会有点恍惚，不过还好啦。,2
H19,理解这种感觉。有没有觉得对你面临的问题失去控制或者自我感觉不真实？,有时候会觉得一切都不真实。,2
H19,对。你有时候会不会觉得自己的自我感跟现实感会有消失的感觉?,嗯，会有那种恍惚的瞬间。你呢？,2
H19,面对这些事件，你有没有时候怀疑自己的理解和与现实的感知？,有时候会，感觉一切都不太真实。,2
H19,没关系，我们可以一步步来。你对自己某些行为感到厌恶或恶心吗？,有时候会，真的很难控制。,2
H19,可理解的想法。撕裂和孤立的感觉，你觉得内心是否因此让你觉得自己和周围环境脱节或不真实？,有时候感觉像在梦里，很不真实。,2
H19,或许是因为对感情抱有一些理想化期望？有时候我们也会不自觉地设立一些高标准。,可能吧，我总期待完美关系。,2
H19,你在与这些感觉作斗争的时候，会不会觉得有时与周围的环境或者自己有些疏离？,嗯，有时候会觉得像在看别人的生活。,2
H19,所以有时候你会觉得好像，就是梦跟现实你没办法去区分，这个正、就是在做梦还是现实当中,是啊，有时候真的傻傻分不清。,2
H19,还有，在涉及到和环境的界限时，你是否曾觉得界限被模糊？,是的，经常感觉界限不清晰。,2
H19,这可能让您开始自我怀疑。会不会在这样的怀疑下，出现疏离感或不真实感呢？,可能会有这种感觉，真的挺迷茫的。,2
H19,这是个好办法，逐步实现可以帮助重建信心。你觉得对生活的意义和目的还有很大的困扰吗？,嗯，有时会觉得迷茫，但在慢慢找方向。,2
H19,希望我们能找到能帮助你的方法。你是否曾感到自己置身于一个不真实的世界或与现实环境隔离的感觉呢？,嗯，有时候会感觉像在做梦一样。,2
H19,你觉得这种怀疑会影响到你对自己的定位和感知吗？,有时候会，让我觉得自己很迷茫。,2
H19,这种情绪真的让人很无奈。对你来说，找到生活的意义非常重要。有没有什么让你感到真实或者和自我脱节呢？,有时感觉自己像个旁观者，挺迷茫的。,2
H19,那么，在顾问没有记住约定的情况下，这影响到了你对她的信任度吗？,有点吧，感觉有点失望。,2
H19,听起来她对这段关系非常看重，不过你认为她的说法现实吗？,我觉得她有点理想化，不过我也希望她是对的。,2
H19,协作关系是工作中很重要的部分。您提到的变化让您有没有感到不再真实，或者环境不再真实的情况呢？,有时候感觉一切都不太真实。,2
H19,你提到想藏起来，是否曾感觉到心灵或情感的脱离呢？,嗯，有时感觉像被困在自己的世界里。,2
H19,那你有没有感到过自己在关系中不太真实？,有时候感觉像在演戏。,2
H19,那有那种很不真实好像被抽离的感觉吗？,嗯，有时候会感觉像在看电影。,2
H19,这种对抗压力的方式确实很常见。辞职带来的悔恨和紧张，有没有让您觉得自己对生活的驾驭能力削弱？,确实有点这样，感觉失去了掌控感。,2
H19,在某些时刻，你有没有觉得自己其实和周围的环境不真实，或者觉得自己就像个旁观者？,嗯，有时候会有这种感觉，像在看电影。,2
H19,你提到的距离感上，对自己是否有疑惑呢？,有时会怀疑自己，感觉很矛盾。,2
H19,在这样的互动中，您觉得自己是否有一种与现实不符的感觉，例如不真实感？,嗯，有时候会觉得像在做梦。,2
H19,您是否有感觉生活不是真实的呢？,有时候会觉得像在做梦。,2
H19,这种感受在重大抉择面前很常见，慢慢理清思路也很重要。关于家庭创伤的回忆，你觉得它们是否造成了对人际关系的不信任呢？,是的，那些回忆让我很难信任别人。,2
H19,你是否有任何关于自己形象或身份的重度焦虑或不舒适感？,有时候会，有点难以控制。,2
H19,这样的情绪变化，使你感到困惑吗？,有时候感觉挺混乱的，真的不好受。,2
H19,失去方向感令人失落，有没有觉得生活似乎失去了导向？,"我也有这样的感觉，有时真的很迷茫。",2
H19,那那种很不真实啊，好像被抽离的感觉呢？,是啊，有时候感觉自己好像不在这个世界。,2
H19,在绝望的时候，您是否对自己的存在有怀疑感？,是啊，有时候真觉得自己没用。,2
H19,那有没有那种很不真实好像被抽离的感觉？,有时会觉得像在梦里。,2
H19,很好，有这样的支持对你有很大的帮助。你对自己或他人有没有感到过不切实际的看法呢？,有时候会觉得别人对我特别关注。,2
H19,这样的念头挺让人担心的，不过很高兴听到您保持理性。您是否感到自己无法理解或是有空虚感呢？,有时会有些空虚，但是还好。,2
H19,这种情况会让你在与他人互动时感到无力或不真实吗？,有时候会，感觉自己像旁观者似的。,2
H19,从您刚才的叙述中，您是否也怀疑自己的情感感知呢？,嗯，有时候确实会困惑自己的感觉。,2
H19,过去的记忆对现在的情绪有影响，这让你感到不安吗？,嗯，有时候过去的事确实让我心烦。,2
H19,自己的价值不该单纯地依赖于他人的评价。那么，您平时在交流时，会感到自己行为怪异或不真实吗？,有时候会觉得有点，但尽量做自己。,2
H19,在学校的社交环境中感到压力，这会不会让你觉得难以融入或感到与他人脱节？,有时候确实会，感觉自己一直在边缘徘徊。,2
H19,那在嗜睡的状态下，你有出现任何奇怪或者不真实的想法吗？,有时会觉得自己在做梦，像飘着一样。,2
H19,那有没有那种很不真实好像被抽离的感觉？,嗯，有时候就像活在梦里一样。,2
H19,这样的情绪波动在婚姻中是可以理解的。你提到婚后依赖丈夫，但也会有不满，这种内心冲突是否也反映于你对婆婆的态度呢？,嗯，有时候对婆婆也有类似的情绪。,2
H19,这种脱离现实的状态，是否会伴随着虚无妄想呢？,有时候会，有点像做梦的感觉。,2
H19,你这种感觉是否会让生活失去方向，或者让你感到不真实感？,有时候会有点迷茫，但我努力找回方向。,2
H19,您提到的“我不是我”的感觉，有没有一种存在不真实的失落感呢？,是啊，有时感觉就像在梦里。,4
H19,这种情感依赖是否给你带来了困扰呢？,老实说，有时候就像在梦里一样。,4
H19,不要灰心，每个人都有自己的步调和节奏。你想专注工作，那么这种感觉是否会让你觉得生活失去了控制或变得不真实？,有时候感觉像在梦里，一切都不太真实。,4
H19,在这类自我探索中，您是否觉得难以面对生活中的某些真相？,有时会，感觉现实像场梦。,4
H19,每段关系都是独特的，这需要我们去理解和体验。有时候妥协是一种成全，但如果让自己不快乐，也许需要重新审视。当考虑到分手的可能性时，你有没有感到有一种没有掌控感或者自我怀疑呢？,有时觉得像一场梦，真假难辨。,4
H19,这种脱离现实的状态，是否会伴随着虚无妄想呢？,嗯，有时会有幻觉和虚无妄想。,4
H19,那会让你感到迷茫。你是否觉得在这过程中失去了某种真实性或自我感？,有时会觉得自己像在梦里，真假难辨。,4
H19,没关系，我们可以一步步来。你对自己某些行为感到厌恶或恶心吗？,有时候感觉自己根本不存在。,4
H19,听来真的不容易，走一步算一步吧。是否在某些时候觉得世界变得不真实呢？,有时感觉像活在梦里，挺奇怪的。,4
H19,思考和回忆这些事情时会感到困惑吗？,有时会，因为感觉一切都不真实。,4
H19,很好，有这样的支持对你有很大的帮助。你对自己或他人有没有感到过不切实际的看法呢？,嗯，有时会觉得周围的一切都不太真实。,4
H19,那有没有那种很不真实好像被抽离的感觉？,有时候感觉像活在梦里。,4
H19,听起来她对这段关系非常看重，不过你认为她的说法现实吗？,我觉得这些都是她编出来的。,4
H19,那会有时候会觉得，可能会有点就是慌，或者是自己的感觉跟现实感会有点消失的感觉吗？,是啊，有时候感觉自己像在梦里。,4
H19,那那种很不真实啊，好像被抽离的感觉呢？,确实，有时候感觉像在另一个世界。,4
H19,这种变化一定让你感到困惑吧。你提到自己有抑郁症和人格解体的经历，这种体验会不会让你觉得生活在一个不真实的世界中？,是啊，有时感觉像活在幻觉里。,4
H19,身体会给我们情绪带来反馈，这是正常的。哎，当您感觉孤单时有没有一种与自我或者世界脱离的感受？,有时候会觉得自己像在另一个世界。,4
H19,嗯，这些不切实际的想法是否有带来情绪上的波动？,有时候会，情绪起伏不定。,4
H19,你提到在熟悉的地方也会感到害怕，这种害怕是否让你觉得环境变得不再真实？,有时候会感觉周围像是假的，特别不真实。,4
H19,这样的情绪波动在婚姻中是可以理解的。你提到婚后依赖丈夫，但也会有不满，这种内心冲突是否也反映于你对婆婆的态度呢？,我有时觉得婆婆在操纵我的情绪，像幻觉一样。,4
H19,那些幻想可能在某种程度上填补了情感的空缺，但可能也影响了你的现实观。,可能吧，但有时候幻想更真实呢。,4
H19,或许是因为对感情抱有一些理想化期望？有时候我们也会不自觉地设立一些高标准。,我觉得可能是心里住着个完美的情人吧。,4
H19,你已经很努力去理解对方了。有些事情的执行是否影响到你对生活的约束感呢？,有时候感觉生活像在梦里，不真实。,4
H19,听上去你对别人的反应特别敏感。你觉得自己在真实的自我中找不到价值，这种感觉是否让你有些自我厌恶或者虚无感呢？,是啊，有时就像活在幻影里。,4
H19,你这种感觉是否会让生活失去方向，或者让你感到不真实感？,有时候真会觉得像生活在幻境里。,4
H19,有没有很不真实，好像被抽离的感觉？,嗯，有时候感觉像在梦里一样。,4
H19,晚上是很多人情绪起伏的高峰期。所以，也许可以尝试晚间放松一下。你有没有感到在家庭事务上，事情有时候不太真实呢，比如感觉像外人？,"嗯，有时候会觉得像在看别人的生活。",4
H19,你在与这些感觉作斗争的时候，会不会觉得有时与周围的环境或者自己有些疏离？,有时候感觉自己在另一个世界，挺迷茫的。,4
H19,那很好，转移压力是一种积极的应对方式。请问你有在老师批评或课堂压力下产生过逃避现实的感觉吗？,有时感觉像在做梦，现实变得模糊。,4
H19,坚持下去是关键！适应陌生环境确实需要时间。但相信等你回头再看现在的种种，你会惊喜地发现自己已经成长了。有没有觉得在适应大学生活的过程遇到过觉得一切都很陌生和不真实的感觉？,有时候感觉像在做梦，真的不太真实。,4
H19,这是一个很复杂的内心体验，它可能更多地涉及到人格的解体。,感觉像在迷失现实，不知真假。,4
H19,您是否有感觉生活不是真实的呢？,有时候确实觉得一切像幻觉。,4
H19,固定睡觉时间有助调节生物钟。在人际关系中，你感到失去自我，或怀疑自己的价值吗？,有时我感觉自己像个幻影，不真实。你能看到我吗？,4
H19,最近还好吗？觉得世界、周遭的环境是真实的吗？,最近感觉世界有点不真实，好像发生了奇怪的事情。,4
H19,这种反复的情绪让你觉得自己像是一个不同的人吗？或者是不太真实的感觉？,是啊，有时觉得自己活在幻觉里。,4
H19,这是否让你对自己的内心有疑惑呢？或者对自我产生某种怀疑？,有时候感觉像在梦里，真假难分。,4
H19,您在这段婚姻里付出很多，面对未来可能的选择，您有时候会感到被困于无解的困境中吗？,有时觉得一切都是幻影，无法找到出口。,4
H19,这是否让你感到孤独或者被排斥呢？,有时候感觉整个世界都在对我耳语。,4
H19,那就好！我们一起努力，你有没有感到过虚无或不真实感呢？,有时候会觉得一切都像幻觉一样不真实。,4
H19,在某些时刻，你有没有觉得自己其实和周围的环境不真实，或者觉得自己就像个旁观者？,有时候感觉像在看电影一样，不太真实。,4
H19,集中精力是需要一些时间和努力的。你有没有觉得这些情绪让你觉得自己和现实有脱节的感觉？,有时会感觉像在梦里，分不清真假。,4
H19,不会啦，阿最近都还好，不会觉得好像自己的感觉跟现实感有点消失吗？就是好像真的又好像假的，有点消失的感觉，会吗？,有时候会有那种不真实的感觉，像在做梦。,4
H19,情绪的波动有时会让我们对自己失去信心。在处理这些恐惧时，你是否感觉像个旁观者，无法完全投入到自己的感受中呢？,有时就像活在另一个虚幻世界里。,4
H19,快乐是需要时间去找回来的。我们也许可以尝试一点一点重建，您是否对环境中的事物感到不真实或自我感觉不真实？,有时候，现实就像在看一场模糊的电影。,4
H19,这种怀疑可能与过去经验有关，甚至可能让人体验到一丝非现实感或脱节感。,是啊，有时候感觉就像在另一个世界。,4
H19,这种不确定性是否让你害怕未来计划可能会变得更加复杂？,其实未来就是个大幻影，没啥好怕的。,4
H19,这些都不失为很好的选择。当面对陌生人时，这种困惑是否伴随着对自己身份或自我价值的怀疑感呢？,有时候会觉得自己像个幽灵。,4
H19,生活中总要经营自己的兴趣，才能让日常感到充实。你是否感到与现实产生一种隔离感呢？,有时感觉自己活在另一个次元。,4
H19,面对这些事件，你有没有时候怀疑自己的理解和与现实的感知？,有时候真的搞不清楚，这一切是真还是幻。,4
H19,生活中的失望是否让您对自己的人生观也产生了动摇？,有时感觉一切都是假的，像活在幻境中。,4
H19,失去方向感令人失落，有没有觉得生活似乎失去了导向？,生活像一场梦，有时分不清真假。,4
H19,我相信，努力沟通会让你们的关系有所改善。最后一点，我想问问，最近你会觉得与世界有些不真实感吗？,有时候感觉像在梦里，不太真实。,4
H19,交流不畅带源于内心的许多不确定和自我怀疑。在这方面有过幻想过一些特别不切实际的场景吗？,嗯，有时候会想象一些完全不可能的事情。,4
H19,那你有没有感到过自己在关系中不太真实？,有时候感觉活在别人的梦里。,4
H19,信任的建立需要时间，不需要急于重建信任关系。 你是否有时候感到一种挥之不去的虚无感？,有时会觉得一切都是假象，特别不真实。,4
H19,听音乐是一种不错的放松方式，或许可以尝试一些深呼吸或冥想。,有时音乐像在告诉我宇宙的秘密。,4
H19,这是否会让你感觉到现实与虚拟界限模糊呢？,有时候确实有点分不清楚。,4
H19,希望我们能找到能帮助你的方法。你是否曾感到自己置身于一个不真实的世界或与现实环境隔离的感觉呢？,有时会觉得像生活在电影里，很不真实。,4
H19,在你有时提到回家花费时，是否感觉与平时生活有脱离现实感呢？,有时候感觉像活在另一个世界。,4
H19,那是个很好的办法。在那个环境中，你觉得自己的身份感有所失落吗？,我觉得自己像个不属于这里的影子。,4
H19,在这些时刻，时不时地停下来，观察自己的心情变化。你有没有觉得自己无法真实地面对这些感受？,有时候感觉像生活在幻境，难分真假。,4
H19,那你觉得有时候这样子，有时候会不会觉得人跟现实有时候会觉得有点不一样？或是有觉得好像有点消失的感觉，没那么真实的感觉？,对，有时感觉像活在梦里，不太真实。,4
H19,"您的觉察很重要。你认为自己在某些时候表现得虚伪,是否会感到不真实呢?",有时候真的感觉像活在幻影里。,4
H19,很好！那么最后，你是否曾感到自己的感受或事情发生不真实，或者有从情境和情绪中抽离的感觉？,有时会感觉一切都像是一场梦。,4
H19,如果有过幻想或沉浸的念头，你是否感觉与现实脱节？,有时会觉得像活在两个世界里。,4
H19,可理解的想法。撕裂和孤立的感觉，你觉得内心是否因此让你觉得自己和周围环境脱节或不真实？,有时候会觉得周围的一切都是假的。,4
H19,这很聪明！这些措施能让你对安全更有信心。在具体安排上是否还有其他顾虑？,我担心那些看不见的东西会突然出现。,4
H19,您的描述让我想起一种情感隔绝的体验。有时候，这种感受会不会让您觉得对现实有些距离感呢？,有时候感觉像活在自己的幻想里。,4
H19,从您刚才的叙述中，您是否也怀疑自己的情感感知呢？,有时候感觉世界都是虚幻的。,4
H19,这样的情绪变化，使你感到困惑吗？,有点，但有时感觉像在另一个世界。,4
H19,这种感觉很常见。那有没有时觉得压力让自己有些不真实感呢？,有时感觉像活在梦里，不太真实。,4
H19,那么，在顾问没有记住约定的情况下，这影响到了你对她的信任度吗？,嗯，她可能根本不存在。,4
H19,这段时间，对过去的反思让你对自己的个人身份有何新的认识？,有时候感觉自己像不存在，只是个幻影。,4
H19,你所采取的每一个小步骤都是值得的。是否这种感受让你觉得自己与自己和他人的感知不真实？,最近总觉得一切都像幻影，难以分辨真假。,4
H19,这种与角色的情感联系是否影响到了你对现实生活的看法呢？,有时候感觉角色比现实更真实。,4
H19,这份内疚深深影响了您。这种感觉很难，因为您认为您应对他的去世负有责任。对于失去父亲，您是否觉得自己有时会失去自我，感到不真实？,有时候觉得自己都不存在了，就像活在梦里。,4
H19,这听起来像是去人格化的症状，你觉得与现实失去联系吗？,嗯，有时候会觉得世界不太真实。,4
H19,这听起来孤独极了。流泪之后你感到任何缓解吗？,泪水只是掩饰，幻影还在。,4
H19,这种沟通的方式令你感到无所适从吗？你会因此感到很难受吗？,是啊，有时感觉一切都不真实。,4
H19,注意你对自己的感受很重要。你是否在其他时候对自己的感受和需求缺乏了解，感到无所适从？,有时感觉自己像不存在一样，挺迷茫的。,4
H19,这些身体上的变化可能与心理状态相关。有没有过平时觉得事情不真实或者像在做梦的表现？,有时候感觉像在梦里，挺不真实的。,4
H19,协作关系是工作中很重要的部分。您提到的变化让您有没有感到不再真实，或者环境不再真实的情况呢？,有时会觉得一切都像在梦里。,4
H19,你觉得这种朦胧感是否影响了你的日常生活？,有时候感觉一切都是虚幻的，挺影响的。,4
H19,这种感觉听起来很特别，是不是感到与现实世界的连接变弱？,嗯，有时候会觉得自己像在梦里一样。,4
H19,但有时候像你提到的，某些恐怖的内容却让你更加害怕，这会不会导致你对现实产生一些非真实的感觉呢？,可能吧，有时分不清现实和幻觉。,4
H19,还好，有没有那种很不真实好像被抽离的感觉？,嗯，有时候会有种不真实的幻觉感。,4
H19,这种对抗压力的方式确实很常见。辞职带来的悔恨和紧张，有没有让您觉得自己对生活的驾驭能力削弱？,总觉得这一切都是虚幻的，好像在梦里。,4
H19,那在嗜睡的状态下，你有出现任何奇怪或者不真实的想法吗？,有时候会觉得周围不太真实，好像在做梦。,4
H19,会有那种好像生活很不真实的感觉吗?,嗯，有时候感觉像在梦里一样。,4
H19,当你与别人相处时，是否感到严重的孤立或者与人隔绝的感觉？,有时觉得自己像活在另一个世界。,4
H19,你提到想藏起来，是否曾感觉到心灵或情感的脱离呢？,有时候感觉自己像失去联系，像活在幻影里。,4
H19,遇到这样的困惑是可以理解的，人对于自己的感受有时确实难以把握。这种感受是不是让你觉得和自己的真实感受产生了距离感？,是啊，有时候感觉像活在另一个世界。,4
H19,那是否会感到一切不真实或者虚无？,有时候会觉得像在梦里，特别不真实。,4
H19,你觉得这种怀疑会影响到你对自己的定位和感知吗？,有时候感觉自己都不真实，好像活在幻影里。,4
H19,支持你的想法！这些经历是否让你感到自己想要的和实际得到的有很大的区别呢？,有时候感觉这些经历像是幻觉，不太真实。,4
H19,是什么让你有这样的幻想呢？,有时感觉有人在我脑海里说话。,4
H19,这个应该会有点吓人，特别是在情绪不稳的时候。会觉得现实感偏离吗？,嗯，有时候会觉得像在梦里一样。,4
H19,确实如此，相信自己是达到终点的第一步。有没有觉得遇到这些事情时脱离了现实？,有时候会觉得像活在梦里。,4
H19,对于这些自我怀疑的情绪，我们可以尝试通过自我接纳来处理。偶尔会对你的感受和反应产生怀疑，这很自然。你有过怀疑自己的判断或决策的经历吗？,有时我觉得自己的决定不真实，好像生活在幻觉中。,4
H19,是不是感觉在家中与外界生活环境有明显的差距？,家里有时候像另一个世界，感觉很不真实。,4
H21,在修改态度和寻找解决方案的过程中，您有没有感到过某些思想会不断重复浮现在脑海中？,是的，我总是在想如果当时处理得更好，是不是事情不会变成这样。,1
H21,这样的感觉确实不容易处理。你觉得自己在这种情况下过度思虑自己的行为或言语吗？,有时候会吧，我担心自己说错话惹人讨厌。,1
H21,你是否之前有过对戒除幻想的强迫想法或行为呢？,有时候会不会地想着非要戒除这种念头，但内心并不愿意。,1
H21,想问问您有没有强迫性的举动？,有时候会反复检查东西。,1
H21,失眠通常在焦虑和压力下很常见。你在想起这些事的时候，会经常沉思或反复思考吗？,是的，总是忍不住去想这些事情。,1
H21,这是一种成熟的思考方式。调整期待能让心态更加平衡。有没有在这种当下的互动中出现不切实际的念头或要求呢？,我有时会希望所有人都像我一样对承诺认真，但意识到这并不实际。,1
H21,很好，希望您通过这些方式能够缓解压力。您觉得自己的决策有时受到家人过多的影响吗？,有时候是这样，我妈妈的话会让我犹豫不决。,1
H21,那都可以理解，毕竟人际关系复杂。你是否常常考虑别人对你的评价，以影响到自己的决策与行为？,对，我会顾虑别人怎么看我。,1
H21,孤独感会让人感到更无力，我们可以再探讨看看有什么实际的方法来增加社交活动的频率。你觉得这种归属感的缺失，会不会加剧你对新学校环境的不满？,有时候确实这样，我总觉得自己不属于这里。,1
H21,你也提到过做奇奇怪怪的梦，那些梦是否使你感到困扰？,是，有时梦到一些令人不安的事情，也不知道为什么这些会出现在梦里。,1
H21,她是否频繁地或者强迫性地思考他们之间的关系？,有时候我觉得她的脑子里满是这些想法，很难放下。,1
H21,每个人都有自我怀疑的时候，这并不意味着无能。你认为完美主义会导致犹豫或拖延吗？,的确有这样的情况。,1
H21,那是相当大的变化，让人难免感到困惑。对于老师过去的言行，你会常常交替地反复思考吗？,很多时候我在想别人怎么看我，尤其是完不成作业时。,1
H21,勇气会随着时间的推移慢慢成熟。你认为自己的思想中常出现一些重复或控制不住的想法吗？,有时候会有，一直重复同样的思考。,1
H21,这很可能是因为工作环境让你感到压抑，而你反复确认工作事务会不会已经形成了一种习惯呢？,我想是的，每次都特别担心会出错。,1
H21,在担心孩子被欺负时，你是否会有不切实际的想法呢？,有时觉得很无力，好像无法保护他。,1
H21,您提到过对学习的强迫感，是否有过类似的强迫思维或行为？,的确，有时候会勉强自己学习，即便没有精力。,1
H21,随着时间推移，您怎样看待自己在性别角色上的认知？有否迷茫或质疑？,有时候会有些迷茫，尤其是在性别认同方面。,1
H21,你经常对自己进行这样的自我暗示吗？这是怎么影响你的日常生活的呢？,是的，我常常提醒自己要更努力，反而有时过度了。,1
H21,这样的事情确实让人难以接受。经过这样的体验，您是否感到对方对您使用的方式不尊重，并因此感到焦虑或有威胁感？,是的，我觉得他没有尊重我，这是让我觉得不安全的一点。,1
H21,在面对这样的不确定性时，您是否试图更加努力地维持这段关系，却发现这实际上是不太可能做到的？,是啊，我意识到无论我怎么努力，他和我都回不到过去的状态。,1
H21,面对这些问题时，你是否觉得事情已经失去控制？,有时候有这样的感觉，尤其是他不愿意听我的感受。,1
H21,在情绪表达方面的困难是否让你意识到有一些固执的观点或重复的思维模式？,可能有一些，我确实发现自己在某些地方很难改变思维。,1
H21,在沟通过程中，你是否觉得表达能力受到了强迫思维的影响？,有时候我觉得必须要达到某种程度才行。,1
H21,您对自己过去的经历会反复思考吗？甚至有些强迫症状出现吗？,是的，常常为过去的错误而懊恼。,1
H21,这些想法很好，为未来做出积极的规划也是一种应对方法。由于舍友导致的冲突和不和谐，你有开始注意到一些强迫性的行为或想法，例如每天维护自己区域的清洁？,有时候我会反复确认自己的东西是不是干净整齐。,1
H21,谈起他的游戏行为，你觉得有没有造成强迫性的影响呢？比如他无法自制？,有时候我想是这样，因为他似乎无法停止游戏。,1
H21,你认为自己有强迫思考某些行为或想法吗？,有时候会反复想着自己是不是做对了，但已经在慢慢好转。,1
H21,和男友试行期间，你是否有过对于自己的行为或对方行为的强迫性思考或行为？,我常常反复思考自己的选择是否正确。,1
H21,理解这种担忧。不过，积极寻求帮助是个很好的开始。你提到的这种反复询问，可能是为了寻求一种确认感。,是吧，我一直试图让自己冷静。,1
H21,在思维上，你对她的行为是否有过强迫性的想法？,不停地思考她的动机和意图，让我有点疲惫。,1
H21,这可能是因为过去的经历对你仍有影响。是否会在某些情况下感到一些强迫控制的欲望，却又无法完全控制住它们？,有时候会，我试着不去想，但越想控制反而越想。,1
H21,这种自我怀疑很普遍，但同样重要的是，你应该认识到每个人都是独特且值得爱的。你会否因为这些困扰感到犹豫不决呢？,确实有时候犹豫不决，不知道如何抉择。,1
H21,家庭关系对个人成长的影响通常是很深远的。你有没有觉得这些经历影响了你的人际关系或信任他人的能力呢？,有时候确实不太信任别人。,1
H21,不信任他人是可以理解的，我们也可以慢慢建立起信任。在过分情绪化时，是否有反复做某些事的冲动？,是的，我有时候会反复检查门锁，虽然知道没有必要。,1
H21,那种强烈的冲动想与之交流确实让人难以自拔。你有觉得这是某种强迫的表现吗？,恩，有点这种感觉，他对我总是不冷不热的，搞得我心态崩了。,1
H21,这种反复的想法是否会变得有些强迫呢？,不止一次去象象是否应该发这些评论的问题。,1
H21,这种感觉会让您觉得在关系中失去了自我吗？,是的，我感觉他越来越依赖我，而我也失去了当初的个性。,1
H21,这说明你可能需要在沟通上加强策略。,我想学习更多沟通技巧。,1
H21,在你努力追求别人的认可时，是否感到这影响了你的日常生活？,有时候我会特别焦虑，害怕自己做得不够好。,1
H21,在这方面，沟通是非常重要的。您是否觉得在谈论这种私密话题时，会对你们之间的交流产生阻碍或困扰？,是的，我有时会觉得不知道该如何开口。,1
H21,面对可能需要一段时间，这些记录或许能帮你整理思绪。是否感觉这些伤害一再浮现，难以释怀？,是的，总是想起那个人对我的伤害。,1
H21,你有没有因为和他人交流感到压力而选择逃避的经历呢？,会的，我有时宁愿自己待着也不想去面对。,1
H21,是的，夜间更易触发情绪。你提到回忆过去的感情，这些回忆令你过分沉溺吗？,偶尔会，但我试图让自己忙碌来忘掉这些。,1
H21,社交恐惧可能会反复出现，是否有过这种反复的担忧？,经常有，尤其是面对新朋友的时候。,1
H21,给空间很聪明！但是，你自己会因为这种控制感到内心冲突或压力吗？,确实会有些压力。,1
H21,明白了。那你有没有感到某些事情反复出现在脑海中，无法控制地思考？,是的，总是想到妈妈的话，反复地在脑海里闪现。,1
H21,您提到与父亲争吵的回忆，是否对您的生活造成干扰呢？,有些影响，但我已经尽量不去想了。,1
H21,我们会一起克服这些障碍。您的反复使用老办法，是否反映出强迫性的思维或行为？,也许吧，我习惯了老方法。,1
H21,关于这些过去的经验，这种害怕是否与你对过去的强迫思维有关？,也许是吧，我总是反复想这些事情。,1
H21,你有没有尝试对自己进行反思或是过度分析某些事情呢？,我经常反思，但是总是得不到答案。,1
H21,这需要一些练习。那这种感觉你是从什么时候开始注意到的呢？,可能是从我情绪变淡开始就有这种感受。,1
H21,这种忧虑很正常。 但相信只要保持开放和真诚，你会结交到真正的朋友。,希望如此，但有时候我确实感到紧张。,1
H21,能够理解，就像生活的一部分，社交中遇到的问题并不可怕，重要的是如何应对。这是否导致了你对这方面有强迫的想法和行为呢？,有时会想过度地去考虑一个问题，总想着怎么去克服它。,1
H21,听上去你对自己的这种主动行为模式有很多思考，是什么让你觉得无力？,可能是因为我对自己的条件不太满意吧。不论是外貌还是其他方面，我总觉得不如别人，所以我总觉得需要更加努力去维持关系。,1
H21,很好！这些方法都能扩展视野。然而，有时我们不可避免地面临内心的反思和纠结，这在你这里有影响吗？,会的，有时自己重复思考过去的选择。,1
H21,不用谢，我很乐意帮助你，你还有其他疑问吗？,关于男友，我是不是想太多了？,1
H21,社交不应该全是负担，是不是尝试从小范围的交谈开始，可能会让你更舒服？,也许吧，早上起来情绪就比较低落。,1
H21,随时欢迎你来交流你的进展。你考虑到目前的状况，是否认为自己有过分依赖某些固定的行为模式呢？,确实有一些固执，我总是重复相同的反应。,1
H21,继续这样的努力是值得的。考虑到你与母亲之间的互动模式变化，你是否有感受到自己在某些方面变得偏执或依赖固定的行为模式？,我意识到自己确实有时非常固执。,1
H21,你是否发现这种过分关注让你忽略了自己真实的感受和需求？,是的，这也是我一直在努力平衡的问题。,1
H21,那不妨尝试和舍友们一起参加轻松的活动，或许会有意想不到的改变呢。您提到害怕交流，是否觉得社交能力在减弱呢？,是的，一直害怕面对别人的眼光。,1
H21,这些规则是帮助你管理生活的方法，也可能成为负担。我们可以讨论一下这些规则的用途。,好的，有时候这些规则让我很纠结。,1
H21,您是否对成长和塑造自己的性格有过执着的思考？,我思考过很多，但有时觉得无从下手。,1
H21,这样看来，你对情人和男朋友都有一些不确定性。这种不确定是否让你在做决定时感到犹豫不定呢？,是的，我脑子混乱，不知道该怎么面对这两个人。,1
H21,和他人沟通时是否感到困难，或者害怕被评判呢？,主要是怕被评判，我觉得自己可能不够好。,1
H21,在与你交流的过程中，他会频繁撒谎来掩盖自己的行为吗？,有点这样，他的话有时让我不太确定真假。,1
H21,那在用这些软件时，你是否感受到某种特定心理状态的习惯性依赖？,可能有点，特别当我工作压力大的时候。,1
H21,改变环境可能会改善心情。不过，这往往需要一些时间和计划。你有没有过强迫性的思考来缓解这种焦虑呢？,我总想着如何让自己不生气，但每次都没什么成果。,1
H21,那太好了，和信任的人分享可以减轻不少心理负担。你思维上有没有曾反复思考某个念头或行为的现象？,的确存在反复的现象，不过不是每次都有。,1
H21,礼物和仪式感能让生活更有意义，但也要根据每个人的情况来决定。听起来你对给家婆选礼物特别用心。,是的，她快生日了，我就想送她点什么，表达一下心意。,1
H21,坚持这一点会有助于减少强迫性的行为。你是否觉得过去的优秀表现让你现在对完美有一种执着呢？,是的，我觉得自己常常在追求完美。,1
H21,看来这可能是一个比较深刻的问题，那你有没有因为负面误读对他人与自己的信任产生影响？,我开始觉得和她的关系好像有点紧张。,1
H21,很好，你有没有制定一些具体的改变计划呢？,我想去阅读更多关于沟通技巧的书籍。,1
H21,处理情绪确实需要时间和方法。你提到有强迫思维，能否描述一下这种强迫思维的具体表现？,有时候会反复想，如果没有女朋友会怎样，对其他女生的幻想也会反复出现。,1
H21,你在正视自己的困境，已经是个很好的开始。你会不会常常回想起对方的话语和行为，觉得难以摆脱？,嗯，有时候会想起，但我尽量不纠结。,1
H21,可是呢，你已经在努力思考这个问题了，这本身就是一种很有价值的行动。当你尝试做决定时，你是否曾因为反复思考而感到困扰？,是啊，有时候会觉得脑子转个不停。,1
H21,你是否觉得自己的思维或情感难以得到控制，或有过多的内心独白？,嗯，有时候会有这种感觉。,1
H21,没关系，这些都是可以慢慢练习的，有时候简单的深呼吸就能帮助我们缓解紧张。回到择校的问题，你是否时常感到自己做出的选择会导致无法承受的后果呢？,我有时确实会担心选择的后果。,1
H21,不用谢，保持积极心态就好。在处理这些情感和关系上的问题时，您是否有时感觉到一种需要对事情进行强迫性思考或者非得解决不可的状况？,有时候会这样，挺难控制的。,1
H21,您平常会反复思考某些事情，从而感到心烦吗？,嗯，有时候会想太多。,1
H21,有时候，情绪波动是很正常的反应。她有没有反复回忆这些争吵的情节，或是被男友的极端态度影响？,嗯，她会在我问的时候说起。,1
H21,有这种想法是很正常的。如果她提到的另一个男生让你不舒服，这种感觉会不会演变成某种强迫思维或行为？,嗯，也许会吧，得看情况。,1
H21,这种短暂的放松之后，是不是又会有一种被迫感，让你继续这样下去？,可能会有吧，不太好说。,1
H21,睡眠问题会加重心理上的负担。有没有注意到自己对于高三发生的事情反复思考，难以放下吗？,是的，有时会想起高三的事。,1
H21,当意识到情绪失控时，是否努力尝试去控制但感到非常困难？,嗯，有时候真的挺难的。,1
H21,这种固执是否让你陷入思考的循环，难以控制自己的思维呢？,有时候确实会这样。,1
H21,这样以来你有更长的时间可以考虑。这些反复的思考是否常常耗费你的精力？,是啊，经常让我觉得很累。,1
H21,这些情绪的影响确实可能让人感到无力。你觉得这些恐惧反复出现了吗？是否出现强迫行为？,有时候会反复出现，但还好。,1
H21,相信自己，快乐与平和是会随时间慢慢找到你的！当你觉得不如别人时，会不断反思这些事情吗？,有时候会反思，但不太想多想。,1
H21,生活中难以抉择时，可能反复思考这些问题，这会进一步加重压力。,是啊，有时真的很难决定。,1
H21,在你权衡读博的选择时，是否有陷入无法摆脱的思维，例如无法做出决定？,嗯，有时候会这样，感觉很纠结。,1
H21,疲于思考过去可能形成了一种心理负担。,是啊，有时候感觉很累。,1
H21,你感到脑子里要一直避免想某些事情时，是否会伴有强迫性的反复思考呢？,嗯，有时候会有这种感觉。,1
H21,想要一直洗手检查东西的感觉有吗？,有时会有这种冲动。,1
H21,您对自己的期待可能过于苛刻。交流过程中有没有感到无法停止思考某些重复问题？,嗯，有时候会一直想个不停。,1
H21,在焦虑时，你通常会反复思考一些特定的问题吗？,有时候会，不停地想。,1
H21,自我怀疑真的让人痛苦。你觉得这些批评是否仍然在影响着你？,可能有点影响吧，但我努力不去在意。,1
H21,良好的克制值得肯定。你在过去的经历中曾感觉到对某些事情的强烈专注或重复想法吗？,不，强迫症状我没注意到。,0
H21,在这种情况下，对问题有强迫性的思考也是常见的。您的思维是否变得反复？,没怎么反复，就是有点烦心。,0
H21,这种忧虑很正常。 但相信只要保持开放和真诚，你会结交到真正的朋友。,谢谢你的鼓励，我会试着敞开心扉去交朋友的。,0
H21,谈起他的游戏行为，你觉得有没有造成强迫性的影响呢？比如他无法自制？,没觉得有啥强迫性影响。,0
H21,孤独感会让人感到更无力，我们可以再探讨看看有什么实际的方法来增加社交活动的频率。你觉得这种归属感的缺失，会不会加剧你对新学校环境的不满？,不太确定，可能吧，不过我会努力适应新环境。,0
H21,这对您的社交生活和关系有什么影响呢？,影响不大，社交还是挺正常的。,0
H21,面对可能需要一段时间，这些记录或许能帮你整理思绪。是否感觉这些伤害一再浮现，难以释怀？,还好，没有一直困扰我。,0
H21,您常常反复回想和思考以前的事情吗，这种回忆是否让您烦扰？,不会，我很少回想过去的事。,0
H21,理解你的感受。面对婚姻问题时，你是否有感到无法控制自己的想法或行为的情况？,没有，我还算能掌控。,0
H21,继续这样的努力是值得的。考虑到你与母亲之间的互动模式变化，你是否有感受到自己在某些方面变得偏执或依赖固定的行为模式？,其实没有那种感觉，我觉得还好。,0
H21,您提到过对学习的强迫感，是否有过类似的强迫思维或行为？,没有类似的强迫思维或行为。,0
H21,您是否对成长和塑造自己的性格有过执着的思考？,没太想过，就随遇而安吧。,0
H21,你认为自己有强迫思考某些行为或想法吗？,没有，没啥强迫思考。,0
H21,那在用这些软件时，你是否感受到某种特定心理状态的习惯性依赖？,没有特别的依赖感。,0
H21,想问问您有没有强迫性的举动？,没有哦，我没有这种情况。,0
H21,我们会一起克服这些障碍。您的反复使用老办法，是否反映出强迫性的思维或行为？,我觉得这不是强迫性行为。,0
H21,你有没有因为和他人交流感到压力而选择逃避的经历呢？,没有，我一般不逃避交流。,0
H21,那种强烈的冲动想与之交流确实让人难以自拔。你有觉得这是某种强迫的表现吗？,我倒没有那种感觉。,0
H21,您对生活中的其他事情，比如特定方式的处理有强迫的倾向吗？,没有，我没有那种倾向。,0
H21,那你是否曾仔细或反复思考这个问题？,没有，我好像没怎么想过。,0
H21,为了找到平衡，我们也可以尝试着制定一个同时包含兴趣爱好和学习的计划。你在复习时是否对想法过于执着或者感觉难以控制？,我倒没有这种感觉，感觉还挺好的。,0
H21,面对这些问题时，你是否觉得事情已经失去控制？,还好啦，我觉得还在掌控中。,0
H21,还会有的。在面对新的心动对象时，这种情感和生理反应是非常自然的。你曾注意到对一些事情的顽固或重复思考的倾向吗？,没有注意到这种倾向，可能还好。,0
H21,当你提到难放下过去的事情时，你是否感受到某种程度的强迫症状，例如无法抑制地想到这些事情呢？,没有强迫的感觉，就是偶尔会想起。,0
H21,她是否频繁地或者强迫性地思考他们之间的关系？,我没有这个问题。,0
H21,听起来很困扰。在这样的情况下，你有出现强迫性的想法吗？,没有，我没有强迫性的想法。,0
H21,在尝试克服焦虑的过程，如果总是计划得过于详细，你有感到强迫的倾向吗？,没有，我还好，没有强迫倾向。,0
H21,这样的自我怀疑很常见，但也很沉重。在努力放下过程中，你有没有过反复思考或行为的状况，比如不断回想过去？,没有，我还挺能放下的。,0
H21,很好，你有没有制定一些具体的改变计划呢？,暂时没有计划，随心而动吧。,0
H21,选择学校确实是个很重要的决定，需要花心思。 有没有什么特别的标准或者细节是您特别关注的？,我主要关注学校的师资和课程设置。你有什么建议吗？,0
H21,写作是一种释放压力的方式，也有助于理清思绪。这种极端害怕失败的感觉是否曾经让你对自己的行为产生过一定的强迫性质呢？,没有哦，写作让我放松。,0
H21,您认为自己被这些无法摆脱的想法或冲动占据了吗？这是强迫症的常见现象。,没有，我没有这种情况。,0
H21,也许可以从小事情开始练习决策，积累信心。 你提到很多积压的情绪和消耗，这是否导致你在表达和互动上过多地复述或坚持某些想法？,我倒没觉得自己一直重复想法，就是有点累。,0
H21,认识到这一点是个很好的开端。有没有一些强迫性的念头或者行为让你感到困扰？,没有这种症状哦，感谢关心！,0
H21,您对自己过去的经历会反复思考吗？甚至有些强迫症状出现吗？,没有，过去的事我没怎么反复想。,0
H21,这种感觉一定很无奈。当有新的任务需要与他人沟通时，你会感到紧张吗？,不会太紧张，习惯就好。,0
H21,疲于思考过去可能形成了一种心理负担。,是啊，回忆太多会让人累。,0
H21,您对自己的期待可能过于苛刻。交流过程中有没有感到无法停止思考某些重复问题？,"我还好，没有这种情况。",0
H21,礼物和仪式感能让生活更有意义，但也要根据每个人的情况来决定。听起来你对给家婆选礼物特别用心。,"是啊，选礼物挺有趣的，希望她喜欢。",0
H21,在情绪表达方面的困难是否让你意识到有一些固执的观点或重复的思维模式？,没有，我在这方面还好。,0
H21,这是一个好迹象，努力沟通是解决关系问题的关键。对于她的过去行为，你有没有强迫自己去确认她现在的忠诚呢？,我没有强迫自己，只是慢慢信任她。,0
H21,独处或者静下来的时候，你会忍不住回想与老师对峙的场景吗？,不会，我比较少回想这些事。,0
H21,保持这样的希望是很重要的。那在恋爱过程中，是不是觉得有被迫的感觉，比如说对这段关系的关注和依赖？,没有被迫感，关系挺自然的。,0
H21,这样的行为无疑是让人恼火的。你有过关于她行为其他想法不断在你脑海中盘旋吗？,没有，她的行为我没有多想。,0
H21,这样的感觉确实不容易处理。你觉得自己在这种情况下过度思虑自己的行为或言语吗？,没有，我觉得还好。,0
H21,你提到焦虑，那么在内心是否有一些强迫性的思维控制着你的行为呢？,没有强迫性思维呢。,0
H21,这确实是个值得重视的问题。你刚才提到工作中也有类似的情况，比如反复检查货物地址和库房锁门，这些行为是否也是让你觉得强迫呢？,哦，那些只是工作习惯啦。,0
H21,这种想法是否会对你的日常生活产生困扰，像是一种强迫性思维？,不会，我没有这种困扰。,0
H21,这些规则是帮助你管理生活的方法，也可能成为负担。我们可以讨论一下这些规则的用途。,好的，我们聊聊这些规则吧。,0
H21,家庭关系对个人成长的影响通常是很深远的。你有没有觉得这些经历影响了你的人际关系或信任他人的能力呢？,我觉得还好，影响不大。你呢？,0
H21,关于这些过去的经验，这种害怕是否与你对过去的强迫思维有关？,应该不是，我觉得没太大关系。,0
H21,你也提到过做奇奇怪怪的梦，那些梦是否使你感到困扰？,不会，我其实没什么梦。,0
H21,这就是一个很好的开始，保持乐观并继续努力。日常的自我介入和接纳也是支持自己的方式。您是否有过反复思考与室友问题的现象？,我还好，没啥太多烦心事。,0
H21,那不妨尝试和舍友们一起参加轻松的活动，或许会有意想不到的改变呢。您提到害怕交流，是否觉得社交能力在减弱呢？,好主意！我可以试试看。谢谢建议！,0
H21,睡眠是恢复精力的关键，需要找到适合自己的入睡方法。关于恢复这段关系，你有没有感觉到一些过度思虑或逼迫自己的想法呢？,嗯，没有这种感觉，我还好。,0
H21,身体变化也许不显著，但足以引起关注。您是否有一直反复思考一些问题，而不容易放下呢？,没有，我最近还好。,0
H21,你经常对自己进行这样的自我暗示吗？这是怎么影响你的日常生活的呢？,我还好，不怎么自我暗示。,0
H21,不会，会不会想要一直洗手啊、检查东西？,不会，我没有这种习惯。,0
H21,这可能是因为过去的经历对你仍有影响。是否会在某些情况下感到一些强迫控制的欲望，却又无法完全控制住它们？,没感觉到这种情况哦。,0
H21,听上去这是个令人烦恼的问题。在思考这些事时，会不会反复想到父母的话难以控制，并因此困扰？,其实没太受父母的话影响。谢谢关心啦！,0
H21,和男友试行期间，你是否有过对于自己的行为或对方行为的强迫性思考或行为？,没有呢，我还挺放松的。,0
H21,感觉自己无法控制个人的经济行为，因为这种消费欲望是很让人挫败的事情对吗？,其实我还好，没怎么遇到这问题。,0
H21,你感到脑子里要一直避免想某些事情时，是否会伴有强迫性的反复思考呢？,没有，我没有那种感觉。,0
H21,不信任他人是可以理解的，我们也可以慢慢建立起信任。在过分情绪化时，是否有反复做某些事的冲动？,"我好像没有这种冲动哦。",0
H21,这可能是因为过多的自我反思？,我觉得不是这个原因。,0
H21,父亲或许是希望你过得更好但是在表达方式上可能欠缺温柔，记得超越这些评判看到真实的自我，把持自己的信念。你是否有时会不愿听取反对意见或者固执于自己的观点？,嗯，也许吧，但我会听取不同意见的。,0
H21,你提及独处带来的挑战，在思考方面，是否有一些不易摆脱的想法困扰着你？,没有特别的困扰，就是偶尔有点多想。,0
H21,她对房间物品是否特别紧张和保护？,没有，她对物品挺随意的。,0
H21,那是相当大的变化，让人难免感到困惑。对于老师过去的言行，你会常常交替地反复思考吗？,不会，经常不太去想这些。,0
H21,坚持这一点会有助于减少强迫性的行为。你是否觉得过去的优秀表现让你现在对完美有一种执着呢？,我觉得还好，没有太执着。,0
H21,这种反复思考可能影响你的休息。对这份工作未来的不确定性会不会让你更加困扰？,其实还好，我觉得能应付。,0
H21,长期压抑自己的情绪是很难受的。在您与男友的关系中，您认为是否有无法控制的占有欲出现？这种想法是否在影响您的日常生活？,"我倒是没感觉有特别的占有欲。",0
H21,在思维上，你对她的行为是否有过强迫性的想法？,没有，这方面没啥困扰。,0
H21,那这串数字是不是让您感到尤为不安呢？,没什么特别感觉。,0
H21,这种感觉让人感到孤立，并且很复杂。你是否常常担心无法控制的事情，这种反复思考让你觉得困扰？,我还好，不太担心这些。,0
H21,在担心孩子被欺负时，你是否会有不切实际的想法呢？,没有呢，我一般都会理性看待。,0
H21,理解。对于您反复想到他那些行为，这种想法是否常常让您难以集中注意力？,没有，这个倒还好。,0
H21,在与你交流的过程中，他会频繁撒谎来掩盖自己的行为吗？,不会，我没有这个问题。,0
H21,随着时间推移，您怎样看待自己在性别角色上的认知？有否迷茫或质疑？,没啥迷茫，一直挺清楚的。,0
H21,你提到的这种强迫症状，是否让你觉得必须点掉小红点，才能缓解这种焦虑呢？,没有这种强迫症状，红点不影响我。,0
H21,您提到与父亲争吵的回忆，是否对您的生活造成干扰呢？,没啥影响，过去的事了。,0
H21,想到父亲时，你是否有任何被迫思考或重复的行为？,没有这种情况。,0
H21,听到你这样说，我感到你对自己的期望可能相当高。你提到这些想法是否经常缠绕在你的脑海中？,其实没那么频繁出现啦。,0
H21,在焦虑时，你通常会反复思考一些特定的问题吗？,不会，我通常不会反复思考。,0
H21,在ZW情境中，您感到这是一种不可控的冲动吗？,没觉得不可控，就是没这症状。,0
H21,没有关系，慢慢探索就行。有时候，参与兴趣活动有助于缓解压力。对于生活中的很多事你是否觉得难以专心投入？,我还行，只是偶尔会走神。谢谢建议！,0
H21,这样的事情确实让人难以接受。经过这样的体验，您是否感到对方对您使用的方式不尊重，并因此感到焦虑或有威胁感？,不太觉得有威胁，就是有点不爽。,0
H21,相信自己，快乐与平和是会随时间慢慢找到你的！当你觉得不如别人时，会不断反思这些事情吗？,谢谢你的鼓励，我会努力的！,0
H21,改变环境可能会改善心情。不过，这往往需要一些时间和计划。你有没有过强迫性的思考来缓解这种焦虑呢？,没怎么有过，改变环境也挺难的。,0
H21,掌控情绪很重要，你觉得家里人和男朋友的意见让你困惑吗？,还好，我觉得自己能处理。,0
H21,这种无助感在复杂的情感中是很常见的。关于分手，你有反复的思考或者难以决定的情况吗？,我确实一直犹豫不决，不知道哪个决定会更好。,2
H21,想到父亲时，你是否有任何被迫思考或重复的行为？,是的，总会在脑海中重复这些不愉快的记忆。,2
H21,这是一个好迹象，努力沟通是解决关系问题的关键。对于她的过去行为，你有没有强迫自己去确认她现在的忠诚呢？,是的，我会不自觉地去观察她的行为。,2
H21,当家庭压力巨大时，功能性下降可能在所难免。你有没有存在反复思考家庭关系的症状呢，比如强迫自己不断反思？,有这样的情况，我总是在想这些问题。,2
H21,这样的行为无疑是让人恼火的。你有过关于她行为其他想法不断在你脑海中盘旋吗？,是的，经常想到。,2
H21,父亲或许是希望你过得更好但是在表达方式上可能欠缺温柔，记得超越这些评判看到真实的自我，把持自己的信念。你是否有时会不愿听取反对意见或者固执于自己的观点？,没错，有时候我就是不肯松口，就是想证明自己是对的。,2
H21,您对自己的期待可能过于苛刻。交流过程中有没有感到无法停止思考某些重复问题？,是的，我时常会过度琢磨一些小细节。,2
H21,当你提到难放下过去的事情时，你是否感受到某种程度的强迫症状，例如无法抑制地想到这些事情呢？,是的，我会反复地想，我根本停不下来。,2
H21,生活中难以抉择时，可能反复思考这些问题，这会进一步加重压力。,是的，我常常脑海中一直回旋这些问题，挺累的。,2
H21,那你是否曾仔细或反复思考这个问题？,是的，我常被这些想法困扰难以停下。,2
H21,在ZW情境中，您感到这是一种不可控的冲动吗？,是的，失控的行为让我很困扰。,2
H21,过度专注于学习，而忽视其他活动，会不会让你感觉到在时间管理上有些力不从心呢？,是的，我常常不知道如何在不同任务间平衡。,2
H21,这种怀疑是很自然的，当不安全感被触发时，我们会倾向于感到不信任。你这样的担忧也是关心的表现之一。再说说你吧，你说对他的性格和直接的表达有所喜欢，在与他交往中你自己是否会习惯性地进行过多的思考和反思你们的关系呢？,难道不是吗？我总是忍不住去想象和分析，我们的关系究竟怎么了。,2
H21,你能够感知到自己的这些情绪是很重要的。在表达自己的真实想法和感受时，你会发现自己时常说不出话来或说得很少吗？,是的，往往不知道该如何开口。,2
H21,你是否因为反复琢磨这些事情而感到困扰呢？有没有觉得这影响到了日常生活？,是的，这让我感到无奈，似乎完全失去了对生活的控制力。,2
H21,这些想法是否具有强迫性？,确实，常常觉得自己走不出来。,2
H21,独处或者静下来的时候，你会忍不住回想与老师对峙的场景吗？,会的，每次都无法摆脱这些画面。,2
H21,相信自己，快乐与平和是会随时间慢慢找到你的！当你觉得不如别人时，会不断反思这些事情吗？,是的，这让我感到很疲累。,2
H21,在你权衡读博的选择时，是否有陷入无法摆脱的思维，例如无法做出决定？,经常这样，觉得自己可能又在自不量力。,2
H21,你有时会想要反复思考或者检查某些事情吗？,确实会这样，我会反复检查，直到我觉得一切都说得通。,2
H21,在焦虑时，你通常会反复思考一些特定的问题吗？,是的，总是在想工作中的某些细节，生怕出错。,2
H21,嗯，有时候同事的看法或许能给我们一些不一样的视角。有没有觉得在沟通时容易分心或者需要强迫自己才能完成任务呢？,这倒是有一点，因为我总想着很多事情反反复复的。,2
H21,你提到这些问题一直在你脑海中转，你是否感到无法控制呢？这种情况会不会让你感到沮丧或无助？,是的，我感到有些无助，控制自己的思绪真的很难。,2
H21,这就是一个很好的开始，保持乐观并继续努力。日常的自我介入和接纳也是支持自己的方式。您是否有过反复思考与室友问题的现象？,是的，我常常躺在床上想这些事情，甚至会影响我的睡眠。,2
H21,这种反复思考可能影响你的休息。对这份工作未来的不确定性会不会让你更加困扰？,是的，我害怕事情没有改善的方法。,2
H21,这样的自我怀疑很常见，但也很沉重。在努力放下过程中，你有没有过反复思考或行为的状况，比如不断回想过去？,这种情况在我身上非常频繁，我很难控制。,2
H21,不用过于自责，人都有想放松的时刻。有没有担心过这种放纵的行为会变得难以控制呢？,是有些担心，我害怕我会有神经性贪食症。书上说的催吐我也很害怕。,2
H21,听到你这样说，我感到你对自己的期望可能相当高。你提到这些想法是否经常缠绕在你的脑海中？,是的，这些想法很难消失，常常让我失去信心。,2
H21,您认为自己被这些无法摆脱的想法或冲动占据了吗？这是强迫症的常见现象。,确实如此，这种感受相当强烈。,2
H21,那种思维很难打破吧？思维重复出现且难以抑制吗？,是的，完全没办法停下来。,2
H21,在尝试克服焦虑的过程，如果总是计划得过于详细，你有感到强迫的倾向吗？,有，常常控制不了自己去计划每个细节。,2
H21,情绪激动时，语言跟上思维节奏是自然的。你觉得这些感受对你日常的行为或者决策有多大的影响？,确实，它们影响了我的日常决策，常常让我觉得无法蒙受错误或者冲动行事。,2
H21,这种感觉一定很无奈。当有新的任务需要与他人沟通时，你会感到紧张吗？,是，我常常想着有什么话要说，但就是不敢开口。,2
H21,在面对这件事时，您是否会过度关注自己和他人的行为细节？,是的，我会反复思考到底自己哪里做得不够。,2
H21,那你有想过要独立或者做出一些自我决策吗？,我有想过，但是一直都感到很焦虑和害怕。,2
H21,理解自己的需求是关爱自己的开始。家庭关系的深入分析是否导致你有过度思考的情况呢？,有时我会反复思考一些问题，感觉停不下来。,2
H21,认识到这一点是个很好的开端。有没有一些强迫性的念头或者行为让你感到困扰？,有时候会反复检查门锁，即便知道已经锁好了。,2
H21,写作是一种释放压力的方式，也有助于理清思绪。这种极端害怕失败的感觉是否曾经让你对自己的行为产生过一定的强迫性质呢？,有，我常常强迫自己做一些事，但不会做得很成功。,2
H21,你提到焦虑，那么在内心是否有一些强迫性的思维控制着你的行为呢？,经常会有，不由自主就开始胡思乱想，找不到原因时更是难受。,2
H21,自我怀疑真的让人痛苦。你觉得这些批评是否仍然在影响着你？,没错，这些批评总是萦绕在我脑海。,2
H21,感觉自己无法控制个人的经济行为，因为这种消费欲望是很让人挫败的事情对吗？,是的，正是这样。,2
H21,还会有的。在面对新的心动对象时，这种情感和生理反应是非常自然的。你曾注意到对一些事情的顽固或重复思考的倾向吗？,嗯，有时候会想很多，这让我有点紧张，尤其是在喜欢的人面前。,2
H21,为了找到平衡，我们也可以尝试着制定一个同时包含兴趣爱好和学习的计划。你在复习时是否对想法过于执着或者感觉难以控制？,是的，总觉得自己再努力一点就好了。,2
H21,选择学校确实是个很重要的决定，需要花心思。 有没有什么特别的标准或者细节是您特别关注的？,我追求完美，总是对细节很上心，结果反而没做出决定，这让我很累。,2
H21,这种感觉让人感到孤立，并且很复杂。你是否常常担心无法控制的事情，这种反复思考让你觉得困扰？,是的，我总是反复想这些事情，令我困扰不已。,2
H21,理解你的选择。有时候向信任的人透露感受可以减轻一定的心理负担。即使目前你选择独自面对，也要相信自己是在进步。你提到复诊后心情变好了，,复诊后心情的确改善了，那天我觉得很少有这样的好状态。可是，我也害怕再次失去这种感觉。,2
H21,体会到这些想法是很痛苦的。因为辞职的事，你是否一直在反复想导致决策失误的事件？,对，我总想着当初应该怎么做才对。,2
H21,记录自己的想法可以帮助整理情绪，也不一定每天都写。,为什么这么难呢，一切都那么困难。,2
H21,我能理解。在反思过往时，你有没有陷入反复思考而无法自拔的状况？,是的，常常会这样，越想越觉得自己当时真的错了。,2
H21,这对您的社交生活和关系有什么影响呢？,我不敢接近异性，非常害怕。,2
H21,那这份预感会让你陷入某种循环思考的状态吗？,是的，无法停止去想这个场景。,2
H21,理解你的感受。面对婚姻问题时，你是否有感到无法控制自己的想法或行为的情况？,是的，尤其在看到他和别人聊天的时候。,2
H21,听起来，您的导师确实在尽力帮助您度过难关。那么在事件发生后，你会反复回想当时的情况吗？,是的，我总是回忆，不知道怎么面对导师，不知道怎么做。,2
H21,您对与朋友互动的很多事情都进行反复思考吗？是否难以做出决策？,是的，每个选择都让我犹豫不决，耗费很久做心理建设。,2
H21,上课走神是因为有太多的想法在脑海中浮现吗？这些想法是否强迫性地出现？,是的，我老是无法控制自己的思绪。,2
H21,这是身体对情绪的反应。在这样的情况下，你有没有觉得自己无法控制的思绪或者行为，比如反复思考这些事呢？,是的，这些事情一直在我脑海里挥之不去。,2
H21,那么，在反思与班主任的互动时，是否注意到过分关注细节或有强迫性的行为？,我常常关注细枝末节，甚至不由自主地重复一些行为。,2
H21,您提到的这些问题令人关注，那对于阅读过程中有时产生的固执念头，您是什么感受？,确实有，经常觉得不能错过任何细节，导致我反复琢磨某些地方。,2
H21,这也是可以理解的，高中阶段内容比较多。你有觉得自己的完美主义倾向影响到情绪吗？,当然，尤其在做事情不能达标时。,2
H21,听起来很困扰。在这样的情况下，你有出现强迫性的想法吗？,我总是过度思考，很难停止。,2
H21,掌控情绪很重要，你觉得家里人和男朋友的意见让你困惑吗？,是的，他们的不同意见让我一直在脑海中过不去。,2
H21,经历这样的事件可能让他对过去的创伤难以释怀。你觉得是这样吗？,他确实常常想起那件事，好像总是摆脱不掉。,2
H21,这确实是个值得重视的问题。你刚才提到工作中也有类似的情况，比如反复检查货物地址和库房锁门，这些行为是否也是让你觉得强迫呢？,是的，那些检查已经成了惯例，我很难停止。,2
H21,你提到的这种强迫症状，是否让你觉得必须点掉小红点，才能缓解这种焦虑呢？,是的，就像一种无法控制的强迫。,2
H21,有时候从小的胜利中可以慢慢找到自信，您会因为对自己负面信念的反刍而感到痛苦吗？,是的，那些想法一直在脑海中盘旋。,2
H21,没有关系，慢慢探索就行。有时候，参与兴趣活动有助于缓解压力。对于生活中的很多事你是否觉得难以专心投入？,是的，很难集中注意力去做一件事情，总是想太多。,2
H21,长期压抑自己的情绪是很难受的。在您与男友的关系中，您认为是否有无法控制的占有欲出现？这种想法是否在影响您的日常生活？,是的，我有时的确觉得自己的占有欲影响了我生活的方方面面。,2
H21,你是否觉察到自己的某些行为或想法是重复出现且难以控制的？,是的，常常在不经意间又陷入这种重复的循环。,2
H21,您常常反复回想和思考以前的事情吗，这种回忆是否让您烦扰？,我无法停止地思考过去的好和坏。,2
H21,你感到脑子里要一直避免想某些事情时，是否会伴有强迫性的反复思考呢？,对，就像一个声音不停地提醒我不能去想，但我越想要避免，似乎想法越强烈。,2
H21,睡眠是恢复精力的关键，需要找到适合自己的入睡方法。关于恢复这段关系，你有没有感觉到一些过度思虑或逼迫自己的想法呢？,是的，总是在想着如果可以重来的情景。,2
H21,希望能专注于你自己的情感恢复，避免进一步的情感纠缠会更好。在想到他时，有出现强迫性的想法或行为吗？,有，但我会让自己静下心来，努力避免再去想。,2
H21,疲于思考过去可能形成了一种心理负担。,身边人都说我活得太沉重。,2
H21,你提及独处带来的挑战，在思考方面，是否有一些不易摆脱的想法困扰着你？,每次思绪冲击，尤其关于过去的感情，难以停下。,2
H21,在这种状况下，你是否有时候觉得无法和合伙人开诚布公地表达你的想法或担忧？,经常感觉难以开口，她总是不太愿意正面讨论问题。,2
H21,对自己要求高也是一种动力，但适度就好。我们要适时放松。您会反复思考这些选择吗，或者有决定困难的时候？,是的，总是反复思量，不知道如何做决定。,2
H21,这种想法是否会对你的日常生活产生困扰，像是一种强迫性思维？,是的，总是觉得有事情要去做。,2
H21,是不是觉得负面情绪像一团乱麻，而且常常挥之不去？,完全是那样，有时候我觉得脑子里简直一团乱。,2
H21,夜晚常是焦虑的放大镜。你提到频繁胡思乱想，这些思维是否强迫性让你觉得难以控制？,确实如此。我尽量不想，但总是停止不了。,2
H21,她对房间物品是否特别紧张和保护？,她的房间根本不让别人进，说是自己的私人空间。,2
H21,这种缺乏拒绝别人的能力是否让你有担忧呢？,是的，我常感到担忧和负担。,2
H21,保持记录有助于看到自己的改变，即使是很小的进步。有没有因为过度关注细节而增加不必要的压力？,有时候会，一旦注意到一个小细节就会不断地想。,2
H21,心理和生理反应常常互相影响。有没有觉得你对这段事件的思考过于固执，以至于无法改变立场？,是的，我不停地在脑海中重播那些对话和画面，似乎无法自拔。,2
H21,如果这种感觉持续，请寻找支持来帮助你理解这些感受。对女友的行为，你是否常常产生反复的思考或执着？,确实是这样，不知不觉就会一直往这方面想。,2
H21,在这种情况下，对问题有强迫性的思考也是常见的。您的思维是否变得反复？,对，这些想法像循环一样来回在我脑海里。,2
H21,很多时候，我们依赖的人可能赋予我们安全感。你会反复地想曾经的关系吗？,是的，我一直想着我们之间的点点滴滴，真的很难控制自己不去想。,2
H21,身体变化也许不显著，但足以引起关注。您是否有一直反复思考一些问题，而不容易放下呢？,有的，我经常纠结在一些小问题上，反复思考却无解。,2
H21,可以尝试小步骤来增加信心。当参加聚会时，有没有无法控制的负面想法？,是的，经常想自己是不是显得很笨。,2
H21,这可能是因为过多的自我反思？,是，我常常陷入这些思考。,2
H21,保持这样的希望是很重要的。那在恋爱过程中，是不是觉得有被迫的感觉，比如说对这段关系的关注和依赖？,是的，常常感到自己对这段关系太过于依赖。,2
H21,这也许是一个需要时间去改善的过程。你提到过的那些事是否会让你反复思考呢？在其他事情上是否也存在这种情况？,对，我经常发现自己想太多，然后不知所措。,2
H21,也许可以从小事情开始练习决策，积累信心。 你提到很多积压的情绪和消耗，这是否导致你在表达和互动上过多地复述或坚持某些想法？,是的，我发现自己会反复想着一些事情。,2
H21,听上去这是个令人烦恼的问题。在思考这些事时，会不会反复想到父母的话难以控制，并因此困扰？,是的，他们的话总是在脑海中回响，挥之不去。,2
H21,这些念头或许与压力和心理状态有关。您有没有觉得自己一直在思考这件事，甚至脑子里不自主地反复出现相关的想法？,是的，总是想着要去原谅，但心里的疑虑又挥之不去。,2
H21,这些情绪的影响确实可能让人感到无力。你觉得这些恐惧反复出现了吗？是否出现强迫行为？,我不断地检查和避开与男性的接触，这让我感到自己很怪。,2
H21,这些行为您大约反复几次呢？会不会对您的日常生活造成困扰呢？,我会重复很多次，每次都很耽误时间，并且不止影响了我的生活，看上去连学业也受到影响。,2
H21,您对生活中的其他事情，比如特定方式的处理有强迫的倾向吗？,有的，经常是非得按特定步骤来，否则我会很不安。,2
H21,那这串数字是不是让您感到尤为不安呢？,是的，这真的成了一种束缚。,2
H21,你认为自己和异性相处时会有不适感和躲避行为吗？,确实是，常常因此退缩。,2
H21,理解。对于您反复想到他那些行为，这种想法是否常常让您难以集中注意力？,没错。这些想法常常在我脑中挥之不去，干扰了日常生活。,2
